{"type":"FeatureCollection","features":[{"type":"Feature","geometry":{"type":"LineString","coordinates":[[126.90694,37.51536],[126.89145,37.50904]]},"properties":{"line":"수도권 1호선","from":"영등포","to":"신도림","daily_down":202589.6,"daily_up":203692.0,"source":"seoulriders","period":"modelled weekday","geometry_source":"straight","daily":406281.6,"km":1.5364}},{"type":"Feature","geometry":{"type":"LineString","coordinates":[[126.90694,37.51536],[126.91064,37.51675],[126.91755,37.51708]]},"properties":{"line":"수도권 1호선","from":"영등포","to":"신길","daily_down":197425.3,"daily_up":197504.1,"source":"seoulriders","period":"modelled weekday","geometry_source":"track","daily":394929.4,"km":0.9716}},{"type":"Feature","geometry":{"type":"LineString","coordinates":[[126.92583,37.51297],[126.92304,37.51376],[126.9199,37.51595],[126.91755,37.51708]]},"properties":{"line":"수도권 1호선","from":"대방","to":"신길","daily_down":182276.9,"daily_up":177587.6,"source":"seoulriders","period":"modelled weekday","geometry_source":"track","daily":359864.5,"km":0.8724}},{"type":"Feature","geometry":{"type":"LineString","coordinates":[[126.94181,37.51393],[126.92583,37.51297]]},"properties":{"line":"수도권 1호선","from":"노량진","to":"대방","daily_down":192882.6,"daily_up":184883.3,"source":"seoulriders","period":"modelled weekday","geometry_source":"straight","daily":377765.9,"km":1.4135}},{"type":"Feature","geometry":{"type":"LineString","coordinates":[[126.96483,37.52995],[126.95791,37.5249],[126.94742,37.5152],[126.94597,37.51458],[126.94181,37.51393]]},"properties":{"line":"수도권 1호선","from":"용산","to":"노량진","daily_down":176867.0,"daily_up":164913.7,"source":"seoulriders","period":"modelled weekday","geometry_source":"track","daily":341780.7,"km":2.7695}},{"type":"Feature","geometry":{"type":"LineString","coordinates":[[126.97132,37.54054],[126.97118,37.53711],[126.97057,37.53465],[126.96946,37.53335],[126.96483,37.52995]]},"properties":{"line":"수도권 1호선","from":"남영","to":"용산","daily_down":152363.0,"daily_up":140979.0,"source":"seoulriders","period":"modelled weekday","geometry_source":"track","daily":293342.0,"km":1.3914}},{"type":"Feature","geometry":{"type":"LineString","coordinates":[[126.97183,37.5538],[126.97132,37.5497],[126.97132,37.54054]]},"properties":{"line":"수도권 1호선","from":"서울역","to":"남영","daily_down":151391.2,"daily_up":139273.4,"source":"seoulriders","period":"modelled weekday","geometry_source":"track","daily":290664.6,"km":1.4767}},{"type":"Feature","geometry":{"type":"LineString","coordinates":[[126.97183,37.5538],[126.97267,37.55725],[126.97571,37.56133],[126.97595,37.56441]]},"properties":{"line":"수도권 1호선","from":"서울역","to":"시청","daily_down":149041.2,"daily_up":152435.6,"source":"seoulriders","period":"modelled weekday","geometry_source":"track","daily":301476.8,"km":1.2607}},{"type":"Feature","geometry":{"type":"LineString","coordinates":[[126.97595,37.56441],[126.97725,37.56716],[126.97679,37.56888],[126.97717,37.56977],[126.97825,37.57022],[126.98318,37.57017]]},"properties":{"line":"수도권 1호선","from":"시청","to":"종각","daily_down":136927.0,"daily_up":141414.3,"source":"seoulriders","period":"modelled weekday","geometry_source":"track","daily":278341.3,"km":1.1686}},{"type":"Feature","geometry":{"type":"LineString","coordinates":[[126.98318,37.57017],[126.9915,37.57149]]},"properties":{"line":"수도권 1호선","from":"종각","to":"종로3가","daily_down":138275.9,"daily_up":142447.1,"source":"seoulriders","period":"modelled weekday","geometry_source":"straight","daily":280723.0,"km":0.7478}},{"type":"Feature","geometry":{"type":"LineString","coordinates":[[126.9915,37.57149],[127.00202,37.57099]]},"properties":{"line":"수도권 1호선","from":"종로3가","to":"종로5가","daily_down":151569.2,"daily_up":152453.3,"source":"seoulriders","period":"modelled weekday","geometry_source":"straight","daily":304022.5,"km":0.9288}},{"type":"Feature","geometry":{"type":"LineString","coordinates":[[127.00202,37.57099],[127.00805,37.57109],[127.01051,37.57118]]},"properties":{"line":"수도권 1호선","from":"종로5가","to":"동대문","daily_down":143746.7,"daily_up":144330.0,"source":"seoulriders","period":"modelled weekday","geometry_source":"track","daily":288076.7,"km":0.7486}},{"type":"Feature","geometry":{"type":"LineString","coordinates":[[127.01051,37.57118],[127.01655,37.57292]]},"properties":{"line":"수도권 1호선","from":"동대문","to":"동묘앞","daily_down":138630.7,"daily_up":136559.1,"source":"seoulriders","period":"modelled weekday","geometry_source":"straight","daily":275189.8,"km":0.5664}},{"type":"Feature","geometry":{"type":"LineString","coordinates":[[127.02394,37.5755],[127.01655,37.57292]]},"properties":{"line":"수도권 1호선","from":"신설동","to":"동묘앞","daily_down":127994.3,"daily_up":129471.8,"source":"seoulriders","period":"modelled weekday","geometry_source":"straight","daily":257466.1,"km":0.7117}},{"type":"Feature","geometry":{"type":"LineString","coordinates":[[127.02394,37.5755],[127.03134,37.5779],[127.03447,37.57838]]},"properties":{"line":"수도권 1호선","from":"신설동","to":"제기동","daily_down":120065.9,"daily_up":120702.8,"source":"seoulriders","period":"modelled weekday","geometry_source":"track","daily":240768.7,"km":0.9856}},{"type":"Feature","geometry":{"type":"LineString","coordinates":[[127.03447,37.57838],[127.03737,37.57797],[127.03905,37.57816],[127.04735,37.58044]]},"properties":{"line":"수도권 1호선","from":"제기동","to":"청량리","daily_down":111589.3,"daily_up":112637.2,"source":"seoulriders","period":"modelled weekday","geometry_source":"track","daily":224226.5,"km":1.1833}},{"type":"Feature","geometry":{"type":"LineString","coordinates":[[127.04735,37.58044],[127.04973,37.58305],[127.05345,37.58708],[127.05762,37.5895]]},"properties":{"line":"수도권 1호선","from":"청량리","to":"회기","daily_down":103218.1,"daily_up":103753.0,"source":"seoulriders","period":"modelled weekday","geometry_source":"track","daily":206971.1,"km":1.3687}},{"type":"Feature","geometry":{"type":"LineString","coordinates":[[127.05762,37.5895],[127.06027,37.59131],[127.06374,37.59631]]},"properties":{"line":"수도권 1호선","from":"회기","to":"외대앞","daily_down":96309.5,"daily_up":93725.4,"source":"seoulriders","period":"modelled weekday","geometry_source":"track","daily":190034.9,"km":0.9428}},{"type":"Feature","geometry":{"type":"LineString","coordinates":[[127.06374,37.59631],[127.06729,37.60164]]},"properties":{"line":"수도권 1호선","from":"외대앞","to":"신이문","daily_down":88860.1,"daily_up":86202.8,"source":"seoulriders","period":"modelled weekday","geometry_source":"straight","daily":175062.9,"km":0.6701}},{"type":"Feature","geometry":{"type":"LineString","coordinates":[[127.06729,37.60164],[127.06784,37.60412],[127.06766,37.6098],[127.06584,37.61481]]},"properties":{"line":"수도권 1호선","from":"신이문","to":"석계","daily_down":84238.0,"daily_up":80971.8,"source":"seoulriders","period":"modelled weekday","geometry_source":"track","daily":165209.8,"km":1.4915}},{"type":"Feature","geometry":{"type":"LineString","coordinates":[[127.06584,37.61481],[127.06182,37.6237]]},"properties":{"line":"수도권 1호선","from":"석계","to":"광운대","daily_down":79514.1,"daily_up":75798.6,"source":"seoulriders","period":"modelled weekday","geometry_source":"straight","daily":155312.7,"km":1.05}},{"type":"Feature","geometry":{"type":"LineString","coordinates":[[127.06182,37.6237],[127.05904,37.62992],[127.05886,37.63306]]},"properties":{"line":"수도권 1호선","from":"광운대","to":"월계","daily_down":73899.4,"daily_up":69780.4,"source":"seoulriders","period":"modelled weekday","geometry_source":"track","daily":143679.8,"km":1.0832}},{"type":"Feature","geometry":{"type":"LineString","coordinates":[[127.05886,37.63306],[127.05806,37.63679],[127.05339,37.64107],[127.0514,37.64463]]},"properties":{"line":"수도권 1호선","from":"월계","to":"녹천","daily_down":71995.5,"daily_up":67339.6,"source":"seoulriders","period":"modelled weekday","geometry_source":"track","daily":139335.1,"km":1.4825}},{"type":"Feature","geometry":{"type":"LineString","coordinates":[[127.0514,37.64463],[127.0477,37.65318]]},"properties":{"line":"수도권 1호선","from":"녹천","to":"창동","daily_down":72201.6,"daily_up":66795.1,"source":"seoulriders","period":"modelled weekday","geometry_source":"straight","daily":138996.7,"km":1.005}},{"type":"Feature","geometry":{"type":"LineString","coordinates":[[127.0477,37.65318],[127.04514,37.65956],[127.0443,37.66769]]},"properties":{"line":"수도권 1호선","from":"창동","to":"방학","daily_down":85774.6,"daily_up":87478.2,"source":"seoulriders","period":"modelled weekday","geometry_source":"track","daily":173252.8,"km":1.6514}},{"type":"Feature","geometry":{"type":"LineString","coordinates":[[127.0443,37.66769],[127.04417,37.67114],[127.04555,37.67921]]},"properties":{"line":"수도권 1호선","from":"방학","to":"도봉","daily_down":79981.8,"daily_up":81548.8,"source":"seoulriders","period":"modelled weekday","geometry_source":"track","daily":161530.6,"km":1.2893}},{"type":"Feature","geometry":{"type":"LineString","coordinates":[[127.04555,37.67921],[127.04638,37.68432],[127.04632,37.68951]]},"properties":{"line":"수도권 1호선","from":"도봉","to":"도봉산","daily_down":77751.6,"daily_up":79165.6,"source":"seoulriders","period":"modelled weekday","geometry_source":"track","daily":156917.2,"km":1.15}},{"type":"Feature","geometry":{"type":"LineString","coordinates":[[127.04632,37.68951],[127.04559,37.69643],[127.04769,37.70703],[127.0474,37.71025]]},"properties":{"line":"수도권 1호선","from":"도봉산","to":"망월사","daily_down":89092.9,"daily_up":93373.9,"source":"seoulriders","period":"modelled weekday","geometry_source":"track","daily":182466.8,"km":2.3242}},{"type":"Feature","geometry":{"type":"LineString","coordinates":[[127.0474,37.71025],[127.04637,37.71614],[127.04736,37.72468]]},"properties":{"line":"수도권 1호선","from":"망월사","to":"회룡","daily_down":83348.5,"daily_up":87813.3,"source":"seoulriders","period":"modelled weekday","geometry_source":"track","daily":171161.8,"km":1.6148}},{"type":"Feature","geometry":{"type":"LineString","coordinates":[[127.04736,37.72468],[127.04605,37.7377]]},"properties":{"line":"수도권 1호선","from":"회룡","to":"의정부","daily_down":55132.3,"daily_up":56147.6,"source":"seoulriders","period":"modelled weekday","geometry_source":"straight","daily":111279.9,"km":1.4523}},{"type":"Feature","geometry":{"type":"LineString","coordinates":[[127.04605,37.7377],[127.04436,37.74832]]},"properties":{"line":"수도권 1호선","from":"의정부","to":"가능","daily_down":38990.0,"daily_up":40724.0,"source":"seoulriders","period":"modelled weekday","geometry_source":"straight","daily":79714.0,"km":1.1902}},{"type":"Feature","geometry":{"type":"LineString","coordinates":[[127.04436,37.74832],[127.04234,37.75377],[127.04234,37.75944]]},"properties":{"line":"수도권 1호선","from":"가능","to":"녹양","daily_down":33238.2,"daily_up":34828.5,"source":"seoulriders","period":"modelled weekday","geometry_source":"track","daily":68066.7,"km":1.262}},{"type":"Feature","geometry":{"type":"LineString","coordinates":[[127.04234,37.75944],[127.04416,37.76714],[127.04476,37.7742]]},"properties":{"line":"수도권 1호선","from":"녹양","to":"양주","daily_down":29484.5,"daily_up":30849.5,"source":"seoulriders","period":"modelled weekday","geometry_source":"track","daily":60334.0,"km":1.6578}},{"type":"Feature","geometry":{"type":"LineString","coordinates":[[127.04476,37.7742],[127.04554,37.77969],[127.05001,37.78443],[127.0509,37.78701],[127.05113,37.79015],[127.04918,37.7979],[127.05073,37.80399],[127.05032,37.8094],[127.05109,37.81119],[127.05456,37.81481],[127.05665,37.81864]]},"properties":{"line":"수도권 1호선","from":"양주","to":"덕계","daily_down":22985.7,"daily_up":24003.6,"source":"seoulriders","period":"modelled weekday","geometry_source":"track","daily":46989.3,"km":5.2697}},{"type":"Feature","geometry":{"type":"LineString","coordinates":[[127.05665,37.81864],[127.05877,37.82369],[127.06202,37.82783],[127.06278,37.82972],[127.06155,37.84345]]},"properties":{"line":"수도권 1호선","from":"덕계","to":"덕정","daily_down":19246.2,"daily_up":19744.4,"source":"seoulriders","period":"modelled weekday","geometry_source":"track","daily":38990.6,"km":2.8843}},{"type":"Feature","geometry":{"type":"LineString","coordinates":[[127.06155,37.84345],[127.06059,37.85228],[127.06122,37.86776],[127.05896,37.8742],[127.05578,37.87891],[127.05517,37.8806],[127.05581,37.89227]]},"properties":{"line":"수도권 1호선","from":"덕정","to":"지행","daily_down":13993.0,"daily_up":14245.6,"source":"seoulriders","period":"modelled weekday","geometry_source":"track","daily":28238.6,"km":5.5384}},{"type":"Feature","geometry":{"type":"LineString","coordinates":[[127.05581,37.89227],[127.05654,37.90181]]},"properties":{"line":"수도권 1호선","from":"지행","to":"동두천중앙","daily_down":8330.1,"daily_up":8677.6,"source":"seoulriders","period":"modelled weekday","geometry_source":"straight","daily":17007.7,"km":1.0627}},{"type":"Feature","geometry":{"type":"LineString","coordinates":[[127.05654,37.90181],[127.05725,37.91415]]},"properties":{"line":"수도권 1호선","from":"동두천중앙","to":"보산","daily_down":5719.1,"daily_up":6025.6,"source":"seoulriders","period":"modelled weekday","geometry_source":"straight","daily":11744.7,"km":1.3736}},{"type":"Feature","geometry":{"type":"LineString","coordinates":[[127.05725,37.91415],[127.05478,37.92783]]},"properties":{"line":"수도권 1호선","from":"보산","to":"동두천","daily_down":4620.3,"daily_up":4747.8,"source":"seoulriders","period":"modelled weekday","geometry_source":"straight","daily":9368.1,"km":1.5365}},{"type":"Feature","geometry":{"type":"LineString","coordinates":[[126.89145,37.50904],[126.88251,37.50345]]},"properties":{"line":"수도권 1호선","from":"신도림","to":"구로","daily_down":268082.1,"daily_up":273893.1,"source":"seoulriders","period":"modelled weekday","geometry_source":"straight","daily":541975.2,"km":1.0041}},{"type":"Feature","geometry":{"type":"LineString","coordinates":[[126.72415,37.48972],[126.74061,37.48849]]},"properties":{"line":"수도권 1호선","from":"부평","to":"부개","daily_down":133194.3,"daily_up":129904.7,"source":"seoulriders","period":"modelled weekday","geometry_source":"straight","daily":263099.0,"km":1.4587}},{"type":"Feature","geometry":{"type":"LineString","coordinates":[[126.75289,37.4877],[126.74061,37.48849]]},"properties":{"line":"수도권 1호선","from":"송내","to":"부개","daily_down":132248.7,"daily_up":136133.0,"source":"seoulriders","period":"modelled weekday","geometry_source":"straight","daily":268381.7,"km":1.087}},{"type":"Feature","geometry":{"type":"LineString","coordinates":[[126.75289,37.4877],[126.76397,37.48678]]},"properties":{"line":"수도권 1호선","from":"송내","to":"중동","daily_down":148127.8,"daily_up":144040.3,"source":"seoulriders","period":"modelled weekday","geometry_source":"straight","daily":292168.1,"km":0.9829}},{"type":"Feature","geometry":{"type":"LineString","coordinates":[[126.78274,37.48411],[126.76397,37.48678]]},"properties":{"line":"수도권 1호선","from":"부천","to":"중동","daily_down":147837.0,"daily_up":152541.1,"source":"seoulriders","period":"modelled weekday","geometry_source":"straight","daily":300378.1,"km":1.6826}},{"type":"Feature","geometry":{"type":"LineString","coordinates":[[126.78274,37.48411],[126.79144,37.48279],[126.7953,37.48288]]},"properties":{"line":"수도권 1호선","from":"부천","to":"소사","daily_down":168092.4,"daily_up":163295.6,"source":"seoulriders","period":"modelled weekday","geometry_source":"track","daily":331388.0,"km":1.1223}},{"type":"Feature","geometry":{"type":"LineString","coordinates":[[126.81181,37.48522],[126.8031,37.48243],[126.7953,37.48288]]},"properties":{"line":"수도권 1호선","from":"역곡","to":"소사","daily_down":161192.7,"daily_up":165922.6,"source":"seoulriders","period":"modelled weekday","geometry_source":"track","daily":327115.3,"km":1.5189}},{"type":"Feature","geometry":{"type":"LineString","coordinates":[[126.81181,37.48522],[126.81544,37.48665],[126.82167,37.49157],[126.82353,37.4923]]},"properties":{"line":"수도권 1호선","from":"역곡","to":"온수","daily_down":177867.1,"daily_up":173019.8,"source":"seoulriders","period":"modelled weekday","geometry_source":"track","daily":350886.9,"km":1.3162}},{"type":"Feature","geometry":{"type":"LineString","coordinates":[[126.84454,37.49435],[126.83849,37.4931],[126.8263,37.49294],[126.82353,37.4923]]},"properties":{"line":"수도권 1호선","from":"오류동","to":"온수","daily_down":166248.6,"daily_up":170404.4,"source":"seoulriders","period":"modelled weekday","geometry_source":"track","daily":336653.0,"km":1.8817}},{"type":"Feature","geometry":{"type":"LineString","coordinates":[[126.85875,37.49459],[126.85182,37.49581],[126.84454,37.49435]]},"properties":{"line":"수도권 1호선","from":"개봉","to":"오류동","daily_down":170016.3,"daily_up":174896.7,"source":"seoulriders","period":"modelled weekday","geometry_source":"track","daily":344913.0,"km":1.2887}},{"type":"Feature","geometry":{"type":"LineString","coordinates":[[126.85875,37.49459],[126.86371,37.49386],[126.86556,37.49428],[126.86971,37.49621]]},"properties":{"line":"수도권 1호선","from":"개봉","to":"구일","daily_down":184409.7,"daily_up":179230.4,"source":"seoulriders","period":"modelled weekday","geometry_source":"track","daily":363640.1,"km":1.0392}},{"type":"Feature","geometry":{"type":"LineString","coordinates":[[126.88251,37.50345],[126.87884,37.5005],[126.86971,37.49621]]},"properties":{"line":"수도권 1호선","from":"구로","to":"구일","daily_down":183406.8,"daily_up":188600.1,"source":"seoulriders","period":"modelled weekday","geometry_source":"track","daily":372006.9,"km":1.397}},{"type":"Feature","geometry":{"type":"LineString","coordinates":[[126.63306,37.47513],[126.63721,37.47138],[126.6424,37.46883]]},"properties":{"line":"수도권 1호선","from":"동인천","to":"도원","daily_down":23789.4,"daily_up":23665.1,"source":"seoulriders","period":"modelled weekday","geometry_source":"track","daily":47454.5,"km":1.0937}},{"type":"Feature","geometry":{"type":"LineString","coordinates":[[126.65699,37.46681],[126.64819,37.46681],[126.6457,37.46732],[126.6424,37.46883]]},"properties":{"line":"수도권 1호선","from":"제물포","to":"도원","daily_down":26036.2,"daily_up":26047.9,"source":"seoulriders","period":"modelled weekday","geometry_source":"track","daily":52084.1,"km":1.3398}},{"type":"Feature","geometry":{"type":"LineString","coordinates":[[126.65699,37.46681],[126.66142,37.46679],[126.66826,37.46612]]},"properties":{"line":"수도권 1호선","from":"제물포","to":"도화","daily_down":34655.8,"daily_up":34250.4,"source":"seoulriders","period":"modelled weekday","geometry_source":"track","daily":68906.2,"km":0.9992}},{"type":"Feature","geometry":{"type":"LineString","coordinates":[[126.67983,37.46512],[126.66826,37.46612]]},"properties":{"line":"수도권 1호선","from":"주안","to":"도화","daily_down":37078.3,"daily_up":37821.0,"source":"seoulriders","period":"modelled weekday","geometry_source":"straight","daily":74899.3,"km":1.0272}},{"type":"Feature","geometry":{"type":"LineString","coordinates":[[126.67983,37.46512],[126.68679,37.46448],[126.69353,37.46473]]},"properties":{"line":"수도권 1호선","from":"주안","to":"간석","daily_down":61282.9,"daily_up":62259.9,"source":"seoulriders","period":"modelled weekday","geometry_source":"track","daily":123542.8,"km":1.2139}},{"type":"Feature","geometry":{"type":"LineString","coordinates":[[126.70288,37.47105],[126.70253,37.46765],[126.70105,37.46578],[126.69894,37.46502],[126.69353,37.46473]]},"properties":{"line":"수도권 1호선","from":"동암","to":"간석","daily_down":64506.8,"daily_up":63858.1,"source":"seoulriders","period":"modelled weekday","geometry_source":"track","daily":128364.9,"km":1.3079}},{"type":"Feature","geometry":{"type":"LineString","coordinates":[[126.70711,37.48312],[126.7044,37.48093],[126.70348,37.47948],[126.70288,37.47105]]},"properties":{"line":"수도권 1호선","from":"백운","to":"동암","daily_down":73820.0,"daily_up":73063.8,"source":"seoulriders","period":"modelled weekday","geometry_source":"track","daily":146883.8,"km":1.4607}},{"type":"Feature","geometry":{"type":"LineString","coordinates":[[126.72415,37.48972],[126.71879,37.48986],[126.71676,37.48943],[126.70711,37.48312]]},"properties":{"line":"수도권 1호선","from":"부평","to":"백운","daily_down":78637.8,"daily_up":78061.8,"source":"seoulriders","period":"modelled weekday","geometry_source":"track","daily":156699.6,"km":1.7618}},{"type":"Feature","geometry":{"type":"LineString","coordinates":[[126.63306,37.47513],[126.62954,37.47811],[126.62624,37.48033],[126.62339,37.48126],[126.61896,37.48004],[126.61745,37.47842],[126.61713,37.47663]]},"properties":{"line":"수도권 1호선","from":"동인천","to":"인천","daily_down":13729.4,"daily_up":13102.0,"source":"seoulriders","period":"modelled weekday","geometry_source":"track","daily":26831.4,"km":1.9467}},{"type":"Feature","geometry":{"type":"LineString","coordinates":[[127.01372,37.24412],[127.03313,37.20683]]},"properties":{"line":"수도권 1호선","from":"세류","to":"병점","daily_down":74182.0,"daily_up":76928.0,"source":"seoulriders","period":"modelled weekday","geometry_source":"straight","daily":151110.0,"km":4.4885}},{"type":"Feature","geometry":{"type":"LineString","coordinates":[[126.99991,37.26581],[127.00619,37.25516],[127.01044,37.25017],[127.01372,37.24412]]},"properties":{"line":"수도권 1호선","from":"수원","to":"세류","daily_down":76414.3,"daily_up":79495.7,"source":"seoulriders","period":"modelled weekday","geometry_source":"track","daily":155910.0,"km":2.7112}},{"type":"Feature","geometry":{"type":"LineString","coordinates":[[126.98961,37.28391],[126.99991,37.26581]]},"properties":{"line":"수도권 1호선","from":"화서","to":"수원","daily_down":95693.1,"daily_up":96775.7,"source":"seoulriders","period":"modelled weekday","geometry_source":"straight","daily":192468.8,"km":2.2094}},{"type":"Feature","geometry":{"type":"LineString","coordinates":[[126.97118,37.30029],[126.97516,37.29961],[126.97812,37.29792],[126.9869,37.28799],[126.98961,37.28391]]},"properties":{"line":"수도권 1호선","from":"성균관대","to":"화서","daily_down":97336.0,"daily_up":98757.2,"source":"seoulriders","period":"modelled weekday","geometry_source":"track","daily":196093.2,"km":2.5455}},{"type":"Feature","geometry":{"type":"LineString","coordinates":[[126.94803,37.321],[126.94865,37.31512],[126.95328,37.30792],[126.96209,37.30162],[126.96376,37.30113],[126.97118,37.30029]]},"properties":{"line":"수도권 1호선","from":"의왕","to":"성균관대","daily_down":102662.8,"daily_up":104312.0,"source":"seoulriders","period":"modelled weekday","geometry_source":"track","daily":206974.8,"km":3.4235}},{"type":"Feature","geometry":{"type":"LineString","coordinates":[[126.94803,37.321],[126.94836,37.34343]]},"properties":{"line":"수도권 1호선","from":"의왕","to":"당정","daily_down":108296.7,"daily_up":106597.9,"source":"seoulriders","period":"modelled weekday","geometry_source":"straight","daily":214894.6,"km":2.4943}},{"type":"Feature","geometry":{"type":"LineString","coordinates":[[126.94846,37.35357],[126.94836,37.34343]]},"properties":{"line":"수도권 1호선","from":"군포","to":"당정","daily_down":109996.1,"daily_up":112014.2,"source":"seoulriders","period":"modelled weekday","geometry_source":"straight","daily":222010.3,"km":1.1276}},{"type":"Feature","geometry":{"type":"LineString","coordinates":[[126.9434,37.37231],[126.94857,37.36125],[126.94846,37.35357]]},"properties":{"line":"수도권 1호선","from":"금정","to":"군포","daily_down":114456.8,"daily_up":116606.8,"source":"seoulriders","period":"modelled weekday","geometry_source":"track","daily":231063.6,"km":2.166}},{"type":"Feature","geometry":{"type":"LineString","coordinates":[[126.93561,37.38439],[126.93731,37.38101],[126.94103,37.37714],[126.9434,37.37231]]},"properties":{"line":"수도권 1호선","from":"명학","to":"금정","daily_down":119593.2,"daily_up":118087.3,"source":"seoulriders","period":"modelled weekday","geometry_source":"track","daily":237680.5,"km":1.5227}},{"type":"Feature","geometry":{"type":"LineString","coordinates":[[126.92288,37.40163],[126.92706,37.39664],[126.93132,37.3932],[126.93258,37.39173],[126.93561,37.38439]]},"properties":{"line":"수도권 1호선","from":"안양","to":"명학","daily_down":121323.5,"daily_up":119985.8,"source":"seoulriders","period":"modelled weekday","geometry_source":"track","daily":241309.3,"km":2.2598}},{"type":"Feature","geometry":{"type":"LineString","coordinates":[[126.90915,37.41872],[126.92288,37.40163]]},"properties":{"line":"수도권 1호선","from":"관악","to":"안양","daily_down":130025.3,"daily_up":128424.7,"source":"seoulriders","period":"modelled weekday","geometry_source":"straight","daily":258450.0,"km":2.2543}},{"type":"Feature","geometry":{"type":"LineString","coordinates":[[126.90231,37.43513],[126.90421,37.42682],[126.907,37.42167],[126.90915,37.41872]]},"properties":{"line":"수도권 1호선","from":"석수","to":"관악","daily_down":133085.2,"daily_up":131881.7,"source":"seoulriders","period":"modelled weekday","geometry_source":"track","daily":264966.9,"km":1.9416}},{"type":"Feature","geometry":{"type":"LineString","coordinates":[[126.8939,37.45581],[126.90121,37.43923],[126.90231,37.43513]]},"properties":{"line":"수도권 1호선","from":"금천구청","to":"석수","daily_down":136525.6,"daily_up":136156.0,"source":"seoulriders","period":"modelled weekday","geometry_source":"track","daily":272681.6,"km":2.4194}},{"type":"Feature","geometry":{"type":"LineString","coordinates":[[126.8939,37.45581],[126.88948,37.46607]]},"properties":{"line":"수도권 1호선","from":"금천구청","to":"독산","daily_down":146212.8,"daily_up":146059.3,"source":"seoulriders","period":"modelled weekday","geometry_source":"straight","daily":292272.1,"km":1.2057}},{"type":"Feature","geometry":{"type":"LineString","coordinates":[[126.88288,37.48045],[126.88948,37.46607]]},"properties":{"line":"수도권 1호선","from":"가산디지털단지","to":"독산","daily_down":157880.9,"daily_up":157332.9,"source":"seoulriders","period":"modelled weekday","geometry_source":"straight","daily":315213.8,"km":1.7018}},{"type":"Feature","geometry":{"type":"LineString","coordinates":[[126.88251,37.50345],[126.87913,37.50041],[126.87868,37.49887],[126.87949,37.49547],[126.88012,37.48716],[126.88288,37.48045]]},"properties":{"line":"수도권 1호선","from":"구로","to":"가산디지털단지","daily_down":129973.3,"daily_up":130689.5,"source":"seoulriders","period":"modelled weekday","geometry_source":"track","daily":260662.8,"km":2.7218}},{"type":"Feature","geometry":{"type":"LineString","coordinates":[[127.05478,37.92783],[127.05363,37.93418],[127.05383,37.93615],[127.05599,37.94072],[127.06012,37.94557],[127.06082,37.948]]},"properties":{"line":"수도권 1호선","from":"동두천","to":"소요산","daily_down":2077.1,"daily_up":2368.8,"source":"seoulriders","period":"modelled weekday","geometry_source":"track","daily":4445.9,"km":2.402}},{"type":"Feature","geometry":{"type":"LineString","coordinates":[[127.03313,37.20683],[127.03533,37.20288],[127.0371,37.20104],[127.03892,37.20025],[127.04669,37.19825],[127.05203,37.19566]]},"properties":{"line":"수도권 1호선","from":"병점","to":"서동탄","daily_down":1236.9,"daily_up":1447.7,"source":"seoulriders","period":"modelled weekday","geometry_source":"track","daily":2684.6,"km":2.1988}},{"type":"Feature","geometry":{"type":"LineString","coordinates":[[127.14894,36.83365],[127.15038,36.82722],[127.14899,36.82365],[127.14831,36.81758],[127.14684,36.81028]]},"properties":{"line":"수도권 1호선","from":"두정","to":"천안","daily_down":17367.0,"daily_up":19339.3,"source":"seoulriders","period":"modelled weekday","geometry_source":"track","daily":36706.3,"km":2.642}},{"type":"Feature","geometry":{"type":"LineString","coordinates":[[127.14391,36.87074],[127.14637,36.86576],[127.14687,36.86363],[127.14546,36.85395],[127.14874,36.83815],[127.14894,36.83365]]},"properties":{"line":"수도권 1호선","from":"직산","to":"두정","daily_down":22625.4,"daily_up":23945.5,"source":"seoulriders","period":"modelled weekday","geometry_source":"track","daily":46570.9,"km":4.2017}},{"type":"Feature","geometry":{"type":"LineString","coordinates":[[127.12689,36.91598],[127.12813,36.90439],[127.14391,36.87074]]},"properties":{"line":"수도권 1호선","from":"성환","to":"직산","daily_down":22979.8,"daily_up":24321.7,"source":"seoulriders","period":"modelled weekday","geometry_source":"track","daily":47301.5,"km":5.2897}},{"type":"Feature","geometry":{"type":"LineString","coordinates":[[127.08532,36.99082],[127.12343,36.95026],[127.12437,36.94799],[127.12463,36.94587],[127.12689,36.91598]]},"properties":{"line":"수도권 1호선","from":"평택","to":"성환","daily_down":27332.0,"daily_up":28996.2,"source":"seoulriders","period":"modelled weekday","geometry_source":"track","daily":56328.2,"km":9.4719}},{"type":"Feature","geometry":{"type":"LineString","coordinates":[[127.07045,37.0188],[127.07183,37.00611],[127.07232,37.00462],[127.08532,36.99082]]},"properties":{"line":"수도권 1호선","from":"평택지제","to":"평택","daily_down":36352.7,"daily_up":37964.6,"source":"seoulriders","period":"modelled weekday","geometry_source":"track","daily":74317.3,"km":3.508}},{"type":"Feature","geometry":{"type":"LineString","coordinates":[[127.05295,37.05708],[127.0522,37.05066],[127.0526,37.04868],[127.05337,37.04737],[127.05491,37.04592],[127.06578,37.03897],[127.0682,37.03598],[127.07045,37.0188]]},"properties":{"line":"수도권 1호선","from":"서정리","to":"평택지제","daily_down":38490.3,"daily_up":40156.3,"source":"seoulriders","period":"modelled weekday","geometry_source":"track","daily":78646.6,"km":4.8649}},{"type":"Feature","geometry":{"type":"LineString","coordinates":[[127.05437,37.07536],[127.05445,37.07119],[127.05295,37.05708]]},"properties":{"line":"수도권 1호선","from":"송탄","to":"서정리","daily_down":43697.9,"daily_up":46115.0,"source":"seoulriders","period":"modelled weekday","geometry_source":"track","daily":89812.9,"km":2.0383}},{"type":"Feature","geometry":{"type":"LineString","coordinates":[[127.06239,37.10999],[127.0606,37.09543],[127.0546,37.08113],[127.05424,37.07892],[127.05437,37.07536]]},"properties":{"line":"수도권 1호선","from":"진위","to":"송탄","daily_down":46224.3,"daily_up":48680.5,"source":"seoulriders","period":"modelled weekday","geometry_source":"track","daily":94904.8,"km":3.9474}},{"type":"Feature","geometry":{"type":"LineString","coordinates":[[127.06675,37.14556],[127.06239,37.10999]]},"properties":{"line":"수도권 1호선","from":"오산","to":"진위","daily_down":47200.6,"daily_up":49799.8,"source":"seoulriders","period":"modelled weekday","geometry_source":"straight","daily":97000.4,"km":3.974}},{"type":"Feature","geometry":{"type":"LineString","coordinates":[[127.06311,37.1693],[127.06722,37.15179],[127.06675,37.14556]]},"properties":{"line":"수도권 1호선","from":"오산대","to":"오산","daily_down":54816.1,"daily_up":57185.0,"source":"seoulriders","period":"modelled weekday","geometry_source":"track","daily":112001.1,"km":2.6748}},{"type":"Feature","geometry":{"type":"LineString","coordinates":[[127.04327,37.18737],[127.04489,37.18518],[127.04684,37.18349],[127.05971,37.17516],[127.06201,37.17228],[127.06311,37.1693]]},"properties":{"line":"수도권 1호선","from":"세마","to":"오산대","daily_down":57396.5,"daily_up":60074.0,"source":"seoulriders","period":"modelled weekday","geometry_source":"track","daily":117470.5,"km":2.7319}},{"type":"Feature","geometry":{"type":"LineString","coordinates":[[127.03313,37.20683],[127.04327,37.18737]]},"properties":{"line":"수도권 1호선","from":"병점","to":"세마","daily_down":59676.8,"daily_up":62461.8,"source":"seoulriders","period":"modelled weekday","geometry_source":"straight","daily":122138.6,"km":2.3428}},{"type":"Feature","geometry":{"type":"LineString","coordinates":[[127.05299,36.7777],[127.03685,36.77118],[127.033,36.77083],[127.03078,36.77125],[127.02801,36.77235],[127.01478,36.77879],[127.00316,36.78055]]},"properties":{"line":"수도권 1호선","from":"배방","to":"온양온천","daily_down":6337.5,"daily_up":6501.3,"source":"seoulriders","period":"modelled weekday","geometry_source":"track","daily":12838.8,"km":4.8658}},{"type":"Feature","geometry":{"type":"LineString","coordinates":[[127.08455,36.78821],[127.06325,36.78176],[127.05299,36.7777]]},"properties":{"line":"수도권 1호선","from":"탕정","to":"배방","daily_down":7043.9,"daily_up":7256.1,"source":"seoulriders","period":"modelled weekday","geometry_source":"track","daily":14300.0,"km":3.0471}},{"type":"Feature","geometry":{"type":"LineString","coordinates":[[127.10445,36.7921],[127.08943,36.78958],[127.08455,36.78821]]},"properties":{"line":"수도권 1호선","from":"아산","to":"탕정","daily_down":7953.1,"daily_up":8355.6,"source":"seoulriders","period":"modelled weekday","geometry_source":"track","daily":16308.7,"km":1.827}},{"type":"Feature","geometry":{"type":"LineString","coordinates":[[127.12129,36.79372],[127.11765,36.79252],[127.11055,36.79282],[127.10445,36.7921]]},"properties":{"line":"수도권 1호선","from":"쌍용","to":"아산","daily_down":10683.2,"daily_up":11526.8,"source":"seoulriders","period":"modelled weekday","geometry_source":"track","daily":22210.0,"km":1.5327}},{"type":"Feature","geometry":{"type":"LineString","coordinates":[[127.13586,36.8013],[127.12911,36.79861],[127.12563,36.79602],[127.12129,36.79372]]},"properties":{"line":"수도권 1호선","from":"봉명","to":"쌍용","daily_down":12529.0,"daily_up":13547.7,"source":"seoulriders","period":"modelled weekday","geometry_source":"track","daily":26076.7,"km":1.5578}},{"type":"Feature","geometry":{"type":"LineString","coordinates":[[127.13586,36.8013],[127.14502,36.80536],[127.14598,36.80668],[127.14684,36.81028]]},"properties":{"line":"수도권 1호선","from":"봉명","to":"천안","daily_down":14269.7,"daily_up":13244.4,"source":"seoulriders","period":"modelled weekday","geometry_source":"track","daily":27514.1,"km":1.5096}},{"type":"Feature","geometry":{"type":"LineString","coordinates":[[127.00316,36.78055],[126.99964,36.78114],[126.99373,36.78321],[126.98702,36.7835],[126.98393,36.78325],[126.98084,36.78226],[126.96096,36.77301],[126.95182,36.76979]]},"properties":{"line":"수도권 1호선","from":"온양온천","to":"신창","daily_down":2405.6,"daily_up":2725.2,"source":"seoulriders","period":"modelled weekday","geometry_source":"track","daily":5130.8,"km":5.0032}},{"type":"Feature","geometry":{"type":"LineString","coordinates":[[126.8939,37.45581],[126.89829,37.4456],[126.89838,37.44205],[126.89706,37.43894],[126.8847,37.41638]]},"properties":{"line":"수도권 1호선","from":"금천구청","to":"광명","daily_down":3169.6,"daily_up":3694.7,"source":"seoulriders","period":"modelled weekday","geometry_source":"track","daily":6864.3,"km":4.6951}},{"type":"Feature","geometry":{"type":"LineString","coordinates":[[126.88268,37.51445],[126.87913,37.51604],[126.87612,37.51635],[126.86594,37.5123]]},"properties":{"line":"수도권 2호선","from":"도림천","to":"양천구청","daily_down":23519.6,"daily_up":25686.4,"source":"seoulriders","period":"modelled weekday","geometry_source":"track","daily":49206.0,"km":1.6318}},{"type":"Feature","geometry":{"type":"LineString","coordinates":[[126.86594,37.5123],[126.86021,37.51063],[126.85859,37.51055],[126.85721,37.51091],[126.85625,37.51192],[126.85305,37.51998]]},"properties":{"line":"수도권 2호선","from":"양천구청","to":"신정네거리","daily_down":18039.0,"daily_up":20754.6,"source":"seoulriders","period":"modelled weekday","geometry_source":"track","daily":38793.6,"km":1.89}},{"type":"Feature","geometry":{"type":"LineString","coordinates":[[126.84653,37.53211],[126.85305,37.51998]]},"properties":{"line":"수도권 2호선","from":"까치산","to":"신정네거리","daily_down":15100.2,"daily_up":11902.8,"source":"seoulriders","period":"modelled weekday","geometry_source":"straight","daily":27003.0,"km":1.4662}},{"type":"Feature","geometry":{"type":"LineString","coordinates":[[126.89145,37.50904],[126.88891,37.51193],[126.88555,37.51295],[126.88268,37.51445]]},"properties":{"line":"수도권 2호선","from":"신도림","to":"도림천","daily_down":24078.1,"daily_up":26132.0,"source":"seoulriders","period":"modelled weekday","geometry_source":"track","daily":50210.1,"km":1.0122}},{"type":"Feature","geometry":{"type":"LineString","coordinates":[[126.92575,37.55711],[126.92726,37.55855],[126.93644,37.55522],[126.93963,37.55747]]},"properties":{"line":"수도권 2호선","from":"홍대입구","to":"신촌","daily_down":138313.2,"daily_up":134184.2,"source":"seoulriders","period":"modelled weekday","geometry_source":"track","daily":272497.4,"km":1.4745}},{"type":"Feature","geometry":{"type":"LineString","coordinates":[[126.93963,37.55747],[126.94584,37.55677]]},"properties":{"line":"수도권 2호선","from":"신촌","to":"이대","daily_down":141482.0,"daily_up":139499.2,"source":"seoulriders","period":"modelled weekday","geometry_source":"straight","daily":280981.2,"km":0.5529}},{"type":"Feature","geometry":{"type":"LineString","coordinates":[[126.94584,37.55677],[126.95612,37.55743]]},"properties":{"line":"수도권 2호선","from":"이대","to":"아현","daily_down":144359.8,"daily_up":144523.7,"source":"seoulriders","period":"modelled weekday","geometry_source":"straight","daily":288883.5,"km":0.9091}},{"type":"Feature","geometry":{"type":"LineString","coordinates":[[126.95612,37.55743],[126.95987,37.5574],[126.96291,37.55937]]},"properties":{"line":"수도권 2호선","from":"아현","to":"충정로","daily_down":146724.6,"daily_up":146133.4,"source":"seoulriders","period":"modelled weekday","geometry_source":"track","daily":292858.0,"km":0.6767}},{"type":"Feature","geometry":{"type":"LineString","coordinates":[[126.96291,37.55937],[126.9674,37.56151],[126.97595,37.56441]]},"properties":{"line":"수도권 2호선","from":"충정로","to":"시청","daily_down":153446.5,"daily_up":151586.9,"source":"seoulriders","period":"modelled weekday","geometry_source":"track","daily":305033.4,"km":1.2815}},{"type":"Feature","geometry":{"type":"LineString","coordinates":[[126.97595,37.56441],[126.97821,37.56589],[126.98262,37.56595]]},"properties":{"line":"수도권 2호선","from":"시청","to":"을지로입구","daily_down":151760.1,"daily_up":147359.4,"source":"seoulriders","period":"modelled weekday","geometry_source":"track","daily":299119.5,"km":0.6471}},{"type":"Feature","geometry":{"type":"LineString","coordinates":[[126.98262,37.56595],[126.99253,37.56634]]},"properties":{"line":"수도권 2호선","from":"을지로입구","to":"을지로3가","daily_down":152766.8,"daily_up":150414.3,"source":"seoulriders","period":"modelled weekday","geometry_source":"straight","daily":303181.1,"km":0.8745}},{"type":"Feature","geometry":{"type":"LineString","coordinates":[[126.99253,37.56634],[126.99817,37.56664]]},"properties":{"line":"수도권 2호선","from":"을지로3가","to":"을지로4가","daily_down":145344.4,"daily_up":145809.4,"source":"seoulriders","period":"modelled weekday","geometry_source":"straight","daily":291153.8,"km":0.4982}},{"type":"Feature","geometry":{"type":"LineString","coordinates":[[126.99817,37.56664],[127.00338,37.56676],[127.00748,37.56481]]},"properties":{"line":"수도권 2호선","from":"을지로4가","to":"동대문역사문화공원","daily_down":142803.9,"daily_up":145097.5,"source":"seoulriders","period":"modelled weekday","geometry_source":"track","daily":287901.4,"km":0.8808}},{"type":"Feature","geometry":{"type":"LineString","coordinates":[[127.00748,37.56481],[127.01131,37.56493],[127.01625,37.56538]]},"properties":{"line":"수도권 2호선","from":"동대문역사문화공원","to":"신당","daily_down":160613.1,"daily_up":165572.7,"source":"seoulriders","period":"modelled weekday","geometry_source":"track","daily":326185.8,"km":0.7761}},{"type":"Feature","geometry":{"type":"LineString","coordinates":[[127.01625,37.56538],[127.02098,37.56558],[127.02925,37.56439]]},"properties":{"line":"수도권 2호선","from":"신당","to":"상왕십리","daily_down":167718.1,"daily_up":169334.8,"source":"seoulriders","period":"modelled weekday","geometry_source":"track","daily":337052.9,"km":1.1583}},{"type":"Feature","geometry":{"type":"LineString","coordinates":[[127.02925,37.56439],[127.03563,37.56125],[127.03781,37.5615]]},"properties":{"line":"수도권 2호선","from":"상왕십리","to":"왕십리","daily_down":166246.0,"daily_up":167621.4,"source":"seoulriders","period":"modelled weekday","geometry_source":"track","daily":333867.4,"km":0.8561}},{"type":"Feature","geometry":{"type":"LineString","coordinates":[[127.03781,37.5615],[127.04076,37.56125],[127.04282,37.5603],[127.04366,37.55573]]},"properties":{"line":"수도권 2호선","from":"왕십리","to":"한양대","daily_down":125323.8,"daily_up":122098.0,"source":"seoulriders","period":"modelled weekday","geometry_source":"track","daily":247421.8,"km":0.9851}},{"type":"Feature","geometry":{"type":"LineString","coordinates":[[127.04366,37.55573],[127.04462,37.54904],[127.04552,37.54797],[127.04741,37.54724]]},"properties":{"line":"수도권 2호선","from":"한양대","to":"뚝섬","daily_down":119507.7,"daily_up":118080.2,"source":"seoulriders","period":"modelled weekday","geometry_source":"track","daily":237587.9,"km":1.077}},{"type":"Feature","geometry":{"type":"LineString","coordinates":[[127.04741,37.54724],[127.0561,37.54457]]},"properties":{"line":"수도권 2호선","from":"뚝섬","to":"성수","daily_down":114170.8,"daily_up":114602.3,"source":"seoulriders","period":"modelled weekday","geometry_source":"straight","daily":228773.1,"km":0.8216}},{"type":"Feature","geometry":{"type":"LineString","coordinates":[[126.89145,37.50904],[126.8899,37.51086],[126.88981,37.51199],[126.89398,37.51556],[126.89487,37.51838]]},"properties":{"line":"수도권 2호선","from":"신도림","to":"문래","daily_down":162199.3,"daily_up":155369.4,"source":"seoulriders","period":"modelled weekday","geometry_source":"track","daily":317568.7,"km":1.2345}},{"type":"Feature","geometry":{"type":"LineString","coordinates":[[126.89487,37.51838],[126.89634,37.52402]]},"properties":{"line":"수도권 2호선","from":"문래","to":"영등포구청","daily_down":161272.5,"daily_up":154976.2,"source":"seoulriders","period":"modelled weekday","geometry_source":"straight","daily":316248.7,"km":0.6404}},{"type":"Feature","geometry":{"type":"LineString","coordinates":[[126.89634,37.52402],[126.89713,37.52779],[126.90248,37.5346]]},"properties":{"line":"수도권 2호선","from":"영등포구청","to":"당산","daily_down":158856.1,"daily_up":149334.9,"source":"seoulriders","period":"modelled weekday","geometry_source":"track","daily":308191.0,"km":1.3171}},{"type":"Feature","geometry":{"type":"LineString","coordinates":[[126.90248,37.5346],[126.91109,37.54469],[126.91366,37.54936]]},"properties":{"line":"수도권 2호선","from":"당산","to":"합정","daily_down":165924.9,"daily_up":155906.5,"source":"seoulriders","period":"modelled weekday","geometry_source":"track","daily":321831.4,"km":1.9212}},{"type":"Feature","geometry":{"type":"LineString","coordinates":[[126.91366,37.54936],[126.92575,37.55711]]},"properties":{"line":"수도권 2호선","from":"합정","to":"홍대입구","daily_down":139201.7,"daily_up":130864.2,"source":"seoulriders","period":"modelled weekday","geometry_source":"straight","daily":270065.9,"km":1.3706}},{"type":"Feature","geometry":{"type":"LineString","coordinates":[[126.95271,37.48122],[126.94194,37.48239]]},"properties":{"line":"수도권 2호선","from":"서울대입구","to":"봉천","daily_down":160549.2,"daily_up":167721.5,"source":"seoulriders","period":"modelled weekday","geometry_source":"straight","daily":328270.7,"km":0.9592}},{"type":"Feature","geometry":{"type":"LineString","coordinates":[[126.94194,37.48239],[126.93567,37.48484],[126.92964,37.48445]]},"properties":{"line":"수도권 2호선","from":"봉천","to":"신림","daily_down":157658.6,"daily_up":163279.6,"source":"seoulriders","period":"modelled weekday","geometry_source":"track","daily":320938.2,"km":1.1505}},{"type":"Feature","geometry":{"type":"LineString","coordinates":[[126.92964,37.48445],[126.92739,37.4841],[126.92571,37.48465],[126.92165,37.48871],[126.9197,37.48963],[126.91645,37.48945],[126.91339,37.48759]]},"properties":{"line":"수도권 2호선","from":"신림","to":"신대방","daily_down":142272.4,"daily_up":145668.5,"source":"seoulriders","period":"modelled weekday","geometry_source":"track","daily":287940.9,"km":1.7667}},{"type":"Feature","geometry":{"type":"LineString","coordinates":[[126.91339,37.48759],[126.91076,37.48638],[126.90651,37.48512],[126.90159,37.48528]]},"properties":{"line":"수도권 2호선","from":"신대방","to":"구로디지털단지","daily_down":143803.4,"daily_up":146591.1,"source":"seoulriders","period":"modelled weekday","geometry_source":"track","daily":290394.5,"km":1.103}},{"type":"Feature","geometry":{"type":"LineString","coordinates":[[126.90159,37.48528],[126.89901,37.48659],[126.89727,37.48794],[126.89493,37.49344]]},"properties":{"line":"수도권 2호선","from":"구로디지털단지","to":"대림","daily_down":155846.7,"daily_up":158320.8,"source":"seoulriders","period":"modelled weekday","geometry_source":"track","daily":314167.5,"km":1.1305}},{"type":"Feature","geometry":{"type":"LineString","coordinates":[[126.89493,37.49344],[126.89255,37.50091],[126.89291,37.50603],[126.89145,37.50904]]},"properties":{"line":"수도권 2호선","from":"대림","to":"신도림","daily_down":161219.5,"daily_up":162265.6,"source":"seoulriders","period":"modelled weekday","geometry_source":"track","daily":323485.1,"km":1.7856}},{"type":"Feature","geometry":{"type":"LineString","coordinates":[[127.06314,37.50884],[127.04895,37.50447]]},"properties":{"line":"수도권 2호선","from":"삼성","to":"선릉","daily_down":144137.2,"daily_up":145097.1,"source":"seoulriders","period":"modelled weekday","geometry_source":"straight","daily":289234.3,"km":1.3427}},{"type":"Feature","geometry":{"type":"LineString","coordinates":[[127.04895,37.50447],[127.03696,37.50082]]},"properties":{"line":"수도권 2호선","from":"선릉","to":"역삼","daily_down":189055.5,"daily_up":185203.6,"source":"seoulriders","period":"modelled weekday","geometry_source":"straight","daily":374259.1,"km":1.1329}},{"type":"Feature","geometry":{"type":"LineString","coordinates":[[127.03696,37.50082],[127.02791,37.49721]]},"properties":{"line":"수도권 2호선","from":"역삼","to":"강남","daily_down":193492.3,"daily_up":198217.5,"source":"seoulriders","period":"modelled weekday","geometry_source":"straight","daily":391709.8,"km":0.8936}},{"type":"Feature","geometry":{"type":"LineString","coordinates":[[127.02791,37.49721],[127.0137,37.49366]]},"properties":{"line":"수도권 2호선","from":"강남","to":"교대","daily_down":206738.7,"daily_up":213591.7,"source":"seoulriders","period":"modelled weekday","geometry_source":"straight","daily":420330.4,"km":1.3143}},{"type":"Feature","geometry":{"type":"LineString","coordinates":[[127.0137,37.49366],[127.00768,37.49177]]},"properties":{"line":"수도권 2호선","from":"교대","to":"서초","daily_down":207732.6,"daily_up":219005.9,"source":"seoulriders","period":"modelled weekday","geometry_source":"straight","daily":426738.5,"km":0.5712}},{"type":"Feature","geometry":{"type":"LineString","coordinates":[[127.00768,37.49177],[127.00571,37.49117],[127.00491,37.49044],[127.00384,37.48435],[127.00298,37.4827],[126.9998,37.48167],[126.99771,37.48147]]},"properties":{"line":"수도권 2호선","from":"서초","to":"방배","daily_down":201765.9,"daily_up":212544.7,"source":"seoulriders","period":"modelled weekday","geometry_source":"track","daily":414310.6,"km":1.6648}},{"type":"Feature","geometry":{"type":"LineString","coordinates":[[126.99771,37.48147],[126.98998,37.47897],[126.98549,37.47672],[126.98167,37.47658]]},"properties":{"line":"수도권 2호선","from":"방배","to":"사당","daily_down":201276.9,"daily_up":212884.3,"source":"seoulriders","period":"modelled weekday","geometry_source":"track","daily":414161.2,"km":1.5426}},{"type":"Feature","geometry":{"type":"LineString","coordinates":[[126.98167,37.47658],[126.97614,37.47649],[126.96922,37.47524],[126.96745,37.47552],[126.96349,37.47706]]},"properties":{"line":"수도권 2호선","from":"사당","to":"낙성대","daily_down":183242.3,"daily_up":192088.7,"source":"seoulriders","period":"modelled weekday","geometry_source":"track","daily":375331.0,"km":1.6628}},{"type":"Feature","geometry":{"type":"LineString","coordinates":[[126.96349,37.47706],[126.95271,37.48122]]},"properties":{"line":"수도권 2호선","from":"낙성대","to":"서울대입구","daily_down":174640.4,"daily_up":183141.6,"source":"seoulriders","period":"modelled weekday","geometry_source":"straight","daily":357782.0,"km":1.0578}},{"type":"Feature","geometry":{"type":"LineString","coordinates":[[127.0561,37.54457],[127.07086,37.54044]]},"properties":{"line":"수도권 2호선","from":"성수","to":"건대입구","daily_down":119973.4,"daily_up":122884.1,"source":"seoulriders","period":"modelled weekday","geometry_source":"straight","daily":242857.5,"km":1.38}},{"type":"Feature","geometry":{"type":"LineString","coordinates":[[127.07086,37.54044],[127.08276,37.53673],[127.0841,37.53667],[127.08622,37.53717]]},"properties":{"line":"수도권 2호선","from":"건대입구","to":"구의","daily_down":117426.7,"daily_up":126719.6,"source":"seoulriders","period":"modelled weekday","geometry_source":"track","daily":244146.3,"km":1.4408}},{"type":"Feature","geometry":{"type":"LineString","coordinates":[[127.08622,37.53717],[127.08972,37.53799],[127.0916,37.5379],[127.09348,37.53689],[127.09474,37.53511]]},"properties":{"line":"수도권 2호선","from":"구의","to":"강변","daily_down":113700.3,"daily_up":122381.9,"source":"seoulriders","period":"modelled weekday","geometry_source":"track","daily":236082.2,"km":0.9151}},{"type":"Feature","geometry":{"type":"LineString","coordinates":[[127.09474,37.53511],[127.10383,37.52069]]},"properties":{"line":"수도권 2호선","from":"강변","to":"잠실나루","daily_down":113168.3,"daily_up":119566.9,"source":"seoulriders","period":"modelled weekday","geometry_source":"straight","daily":232735.2,"km":1.7926}},{"type":"Feature","geometry":{"type":"LineString","coordinates":[[127.10383,37.52069],[127.105,37.51821],[127.10461,37.516],[127.10292,37.51423],[127.10014,37.51322]]},"properties":{"line":"수도권 2호선","from":"잠실나루","to":"잠실","daily_down":113906.8,"daily_up":119937.9,"source":"seoulriders","period":"modelled weekday","geometry_source":"track","daily":233844.7,"km":1.0592}},{"type":"Feature","geometry":{"type":"LineString","coordinates":[[127.10014,37.51322],[127.09559,37.51219],[127.08878,37.51153],[127.08557,37.51159]]},"properties":{"line":"수도권 2호선","from":"잠실","to":"잠실새내","daily_down":123244.2,"daily_up":125258.4,"source":"seoulriders","period":"modelled weekday","geometry_source":"track","daily":248502.6,"km":1.3057}},{"type":"Feature","geometry":{"type":"LineString","coordinates":[[127.08557,37.51159],[127.07846,37.51181],[127.07621,37.51141]]},"properties":{"line":"수도권 2호선","from":"잠실새내","to":"종합운동장","daily_down":122257.3,"daily_up":123905.4,"source":"seoulriders","period":"modelled weekday","geometry_source":"track","daily":246162.7,"km":0.831}},{"type":"Feature","geometry":{"type":"LineString","coordinates":[[127.07621,37.51141],[127.06703,37.50994],[127.06314,37.50884]]},"properties":{"line":"수도권 2호선","from":"종합운동장","to":"삼성","daily_down":126693.9,"daily_up":126075.5,"source":"seoulriders","period":"modelled weekday","geometry_source":"track","daily":252769.4,"km":1.1903}},{"type":"Feature","geometry":{"type":"LineString","coordinates":[[126.89145,37.50904],[126.89145,37.50904]]},"properties":{"line":"수도권 2호선","from":"신도림","to":"신도림","daily_down":0,"daily_up":705.9,"source":"seoulriders","period":"modelled weekday","geometry_source":"straight","daily":705.9,"km":0.0}},{"type":"Feature","geometry":{"type":"LineString","coordinates":[[127.02394,37.5755],[127.02711,37.57394],[127.03807,37.57407]]},"properties":{"line":"수도권 2호선","from":"신설동","to":"용두","daily_down":16036.8,"daily_up":14142.6,"source":"seoulriders","period":"modelled weekday","geometry_source":"track","daily":30179.4,"km":1.2948}},{"type":"Feature","geometry":{"type":"LineString","coordinates":[[127.04713,37.56972],[127.04528,37.57109],[127.03807,37.57407]]},"properties":{"line":"수도권 2호선","from":"신답","to":"용두","daily_down":15357.7,"daily_up":17186.2,"source":"seoulriders","period":"modelled weekday","geometry_source":"track","daily":32543.9,"km":0.9398}},{"type":"Feature","geometry":{"type":"LineString","coordinates":[[127.05086,37.56209],[127.04713,37.56972]]},"properties":{"line":"수도권 2호선","from":"용답","to":"신답","daily_down":16175.1,"daily_up":17790.7,"source":"seoulriders","period":"modelled weekday","geometry_source":"straight","daily":33965.8,"km":0.9099}},{"type":"Feature","geometry":{"type":"LineString","coordinates":[[127.0561,37.54457],[127.05171,37.54602],[127.0509,37.5469],[127.05332,37.55404],[127.05293,37.55786],[127.05086,37.56209]]},"properties":{"line":"수도권 2호선","from":"성수","to":"용답","daily_down":17357.3,"daily_up":18874.4,"source":"seoulriders","period":"modelled weekday","geometry_source":"track","daily":36231.7,"km":2.2932}},{"type":"Feature","geometry":{"type":"LineString","coordinates":[[127.00573,37.55906],[127.00826,37.55789],[127.01062,37.55475]]},"properties":{"line":"수도권 3호선","from":"동대입구","to":"약수","daily_down":122448.5,"daily_up":123171.8,"source":"seoulriders","period":"modelled weekday","geometry_source":"track","daily":245620.3,"km":0.6646}},{"type":"Feature","geometry":{"type":"LineString","coordinates":[[126.99411,37.5612],[126.99552,37.56033],[127.00104,37.55925],[127.00573,37.55906]]},"properties":{"line":"수도권 3호선","from":"충무로","to":"동대입구","daily_down":125087.5,"daily_up":124088.0,"source":"seoulriders","period":"modelled weekday","geometry_source":"track","daily":249175.5,"km":1.0726}},{"type":"Feature","geometry":{"type":"LineString","coordinates":[[126.99253,37.56634],[126.99304,37.56259],[126.99411,37.5612]]},"properties":{"line":"수도권 3호선","from":"을지로3가","to":"충무로","daily_down":118491.8,"daily_up":119783.3,"source":"seoulriders","period":"modelled weekday","geometry_source":"track","daily":238275.1,"km":0.6005}},{"type":"Feature","geometry":{"type":"LineString","coordinates":[[126.9915,37.57149],[126.99253,37.56634]]},"properties":{"line":"수도권 3호선","from":"종로3가","to":"을지로3가","daily_down":124871.5,"daily_up":128911.2,"source":"seoulriders","period":"modelled weekday","geometry_source":"straight","daily":253782.7,"km":0.5798}},{"type":"Feature","geometry":{"type":"LineString","coordinates":[[126.98617,37.57683],[126.98784,37.5774],[126.98992,37.57706],[126.9915,37.57149]]},"properties":{"line":"수도권 3호선","from":"안국","to":"종로3가","daily_down":143699.9,"daily_up":143684.9,"source":"seoulriders","period":"modelled weekday","geometry_source":"track","daily":287384.8,"km":0.9822}},{"type":"Feature","geometry":{"type":"LineString","coordinates":[[126.97353,37.57579],[126.98312,37.57571],[126.98617,37.57683]]},"properties":{"line":"수도권 3호선","from":"경복궁","to":"안국","daily_down":128383.5,"daily_up":127362.7,"source":"seoulriders","period":"modelled weekday","geometry_source":"track","daily":255746.2,"km":1.1414}},{"type":"Feature","geometry":{"type":"LineString","coordinates":[[126.95784,37.57456],[126.95991,37.57272],[126.96176,37.57253],[126.96742,37.57462],[126.96938,37.57601],[126.97353,37.57579]]},"properties":{"line":"수도권 3호선","from":"독립문","to":"경복궁","daily_down":114011.1,"daily_up":112693.1,"source":"seoulriders","period":"modelled weekday","geometry_source":"track","daily":226704.2,"km":1.5872}},{"type":"Feature","geometry":{"type":"LineString","coordinates":[[126.95035,37.58232],[126.95109,37.58111],[126.95784,37.57456]]},"properties":{"line":"수도권 3호선","from":"무악재","to":"독립문","daily_down":111110.3,"daily_up":109544.9,"source":"seoulriders","period":"modelled weekday","geometry_source":"track","daily":220655.2,"km":1.0899}},{"type":"Feature","geometry":{"type":"LineString","coordinates":[[126.94425,37.58869],[126.94951,37.58379],[126.95035,37.58232]]},"properties":{"line":"수도권 3호선","from":"홍제","to":"무악재","daily_down":108801.6,"daily_up":107270.4,"source":"seoulriders","period":"modelled weekday","geometry_source":"track","daily":216072.0,"km":0.8948}},{"type":"Feature","geometry":{"type":"LineString","coordinates":[[126.93573,37.60097],[126.94078,37.59453],[126.94153,37.59138],[126.94425,37.58869]]},"properties":{"line":"수도권 3호선","from":"녹번","to":"홍제","daily_down":101088.2,"daily_up":100385.7,"source":"seoulriders","period":"modelled weekday","geometry_source":"track","daily":201473.9,"km":1.5828}},{"type":"Feature","geometry":{"type":"LineString","coordinates":[[126.92963,37.61088],[126.93472,37.60491],[126.93573,37.60097]]},"properties":{"line":"수도권 3호선","from":"불광","to":"녹번","daily_down":94047.5,"daily_up":94851.3,"source":"seoulriders","period":"modelled weekday","geometry_source":"track","daily":188898.8,"km":1.2481}},{"type":"Feature","geometry":{"type":"LineString","coordinates":[[126.92079,37.61893],[126.92294,37.61712],[126.92636,37.61454],[126.92963,37.61088]]},"properties":{"line":"수도권 3호선","from":"연신내","to":"불광","daily_down":83260.8,"daily_up":91931.4,"source":"seoulriders","period":"modelled weekday","geometry_source":"track","daily":175192.2,"km":1.1909}},{"type":"Feature","geometry":{"type":"LineString","coordinates":[[126.91881,37.63689],[126.91934,37.62874],[126.92005,37.62597],[126.91977,37.62219],[126.92013,37.62046],[126.92079,37.61893]]},"properties":{"line":"수도권 3호선","from":"구파발","to":"연신내","daily_down":84721.7,"daily_up":78590.2,"source":"seoulriders","period":"modelled weekday","geometry_source":"track","daily":163311.9,"km":2.0175}},{"type":"Feature","geometry":{"type":"LineString","coordinates":[[126.91393,37.64812],[126.91736,37.64757],[126.91869,37.64649],[126.9184,37.64267],[126.91881,37.63689]]},"properties":{"line":"수도권 3호선","from":"지축","to":"구파발","daily_down":70236.3,"daily_up":64778.9,"source":"seoulriders","period":"modelled weekday","geometry_source":"track","daily":135015.2,"km":1.5451}},{"type":"Feature","geometry":{"type":"LineString","coordinates":[[126.91393,37.64812],[126.90862,37.64898],[126.89548,37.65312]]},"properties":{"line":"수도권 3호선","from":"지축","to":"삼송","daily_down":61982.3,"daily_up":67432.0,"source":"seoulriders","period":"modelled weekday","geometry_source":"track","daily":129414.3,"km":1.7222}},{"type":"Feature","geometry":{"type":"LineString","coordinates":[[126.87367,37.65051],[126.87736,37.64961],[126.87869,37.6496],[126.89405,37.65343],[126.89548,37.65312]]},"properties":{"line":"수도권 3호선","from":"원흥","to":"삼송","daily_down":56751.5,"daily_up":52184.7,"source":"seoulriders","period":"modelled weekday","geometry_source":"track","daily":108936.2,"km":2.0053}},{"type":"Feature","geometry":{"type":"LineString","coordinates":[[126.87367,37.65051],[126.84754,37.65641],[126.84519,37.65596],[126.8429,37.65305]]},"properties":{"line":"수도권 3호선","from":"원흥","to":"원당","daily_down":47434.8,"daily_up":51355.4,"source":"seoulriders","period":"modelled weekday","geometry_source":"track","daily":98790.2,"km":2.9862}},{"type":"Feature","geometry":{"type":"LineString","coordinates":[[126.8429,37.65305],[126.84088,37.64956],[126.84034,37.642],[126.83823,37.63606],[126.83668,37.63447],[126.83258,37.63465]]},"properties":{"line":"수도권 3호선","from":"원당","to":"화정","daily_down":43754.7,"daily_up":47080.2,"source":"seoulriders","period":"modelled weekday","geometry_source":"track","daily":90834.9,"km":2.5399}},{"type":"Feature","geometry":{"type":"LineString","coordinates":[[126.83258,37.63465],[126.82515,37.63548],[126.82249,37.63459],[126.8195,37.63218],[126.81782,37.63139],[126.81578,37.63112],[126.8109,37.63161]]},"properties":{"line":"수도권 3호선","from":"화정","to":"대곡","daily_down":42004.8,"daily_up":45859.6,"source":"seoulriders","period":"modelled weekday","geometry_source":"track","daily":87864.4,"km":2.0781}},{"type":"Feature","geometry":{"type":"LineString","coordinates":[[126.8109,37.63161],[126.80356,37.63285],[126.79945,37.63451],[126.78804,37.64304]]},"properties":{"line":"수도권 3호선","from":"대곡","to":"백석","daily_down":43330.7,"daily_up":45956.9,"source":"seoulriders","period":"modelled weekday","geometry_source":"track","daily":89287.6,"km":2.4489}},{"type":"Feature","geometry":{"type":"LineString","coordinates":[[126.78804,37.64304],[126.77958,37.64943],[126.77776,37.652]]},"properties":{"line":"수도권 3호선","from":"백석","to":"마두","daily_down":34485.5,"daily_up":37242.8,"source":"seoulriders","period":"modelled weekday","geometry_source":"track","daily":71728.3,"km":1.357}},{"type":"Feature","geometry":{"type":"LineString","coordinates":[[126.77776,37.652],[126.77326,37.65971]]},"properties":{"line":"수도권 3호선","from":"마두","to":"정발산","daily_down":27283.3,"daily_up":30331.8,"source":"seoulriders","period":"modelled weekday","geometry_source":"straight","daily":57615.1,"km":0.9444}},{"type":"Feature","geometry":{"type":"LineString","coordinates":[[126.77326,37.65971],[126.77177,37.66178],[126.76621,37.66733],[126.76124,37.67015]]},"properties":{"line":"수도권 3호선","from":"정발산","to":"주엽","daily_down":20808.1,"daily_up":23978.8,"source":"seoulriders","period":"modelled weekday","geometry_source":"track","daily":44786.9,"km":1.5908}},{"type":"Feature","geometry":{"type":"LineString","coordinates":[[126.76124,37.67015],[126.74746,37.67618]]},"properties":{"line":"수도권 3호선","from":"주엽","to":"대화","daily_down":11158.4,"daily_up":14545.1,"source":"seoulriders","period":"modelled weekday","geometry_source":"straight","daily":25703.5,"km":1.3858}},{"type":"Feature","geometry":{"type":"LineString","coordinates":[[127.04698,37.48707],[127.05547,37.49077]]},"properties":{"line":"수도권 3호선","from":"매봉","to":"도곡","daily_down":65758.9,"daily_up":67861.2,"source":"seoulriders","period":"modelled weekday","geometry_source":"straight","daily":133620.1,"km":0.8546}},{"type":"Feature","geometry":{"type":"LineString","coordinates":[[127.0345,37.48405],[127.04434,37.48596],[127.04698,37.48707]]},"properties":{"line":"수도권 3호선","from":"양재","to":"매봉","daily_down":68899.7,"daily_up":71512.7,"source":"seoulriders","period":"modelled weekday","geometry_source":"track","daily":140412.4,"km":1.1574}},{"type":"Feature","geometry":{"type":"LineString","coordinates":[[127.01635,37.48494],[127.01771,37.48291],[127.01909,37.48249],[127.0345,37.48405]]},"properties":{"line":"수도권 3호선","from":"남부터미널","to":"양재","daily_down":84357.4,"daily_up":88690.7,"source":"seoulriders","period":"modelled weekday","geometry_source":"track","daily":173048.1,"km":1.7568}},{"type":"Feature","geometry":{"type":"LineString","coordinates":[[127.0137,37.49366],[127.01478,37.48764],[127.01635,37.48494]]},"properties":{"line":"수도권 3호선","from":"교대","to":"남부터미널","daily_down":101767.9,"daily_up":105294.7,"source":"seoulriders","period":"modelled weekday","geometry_source":"track","daily":207062.6,"km":1.0068}},{"type":"Feature","geometry":{"type":"LineString","coordinates":[[127.00492,37.50504],[127.007,37.50137],[127.01163,37.4993],[127.01233,37.49866],[127.0137,37.49366]]},"properties":{"line":"수도권 3호선","from":"고속터미널","to":"교대","daily_down":125129.9,"daily_up":133422.4,"source":"seoulriders","period":"modelled weekday","geometry_source":"track","daily":258552.3,"km":1.5795}},{"type":"Feature","geometry":{"type":"LineString","coordinates":[[127.01115,37.51275],[127.00472,37.5094],[127.00416,37.50853],[127.00403,37.50714],[127.00492,37.50504]]},"properties":{"line":"수도권 3호선","from":"잠원","to":"고속터미널","daily_down":108974.8,"daily_up":118764.4,"source":"seoulriders","period":"modelled weekday","geometry_source":"track","daily":227739.2,"km":1.1885}},{"type":"Feature","geometry":{"type":"LineString","coordinates":[[127.01952,37.51611],[127.01115,37.51275]]},"properties":{"line":"수도권 3호선","from":"신사","to":"잠원","daily_down":108678.8,"daily_up":118750.9,"source":"seoulriders","period":"modelled weekday","geometry_source":"straight","daily":227429.7,"km":0.8274}},{"type":"Feature","geometry":{"type":"LineString","coordinates":[[127.0285,37.52618],[127.02781,37.51961],[127.01952,37.51611]]},"properties":{"line":"수도권 3호선","from":"압구정","to":"신사","daily_down":149893.3,"daily_up":150766.9,"source":"seoulriders","period":"modelled weekday","geometry_source":"track","daily":300660.2,"km":1.5614}},{"type":"Feature","geometry":{"type":"LineString","coordinates":[[127.01795,37.54082],[127.02536,37.53016],[127.02829,37.5274],[127.0285,37.52618]]},"properties":{"line":"수도권 3호선","from":"옥수","to":"압구정","daily_down":154348.3,"daily_up":152078.2,"source":"seoulriders","period":"modelled weekday","geometry_source":"track","daily":306426.5,"km":1.8916}},{"type":"Feature","geometry":{"type":"LineString","coordinates":[[127.01592,37.54797],[127.01657,37.54653],[127.01703,37.54257],[127.01795,37.54082]]},"properties":{"line":"수도권 3호선","from":"금호","to":"옥수","daily_down":140555.1,"daily_up":137326.8,"source":"seoulriders","period":"modelled weekday","geometry_source":"track","daily":277881.9,"km":0.8231}},{"type":"Feature","geometry":{"type":"LineString","coordinates":[[127.01062,37.55475],[127.01592,37.54797]]},"properties":{"line":"수도권 3호선","from":"약수","to":"금호","daily_down":140450.9,"daily_up":137848.8,"source":"seoulriders","period":"modelled weekday","geometry_source":"straight","daily":278299.7,"km":0.8869}},{"type":"Feature","geometry":{"type":"LineString","coordinates":[[127.08438,37.48369],[127.08883,37.48294],[127.09521,37.48362],[127.09866,37.48632],[127.10184,37.48742]]},"properties":{"line":"수도권 3호선","from":"일원","to":"수서","daily_down":40330.9,"daily_up":45198.5,"source":"seoulriders","period":"modelled weekday","geometry_source":"track","daily":85529.4,"km":1.703}},{"type":"Feature","geometry":{"type":"LineString","coordinates":[[127.07955,37.49363],[127.08324,37.48483],[127.08438,37.48369]]},"properties":{"line":"수도권 3호선","from":"대청","to":"일원","daily_down":43296.4,"daily_up":48560.4,"source":"seoulriders","period":"modelled weekday","geometry_source":"track","daily":91856.8,"km":1.1931}},{"type":"Feature","geometry":{"type":"LineString","coordinates":[[127.06988,37.4965],[127.07388,37.49725],[127.07681,37.49671],[127.07846,37.49564],[127.07955,37.49363]]},"properties":{"line":"수도권 3호선","from":"학여울","to":"대청","daily_down":47904.4,"daily_up":53918.5,"source":"seoulriders","period":"modelled weekday","geometry_source":"track","daily":101822.9,"km":1.0593}},{"type":"Feature","geometry":{"type":"LineString","coordinates":[[127.06319,37.49447],[127.06988,37.4965]]},"properties":{"line":"수도권 3호선","from":"대치","to":"학여울","daily_down":49086.3,"daily_up":55060.3,"source":"seoulriders","period":"modelled weekday","geometry_source":"straight","daily":104146.6,"km":0.6319}},{"type":"Feature","geometry":{"type":"LineString","coordinates":[[127.05547,37.49077],[127.06319,37.49447]]},"properties":{"line":"수도권 3호선","from":"도곡","to":"대치","daily_down":54996.5,"daily_up":60824.8,"source":"seoulriders","period":"modelled weekday","geometry_source":"straight","daily":115821.3,"km":0.7957}},{"type":"Feature","geometry":{"type":"LineString","coordinates":[[127.1239,37.4954],[127.12476,37.49632],[127.12657,37.50008],[127.12815,37.50198]]},"properties":{"line":"수도권 3호선","from":"경찰병원","to":"오금","daily_down":20814.9,"daily_up":24399.0,"source":"seoulriders","period":"modelled weekday","geometry_source":"track","daily":45213.9,"km":0.828}},{"type":"Feature","geometry":{"type":"LineString","coordinates":[[127.11864,37.49253],[127.1239,37.4954]]},"properties":{"line":"수도권 3호선","from":"가락시장","to":"경찰병원","daily_down":26223.8,"daily_up":29782.7,"source":"seoulriders","period":"modelled weekday","geometry_source":"straight","daily":56006.5,"km":0.5632}},{"type":"Feature","geometry":{"type":"LineString","coordinates":[[127.10184,37.48742],[127.11864,37.49253]]},"properties":{"line":"수도권 3호선","from":"수서","to":"가락시장","daily_down":39672.5,"daily_up":42577.4,"source":"seoulriders","period":"modelled weekday","geometry_source":"straight","daily":82249.9,"km":1.5874}},{"type":"Feature","geometry":{"type":"LineString","coordinates":[[127.11627,37.66782],[127.11212,37.66621],[127.10893,37.66676],[127.0913,37.67592],[127.08691,37.67862],[127.08495,37.67923],[127.08267,37.67883],[127.08147,37.67778],[127.0811,37.67659],[127.08158,37.67312],[127.07892,37.6701]]},"properties":{"line":"수도권 4호선","from":"별내별가람","to":"당고개","daily_down":17084.7,"daily_up":16021.6,"source":"seoulriders","period":"modelled weekday","geometry_source":"track","daily":33106.3,"km":4.5216}},{"type":"Feature","geometry":{"type":"LineString","coordinates":[[127.19117,37.70523],[127.16654,37.69498],[127.14341,37.68062],[127.11627,37.66782]]},"properties":{"line":"수도권 4호선","from":"오남","to":"별내별가람","daily_down":10651.2,"daily_up":9897.2,"source":"seoulriders","period":"modelled weekday","geometry_source":"track","daily":20548.4,"km":7.8158}},{"type":"Feature","geometry":{"type":"LineString","coordinates":[[127.20325,37.72005],[127.20359,37.71393],[127.20266,37.71152],[127.20142,37.71037],[127.19749,37.70813],[127.19117,37.70523]]},"properties":{"line":"수도권 4호선","from":"진접","to":"오남","daily_down":5464.0,"daily_up":4919.1,"source":"seoulriders","period":"modelled weekday","geometry_source":"track","daily":10383.1,"km":2.1983}},{"type":"Feature","geometry":{"type":"LineString","coordinates":[[126.97842,37.5587],[126.97736,37.55785],[126.97328,37.55629],[126.97266,37.55531],[126.97183,37.5538]]},"properties":{"line":"수도권 4호선","from":"회현","to":"서울역","daily_down":146795.3,"daily_up":146803.1,"source":"seoulriders","period":"modelled weekday","geometry_source":"track","daily":293598.4,"km":0.8373}},{"type":"Feature","geometry":{"type":"LineString","coordinates":[[126.98638,37.5609],[126.98253,37.56052],[126.97842,37.5587]]},"properties":{"line":"수도권 4호선","from":"명동","to":"회현","daily_down":149002.1,"daily_up":147633.4,"source":"seoulriders","period":"modelled weekday","geometry_source":"track","daily":296635.5,"km":0.757}},{"type":"Feature","geometry":{"type":"LineString","coordinates":[[126.99411,37.5612],[126.98638,37.5609]]},"properties":{"line":"수도권 4호선","from":"충무로","to":"명동","daily_down":156512.4,"daily_up":152607.4,"source":"seoulriders","period":"modelled weekday","geometry_source":"straight","daily":309119.8,"km":0.6822}},{"type":"Feature","geometry":{"type":"LineString","coordinates":[[127.00748,37.56481],[127.00654,37.56395],[126.99411,37.5612]]},"properties":{"line":"수도권 4호선","from":"동대문역사문화공원","to":"충무로","daily_down":161484.3,"daily_up":154352.8,"source":"seoulriders","period":"modelled weekday","geometry_source":"track","daily":315837.1,"km":1.264}},{"type":"Feature","geometry":{"type":"LineString","coordinates":[[127.01051,37.57118],[127.00989,37.56944],[127.00957,37.56755],[127.00748,37.56481]]},"properties":{"line":"수도권 4호선","from":"동대문","to":"동대문역사문화공원","daily_down":183597.1,"daily_up":175045.0,"source":"seoulriders","period":"modelled weekday","geometry_source":"track","daily":358642.1,"km":0.7691}},{"type":"Feature","geometry":{"type":"LineString","coordinates":[[127.00195,37.58214],[127.00259,37.57668],[127.00502,37.57563],[127.01051,37.57118]]},"properties":{"line":"수도권 4호선","from":"혜화","to":"동대문","daily_down":183446.4,"daily_up":171693.4,"source":"seoulriders","period":"modelled weekday","geometry_source":"track","daily":355139.8,"km":1.5457}},{"type":"Feature","geometry":{"type":"LineString","coordinates":[[127.00596,37.58851],[127.00298,37.58722],[127.00156,37.58589],[127.00195,37.58214]]},"properties":{"line":"수도권 4호선","from":"한성대입구","to":"혜화","daily_down":162575.2,"daily_up":150756.8,"source":"seoulriders","period":"modelled weekday","geometry_source":"track","daily":313332.0,"km":0.9113}},{"type":"Feature","geometry":{"type":"LineString","coordinates":[[127.01648,37.59267],[127.01378,37.59208],[127.00596,37.58851]]},"properties":{"line":"수도권 4호선","from":"성신여대입구","to":"한성대입구","daily_down":155293.1,"daily_up":144039.4,"source":"seoulriders","period":"modelled weekday","geometry_source":"track","daily":299332.5,"km":1.042}},{"type":"Feature","geometry":{"type":"LineString","coordinates":[[127.02485,37.60316],[127.02101,37.59628],[127.01782,37.59345],[127.01648,37.59267]]},"properties":{"line":"수도권 4호선","from":"길음","to":"성신여대입구","daily_down":145123.0,"daily_up":137156.9,"source":"seoulriders","period":"modelled weekday","geometry_source":"track","daily":282279.9,"km":1.4049}},{"type":"Feature","geometry":{"type":"LineString","coordinates":[[127.03009,37.61319],[127.03014,37.6092],[127.02842,37.60702],[127.02568,37.60458],[127.02485,37.60316]]},"properties":{"line":"수도권 4호선","from":"미아사거리","to":"길음","daily_down":133734.3,"daily_up":125472.9,"source":"seoulriders","period":"modelled weekday","geometry_source":"track","daily":259207.2,"km":1.2667}},{"type":"Feature","geometry":{"type":"LineString","coordinates":[[127.02611,37.62649],[127.02979,37.61718],[127.03009,37.61319]]},"properties":{"line":"수도권 4호선","from":"미아","to":"미아사거리","daily_down":124727.9,"daily_up":116703.5,"source":"seoulriders","period":"modelled weekday","geometry_source":"track","daily":241431.4,"km":1.5292}},{"type":"Feature","geometry":{"type":"LineString","coordinates":[[127.02572,37.63799],[127.02318,37.63525],[127.02359,37.63284],[127.02611,37.62649]]},"properties":{"line":"수도권 4호선","from":"수유","to":"미아","daily_down":118497.0,"daily_up":110807.3,"source":"seoulriders","period":"modelled weekday","geometry_source":"track","daily":229304.3,"km":1.3885}},{"type":"Feature","geometry":{"type":"LineString","coordinates":[[127.03458,37.6484],[127.03198,37.64401],[127.02572,37.63799]]},"properties":{"line":"수도권 4호선","from":"쌍문","to":"수유","daily_down":104822.1,"daily_up":97013.4,"source":"seoulriders","period":"modelled weekday","geometry_source":"track","daily":201835.5,"km":1.4063}},{"type":"Feature","geometry":{"type":"LineString","coordinates":[[127.0477,37.65318],[127.04122,37.65168],[127.03693,37.65123],[127.03605,37.65068],[127.03458,37.6484]]},"properties":{"line":"수도권 4호선","from":"창동","to":"쌍문","daily_down":90593.3,"daily_up":84841.5,"source":"seoulriders","period":"modelled weekday","geometry_source":"track","daily":175434.8,"km":1.3587}},{"type":"Feature","geometry":{"type":"LineString","coordinates":[[127.06199,37.65548],[127.0477,37.65318]]},"properties":{"line":"수도권 4호선","from":"노원","to":"창동","daily_down":61641.2,"daily_up":61312.2,"source":"seoulriders","period":"modelled weekday","geometry_source":"straight","daily":122953.4,"km":1.2837}},{"type":"Feature","geometry":{"type":"LineString","coordinates":[[127.07344,37.66076],[127.07117,37.6587],[127.06865,37.65806],[127.06619,37.65695],[127.06199,37.65548]]},"properties":{"line":"수도권 4호선","from":"상계","to":"노원","daily_down":44382.4,"daily_up":40770.0,"source":"seoulriders","period":"modelled weekday","geometry_source":"track","daily":85152.4,"km":1.1905}},{"type":"Feature","geometry":{"type":"LineString","coordinates":[[127.07892,37.6701],[127.0761,37.6667],[127.07546,37.66267],[127.07344,37.66076]]},"properties":{"line":"수도권 4호선","from":"당고개","to":"상계","daily_down":26586.7,"daily_up":24192.5,"source":"seoulriders","period":"modelled weekday","geometry_source":"track","daily":50779.2,"km":1.1809}},{"type":"Feature","geometry":{"type":"LineString","coordinates":[[126.98167,37.47658],[126.98197,37.474],[126.98349,37.47107],[126.98703,37.46749],[126.9887,37.46466]]},"properties":{"line":"수도권 4호선","from":"사당","to":"남태령","daily_down":121707.1,"daily_up":126563.1,"source":"seoulriders","period":"modelled weekday","geometry_source":"track","daily":248270.2,"km":1.494}},{"type":"Feature","geometry":{"type":"LineString","coordinates":[[126.98224,37.48678],[126.98167,37.47658]]},"properties":{"line":"수도권 4호선","from":"총신대입구","to":"사당","daily_down":129189.9,"daily_up":130292.2,"source":"seoulriders","period":"modelled weekday","geometry_source":"straight","daily":259482.1,"km":1.1353}},{"type":"Feature","geometry":{"type":"LineString","coordinates":[[126.97928,37.50304],[126.98261,37.50048],[126.98331,37.49903],[126.98256,37.49621],[126.98264,37.49013],[126.98224,37.48678]]},"properties":{"line":"수도권 4호선","from":"동작","to":"총신대입구","daily_down":134280.8,"daily_up":133543.3,"source":"seoulriders","period":"modelled weekday","geometry_source":"track","daily":267824.1,"km":1.9525}},{"type":"Feature","geometry":{"type":"LineString","coordinates":[[126.97337,37.52271],[126.98177,37.52006],[126.98277,37.51959],[126.98318,37.51888],[126.98319,37.51581],[126.9803,37.50514],[126.97928,37.50304]]},"properties":{"line":"수도권 4호선","from":"이촌","to":"동작","daily_down":125074.0,"daily_up":120342.7,"source":"seoulriders","period":"modelled weekday","geometry_source":"track","daily":245416.7,"km":2.7918}},{"type":"Feature","geometry":{"type":"LineString","coordinates":[[126.96786,37.52917],[126.96633,37.52729],[126.96681,37.52547],[126.97029,37.52341],[126.97337,37.52271]]},"properties":{"line":"수도권 4호선","from":"신용산","to":"이촌","daily_down":112529.2,"daily_up":107688.7,"source":"seoulriders","period":"modelled weekday","geometry_source":"track","daily":220217.9,"km":1.1211}},{"type":"Feature","geometry":{"type":"LineString","coordinates":[[126.97389,37.53548],[126.96786,37.52917]]},"properties":{"line":"수도권 4호선","from":"삼각지","to":"신용산","daily_down":115055.0,"daily_up":108881.1,"source":"seoulriders","period":"modelled weekday","geometry_source":"straight","daily":223936.1,"km":0.8804}},{"type":"Feature","geometry":{"type":"LineString","coordinates":[[126.97196,37.54513],[126.97425,37.53667],[126.97389,37.53548]]},"properties":{"line":"수도권 4호선","from":"숙대입구","to":"삼각지","daily_down":106278.4,"daily_up":98322.3,"source":"seoulriders","period":"modelled weekday","geometry_source":"track","daily":204600.7,"km":1.0982}},{"type":"Feature","geometry":{"type":"LineString","coordinates":[[126.97183,37.5538],[126.97174,37.5493],[126.97196,37.54513]]},"properties":{"line":"수도권 4호선","from":"서울역","to":"숙대입구","daily_down":108746.3,"daily_up":101375.3,"source":"seoulriders","period":"modelled weekday","geometry_source":"track","daily":210121.6,"km":0.9645}},{"type":"Feature","geometry":{"type":"LineString","coordinates":[[126.9434,37.37231],[126.9451,37.36917],[126.94648,37.36743],[126.94663,37.3664],[126.94621,37.36536],[126.9331,37.35807]]},"properties":{"line":"수도권 4호선","from":"금정","to":"산본","daily_down":66529.4,"daily_up":67992.2,"source":"seoulriders","period":"modelled weekday","geometry_source":"track","daily":134521.6,"km":2.2596}},{"type":"Feature","geometry":{"type":"LineString","coordinates":[[126.95091,37.38991],[126.94787,37.38879],[126.93999,37.38314],[126.93941,37.38221],[126.93922,37.37971],[126.94221,37.37539],[126.9434,37.37231]]},"properties":{"line":"수도권 4호선","from":"범계","to":"금정","daily_down":84121.3,"daily_up":88541.7,"source":"seoulriders","period":"modelled weekday","geometry_source":"track","daily":172663.0,"km":2.5342}},{"type":"Feature","geometry":{"type":"LineString","coordinates":[[126.96388,37.39429],[126.95091,37.38991]]},"properties":{"line":"수도권 4호선","from":"평촌","to":"범계","daily_down":89042.0,"daily_up":93296.3,"source":"seoulriders","period":"modelled weekday","geometry_source":"straight","daily":182338.3,"km":1.245}},{"type":"Feature","geometry":{"type":"LineString","coordinates":[[126.97697,37.40163],[126.97666,37.39988],[126.97475,37.39808],[126.96388,37.39429]]},"properties":{"line":"수도권 4호선","from":"인덕원","to":"평촌","daily_down":93899.0,"daily_up":98698.1,"source":"seoulriders","period":"modelled weekday","geometry_source":"track","daily":192597.1,"km":1.5069}},{"type":"Feature","geometry":{"type":"LineString","coordinates":[[126.98975,37.42647],[126.98463,37.42176],[126.98112,37.41675],[126.98006,37.41418],[126.97697,37.40163]]},"properties":{"line":"수도권 4호선","from":"정부과천청사","to":"인덕원","daily_down":103791.0,"daily_up":107710.4,"source":"seoulriders","period":"modelled weekday","geometry_source":"track","daily":211501.4,"km":3.0521}},{"type":"Feature","geometry":{"type":"LineString","coordinates":[[126.99696,37.43307],[126.99513,37.43221],[126.98975,37.42647]]},"properties":{"line":"수도권 4호선","from":"과천","to":"정부과천청사","daily_down":109039.3,"daily_up":112328.9,"source":"seoulriders","period":"modelled weekday","geometry_source":"track","daily":221368.2,"km":0.9834}},{"type":"Feature","geometry":{"type":"LineString","coordinates":[[127.00661,37.4358],[127.00541,37.43408],[127.00393,37.43331],[126.99696,37.43307]]},"properties":{"line":"수도권 4호선","from":"대공원","to":"과천","daily_down":112327.6,"daily_up":116120.3,"source":"seoulriders","period":"modelled weekday","geometry_source":"track","daily":228447.9,"km":0.9909}},{"type":"Feature","geometry":{"type":"LineString","coordinates":[[127.0079,37.44376],[127.00839,37.43866],[127.00661,37.4358]]},"properties":{"line":"수도권 4호선","from":"경마공원","to":"대공원","daily_down":114438.2,"daily_up":118068.1,"source":"seoulriders","period":"modelled weekday","geometry_source":"track","daily":232506.3,"km":0.9235}},{"type":"Feature","geometry":{"type":"LineString","coordinates":[[127.00211,37.45181],[127.0079,37.44376]]},"properties":{"line":"수도권 4호선","from":"선바위","to":"경마공원","daily_down":115446.3,"daily_up":119061.4,"source":"seoulriders","period":"modelled weekday","geometry_source":"straight","daily":234507.7,"km":1.0308}},{"type":"Feature","geometry":{"type":"LineString","coordinates":[[126.9887,37.46466],[126.99105,37.46061],[126.99323,37.4584],[126.99539,37.4552],[127.00211,37.45181]]},"properties":{"line":"수도권 4호선","from":"남태령","to":"선바위","daily_down":120904.1,"daily_up":125586.7,"source":"seoulriders","period":"modelled weekday","geometry_source":"track","daily":246490.8,"km":1.9144}},{"type":"Feature","geometry":{"type":"LineString","coordinates":[[126.80671,37.32036],[126.80126,37.32282],[126.79468,37.32442],[126.7888,37.32705]]},"properties":{"line":"수도권 4호선","from":"초지","to":"안산","daily_down":19947.1,"daily_up":26937.5,"source":"seoulriders","period":"modelled weekday","geometry_source":"track","daily":46884.6,"km":1.7591}},{"type":"Feature","geometry":{"type":"LineString","coordinates":[[126.8231,37.31685],[126.81357,37.31752],[126.80671,37.32036]]},"properties":{"line":"수도권 4호선","from":"고잔","to":"초지","daily_down":26932.7,"daily_up":32658.8,"source":"seoulriders","period":"modelled weekday","geometry_source":"track","daily":59591.5,"km":1.53}},{"type":"Feature","geometry":{"type":"LineString","coordinates":[[126.83853,37.31603],[126.8231,37.31685]]},"properties":{"line":"수도권 4호선","from":"중앙","to":"고잔","daily_down":30887.9,"daily_up":36127.2,"source":"seoulriders","period":"modelled weekday","geometry_source":"straight","daily":67015.1,"km":1.3676}},{"type":"Feature","geometry":{"type":"LineString","coordinates":[[126.85361,37.30974],[126.84927,37.31403],[126.84723,37.31518],[126.8448,37.31568],[126.83853,37.31603]]},"properties":{"line":"수도권 4호선","from":"한대앞","to":"중앙","daily_down":38084.5,"daily_up":43310.9,"source":"seoulriders","period":"modelled weekday","geometry_source":"track","daily":81395.4,"km":1.6112}},{"type":"Feature","geometry":{"type":"LineString","coordinates":[[126.86678,37.30281],[126.86214,37.30323],[126.86001,37.30389],[126.85842,37.30494],[126.85361,37.30974]]},"properties":{"line":"수도권 4호선","from":"상록수","to":"한대앞","daily_down":47749.3,"daily_up":49454.2,"source":"seoulriders","period":"modelled weekday","geometry_source":"track","daily":97203.5,"km":1.4806}},{"type":"Feature","geometry":{"type":"LineString","coordinates":[[126.90384,37.31242],[126.90026,37.30835],[126.898,37.30705],[126.8837,37.30311],[126.87266,37.30239],[126.86678,37.30281]]},"properties":{"line":"수도권 4호선","from":"반월","to":"상록수","daily_down":51412.4,"daily_up":52836.5,"source":"seoulriders","period":"modelled weekday","geometry_source":"track","daily":104248.9,"km":3.6394}},{"type":"Feature","geometry":{"type":"LineString","coordinates":[[126.91686,37.32793],[126.90384,37.31242]]},"properties":{"line":"수도권 4호선","from":"대야미","to":"반월","daily_down":52215.7,"daily_up":53708.4,"source":"seoulriders","period":"modelled weekday","geometry_source":"straight","daily":105924.1,"km":2.0736}},{"type":"Feature","geometry":{"type":"LineString","coordinates":[[126.91686,37.32793],[126.92196,37.33453],[126.9237,37.34399],[126.92556,37.35042]]},"properties":{"line":"수도권 4호선","from":"대야미","to":"수리산","daily_down":55609.8,"daily_up":53601.9,"source":"seoulriders","period":"modelled weekday","geometry_source":"track","daily":109211.7,"km":2.6581}},{"type":"Feature","geometry":{"type":"LineString","coordinates":[[126.9331,37.35807],[126.92777,37.35502],[126.92649,37.35332],[126.92556,37.35042]]},"properties":{"line":"수도권 4호선","from":"산본","to":"수리산","daily_down":55272.2,"daily_up":58020.1,"source":"seoulriders","period":"modelled weekday","geometry_source":"track","daily":113292.3,"km":1.1336}},{"type":"Feature","geometry":{"type":"LineString","coordinates":[[126.74295,37.35181],[126.73879,37.35324],[126.73695,37.35531],[126.7367,37.35742],[126.73849,37.36192]]},"properties":{"line":"수도권 4호선","from":"정왕","to":"오이도","daily_down":8293.7,"daily_up":14846.3,"source":"seoulriders","period":"modelled weekday","geometry_source":"track","daily":23140.0,"km":1.4429}},{"type":"Feature","geometry":{"type":"LineString","coordinates":[[126.7673,37.33754],[126.76074,37.34116],[126.75665,37.34682],[126.75512,37.34807],[126.74295,37.35181]]},"properties":{"line":"수도권 4호선","from":"신길온천","to":"정왕","daily_down":13116.1,"daily_up":18710.1,"source":"seoulriders","period":"modelled weekday","geometry_source":"track","daily":31826.2,"km":2.779}},{"type":"Feature","geometry":{"type":"LineString","coordinates":[[126.7888,37.32705],[126.77686,37.33244],[126.7673,37.33754]]},"properties":{"line":"수도권 4호선","from":"안산","to":"신길온천","daily_down":13961.3,"daily_up":19532.5,"source":"seoulriders","period":"modelled weekday","geometry_source":"track","daily":33493.8,"km":2.2318}},{"type":"Feature","geometry":{"type":"LineString","coordinates":[[126.91755,37.51708],[126.9243,37.52167]]},"properties":{"line":"수도권 5호선","from":"신길","to":"여의도","daily_down":99390.2,"daily_up":95310.0,"source":"seoulriders","period":"modelled weekday","geometry_source":"straight","daily":194700.2,"km":0.7841}},{"type":"Feature","geometry":{"type":"LineString","coordinates":[[126.90514,37.52269],[126.9085,37.52197],[126.91331,37.51796],[126.91755,37.51708]]},"properties":{"line":"수도권 5호선","from":"영등포시장","to":"신길","daily_down":85563.6,"daily_up":87487.4,"source":"seoulriders","period":"modelled weekday","geometry_source":"track","daily":173051.0,"km":1.3089}},{"type":"Feature","geometry":{"type":"LineString","coordinates":[[126.89634,37.52402],[126.90514,37.52269]]},"properties":{"line":"수도권 5호선","from":"영등포구청","to":"영등포시장","daily_down":86083.6,"daily_up":87642.5,"source":"seoulriders","period":"modelled weekday","geometry_source":"straight","daily":173726.1,"km":0.79}},{"type":"Feature","geometry":{"type":"LineString","coordinates":[[126.88612,37.52563],[126.89634,37.52402]]},"properties":{"line":"수도권 5호선","from":"양평","to":"영등포구청","daily_down":103834.5,"daily_up":101406.1,"source":"seoulriders","period":"modelled weekday","geometry_source":"straight","daily":205240.6,"km":0.9189}},{"type":"Feature","geometry":{"type":"LineString","coordinates":[[126.87512,37.52457],[126.87814,37.52439],[126.88323,37.52603],[126.88612,37.52563]]},"properties":{"line":"수도권 5호선","from":"오목교","to":"양평","daily_down":100388.4,"daily_up":98084.0,"source":"seoulriders","period":"modelled weekday","geometry_source":"track","daily":198472.4,"km":1.0103}},{"type":"Feature","geometry":{"type":"LineString","coordinates":[[126.86452,37.52612],[126.87512,37.52457]]},"properties":{"line":"수도권 5호선","from":"목동","to":"오목교","daily_down":94877.7,"daily_up":91008.1,"source":"seoulriders","period":"modelled weekday","geometry_source":"straight","daily":185885.8,"km":0.9505}},{"type":"Feature","geometry":{"type":"LineString","coordinates":[[126.85597,37.52504],[126.86452,37.52612]]},"properties":{"line":"수도권 5호선","from":"신정","to":"목동","daily_down":85802.9,"daily_up":80429.1,"source":"seoulriders","period":"modelled weekday","geometry_source":"straight","daily":166232.0,"km":0.7635}},{"type":"Feature","geometry":{"type":"LineString","coordinates":[[126.84653,37.53211],[126.85073,37.52514],[126.85258,37.52458],[126.85597,37.52504]]},"properties":{"line":"수도권 5호선","from":"까치산","to":"신정","daily_down":78427.2,"daily_up":75573.5,"source":"seoulriders","period":"modelled weekday","geometry_source":"track","daily":154000.7,"km":1.3369}},{"type":"Feature","geometry":{"type":"LineString","coordinates":[[126.8404,37.54167],[126.84653,37.53211]]},"properties":{"line":"수도권 5호선","from":"화곡","to":"까치산","daily_down":76682.2,"daily_up":71597.5,"source":"seoulriders","period":"modelled weekday","geometry_source":"straight","daily":148279.7,"km":1.1925}},{"type":"Feature","geometry":{"type":"LineString","coordinates":[[126.83632,37.54889],[126.83666,37.54582],[126.8404,37.54167]]},"properties":{"line":"수도권 5호선","from":"우장산","to":"화곡","daily_down":61540.4,"daily_up":58381.7,"source":"seoulriders","period":"modelled weekday","geometry_source":"track","daily":119922.1,"km":0.9098}},{"type":"Feature","geometry":{"type":"LineString","coordinates":[[126.83746,37.5585],[126.83765,37.5566],[126.83639,37.55256],[126.83632,37.54889]]},"properties":{"line":"수도권 5호선","from":"발산","to":"우장산","daily_down":55827.0,"daily_up":52720.2,"source":"seoulriders","period":"modelled weekday","geometry_source":"track","daily":108547.2,"km":1.0828}},{"type":"Feature","geometry":{"type":"LineString","coordinates":[[126.82475,37.56025],[126.82808,37.56009],[126.83397,37.56084],[126.83584,37.56021],[126.83746,37.5585]]},"properties":{"line":"수도권 5호선","from":"마곡","to":"발산","daily_down":45888.6,"daily_up":42100.1,"source":"seoulriders","period":"modelled weekday","geometry_source":"track","daily":87988.7,"km":1.2368}},{"type":"Feature","geometry":{"type":"LineString","coordinates":[[126.81194,37.56128],[126.82475,37.56025]]},"properties":{"line":"수도권 5호선","from":"송정","to":"마곡","daily_down":39451.7,"daily_up":35581.3,"source":"seoulriders","period":"modelled weekday","geometry_source":"straight","daily":75033.0,"km":1.1349}},{"type":"Feature","geometry":{"type":"LineString","coordinates":[[126.80212,37.56194],[126.80277,37.56019],[126.80556,37.55953],[126.80965,37.56128],[126.81194,37.56128]]},"properties":{"line":"수도권 5호선","from":"김포공항","to":"송정","daily_down":36167.8,"daily_up":32668.6,"source":"seoulriders","period":"modelled weekday","geometry_source":"track","daily":68836.4,"km":1.071}},{"type":"Feature","geometry":{"type":"LineString","coordinates":[[126.80826,37.57288],[126.80609,37.57209],[126.80499,37.57122],[126.8014,37.56326],[126.80212,37.56194]]},"properties":{"line":"수도권 5호선","from":"개화산","to":"김포공항","daily_down":13877.4,"daily_up":13337.8,"source":"seoulriders","period":"modelled weekday","geometry_source":"track","daily":27215.2,"km":1.4473}},{"type":"Feature","geometry":{"type":"LineString","coordinates":[[126.81273,37.5774],[126.8112,37.57405],[126.80996,37.57327],[126.80826,37.57288]]},"properties":{"line":"수도권 5호선","from":"방화","to":"개화산","daily_down":7543.4,"daily_up":7297.9,"source":"seoulriders","period":"modelled weekday","geometry_source":"track","daily":14841.3,"km":0.6916}},{"type":"Feature","geometry":{"type":"LineString","coordinates":[[126.95081,37.54365],[126.95332,37.54699],[126.9567,37.55343]]},"properties":{"line":"수도권 5호선","from":"공덕","to":"애오개","daily_down":107006.6,"daily_up":105143.4,"source":"seoulriders","period":"modelled weekday","geometry_source":"track","daily":212150.0,"km":1.2079}},{"type":"Feature","geometry":{"type":"LineString","coordinates":[[126.94599,37.53964],[126.94944,37.54214],[126.95081,37.54365]]},"properties":{"line":"수도권 5호선","from":"마포","to":"공덕","daily_down":106426.3,"daily_up":103203.0,"source":"seoulriders","period":"modelled weekday","geometry_source":"track","daily":209629.3,"km":0.6189}},{"type":"Feature","geometry":{"type":"LineString","coordinates":[[126.93253,37.52685],[126.94352,37.53772],[126.94599,37.53964]]},"properties":{"line":"수도권 5호선","from":"여의나루","to":"마포","daily_down":105177.5,"daily_up":101516.5,"source":"seoulriders","period":"modelled weekday","geometry_source":"track","daily":206694.0,"km":1.8542}},{"type":"Feature","geometry":{"type":"LineString","coordinates":[[126.9243,37.52167],[126.93253,37.52685]]},"properties":{"line":"수도권 5호선","from":"여의도","to":"여의나루","daily_down":101809.1,"daily_up":96151.4,"source":"seoulriders","period":"modelled weekday","geometry_source":"straight","daily":197960.5,"km":0.9266}},{"type":"Feature","geometry":{"type":"LineString","coordinates":[[127.02999,37.55761],[127.03781,37.5615]]},"properties":{"line":"수도권 5호선","from":"행당","to":"왕십리","daily_down":98000.7,"daily_up":93974.1,"source":"seoulriders","period":"modelled weekday","geometry_source":"straight","daily":191974.8,"km":0.8138}},{"type":"Feature","geometry":{"type":"LineString","coordinates":[[127.02025,37.55443],[127.02348,37.55457],[127.02999,37.55761]]},"properties":{"line":"수도권 5호선","from":"신금호","to":"행당","daily_down":97091.9,"daily_up":94010.1,"source":"seoulriders","period":"modelled weekday","geometry_source":"track","daily":191102.0,"km":0.9512}},{"type":"Feature","geometry":{"type":"LineString","coordinates":[[127.01378,37.56023],[127.0163,37.55871],[127.01804,37.55534],[127.02025,37.55443]]},"properties":{"line":"수도권 5호선","from":"청구","to":"신금호","daily_down":97832.9,"daily_up":94267.4,"source":"seoulriders","period":"modelled weekday","geometry_source":"track","daily":192100.3,"km":0.9035}},{"type":"Feature","geometry":{"type":"LineString","coordinates":[[127.00748,37.56481],[127.00918,37.56327],[127.01124,37.56145],[127.01378,37.56023]]},"properties":{"line":"수도권 5호선","from":"동대문역사문화공원","to":"청구","daily_down":94426.0,"daily_up":90763.6,"source":"seoulriders","period":"modelled weekday","geometry_source":"track","daily":185189.6,"km":0.7612}},{"type":"Feature","geometry":{"type":"LineString","coordinates":[[126.99817,37.56664],[126.99883,37.56518],[127.00026,37.56455],[127.00461,37.5648],[127.00748,37.56481]]},"properties":{"line":"수도권 5호선","from":"을지로4가","to":"동대문역사문화공원","daily_down":91246.5,"daily_up":90500.2,"source":"seoulriders","period":"modelled weekday","geometry_source":"track","daily":181746.7,"km":0.954}},{"type":"Feature","geometry":{"type":"LineString","coordinates":[[126.9915,37.57149],[126.99552,37.57158],[126.9974,37.57056],[126.99817,37.56664]]},"properties":{"line":"수도권 5호선","from":"종로3가","to":"을지로4가","daily_down":92718.0,"daily_up":93547.3,"source":"seoulriders","period":"modelled weekday","geometry_source":"track","daily":186265.3,"km":0.9964}},{"type":"Feature","geometry":{"type":"LineString","coordinates":[[126.9769,37.57162],[126.98092,37.57159],[126.9864,37.57256],[126.9915,37.57149]]},"properties":{"line":"수도권 5호선","from":"광화문","to":"종로3가","daily_down":99978.3,"daily_up":102607.7,"source":"seoulriders","period":"modelled weekday","geometry_source":"track","daily":202586.0,"km":1.3141}},{"type":"Feature","geometry":{"type":"LineString","coordinates":[[126.96663,37.5658],[126.96919,37.56834],[126.97342,37.57123],[126.97454,37.57163],[126.9769,37.57162]]},"properties":{"line":"수도권 5호선","from":"서대문","to":"광화문","daily_down":102477.7,"daily_up":102968.3,"source":"seoulriders","period":"modelled weekday","geometry_source":"track","daily":205446.0,"km":1.17}},{"type":"Feature","geometry":{"type":"LineString","coordinates":[[126.96291,37.55937],[126.96663,37.5658]]},"properties":{"line":"수도권 5호선","from":"충정로","to":"서대문","daily_down":103546.5,"daily_up":103808.7,"source":"seoulriders","period":"modelled weekday","geometry_source":"straight","daily":207355.2,"km":0.7866}},{"type":"Feature","geometry":{"type":"LineString","coordinates":[[126.9567,37.55343],[126.958,37.55596],[126.96291,37.55937]]},"properties":{"line":"수도권 5호선","from":"애오개","to":"충정로","daily_down":106802.9,"daily_up":104874.7,"source":"seoulriders","period":"modelled weekday","geometry_source":"track","daily":211677.6,"km":0.8792}},{"type":"Feature","geometry":{"type":"LineString","coordinates":[[127.06457,37.56149],[127.07056,37.56066],[127.07956,37.55725]]},"properties":{"line":"수도권 5호선","from":"장한평","to":"군자","daily_down":92597.6,"daily_up":93921.9,"source":"seoulriders","period":"modelled weekday","geometry_source":"track","daily":186519.5,"km":1.4153}},{"type":"Feature","geometry":{"type":"LineString","coordinates":[[127.0527,37.56681],[127.05888,37.56241],[127.06457,37.56149]]},"properties":{"line":"수도권 5호선","from":"답십리","to":"장한평","daily_down":95208.4,"daily_up":96594.9,"source":"seoulriders","period":"modelled weekday","geometry_source":"track","daily":191803.3,"km":1.244}},{"type":"Feature","geometry":{"type":"LineString","coordinates":[[127.04288,37.5661],[127.04865,37.56932],[127.04978,37.56899],[127.0527,37.56681]]},"properties":{"line":"수도권 5호선","from":"마장","to":"답십리","daily_down":98450.2,"daily_up":101304.1,"source":"seoulriders","period":"modelled weekday","geometry_source":"track","daily":199754.3,"km":1.0816}},{"type":"Feature","geometry":{"type":"LineString","coordinates":[[127.03781,37.5615],[127.04288,37.5661]]},"properties":{"line":"수도권 5호선","from":"왕십리","to":"마장","daily_down":100412.6,"daily_up":103598.0,"source":"seoulriders","period":"modelled weekday","geometry_source":"straight","daily":204010.6,"km":0.6792}},{"type":"Feature","geometry":{"type":"LineString","coordinates":[[127.1234,37.53852],[127.13259,37.5358]]},"properties":{"line":"수도권 5호선","from":"천호","to":"강동","daily_down":105640.0,"daily_up":105266.0,"source":"seoulriders","period":"modelled weekday","geometry_source":"straight","daily":210906.0,"km":0.8649}},{"type":"Feature","geometry":{"type":"LineString","coordinates":[[127.10353,37.5453],[127.10621,37.54451],[127.10803,37.54452],[127.11756,37.54197],[127.12173,37.53925],[127.1234,37.53852]]},"properties":{"line":"수도권 5호선","from":"광나루","to":"천호","daily_down":102177.7,"daily_up":98987.5,"source":"seoulriders","period":"modelled weekday","geometry_source":"track","daily":201165.2,"km":1.9435}},{"type":"Feature","geometry":{"type":"LineString","coordinates":[[127.08979,37.5517],[127.09053,37.55045],[127.09194,37.54938],[127.10353,37.5453]]},"properties":{"line":"수도권 5호선","from":"아차산","to":"광나루","daily_down":104142.3,"daily_up":101959.7,"source":"seoulriders","period":"modelled weekday","geometry_source":"track","daily":206102.0,"km":1.4436}},{"type":"Feature","geometry":{"type":"LineString","coordinates":[[127.07956,37.55725],[127.08864,37.55343],[127.08979,37.5517]]},"properties":{"line":"수도권 5호선","from":"군자","to":"아차산","daily_down":108350.3,"daily_up":106537.5,"source":"seoulriders","period":"modelled weekday","geometry_source":"track","daily":214887.8,"km":1.1236}},{"type":"Feature","geometry":{"type":"LineString","coordinates":[[127.15638,37.55534],[127.16678,37.55678]]},"properties":{"line":"수도권 5호선","from":"고덕","to":"상일동","daily_down":42405.9,"daily_up":44678.2,"source":"seoulriders","period":"modelled weekday","geometry_source":"straight","daily":87084.1,"km":0.9306}},{"type":"Feature","geometry":{"type":"LineString","coordinates":[[127.14409,37.55195],[127.14449,37.55396],[127.14635,37.55542],[127.14831,37.55559],[127.1517,37.55475],[127.15638,37.55534]]},"properties":{"line":"수도권 5호선","from":"명일","to":"고덕","daily_down":48829.2,"daily_up":51286.2,"source":"seoulriders","period":"modelled weekday","geometry_source":"track","daily":100115.4,"km":1.3616}},{"type":"Feature","geometry":{"type":"LineString","coordinates":[[127.14296,37.54564],[127.14409,37.55195]]},"properties":{"line":"수도권 5호선","from":"굽은다리","to":"명일","daily_down":53499.9,"daily_up":55636.5,"source":"seoulriders","period":"modelled weekday","geometry_source":"straight","daily":109136.4,"km":0.7087}},{"type":"Feature","geometry":{"type":"LineString","coordinates":[[127.1402,37.53837],[127.14296,37.54564]]},"properties":{"line":"수도권 5호선","from":"길동","to":"굽은다리","daily_down":58798.1,"daily_up":61285.5,"source":"seoulriders","period":"modelled weekday","geometry_source":"straight","daily":120083.6,"km":0.8442}},{"type":"Feature","geometry":{"type":"LineString","coordinates":[[127.13259,37.5358],[127.1362,37.53474],[127.13793,37.53484],[127.13928,37.53603],[127.1402,37.53837]]},"properties":{"line":"수도권 5호선","from":"강동","to":"길동","daily_down":63332.7,"daily_up":65481.3,"source":"seoulriders","period":"modelled weekday","geometry_source":"track","daily":128814.0,"km":0.9429}},{"type":"Feature","geometry":{"type":"LineString","coordinates":[[127.14377,37.49334],[127.14463,37.49303],[127.14925,37.49288],[127.15272,37.49495]]},"properties":{"line":"수도권 5호선","from":"거여","to":"마천","daily_down":7716.2,"daily_up":8373.5,"source":"seoulriders","period":"modelled weekday","geometry_source":"track","daily":16089.7,"km":0.8743}},{"type":"Feature","geometry":{"type":"LineString","coordinates":[[127.13484,37.49808],[127.14377,37.49334]]},"properties":{"line":"수도권 5호선","from":"개롱","to":"거여","daily_down":18558.6,"daily_up":19414.1,"source":"seoulriders","period":"modelled weekday","geometry_source":"straight","daily":37972.7,"km":0.9479}},{"type":"Feature","geometry":{"type":"LineString","coordinates":[[127.12815,37.50198],[127.13484,37.49808]]},"properties":{"line":"수도권 5호선","from":"오금","to":"개롱","daily_down":25320.1,"daily_up":25913.0,"source":"seoulriders","period":"modelled weekday","geometry_source":"straight","daily":51233.1,"km":0.7324}},{"type":"Feature","geometry":{"type":"LineString","coordinates":[[127.12604,37.50864],[127.12467,37.50642],[127.12447,37.50489],[127.12815,37.50198]]},"properties":{"line":"수도권 5호선","from":"방이","to":"오금","daily_down":34667.0,"daily_up":32403.6,"source":"seoulriders","period":"modelled weekday","geometry_source":"track","daily":67070.6,"km":0.9042}},{"type":"Feature","geometry":{"type":"LineString","coordinates":[[127.13093,37.51615],[127.12604,37.50864]]},"properties":{"line":"수도권 5호선","from":"올림픽공원","to":"방이","daily_down":38270.6,"daily_up":35672.8,"source":"seoulriders","period":"modelled weekday","geometry_source":"straight","daily":73943.4,"km":0.9399}},{"type":"Feature","geometry":{"type":"LineString","coordinates":[[127.13624,37.5278],[127.13324,37.51976],[127.13093,37.51615]]},"properties":{"line":"수도권 5호선","from":"둔촌동","to":"올림픽공원","daily_down":40586.4,"daily_up":38380.1,"source":"seoulriders","period":"modelled weekday","geometry_source":"track","daily":78966.5,"km":1.3825}},{"type":"Feature","geometry":{"type":"LineString","coordinates":[[127.13259,37.5358],[127.13637,37.53447],[127.13789,37.53292],[127.13789,37.53192],[127.13624,37.5278]]},"properties":{"line":"수도권 5호선","from":"강동","to":"둔촌동","daily_down":43891.2,"daily_up":40565.1,"source":"seoulriders","period":"modelled weekday","geometry_source":"track","daily":84456.3,"km":1.1748}},{"type":"Feature","geometry":{"type":"LineString","coordinates":[[127.2067,37.54177],[127.21241,37.5391],[127.214,37.53928],[127.21747,37.54068],[127.22353,37.5397]]},"properties":{"line":"수도권 5호선","from":"하남시청","to":"하남검단산","daily_down":6405.7,"daily_up":6794.2,"source":"seoulriders","period":"modelled weekday","geometry_source":"track","daily":13199.9,"km":1.6147}},{"type":"Feature","geometry":{"type":"LineString","coordinates":[[127.20363,37.55196],[127.2013,37.54907],[127.20133,37.54656],[127.20281,37.54398],[127.2067,37.54177]]},"properties":{"line":"수도권 5호선","from":"하남풍산","to":"하남시청","daily_down":14113.4,"daily_up":14801.6,"source":"seoulriders","period":"modelled weekday","geometry_source":"track","daily":28915.0,"km":1.3976}},{"type":"Feature","geometry":{"type":"LineString","coordinates":[[127.19282,37.56305],[127.19544,37.56373],[127.19842,37.56352],[127.2056,37.55675],[127.20607,37.55522],[127.20363,37.55196]]},"properties":{"line":"수도권 5호선","from":"미사","to":"하남풍산","daily_down":17174.5,"daily_up":18189.7,"source":"seoulriders","period":"modelled weekday","geometry_source":"track","daily":35364.2,"km":2.0868}},{"type":"Feature","geometry":{"type":"LineString","coordinates":[[127.17576,37.55748],[127.18713,37.56006],[127.18979,37.56219],[127.19282,37.56305]]},"properties":{"line":"수도권 5호선","from":"강일","to":"미사","daily_down":28429.7,"daily_up":29161.9,"source":"seoulriders","period":"modelled weekday","geometry_source":"track","daily":57591.6,"km":1.6594}},{"type":"Feature","geometry":{"type":"LineString","coordinates":[[127.16678,37.55678],[127.17576,37.55748]]},"properties":{"line":"수도권 5호선","from":"상일동","to":"강일","daily_down":32329.2,"daily_up":33511.2,"source":"seoulriders","period":"modelled weekday","geometry_source":"straight","daily":65840.4,"km":0.7954}},{"type":"Feature","geometry":{"type":"LineString","coordinates":[[126.81273,37.5774],[126.81095,37.57382],[126.80657,37.5724],[126.80133,37.56326],[126.8019,37.56083],[126.80336,37.55987],[126.81055,37.56137],[126.83295,37.56088],[126.83557,37.56036],[126.83768,37.55757],[126.83637,37.54641],[126.8404,37.54167]]},"properties":{"line":"수도권 5호선","from":"방화","to":"화곡","daily_down":7.8,"daily_up":0,"source":"seoulriders","period":"modelled weekday","geometry_source":"track","daily":7.8,"km":7.5156}},{"type":"Feature","geometry":{"type":"LineString","coordinates":[[127.16678,37.55678],[127.17427,37.5572],[127.18713,37.56006],[127.19058,37.56253],[127.19544,37.56373],[127.19718,37.56378],[127.19871,37.56332],[127.2058,37.55651],[127.20587,37.55478],[127.20363,37.55196]]},"properties":{"line":"수도권 5호선","from":"상일동","to":"하남풍산","daily_down":353.8,"daily_up":0,"source":"seoulriders","period":"modelled weekday","geometry_source":"track","daily":353.8,"km":4.5402}},{"type":"Feature","geometry":{"type":"LineString","coordinates":[[127.1234,37.53852],[127.13536,37.53489],[127.13723,37.53392],[127.13797,37.53218],[127.13624,37.5278]]},"properties":{"line":"수도권 5호선","from":"천호","to":"둔촌동","daily_down":0,"daily_up":83.6,"source":"seoulriders","period":"modelled weekday","geometry_source":"track","daily":83.6,"km":2.0407}},{"type":"Feature","geometry":{"type":"LineString","coordinates":[[127.13259,37.5358],[127.13678,37.53467],[127.13817,37.53495],[127.13908,37.53573],[127.14315,37.54638],[127.14431,37.55353],[127.14553,37.55506],[127.14757,37.55563],[127.15188,37.55475],[127.16678,37.55678]]},"properties":{"line":"수도권 5호선","from":"강동","to":"상일동","daily_down":0,"daily_up":429.8,"source":"seoulriders","period":"modelled weekday","geometry_source":"track","daily":429.8,"km":4.7908}},{"type":"Feature","geometry":{"type":"LineString","coordinates":[[127.16678,37.55678],[127.14787,37.55554],[127.14637,37.55535],[127.14515,37.55467],[127.14427,37.55321],[127.14321,37.54637],[127.13944,37.5362],[127.13795,37.53479],[127.13536,37.53489],[127.13723,37.53392],[127.13798,37.53266],[127.13624,37.5278]]},"properties":{"line":"수도권 5호선","from":"상일동","to":"둔촌동","daily_down":0,"daily_up":1055.5,"source":"seoulriders","period":"modelled weekday","geometry_source":"track","daily":1055.5,"km":5.4098}},{"type":"Feature","geometry":{"type":"LineString","coordinates":[[127.13624,37.5278],[127.1332,37.51957],[127.12467,37.50642],[127.12447,37.50489],[127.12581,37.50358],[127.13084,37.50024],[127.14432,37.49309],[127.14925,37.49288],[127.15272,37.49495]]},"properties":{"line":"수도권 5호선","from":"둔촌동","to":"마천","daily_down":0,"daily_up":81.3,"source":"seoulriders","period":"modelled weekday","geometry_source":"track","daily":81.3,"km":5.7844}},{"type":"Feature","geometry":{"type":"LineString","coordinates":[[127.19282,37.56305],[127.19842,37.56352],[127.2058,37.55651],[127.20587,37.55478],[127.20172,37.5498],[127.20114,37.54816],[127.20163,37.54568],[127.20352,37.54342],[127.21241,37.53917],[127.21398,37.53935],[127.21749,37.54078],[127.22353,37.5397]]},"properties":{"line":"수도권 5호선","from":"미사","to":"하남검단산","daily_down":49.9,"daily_up":47.5,"source":"seoulriders","period":"modelled weekday","geometry_source":"track","daily":97.4,"km":5.0868}},{"type":"Feature","geometry":{"type":"LineString","coordinates":[[126.93196,37.54747],[126.93551,37.54747],[126.93978,37.54865],[126.94235,37.5477]]},"properties":{"line":"수도권 6호선","from":"광흥창","to":"대흥","daily_down":52222.0,"daily_up":51543.3,"source":"seoulriders","period":"modelled weekday","geometry_source":"track","daily":103765.3,"km":0.9616}},{"type":"Feature","geometry":{"type":"LineString","coordinates":[[126.92289,37.54776],[126.93196,37.54747]]},"properties":{"line":"수도권 6호선","from":"상수","to":"광흥창","daily_down":52033.7,"daily_up":51686.6,"source":"seoulriders","period":"modelled weekday","geometry_source":"straight","daily":103720.3,"km":0.8003}},{"type":"Feature","geometry":{"type":"LineString","coordinates":[[126.91366,37.54936],[126.91835,37.54795],[126.92289,37.54776]]},"properties":{"line":"수도권 6호선","from":"합정","to":"상수","daily_down":50453.8,"daily_up":48747.6,"source":"seoulriders","period":"modelled weekday","geometry_source":"track","daily":99201.4,"km":0.843}},{"type":"Feature","geometry":{"type":"LineString","coordinates":[[126.91013,37.55602],[126.91167,37.55422],[126.91366,37.54936]]},"properties":{"line":"수도권 6호선","from":"망원","to":"합정","daily_down":67184.9,"daily_up":64784.9,"source":"seoulriders","period":"modelled weekday","geometry_source":"track","daily":131969.8,"km":0.81}},{"type":"Feature","geometry":{"type":"LineString","coordinates":[[126.90336,37.56356],[126.91013,37.55602]]},"properties":{"line":"수도권 6호선","from":"마포구청","to":"망원","daily_down":61732.7,"daily_up":58349.2,"source":"seoulriders","period":"modelled weekday","geometry_source":"straight","daily":120081.9,"km":1.0291}},{"type":"Feature","geometry":{"type":"LineString","coordinates":[[126.89932,37.57019],[126.89969,37.56682],[126.90336,37.56356]]},"properties":{"line":"수도권 6호선","from":"월드컵경기장","to":"마포구청","daily_down":55921.6,"daily_up":54069.3,"source":"seoulriders","period":"modelled weekday","geometry_source":"track","daily":109990.9,"km":0.862}},{"type":"Feature","geometry":{"type":"LineString","coordinates":[[126.89987,37.57709],[126.89974,37.57376],[126.89932,37.57019]]},"properties":{"line":"수도권 6호선","from":"디지털미디어시티","to":"월드컵경기장","daily_down":56928.1,"daily_up":54869.9,"source":"seoulriders","period":"modelled weekday","geometry_source":"track","daily":111798.0,"km":0.7691}},{"type":"Feature","geometry":{"type":"LineString","coordinates":[[126.90991,37.58414],[126.89987,37.57709]]},"properties":{"line":"수도권 6호선","from":"증산","to":"디지털미디어시티","daily_down":66856.1,"daily_up":57365.0,"source":"seoulriders","period":"modelled weekday","geometry_source":"straight","daily":124221.1,"km":1.1821}},{"type":"Feature","geometry":{"type":"LineString","coordinates":[[126.91379,37.59165],[126.9124,37.58673],[126.90991,37.58414]]},"properties":{"line":"수도권 6호선","from":"새절","to":"증산","daily_down":60864.3,"daily_up":51262.8,"source":"seoulriders","period":"modelled weekday","geometry_source":"track","daily":112127.1,"km":0.9227}},{"type":"Feature","geometry":{"type":"LineString","coordinates":[[126.91553,37.59843],[126.91379,37.59165]]},"properties":{"line":"수도권 6호선","from":"응암","to":"새절","daily_down":52902.7,"daily_up":44278.8,"source":"seoulriders","period":"modelled weekday","geometry_source":"straight","daily":97181.5,"km":0.7693}},{"type":"Feature","geometry":{"type":"LineString","coordinates":[[126.94235,37.5477],[126.95081,37.54365]]},"properties":{"line":"수도권 6호선","from":"대흥","to":"공덕","daily_down":55154.5,"daily_up":54937.0,"source":"seoulriders","period":"modelled weekday","geometry_source":"straight","daily":110091.5,"km":0.8713}},{"type":"Feature","geometry":{"type":"LineString","coordinates":[[126.99437,37.5345],[126.99768,37.53469],[126.99902,37.53545],[127.00147,37.53801],[127.00175,37.5398]]},"properties":{"line":"수도권 6호선","from":"이태원","to":"한강진","daily_down":58631.4,"daily_up":57131.0,"source":"seoulriders","period":"modelled weekday","geometry_source":"track","daily":115762.4,"km":0.9958}},{"type":"Feature","geometry":{"type":"LineString","coordinates":[[126.98658,37.53492],[126.98821,37.53414],[126.99437,37.5345]]},"properties":{"line":"수도권 6호선","from":"녹사평","to":"이태원","daily_down":59332.5,"daily_up":57359.9,"source":"seoulriders","period":"modelled weekday","geometry_source":"track","daily":116692.4,"km":0.7125}},{"type":"Feature","geometry":{"type":"LineString","coordinates":[[126.97389,37.53548],[126.97591,37.53464],[126.98658,37.53492]]},"properties":{"line":"수도권 6호선","from":"삼각지","to":"녹사평","daily_down":60432.4,"daily_up":58523.6,"source":"seoulriders","period":"modelled weekday","geometry_source":"track","daily":118956.0,"km":1.1425}},{"type":"Feature","geometry":{"type":"LineString","coordinates":[[126.96133,37.53934],[126.97389,37.53548]]},"properties":{"line":"수도권 6호선","from":"효창공원앞","to":"삼각지","daily_down":67964.2,"daily_up":67881.8,"source":"seoulriders","period":"modelled weekday","geometry_source":"straight","daily":135846.0,"km":1.1877}},{"type":"Feature","geometry":{"type":"LineString","coordinates":[[126.95081,37.54365],[126.96133,37.53934]]},"properties":{"line":"수도권 6호선","from":"공덕","to":"효창공원앞","daily_down":65877.8,"daily_up":64564.6,"source":"seoulriders","period":"modelled weekday","geometry_source":"straight","daily":130442.4,"km":1.044}},{"type":"Feature","geometry":{"type":"LineString","coordinates":[[127.01944,37.58515],[127.02367,37.58644],[127.02928,37.58627]]},"properties":{"line":"수도권 6호선","from":"보문","to":"안암","daily_down":72753.7,"daily_up":78707.9,"source":"seoulriders","period":"modelled weekday","geometry_source":"track","daily":151461.6,"km":0.8941}},{"type":"Feature","geometry":{"type":"LineString","coordinates":[[127.01525,37.5798],[127.01581,37.58319],[127.018,37.58478],[127.01944,37.58515]]},"properties":{"line":"수도권 6호선","from":"창신","to":"보문","daily_down":80059.6,"daily_up":86516.6,"source":"seoulriders","period":"modelled weekday","geometry_source":"track","daily":166576.2,"km":0.7753}},{"type":"Feature","geometry":{"type":"LineString","coordinates":[[127.01655,37.57292],[127.01525,37.5798]]},"properties":{"line":"수도권 6호선","from":"동묘앞","to":"창신","daily_down":81629.7,"daily_up":88653.9,"source":"seoulriders","period":"modelled weekday","geometry_source":"straight","daily":170283.6,"km":0.7736}},{"type":"Feature","geometry":{"type":"LineString","coordinates":[[127.01625,37.56538],[127.01655,37.57292]]},"properties":{"line":"수도권 6호선","from":"신당","to":"동묘앞","daily_down":81375.0,"daily_up":88347.8,"source":"seoulriders","period":"modelled weekday","geometry_source":"straight","daily":169722.8,"km":0.8388}},{"type":"Feature","geometry":{"type":"LineString","coordinates":[[127.01378,37.56023],[127.01601,37.5641],[127.01625,37.56538]]},"properties":{"line":"수도권 6호선","from":"청구","to":"신당","daily_down":72268.2,"daily_up":74777.8,"source":"seoulriders","period":"modelled weekday","geometry_source":"track","daily":147046.0,"km":0.617}},{"type":"Feature","geometry":{"type":"LineString","coordinates":[[127.01062,37.55475],[127.01378,37.56023]]},"properties":{"line":"수도권 6호선","from":"약수","to":"청구","daily_down":70024.4,"daily_up":72897.6,"source":"seoulriders","period":"modelled weekday","geometry_source":"straight","daily":142922.0,"km":0.67}},{"type":"Feature","geometry":{"type":"LineString","coordinates":[[127.00659,37.54823],[127.01062,37.55475]]},"properties":{"line":"수도권 6호선","from":"버티고개","to":"약수","daily_down":58549.5,"daily_up":58521.0,"source":"seoulriders","period":"modelled weekday","geometry_source":"straight","daily":117070.5,"km":0.8074}},{"type":"Feature","geometry":{"type":"LineString","coordinates":[[127.00175,37.5398],[127.00242,37.54532],[127.00403,37.54691],[127.00659,37.54823]]},"properties":{"line":"수도권 6호선","from":"한강진","to":"버티고개","daily_down":58225.4,"daily_up":58229.7,"source":"seoulriders","period":"modelled weekday","geometry_source":"track","daily":116455.1,"km":1.1126}},{"type":"Feature","geometry":{"type":"LineString","coordinates":[[127.04145,37.60192],[127.04409,37.60403],[127.04827,37.60624]]},"properties":{"line":"수도권 6호선","from":"월곡","to":"상월곡","daily_down":53115.5,"daily_up":58477.3,"source":"seoulriders","period":"modelled weekday","geometry_source":"track","daily":111592.8,"km":0.7731}},{"type":"Feature","geometry":{"type":"LineString","coordinates":[[127.03601,37.59038],[127.03631,37.59239],[127.04145,37.60192]]},"properties":{"line":"수도권 6호선","from":"고려대","to":"월곡","daily_down":57998.2,"daily_up":63816.4,"source":"seoulriders","period":"modelled weekday","geometry_source":"track","daily":121814.6,"km":1.3775}},{"type":"Feature","geometry":{"type":"LineString","coordinates":[[127.02928,37.58627],[127.03289,37.5865],[127.03569,37.58929],[127.03601,37.59038]]},"properties":{"line":"수도권 6호선","from":"안암","to":"고려대","daily_down":63084.1,"daily_up":69174.2,"source":"seoulriders","period":"modelled weekday","geometry_source":"track","daily":132258.3,"km":0.8399}},{"type":"Feature","geometry":{"type":"LineString","coordinates":[[127.08371,37.61978],[127.08546,37.61984],[127.0911,37.61742]]},"properties":{"line":"수도권 6호선","from":"화랑대","to":"봉화산","daily_down":13061.7,"daily_up":13855.4,"source":"seoulriders","period":"modelled weekday","geometry_source":"track","daily":26917.1,"km":0.7192}},{"type":"Feature","geometry":{"type":"LineString","coordinates":[[127.07567,37.61769],[127.08036,37.61917],[127.08371,37.61978]]},"properties":{"line":"수도권 6호선","from":"태릉입구","to":"화랑대","daily_down":23247.6,"daily_up":27423.2,"source":"seoulriders","period":"modelled weekday","geometry_source":"track","daily":50670.8,"km":0.7474}},{"type":"Feature","geometry":{"type":"LineString","coordinates":[[127.06584,37.61481],[127.07012,37.61587],[127.07567,37.61769]]},"properties":{"line":"수도권 6호선","from":"석계","to":"태릉입구","daily_down":44176.7,"daily_up":50266.0,"source":"seoulriders","period":"modelled weekday","geometry_source":"track","daily":94442.7,"km":0.9241}},{"type":"Feature","geometry":{"type":"LineString","coordinates":[[127.05649,37.61057],[127.06264,37.61389],[127.06584,37.61481]]},"properties":{"line":"수도권 6호선","from":"돌곶이","to":"석계","daily_down":48268.0,"daily_up":52406.1,"source":"seoulriders","period":"modelled weekday","geometry_source":"track","daily":100674.1,"km":0.9554}},{"type":"Feature","geometry":{"type":"LineString","coordinates":[[127.04827,37.60624],[127.05649,37.61057]]},"properties":{"line":"수도권 6호선","from":"상월곡","to":"돌곶이","daily_down":50830.5,"daily_up":55817.0,"source":"seoulriders","period":"modelled weekday","geometry_source":"straight","daily":106647.5,"km":0.8696}},{"type":"Feature","geometry":{"type":"LineString","coordinates":[[127.0911,37.61742],[127.10324,37.61265]]},"properties":{"line":"수도권 6호선","from":"봉화산","to":"신내","daily_down":3957.5,"daily_up":4069.9,"source":"seoulriders","period":"modelled weekday","geometry_source":"straight","daily":8027.4,"km":1.1936}},{"type":"Feature","geometry":{"type":"LineString","coordinates":[[126.91553,37.59843],[126.91628,37.59941],[126.91893,37.60026],[126.92023,37.60107],[126.92276,37.60607]]},"properties":{"line":"수도권 6호선","from":"응암","to":"역촌","daily_down":37379.4,"daily_up":0,"source":"seoulriders","period":"modelled weekday","geometry_source":"track","daily":37379.4,"km":1.124}},{"type":"Feature","geometry":{"type":"LineString","coordinates":[[126.92276,37.60607],[126.92369,37.60733],[126.9257,37.60828],[126.92963,37.61088]]},"properties":{"line":"수도권 6호선","from":"역촌","to":"불광","daily_down":36489.2,"daily_up":0,"source":"seoulriders","period":"modelled weekday","geometry_source":"track","daily":36489.2,"km":0.8195}},{"type":"Feature","geometry":{"type":"LineString","coordinates":[[126.92963,37.61088],[126.93128,37.61193],[126.93269,37.61493],[126.93302,37.61834]]},"properties":{"line":"수도권 6호선","from":"불광","to":"독바위","daily_down":27301.1,"daily_up":0,"source":"seoulriders","period":"modelled weekday","geometry_source":"track","daily":27301.1,"km":0.9227}},{"type":"Feature","geometry":{"type":"LineString","coordinates":[[126.93302,37.61834],[126.93144,37.62066],[126.93039,37.62129],[126.92901,37.62153],[126.92523,37.62086],[126.92079,37.61893]]},"properties":{"line":"수도권 6호선","from":"독바위","to":"연신내","daily_down":27114.4,"daily_up":0,"source":"seoulriders","period":"modelled weekday","geometry_source":"track","daily":27114.4,"km":1.3208}},{"type":"Feature","geometry":{"type":"LineString","coordinates":[[126.92079,37.61893],[126.91797,37.61507],[126.91722,37.61125]]},"properties":{"line":"수도권 6호선","from":"연신내","to":"구산","daily_down":43729.6,"daily_up":0,"source":"seoulriders","period":"modelled weekday","geometry_source":"track","daily":43729.6,"km":0.9258}},{"type":"Feature","geometry":{"type":"LineString","coordinates":[[126.91553,37.59843],[126.91615,37.60075],[126.9154,37.60778],[126.91722,37.61125]]},"properties":{"line":"수도권 6호선","from":"응암","to":"구산","daily_down":0,"daily_up":45892.9,"source":"seoulriders","period":"modelled weekday","geometry_source":"track","daily":45892.9,"km":1.466}},{"type":"Feature","geometry":{"type":"LineString","coordinates":[[127.07304,37.62564],[127.07567,37.61769]]},"properties":{"line":"수도권 7호선","from":"공릉","to":"태릉입구","daily_down":95556.1,"daily_up":87347.8,"source":"seoulriders","period":"modelled weekday","geometry_source":"straight","daily":182903.9,"km":0.9138}},{"type":"Feature","geometry":{"type":"LineString","coordinates":[[127.06825,37.63602],[127.07304,37.62564]]},"properties":{"line":"수도권 7호선","from":"하계","to":"공릉","daily_down":90027.2,"daily_up":81969.6,"source":"seoulriders","period":"modelled weekday","geometry_source":"straight","daily":171996.8,"km":1.2289}},{"type":"Feature","geometry":{"type":"LineString","coordinates":[[127.06387,37.64554],[127.06825,37.63602]]},"properties":{"line":"수도권 7호선","from":"중계","to":"하계","daily_down":81087.1,"daily_up":74054.5,"source":"seoulriders","period":"modelled weekday","geometry_source":"straight","daily":155141.6,"km":1.1266}},{"type":"Feature","geometry":{"type":"LineString","coordinates":[[127.06199,37.65548],[127.06213,37.64913],[127.06387,37.64554]]},"properties":{"line":"수도권 7호선","from":"노원","to":"중계","daily_down":71429.5,"daily_up":65527.3,"source":"seoulriders","period":"modelled weekday","geometry_source":"track","daily":136956.8,"km":1.1338}},{"type":"Feature","geometry":{"type":"LineString","coordinates":[[127.05772,37.66504],[127.06199,37.65548]]},"properties":{"line":"수도권 7호선","from":"마들","to":"노원","daily_down":56106.4,"daily_up":49306.1,"source":"seoulriders","period":"modelled weekday","geometry_source":"straight","daily":105412.5,"km":1.1275}},{"type":"Feature","geometry":{"type":"LineString","coordinates":[[127.05534,37.6778],[127.05542,37.6736],[127.05772,37.66504]]},"properties":{"line":"수도권 7호선","from":"수락산","to":"마들","daily_down":44878.2,"daily_up":38938.2,"source":"seoulriders","period":"modelled weekday","geometry_source":"track","daily":83816.4,"km":1.4402}},{"type":"Feature","geometry":{"type":"LineString","coordinates":[[127.04632,37.68951],[127.04755,37.68787],[127.05503,37.68239],[127.05535,37.6818],[127.05534,37.6778]]},"properties":{"line":"수도권 7호선","from":"도봉산","to":"수락산","daily_down":34305.1,"daily_up":28449.5,"source":"seoulriders","period":"modelled weekday","geometry_source":"track","daily":62754.6,"km":1.6252}},{"type":"Feature","geometry":{"type":"LineString","coordinates":[[127.05291,37.69997],[127.0497,37.6956],[127.04643,37.69346],[127.04612,37.69239],[127.04632,37.68951]]},"properties":{"line":"수도권 7호선","from":"장암","to":"도봉산","daily_down":2848.5,"daily_up":1142.0,"source":"seoulriders","period":"modelled weekday","geometry_source":"track","daily":3990.5,"km":1.3782}},{"type":"Feature","geometry":{"type":"LineString","coordinates":[[127.07439,37.5476],[127.07086,37.54044]]},"properties":{"line":"수도권 7호선","from":"어린이대공원","to":"건대입구","daily_down":129203.9,"daily_up":123292.8,"source":"seoulriders","period":"modelled weekday","geometry_source":"straight","daily":252496.7,"km":0.8548}},{"type":"Feature","geometry":{"type":"LineString","coordinates":[[127.07956,37.55725],[127.07439,37.5476]]},"properties":{"line":"수도권 7호선","from":"군자","to":"어린이대공원","daily_down":126295.4,"daily_up":119624.4,"source":"seoulriders","period":"modelled weekday","geometry_source":"straight","daily":245919.8,"km":1.1658}},{"type":"Feature","geometry":{"type":"LineString","coordinates":[[127.08451,37.5663],[127.07956,37.55725]]},"properties":{"line":"수도권 7호선","from":"중곡","to":"군자","daily_down":133053.7,"daily_up":125030.9,"source":"seoulriders","period":"modelled weekday","geometry_source":"straight","daily":258084.6,"km":1.0968}},{"type":"Feature","geometry":{"type":"LineString","coordinates":[[127.08658,37.57399],[127.08609,37.56923],[127.08451,37.5663]]},"properties":{"line":"수도권 7호선","from":"용마산","to":"중곡","daily_down":127388.6,"daily_up":120058.6,"source":"seoulriders","period":"modelled weekday","geometry_source":"track","daily":247447.2,"km":0.8854}},{"type":"Feature","geometry":{"type":"LineString","coordinates":[[127.08841,37.5807],[127.08658,37.57399]]},"properties":{"line":"수도권 7호선","from":"사가정","to":"용마산","daily_down":124454.3,"daily_up":117195.0,"source":"seoulriders","period":"modelled weekday","geometry_source":"straight","daily":241649.3,"km":0.7633}},{"type":"Feature","geometry":{"type":"LineString","coordinates":[[127.0876,37.5884],[127.08892,37.58345],[127.08841,37.5807]]},"properties":{"line":"수도권 7호선","from":"면목","to":"사가정","daily_down":119409.2,"daily_up":111909.4,"source":"seoulriders","period":"modelled weekday","geometry_source":"track","daily":231318.6,"km":0.8716}},{"type":"Feature","geometry":{"type":"LineString","coordinates":[[127.08563,37.59672],[127.0876,37.5884]]},"properties":{"line":"수도권 7호선","from":"상봉","to":"면목","daily_down":113124.6,"daily_up":105919.0,"source":"seoulriders","period":"modelled weekday","geometry_source":"straight","daily":219043.6,"km":0.9413}},{"type":"Feature","geometry":{"type":"LineString","coordinates":[[127.07952,37.60163],[127.08007,37.60054],[127.08404,37.59819],[127.08563,37.59672]]},"properties":{"line":"수도권 7호선","from":"중화","to":"상봉","daily_down":99348.6,"daily_up":93391.5,"source":"seoulriders","period":"modelled weekday","geometry_source":"track","daily":192740.1,"km":0.7824}},{"type":"Feature","geometry":{"type":"LineString","coordinates":[[127.07765,37.61144],[127.07952,37.60163]]},"properties":{"line":"수도권 7호선","from":"먹골","to":"중화","daily_down":95495.7,"daily_up":89633.6,"source":"seoulriders","period":"modelled weekday","geometry_source":"straight","daily":185129.3,"km":1.1032}},{"type":"Feature","geometry":{"type":"LineString","coordinates":[[127.07567,37.61769],[127.07765,37.61144]]},"properties":{"line":"수도권 7호선","from":"태릉입구","to":"먹골","daily_down":92139.0,"daily_up":86333.8,"source":"seoulriders","period":"modelled weekday","geometry_source":"straight","daily":178472.8,"km":0.7165}},{"type":"Feature","geometry":{"type":"LineString","coordinates":[[127.07086,37.54044],[127.06212,37.52221],[127.06113,37.52146],[127.05689,37.52001],[127.05168,37.51909]]},"properties":{"line":"수도권 7호선","from":"건대입구","to":"청담","daily_down":114634.4,"daily_up":104733.3,"source":"seoulriders","period":"modelled weekday","geometry_source":"track","daily":219367.7,"km":3.1673}},{"type":"Feature","geometry":{"type":"LineString","coordinates":[[127.00492,37.50504],[127.00364,37.50296],[127.0027,37.50176],[127.0018,37.49546],[126.99878,37.49026],[126.99756,37.48909],[126.99355,37.48765]]},"properties":{"line":"수도권 7호선","from":"고속터미널","to":"내방","daily_down":118525.0,"daily_up":122104.7,"source":"seoulriders","period":"modelled weekday","geometry_source":"track","daily":240629.7,"km":2.3133}},{"type":"Feature","geometry":{"type":"LineString","coordinates":[[127.01163,37.50818],[127.00972,37.50749],[127.00775,37.505],[127.00492,37.50504]]},"properties":{"line":"수도권 7호선","from":"반포","to":"고속터미널","daily_down":106027.1,"daily_up":105486.6,"source":"seoulriders","period":"modelled weekday","geometry_source":"track","daily":211513.7,"km":0.7617}},{"type":"Feature","geometry":{"type":"LineString","coordinates":[[127.02136,37.51098],[127.01163,37.50818]]},"properties":{"line":"수도권 7호선","from":"논현","to":"반포","daily_down":106772.9,"daily_up":106441.0,"source":"seoulriders","period":"modelled weekday","geometry_source":"straight","daily":213213.9,"km":0.913}},{"type":"Feature","geometry":{"type":"LineString","coordinates":[[127.03075,37.51396],[127.02136,37.51098]]},"properties":{"line":"수도권 7호선","from":"학동","to":"논현","daily_down":116969.7,"daily_up":115314.6,"source":"seoulriders","period":"modelled weekday","geometry_source":"straight","daily":232284.3,"km":0.892}},{"type":"Feature","geometry":{"type":"LineString","coordinates":[[127.04135,37.51699],[127.03075,37.51396]]},"properties":{"line":"수도권 7호선","from":"강남구청","to":"학동","daily_down":118059.5,"daily_up":115049.9,"source":"seoulriders","period":"modelled weekday","geometry_source":"straight","daily":233109.4,"km":0.9938}},{"type":"Feature","geometry":{"type":"LineString","coordinates":[[127.05168,37.51909],[127.04135,37.51699]]},"properties":{"line":"수도권 7호선","from":"청담","to":"강남구청","daily_down":112531.8,"daily_up":104905.3,"source":"seoulriders","period":"modelled weekday","geometry_source":"straight","daily":217437.1,"km":0.9405}},{"type":"Feature","geometry":{"type":"LineString","coordinates":[[126.92042,37.5001],[126.90887,37.50017]]},"properties":{"line":"수도권 7호선","from":"보라매","to":"신풍","daily_down":97544.5,"daily_up":95805.4,"source":"seoulriders","period":"modelled weekday","geometry_source":"straight","daily":193349.9,"km":1.0189}},{"type":"Feature","geometry":{"type":"LineString","coordinates":[[126.92822,37.49971],[126.92042,37.5001]]},"properties":{"line":"수도권 7호선","from":"신대방삼거리","to":"보라매","daily_down":94994.2,"daily_up":96819.2,"source":"seoulriders","period":"modelled weekday","geometry_source":"straight","daily":191813.4,"km":0.6895}},{"type":"Feature","geometry":{"type":"LineString","coordinates":[[126.93928,37.50502],[126.93114,37.50003],[126.92822,37.49971]]},"properties":{"line":"수도권 7호선","from":"장승배기","to":"신대방삼거리","daily_down":95001.4,"daily_up":97508.2,"source":"seoulriders","period":"modelled weekday","geometry_source":"track","daily":192509.6,"km":1.1675}},{"type":"Feature","geometry":{"type":"LineString","coordinates":[[126.94767,37.50322],[126.94639,37.50472],[126.94508,37.50514],[126.93928,37.50502]]},"properties":{"line":"수도권 7호선","from":"상도","to":"장승배기","daily_down":95913.3,"daily_up":98610.9,"source":"seoulriders","period":"modelled weekday","geometry_source":"track","daily":194524.2,"km":0.8379}},{"type":"Feature","geometry":{"type":"LineString","coordinates":[[126.95413,37.49569],[126.94767,37.50322]]},"properties":{"line":"수도권 7호선","from":"숭실대입구","to":"상도","daily_down":98580.3,"daily_up":101427.2,"source":"seoulriders","period":"modelled weekday","geometry_source":"straight","daily":200007.5,"km":1.0128}},{"type":"Feature","geometry":{"type":"LineString","coordinates":[[126.97189,37.48436],[126.96976,37.48522],[126.965,37.48881],[126.95687,37.49268],[126.95413,37.49569]]},"properties":{"line":"수도권 7호선","from":"남성","to":"숭실대입구","daily_down":104794.7,"daily_up":107529.4,"source":"seoulriders","period":"modelled weekday","geometry_source":"track","daily":212324.1,"km":2.0396}},{"type":"Feature","geometry":{"type":"LineString","coordinates":[[126.98211,37.48545],[126.97524,37.48323],[126.97369,37.48336],[126.97189,37.48436]]},"properties":{"line":"수도권 7호선","from":"이수","to":"남성","daily_down":108578.3,"daily_up":111994.5,"source":"seoulriders","period":"modelled weekday","geometry_source":"track","daily":220572.8,"km":0.9859}},{"type":"Feature","geometry":{"type":"LineString","coordinates":[[126.99355,37.48765],[126.98862,37.48619],[126.98211,37.48545]]},"properties":{"line":"수도권 7호선","from":"내방","to":"이수","daily_down":113308.6,"daily_up":117113.1,"source":"seoulriders","period":"modelled weekday","geometry_source":"track","daily":230421.7,"km":1.0446}},{"type":"Feature","geometry":{"type":"LineString","coordinates":[[126.83892,37.48637],[126.8378,37.48785],[126.8344,37.48942],[126.82353,37.4923]]},"properties":{"line":"수도권 7호선","from":"천왕","to":"온수","daily_down":90510.9,"daily_up":94825.0,"source":"seoulriders","period":"modelled weekday","geometry_source":"track","daily":185335.9,"km":1.5501}},{"type":"Feature","geometry":{"type":"LineString","coordinates":[[126.85446,37.47942],[126.84249,37.48286],[126.84035,37.48426],[126.83892,37.48637]]},"properties":{"line":"수도권 7호선","from":"광명사거리","to":"천왕","daily_down":98040.6,"daily_up":102918.0,"source":"seoulriders","period":"modelled weekday","geometry_source":"track","daily":200958.6,"km":1.6345}},{"type":"Feature","geometry":{"type":"LineString","coordinates":[[126.8676,37.476],[126.86599,37.47568],[126.8619,37.47729],[126.85446,37.47942]]},"properties":{"line":"수도권 7호선","from":"철산","to":"광명사거리","daily_down":107295.9,"daily_up":112413.2,"source":"seoulriders","period":"modelled weekday","geometry_source":"track","daily":219709.1,"km":1.2473}},{"type":"Feature","geometry":{"type":"LineString","coordinates":[[126.88288,37.48045],[126.8676,37.476]]},"properties":{"line":"수도권 7호선","from":"가산디지털단지","to":"철산","daily_down":116594.3,"daily_up":121153.0,"source":"seoulriders","period":"modelled weekday","geometry_source":"straight","daily":237747.3,"km":1.4363}},{"type":"Feature","geometry":{"type":"LineString","coordinates":[[126.88666,37.48536],[126.88535,37.48129],[126.88288,37.48045]]},"properties":{"line":"수도권 7호선","from":"남구로","to":"가산디지털단지","daily_down":125038.5,"daily_up":125794.1,"source":"seoulriders","period":"modelled weekday","geometry_source":"track","daily":250832.6,"km":0.7042}},{"type":"Feature","geometry":{"type":"LineString","coordinates":[[126.89493,37.49344],[126.88913,37.48803],[126.88666,37.48536]]},"properties":{"line":"수도권 7호선","from":"대림","to":"남구로","daily_down":126082.1,"daily_up":125956.0,"source":"seoulriders","period":"modelled weekday","geometry_source":"track","daily":252038.1,"km":1.1581}},{"type":"Feature","geometry":{"type":"LineString","coordinates":[[126.90887,37.50017],[126.90573,37.50015],[126.90372,37.49731],[126.89493,37.49344]]},"properties":{"line":"수도권 7호선","from":"신풍","to":"대림","daily_down":98796.8,"daily_up":96362.9,"source":"seoulriders","period":"modelled weekday","geometry_source":"track","daily":195159.7,"km":1.5261}},{"type":"Feature","geometry":{"type":"LineString","coordinates":[[126.70369,37.5087],[126.69469,37.50933],[126.69305,37.5091],[126.68872,37.50724],[126.68361,37.50592],[126.67543,37.50679]]},"properties":{"line":"수도권 7호선","from":"산곡","to":"석남","daily_down":22596.8,"daily_up":25755.7,"source":"seoulriders","period":"modelled weekday","geometry_source":"track","daily":48352.5,"km":2.5802}},{"type":"Feature","geometry":{"type":"LineString","coordinates":[[126.72083,37.50785],[126.70369,37.5087]]},"properties":{"line":"수도권 7호선","from":"부평구청","to":"산곡","daily_down":28921.6,"daily_up":32821.9,"source":"seoulriders","period":"modelled weekday","geometry_source":"straight","daily":61743.5,"km":1.5148}},{"type":"Feature","geometry":{"type":"LineString","coordinates":[[126.73134,37.50702],[126.72083,37.50785]]},"properties":{"line":"수도권 7호선","from":"굴포천","to":"부평구청","daily_down":48394.3,"daily_up":50994.2,"source":"seoulriders","period":"modelled weekday","geometry_source":"straight","daily":99388.5,"km":0.9316}},{"type":"Feature","geometry":{"type":"LineString","coordinates":[[126.74235,37.5065],[126.73134,37.50702]]},"properties":{"line":"수도권 7호선","from":"삼산체육관","to":"굴포천","daily_down":51816.4,"daily_up":53908.1,"source":"seoulriders","period":"modelled weekday","geometry_source":"straight","daily":105724.5,"km":0.9729}},{"type":"Feature","geometry":{"type":"LineString","coordinates":[[126.75317,37.50584],[126.74235,37.5065]]},"properties":{"line":"수도권 7호선","from":"상동","to":"삼산체육관","daily_down":54688.1,"daily_up":57378.5,"source":"seoulriders","period":"modelled weekday","geometry_source":"straight","daily":112066.6,"km":0.9572}},{"type":"Feature","geometry":{"type":"LineString","coordinates":[[126.76472,37.50458],[126.75317,37.50584]]},"properties":{"line":"수도권 7호선","from":"부천시청","to":"상동","daily_down":60755.9,"daily_up":62684.4,"source":"seoulriders","period":"modelled weekday","geometry_source":"straight","daily":123440.3,"km":1.0284}},{"type":"Feature","geometry":{"type":"LineString","coordinates":[[126.77623,37.50304],[126.76472,37.50458]]},"properties":{"line":"수도권 7호선","from":"신중동","to":"부천시청","daily_down":67349.0,"daily_up":69190.7,"source":"seoulriders","period":"modelled weekday","geometry_source":"straight","daily":136539.7,"km":1.0297}},{"type":"Feature","geometry":{"type":"LineString","coordinates":[[126.7872,37.50373],[126.78055,37.50254],[126.77623,37.50304]]},"properties":{"line":"수도권 7호선","from":"춘의","to":"신중동","daily_down":75493.6,"daily_up":77159.1,"source":"seoulriders","period":"modelled weekday","geometry_source":"track","daily":152652.7,"km":0.9865}},{"type":"Feature","geometry":{"type":"LineString","coordinates":[[126.79729,37.50546],[126.7872,37.50373]]},"properties":{"line":"수도권 7호선","from":"부천종합운동장","to":"춘의","daily_down":81217.9,"daily_up":83020.9,"source":"seoulriders","period":"modelled weekday","geometry_source":"straight","daily":164238.8,"km":0.9106}},{"type":"Feature","geometry":{"type":"LineString","coordinates":[[126.81138,37.50624],[126.80437,37.5068],[126.79729,37.50546]]},"properties":{"line":"수도권 7호선","from":"까치울","to":"부천종합운동장","daily_down":78576.3,"daily_up":80553.6,"source":"seoulriders","period":"modelled weekday","geometry_source":"track","daily":159129.9,"km":1.2635}},{"type":"Feature","geometry":{"type":"LineString","coordinates":[[126.82353,37.4923],[126.81915,37.49357],[126.81699,37.49531],[126.81602,37.49764],[126.81614,37.50417],[126.81434,37.50576],[126.81138,37.50624]]},"properties":{"line":"수도권 7호선","from":"온수","to":"까치울","daily_down":81526.8,"daily_up":83789.0,"source":"seoulriders","period":"modelled weekday","geometry_source":"track","daily":165315.8,"km":2.1862}},{"type":"Feature","geometry":{"type":"LineString","coordinates":[[127.11267,37.51753],[127.10297,37.51413],[127.10014,37.51322]]},"properties":{"line":"수도권 8호선","from":"몽촌토성","to":"잠실","daily_down":54786.9,"daily_up":52532.0,"source":"seoulriders","period":"modelled weekday","geometry_source":"track","daily":107318.9,"km":1.2047}},{"type":"Feature","geometry":{"type":"LineString","coordinates":[[127.12062,37.53069],[127.11855,37.52695],[127.11584,37.5232],[127.11388,37.51876],[127.11267,37.51753]]},"properties":{"line":"수도권 8호선","from":"강동구청","to":"몽촌토성","daily_down":52405.7,"daily_up":50077.5,"source":"seoulriders","period":"modelled weekday","geometry_source":"track","daily":102483.2,"km":1.6313}},{"type":"Feature","geometry":{"type":"LineString","coordinates":[[127.1234,37.53852],[127.12062,37.53069]]},"properties":{"line":"수도권 8호선","from":"천호","to":"강동구청","daily_down":47903.0,"daily_up":45143.8,"source":"seoulriders","period":"modelled weekday","geometry_source":"straight","daily":93046.8,"km":0.9045}},{"type":"Feature","geometry":{"type":"LineString","coordinates":[[127.12754,37.55011],[127.1234,37.53852]]},"properties":{"line":"수도권 8호선","from":"암사","to":"천호","daily_down":20486.4,"daily_up":18131.4,"source":"seoulriders","period":"modelled weekday","geometry_source":"straight","daily":38617.8,"km":1.3394}},{"type":"Feature","geometry":{"type":"LineString","coordinates":[[127.11218,37.49972],[127.11864,37.49253]]},"properties":{"line":"수도권 8호선","from":"송파","to":"가락시장","daily_down":76280.0,"daily_up":79200.7,"source":"seoulriders","period":"modelled weekday","geometry_source":"straight","daily":155480.7,"km":0.9818}},{"type":"Feature","geometry":{"type":"LineString","coordinates":[[127.10711,37.50529],[127.11218,37.49972]]},"properties":{"line":"수도권 8호선","from":"석촌","to":"송파","daily_down":78768.6,"daily_up":81835.1,"source":"seoulriders","period":"modelled weekday","geometry_source":"straight","daily":160603.7,"km":0.764}},{"type":"Feature","geometry":{"type":"LineString","coordinates":[[127.10014,37.51322],[127.10153,37.5112],[127.10238,37.50995],[127.10711,37.50529]]},"properties":{"line":"수도권 8호선","from":"잠실","to":"석촌","daily_down":69250.8,"daily_up":75033.3,"source":"seoulriders","period":"modelled weekday","geometry_source":"track","daily":144284.1,"km":1.0791}},{"type":"Feature","geometry":{"type":"LineString","coordinates":[[127.14069,37.43744],[127.13577,37.43496],[127.12912,37.43298]]},"properties":{"line":"수도권 8호선","from":"수진","to":"모란","daily_down":13380.7,"daily_up":16889.7,"source":"seoulriders","period":"modelled weekday","geometry_source":"track","daily":30270.4,"km":1.1416}},{"type":"Feature","geometry":{"type":"LineString","coordinates":[[127.14766,37.441],[127.14069,37.43744]]},"properties":{"line":"수도권 8호선","from":"신흥","to":"수진","daily_down":14251.0,"daily_up":18137.5,"source":"seoulriders","period":"modelled weekday","geometry_source":"straight","daily":32388.5,"km":0.7317}},{"type":"Feature","geometry":{"type":"LineString","coordinates":[[127.15678,37.44508],[127.15226,37.44262],[127.14766,37.441]]},"properties":{"line":"수도권 8호선","from":"단대오거리","to":"신흥","daily_down":16255.2,"daily_up":19813.6,"source":"seoulriders","period":"modelled weekday","geometry_source":"track","daily":36068.8,"km":0.9281}},{"type":"Feature","geometry":{"type":"LineString","coordinates":[[127.15981,37.45155],[127.15678,37.44508]]},"properties":{"line":"수도권 8호선","from":"남한산성입구","to":"단대오거리","daily_down":21505.5,"daily_up":25521.4,"source":"seoulriders","period":"modelled weekday","geometry_source":"straight","daily":47026.9,"km":0.7675}},{"type":"Feature","geometry":{"type":"LineString","coordinates":[[127.14993,37.45687],[127.15612,37.4563],[127.1585,37.45565],[127.1606,37.45384],[127.15981,37.45155]]},"properties":{"line":"수도권 8호선","from":"산성","to":"남한산성입구","daily_down":27308.6,"daily_up":32535.4,"source":"seoulriders","period":"modelled weekday","geometry_source":"track","daily":59844.0,"km":1.3098}},{"type":"Feature","geometry":{"type":"LineString","coordinates":[[127.14993,37.45687],[127.14851,37.45736],[127.13922,37.46277]]},"properties":{"line":"수도권 8호선","from":"산성","to":"남위례","daily_down":36235.2,"daily_up":31100.9,"source":"seoulriders","period":"modelled weekday","geometry_source":"track","daily":67336.1,"km":1.1536}},{"type":"Feature","geometry":{"type":"LineString","coordinates":[[127.12671,37.47058],[127.12652,37.46845],[127.12692,37.46767],[127.13922,37.46277]]},"properties":{"line":"수도권 8호선","from":"복정","to":"남위례","daily_down":35131.7,"daily_up":40116.3,"source":"seoulriders","period":"modelled weekday","geometry_source":"track","daily":75248.0,"km":1.5457}},{"type":"Feature","geometry":{"type":"LineString","coordinates":[[127.12607,37.47889],[127.12705,37.47636],[127.12671,37.47058]]},"properties":{"line":"수도권 8호선","from":"장지","to":"복정","daily_down":50569.8,"daily_up":53411.8,"source":"seoulriders","period":"modelled weekday","geometry_source":"track","daily":103981.6,"km":0.9377}},{"type":"Feature","geometry":{"type":"LineString","coordinates":[[127.12252,37.48584],[127.12607,37.47889]]},"properties":{"line":"수도권 8호선","from":"문정","to":"장지","daily_down":57886.1,"daily_up":62211.7,"source":"seoulriders","period":"modelled weekday","geometry_source":"straight","daily":120097.8,"km":0.8339}},{"type":"Feature","geometry":{"type":"LineString","coordinates":[[127.11864,37.49253],[127.12252,37.48584]]},"properties":{"line":"수도권 8호선","from":"가락시장","to":"문정","daily_down":72360.1,"daily_up":75521.3,"source":"seoulriders","period":"modelled weekday","geometry_source":"straight","daily":147881.4,"km":0.8189}},{"type":"Feature","geometry":{"type":"LineString","coordinates":[[126.79766,37.57854],[126.79192,37.57697],[126.78518,37.57602],[126.78367,37.57486],[126.78363,37.57326],[126.7951,37.56323],[126.79873,37.56213],[126.80212,37.56194]]},"properties":{"line":"수도권 9호선","from":"개화","to":"김포공항","daily_down":3169.8,"daily_up":2073.8,"source":"seoulriders","period":"modelled weekday","geometry_source":"track","daily":5243.6,"km":3.649}},{"type":"Feature","geometry":{"type":"LineString","coordinates":[[126.80212,37.56194],[126.80781,37.56182],[126.8106,37.56366]]},"properties":{"line":"수도권 9호선","from":"김포공항","to":"공항시장","daily_down":42998.6,"daily_up":30063.4,"source":"seoulriders","period":"modelled weekday","geometry_source":"track","daily":73062.0,"km":0.8216}},{"type":"Feature","geometry":{"type":"LineString","coordinates":[[126.8106,37.56366],[126.81373,37.56701],[126.81473,37.56745],[126.81659,37.5675]]},"properties":{"line":"수도권 9호선","from":"공항시장","to":"신방화","daily_down":43499.2,"daily_up":30833.3,"source":"seoulriders","period":"modelled weekday","geometry_source":"track","daily":74332.5,"km":0.7284}},{"type":"Feature","geometry":{"type":"LineString","coordinates":[[126.81659,37.5675],[126.82792,37.56622]]},"properties":{"line":"수도권 9호선","from":"신방화","to":"마곡나루","daily_down":46760.1,"daily_up":34012.5,"source":"seoulriders","period":"modelled weekday","geometry_source":"straight","daily":80772.6,"km":1.0087}},{"type":"Feature","geometry":{"type":"LineString","coordinates":[[126.82792,37.56622],[126.83323,37.56653],[126.8364,37.5685],[126.83807,37.56905],[126.84002,37.56896],[126.8413,37.56845]]},"properties":{"line":"수도권 9호선","from":"마곡나루","to":"양천향교","daily_down":59692.3,"daily_up":58212.2,"source":"seoulriders","period":"modelled weekday","geometry_source":"track","daily":117904.5,"km":1.2821}},{"type":"Feature","geometry":{"type":"LineString","coordinates":[[126.8413,37.56845],[126.8551,37.56114]]},"properties":{"line":"수도권 9호선","from":"양천향교","to":"가양","daily_down":60811.9,"daily_up":59571.8,"source":"seoulriders","period":"modelled weekday","geometry_source":"straight","daily":120383.7,"km":1.4629}},{"type":"Feature","geometry":{"type":"LineString","coordinates":[[126.8551,37.56114],[126.86182,37.55751]]},"properties":{"line":"수도권 9호선","from":"가양","to":"증미","daily_down":72584.1,"daily_up":70917.6,"source":"seoulriders","period":"modelled weekday","geometry_source":"straight","daily":143501.7,"km":0.7168}},{"type":"Feature","geometry":{"type":"LineString","coordinates":[[126.86182,37.55751],[126.86304,37.55657],[126.86382,37.55193],[126.86457,37.55115]]},"properties":{"line":"수도권 9호선","from":"증미","to":"등촌","daily_down":74617.8,"daily_up":72641.6,"source":"seoulriders","period":"modelled weekday","geometry_source":"track","daily":147259.4,"km":0.7795}},{"type":"Feature","geometry":{"type":"LineString","coordinates":[[126.86457,37.55115],[126.8711,37.54755],[126.8731,37.54702],[126.8754,37.54703]]},"properties":{"line":"수도권 9호선","from":"등촌","to":"염창","daily_down":78941.1,"daily_up":76461.5,"source":"seoulriders","period":"modelled weekday","geometry_source":"track","daily":155402.6,"km":1.0899}},{"type":"Feature","geometry":{"type":"LineString","coordinates":[[126.8754,37.54703],[126.8798,37.54699],[126.88166,37.54609],[126.88318,37.54421]]},"properties":{"line":"수도권 9호선","from":"염창","to":"신목동","daily_down":91001.4,"daily_up":87937.6,"source":"seoulriders","period":"modelled weekday","geometry_source":"track","daily":178939.0,"km":0.8284}},{"type":"Feature","geometry":{"type":"LineString","coordinates":[[126.88318,37.54421],[126.88418,37.54266],[126.88513,37.542],[126.89398,37.53786]]},"properties":{"line":"수도권 9호선","from":"신목동","to":"선유도","daily_down":92771.7,"daily_up":89127.6,"source":"seoulriders","period":"modelled weekday","geometry_source":"track","daily":181899.3,"km":1.2109}},{"type":"Feature","geometry":{"type":"LineString","coordinates":[[126.89398,37.53786],[126.90248,37.5346]]},"properties":{"line":"수도권 9호선","from":"선유도","to":"당산","daily_down":99015.4,"daily_up":94841.1,"source":"seoulriders","period":"modelled weekday","geometry_source":"straight","daily":193856.5,"km":0.8325}},{"type":"Feature","geometry":{"type":"LineString","coordinates":[[126.90248,37.5346],[126.90531,37.53231],[126.91504,37.53031],[126.9164,37.52965],[126.91796,37.52802]]},"properties":{"line":"수도권 9호선","from":"당산","to":"국회의사당","daily_down":99686.1,"daily_up":99906.8,"source":"seoulriders","period":"modelled weekday","geometry_source":"track","daily":199592.9,"km":1.611}},{"type":"Feature","geometry":{"type":"LineString","coordinates":[[126.91796,37.52802],[126.9243,37.52167]]},"properties":{"line":"수도권 9호선","from":"국회의사당","to":"여의도","daily_down":100379.8,"daily_up":101370.8,"source":"seoulriders","period":"modelled weekday","geometry_source":"straight","daily":201750.6,"km":0.9006}},{"type":"Feature","geometry":{"type":"LineString","coordinates":[[126.9243,37.52167],[126.92885,37.51736]]},"properties":{"line":"수도권 9호선","from":"여의도","to":"샛강","daily_down":110516.5,"daily_up":113613.4,"source":"seoulriders","period":"modelled weekday","geometry_source":"straight","daily":224129.9,"km":0.6251}},{"type":"Feature","geometry":{"type":"LineString","coordinates":[[126.92885,37.51736],[126.93115,37.51511],[126.93432,37.5138],[126.93634,37.51341],[126.94181,37.51393]]},"properties":{"line":"수도권 9호선","from":"샛강","to":"노량진","daily_down":107043.5,"daily_up":111682.9,"source":"seoulriders","period":"modelled weekday","geometry_source":"track","daily":218726.4,"km":1.3066}},{"type":"Feature","geometry":{"type":"LineString","coordinates":[[126.94181,37.51393],[126.94499,37.51379],[126.95002,37.51275],[126.95355,37.51297]]},"properties":{"line":"수도권 9호선","from":"노량진","to":"노들","daily_down":139780.4,"daily_up":140202.9,"source":"seoulriders","period":"modelled weekday","geometry_source":"track","daily":279983.3,"km":1.0517}},{"type":"Feature","geometry":{"type":"LineString","coordinates":[[126.95355,37.51297],[126.9564,37.51307],[126.96068,37.51163],[126.96395,37.50838]]},"properties":{"line":"수도권 9호선","from":"노들","to":"흑석","daily_down":139448.9,"daily_up":138935.4,"source":"seoulriders","period":"modelled weekday","geometry_source":"track","daily":278384.3,"km":1.1241}},{"type":"Feature","geometry":{"type":"LineString","coordinates":[[126.96395,37.50838],[126.96899,37.50602],[126.97298,37.50541],[126.97928,37.50304]]},"properties":{"line":"수도권 9호선","from":"흑석","to":"동작","daily_down":139742.9,"daily_up":139501.0,"source":"seoulriders","period":"modelled weekday","geometry_source":"track","daily":279243.9,"km":1.4897}},{"type":"Feature","geometry":{"type":"LineString","coordinates":[[126.97928,37.50304],[126.98315,37.50084],[126.98678,37.50129]]},"properties":{"line":"수도권 9호선","from":"동작","to":"구반포","daily_down":154324.1,"daily_up":150020.1,"source":"seoulriders","period":"modelled weekday","geometry_source":"track","daily":304344.2,"km":0.7441}},{"type":"Feature","geometry":{"type":"LineString","coordinates":[[126.98678,37.50129],[126.99642,37.5036]]},"properties":{"line":"수도권 9호선","from":"구반포","to":"신반포","daily_down":154316.6,"daily_up":150042.7,"source":"seoulriders","period":"modelled weekday","geometry_source":"straight","daily":304359.3,"km":0.8883}},{"type":"Feature","geometry":{"type":"LineString","coordinates":[[126.99642,37.5036],[127.00492,37.50504]]},"properties":{"line":"수도권 9호선","from":"신반포","to":"고속터미널","daily_down":154774.1,"daily_up":150391.3,"source":"seoulriders","period":"modelled weekday","geometry_source":"straight","daily":305165.4,"km":0.7667}},{"type":"Feature","geometry":{"type":"LineString","coordinates":[[127.00492,37.50504],[127.0071,37.50679],[127.00873,37.50666],[127.01514,37.50429]]},"properties":{"line":"수도권 9호선","from":"고속터미널","to":"사평","daily_down":122640.3,"daily_up":115293.1,"source":"seoulriders","period":"modelled weekday","geometry_source":"track","daily":237933.4,"km":1.0419}},{"type":"Feature","geometry":{"type":"LineString","coordinates":[[127.01514,37.50429],[127.01722,37.50327],[127.01899,37.50305],[127.02453,37.50432]]},"properties":{"line":"수도권 9호선","from":"사평","to":"신논현","daily_down":122614.9,"daily_up":115118.7,"source":"seoulriders","period":"modelled weekday","geometry_source":"track","daily":237733.6,"km":0.8824}},{"type":"Feature","geometry":{"type":"LineString","coordinates":[[127.02453,37.50432],[127.03387,37.50732]]},"properties":{"line":"수도권 9호선","from":"신논현","to":"언주","daily_down":98143.4,"daily_up":87236.8,"source":"seoulriders","period":"modelled weekday","geometry_source":"straight","daily":185380.2,"km":0.8889}},{"type":"Feature","geometry":{"type":"LineString","coordinates":[[127.03387,37.50732],[127.04378,37.51049]]},"properties":{"line":"수도권 9호선","from":"언주","to":"선정릉","daily_down":97434.8,"daily_up":86721.0,"source":"seoulriders","period":"modelled weekday","geometry_source":"straight","daily":184155.8,"km":0.9425}},{"type":"Feature","geometry":{"type":"LineString","coordinates":[[127.04378,37.51049],[127.05348,37.51309]]},"properties":{"line":"수도권 9호선","from":"선정릉","to":"삼성중앙","daily_down":75096.2,"daily_up":69191.7,"source":"seoulriders","period":"modelled weekday","geometry_source":"straight","daily":144287.9,"km":0.9031}},{"type":"Feature","geometry":{"type":"LineString","coordinates":[[127.05348,37.51309],[127.06024,37.51419]]},"properties":{"line":"수도권 9호선","from":"삼성중앙","to":"봉은사","daily_down":72124.0,"daily_up":66602.5,"source":"seoulriders","period":"modelled weekday","geometry_source":"straight","daily":138726.5,"km":0.6087}},{"type":"Feature","geometry":{"type":"LineString","coordinates":[[127.06024,37.51419],[127.06859,37.51546],[127.07621,37.51141]]},"properties":{"line":"수도권 9호선","from":"봉은사","to":"종합운동장","daily_down":57923.6,"daily_up":53138.5,"source":"seoulriders","period":"modelled weekday","geometry_source":"track","daily":111062.1,"km":1.5589}},{"type":"Feature","geometry":{"type":"LineString","coordinates":[[127.07621,37.51141],[127.07874,37.50976],[127.07988,37.5066],[127.08721,37.50453]]},"properties":{"line":"수도권 9호선","from":"종합운동장","to":"삼전","daily_down":55023.0,"daily_up":54160.0,"source":"seoulriders","period":"modelled weekday","geometry_source":"track","daily":109183.0,"km":1.3407}},{"type":"Feature","geometry":{"type":"LineString","coordinates":[[127.08721,37.50453],[127.09355,37.50278],[127.09661,37.50244]]},"properties":{"line":"수도권 9호선","from":"삼전","to":"석촌고분","daily_down":51989.7,"daily_up":50692.5,"source":"seoulriders","period":"modelled weekday","geometry_source":"track","daily":102682.2,"km":0.8647}},{"type":"Feature","geometry":{"type":"LineString","coordinates":[[127.09661,37.50244],[127.10054,37.5029],[127.10711,37.50529]]},"properties":{"line":"수도권 9호선","from":"석촌고분","to":"석촌","daily_down":50328.4,"daily_up":48906.0,"source":"seoulriders","period":"modelled weekday","geometry_source":"track","daily":99234.4,"km":0.988}},{"type":"Feature","geometry":{"type":"LineString","coordinates":[[127.10711,37.50529],[127.11034,37.50765],[127.1128,37.51125]]},"properties":{"line":"수도권 9호선","from":"석촌","to":"송파나루","daily_down":31965.1,"daily_up":33637.4,"source":"seoulriders","period":"modelled weekday","geometry_source":"track","daily":65602.5,"km":0.8427}},{"type":"Feature","geometry":{"type":"LineString","coordinates":[[127.1128,37.51125],[127.11621,37.51667]]},"properties":{"line":"수도권 9호선","from":"송파나루","to":"한성백제","daily_down":28289.3,"daily_up":30296.1,"source":"seoulriders","period":"modelled weekday","geometry_source":"straight","daily":58585.4,"km":0.6736}},{"type":"Feature","geometry":{"type":"LineString","coordinates":[[127.11621,37.51667],[127.11765,37.51743],[127.1201,37.51749],[127.12166,37.51684],[127.12419,37.5147],[127.12618,37.51419],[127.12842,37.51439],[127.13093,37.51615]]},"properties":{"line":"수도권 9호선","from":"한성백제","to":"올림픽공원","daily_down":28158.0,"daily_up":29860.6,"source":"seoulriders","period":"modelled weekday","geometry_source":"track","daily":58018.6,"km":1.5291}},{"type":"Feature","geometry":{"type":"LineString","coordinates":[[127.13093,37.51615],[127.13289,37.51999],[127.13407,37.52081],[127.1356,37.52088],[127.13842,37.51984]]},"properties":{"line":"수도권 9호선","from":"올림픽공원","to":"둔촌오륜","daily_down":12924.0,"daily_up":14616.0,"source":"seoulriders","period":"modelled weekday","geometry_source":"track","daily":27540.0,"km":1.0084}},{"type":"Feature","geometry":{"type":"LineString","coordinates":[[127.13842,37.51984],[127.14172,37.51864],[127.14301,37.51871],[127.14419,37.51927],[127.14513,37.52051],[127.14826,37.52828]]},"properties":{"line":"수도권 9호선","from":"둔촌오륜","to":"중앙보훈병원","daily_down":12195.3,"daily_up":13827.6,"source":"seoulriders","period":"modelled weekday","geometry_source":"track","daily":26022.9,"km":1.6234}},{"type":"Feature","geometry":{"type":"LineString","coordinates":[[126.66901,37.64403],[126.67199,37.64727],[126.67452,37.64899],[126.68061,37.65284],[126.68394,37.65381]]},"properties":{"line":"수도권 김포골드라인","from":"장기","to":"운양","daily_down":18741.6,"daily_up":17289.8,"source":"seoulriders","period":"modelled weekday","geometry_source":"track","daily":36031.4,"km":1.7377}},{"type":"Feature","geometry":{"type":"LineString","coordinates":[[126.68394,37.65381],[126.68732,37.65326],[126.69577,37.64911],[126.70223,37.63466],[126.70565,37.63171]]},"properties":{"line":"수도권 김포골드라인","from":"운양","to":"걸포북변","daily_down":11672.4,"daily_up":21319.2,"source":"seoulriders","period":"modelled weekday","geometry_source":"track","daily":32991.6,"km":3.329}},{"type":"Feature","geometry":{"type":"LineString","coordinates":[[126.70565,37.63171],[126.71097,37.62808],[126.71515,37.62238],[126.71976,37.6202]]},"properties":{"line":"수도권 김포골드라인","from":"걸포북변","to":"사우","daily_down":15912.2,"daily_up":25240.4,"source":"seoulriders","period":"modelled weekday","geometry_source":"track","daily":41152.6,"km":1.8242}},{"type":"Feature","geometry":{"type":"LineString","coordinates":[[126.71976,37.6202],[126.73246,37.61237]]},"properties":{"line":"수도권 김포골드라인","from":"사우","to":"풍무","daily_down":33577.8,"daily_up":31062.3,"source":"seoulriders","period":"modelled weekday","geometry_source":"straight","daily":64640.1,"km":1.4175}},{"type":"Feature","geometry":{"type":"LineString","coordinates":[[126.73246,37.61237],[126.74702,37.60637],[126.76647,37.6034],[126.76901,37.60243],[126.77021,37.60126]]},"properties":{"line":"수도권 김포골드라인","from":"풍무","to":"고촌","daily_down":37946.4,"daily_up":35762.9,"source":"seoulriders","period":"modelled weekday","geometry_source":"track","daily":73709.3,"km":3.6067}},{"type":"Feature","geometry":{"type":"LineString","coordinates":[[126.77021,37.60126],[126.77137,37.59995],[126.78082,37.59349],[126.78881,37.58859],[126.79901,37.5799],[126.80315,37.57365],[126.80633,37.56382],[126.80589,37.56267],[126.80521,37.56221],[126.80212,37.56194]]},"properties":{"line":"수도권 김포골드라인","from":"고촌","to":"김포공항","daily_down":42498.6,"daily_up":40842.0,"source":"seoulriders","period":"modelled weekday","geometry_source":"track","daily":83340.6,"km":5.8872}},{"type":"Feature","geometry":{"type":"LineString","coordinates":[[126.6148,37.64164],[126.61451,37.64241],[126.61506,37.6429],[126.62872,37.64535]]},"properties":{"line":"수도권 김포골드라인","from":"양촌","to":"구래","daily_down":284.4,"daily_up":194.2,"source":"seoulriders","period":"modelled weekday","geometry_source":"track","daily":478.6,"km":1.3954}},{"type":"Feature","geometry":{"type":"LineString","coordinates":[[126.62872,37.64535],[126.63371,37.6462],[126.6359,37.64407],[126.64112,37.64086],[126.64222,37.64034],[126.64424,37.6406]]},"properties":{"line":"수도권 김포골드라인","from":"구래","to":"마산","daily_down":9834.4,"daily_up":8908.4,"source":"seoulriders","period":"modelled weekday","geometry_source":"track","daily":18742.8,"km":1.6297}},{"type":"Feature","geometry":{"type":"LineString","coordinates":[[126.66901,37.64403],[126.66464,37.63933],[126.65925,37.64213],[126.65572,37.6427],[126.65296,37.64249],[126.64424,37.6406]]},"properties":{"line":"수도권 김포골드라인","from":"장기","to":"마산","daily_down":11004.4,"daily_up":12188.0,"source":"seoulriders","period":"modelled weekday","geometry_source":"track","daily":23192.4,"km":2.574}},{"type":"Feature","geometry":{"type":"LineString","coordinates":[[126.68394,37.65381],[126.68733,37.65315],[126.69563,37.64903],[126.70252,37.63408],[126.71046,37.62835],[126.71164,37.62723],[126.71488,37.62242],[126.71976,37.6202]]},"properties":{"line":"수도권 김포골드라인","from":"운양","to":"사우","daily_down":11628.1,"daily_up":0,"source":"seoulriders","period":"modelled weekday","geometry_source":"track","daily":11628.1,"km":5.1494}},{"type":"Feature","geometry":{"type":"LineString","coordinates":[[126.92885,37.51736],[126.92807,37.5149],[126.92583,37.51297]]},"properties":{"line":"수도권 신림선","from":"샛강","to":"대방","daily_down":9174.9,"daily_up":8146.2,"source":"seoulriders","period":"modelled weekday","geometry_source":"track","daily":17321.1,"km":0.5738}},{"type":"Feature","geometry":{"type":"LineString","coordinates":[[126.92583,37.51297],[126.92272,37.50596]]},"properties":{"line":"수도권 신림선","from":"대방","to":"서울지방병무청","daily_down":29166.7,"daily_up":25480.3,"source":"seoulriders","period":"modelled weekday","geometry_source":"straight","daily":54647.0,"km":0.8263}},{"type":"Feature","geometry":{"type":"LineString","coordinates":[[126.92272,37.50596],[126.92042,37.5001]]},"properties":{"line":"수도권 신림선","from":"서울지방병무청","to":"보라매","daily_down":29145.5,"daily_up":25711.4,"source":"seoulriders","period":"modelled weekday","geometry_source":"straight","daily":54856.9,"km":0.6825}},{"type":"Feature","geometry":{"type":"LineString","coordinates":[[126.92042,37.5001],[126.92022,37.49818],[126.91791,37.49703],[126.91819,37.49529]]},"properties":{"line":"수도권 신림선","from":"보라매","to":"보라매공원","daily_down":24685.2,"daily_up":24729.7,"source":"seoulriders","period":"modelled weekday","geometry_source":"track","daily":49414.9,"km":0.6499}},{"type":"Feature","geometry":{"type":"LineString","coordinates":[[126.91819,37.49529],[126.91878,37.49388],[126.91933,37.49361],[126.92427,37.49296]]},"properties":{"line":"수도권 신림선","from":"보라매공원","to":"보라매병원","daily_down":24232.9,"daily_up":24487.4,"source":"seoulriders","period":"modelled weekday","geometry_source":"track","daily":48720.3,"km":0.664}},{"type":"Feature","geometry":{"type":"LineString","coordinates":[[126.92427,37.49296],[126.92623,37.49259],[126.92682,37.49217],[126.9278,37.4897]]},"properties":{"line":"수도권 신림선","from":"보라매병원","to":"당곡","daily_down":21892.4,"daily_up":22510.5,"source":"seoulriders","period":"modelled weekday","geometry_source":"track","daily":44402.9,"km":0.5356}},{"type":"Feature","geometry":{"type":"LineString","coordinates":[[126.9278,37.4897],[126.92964,37.48445]]},"properties":{"line":"수도권 신림선","from":"당곡","to":"신림","daily_down":21733.6,"daily_up":22267.0,"source":"seoulriders","period":"modelled weekday","geometry_source":"straight","daily":44000.6,"km":0.6059}},{"type":"Feature","geometry":{"type":"LineString","coordinates":[[126.92964,37.48445],[126.9303,37.48068],[126.93301,37.47821]]},"properties":{"line":"수도권 신림선","from":"신림","to":"서원","daily_down":15418.2,"daily_up":16378.0,"source":"seoulriders","period":"modelled weekday","geometry_source":"track","daily":31796.2,"km":0.7874}},{"type":"Feature","geometry":{"type":"LineString","coordinates":[[126.93301,37.47821],[126.9364,37.47696],[126.93696,37.47605],[126.93653,37.47531],[126.9335,37.4734],[126.93371,37.472]]},"properties":{"line":"수도권 신림선","from":"서원","to":"서울대벤처타운","daily_down":12381.9,"daily_up":12887.1,"source":"seoulriders","period":"modelled weekday","geometry_source":"track","daily":25269.0,"km":1.0313}},{"type":"Feature","geometry":{"type":"LineString","coordinates":[[126.93371,37.472],[126.93514,37.47124],[126.93909,37.47069],[126.9428,37.47081],[126.94533,37.46874]]},"properties":{"line":"수도권 신림선","from":"서울대벤처타운","to":"관악산","daily_down":3208.7,"daily_up":2985.8,"source":"seoulriders","period":"modelled weekday","geometry_source":"track","daily":6194.5,"km":1.1542}},{"type":"Feature","geometry":{"type":"LineString","coordinates":[[127.02394,37.5755],[127.02309,37.57846],[127.01944,37.58515]]},"properties":{"line":"수도권 우이신설선","from":"신설동","to":"보문","daily_down":24931.6,"daily_up":23947.9,"source":"seoulriders","period":"modelled weekday","geometry_source":"track","daily":48879.5,"km":1.148}},{"type":"Feature","geometry":{"type":"LineString","coordinates":[[127.01944,37.58515],[127.01815,37.5874],[127.01805,37.58887],[127.01697,37.58991],[127.01648,37.59267]]},"properties":{"line":"수도권 우이신설선","from":"보문","to":"성신여대입구","daily_down":37243.3,"daily_up":36173.7,"source":"seoulriders","period":"modelled weekday","geometry_source":"track","daily":73417.0,"km":0.8982}},{"type":"Feature","geometry":{"type":"LineString","coordinates":[[127.01648,37.59267],[127.01583,37.59548],[127.01448,37.59792],[127.01336,37.60283]]},"properties":{"line":"수도권 우이신설선","from":"성신여대입구","to":"정릉","daily_down":36223.7,"daily_up":37689.8,"source":"seoulriders","period":"modelled weekday","geometry_source":"track","daily":73913.5,"km":1.1687}},{"type":"Feature","geometry":{"type":"LineString","coordinates":[[127.01336,37.60283],[127.01172,37.60454],[127.00817,37.61218]]},"properties":{"line":"수도권 우이신설선","from":"정릉","to":"북한산보국문","daily_down":32069.2,"daily_up":33144.1,"source":"seoulriders","period":"modelled weekday","geometry_source":"track","daily":65213.3,"km":1.1441}},{"type":"Feature","geometry":{"type":"LineString","coordinates":[[127.00817,37.61218],[127.00788,37.61296],[127.00878,37.61403],[127.0087,37.61859],[127.01166,37.62001],[127.01384,37.62017]]},"properties":{"line":"수도권 우이신설선","from":"북한산보국문","to":"솔샘","daily_down":26590.5,"daily_up":27410.1,"source":"seoulriders","period":"modelled weekday","geometry_source":"track","daily":54000.6,"km":1.2381}},{"type":"Feature","geometry":{"type":"LineString","coordinates":[[127.01384,37.62017],[127.02044,37.61968],[127.02049,37.6212]]},"properties":{"line":"수도권 우이신설선","from":"솔샘","to":"삼양사거리","daily_down":20960.7,"daily_up":21463.9,"source":"seoulriders","period":"modelled weekday","geometry_source":"track","daily":42424.6,"km":0.7529}},{"type":"Feature","geometry":{"type":"LineString","coordinates":[[127.02049,37.6212],[127.01857,37.62388],[127.01818,37.62692]]},"properties":{"line":"수도권 우이신설선","from":"삼양사거리","to":"삼양","daily_down":18662.1,"daily_up":19221.5,"source":"seoulriders","period":"modelled weekday","geometry_source":"track","daily":37883.6,"km":0.6824}},{"type":"Feature","geometry":{"type":"LineString","coordinates":[[127.01818,37.62692],[127.01749,37.63403]]},"properties":{"line":"수도권 우이신설선","from":"삼양","to":"화계","daily_down":16793.0,"daily_up":17487.6,"source":"seoulriders","period":"modelled weekday","geometry_source":"straight","daily":34280.6,"km":0.7929}},{"type":"Feature","geometry":{"type":"LineString","coordinates":[[127.01749,37.63403],[127.01657,37.64197]]},"properties":{"line":"수도권 우이신설선","from":"화계","to":"가오리","daily_down":13591.3,"daily_up":14139.6,"source":"seoulriders","period":"modelled weekday","geometry_source":"straight","daily":27730.9,"km":0.8866}},{"type":"Feature","geometry":{"type":"LineString","coordinates":[[127.01657,37.64197],[127.01369,37.64934]]},"properties":{"line":"수도권 우이신설선","from":"가오리","to":"4.19민주묘지","daily_down":9298.8,"daily_up":9898.4,"source":"seoulriders","period":"modelled weekday","geometry_source":"straight","daily":19197.2,"km":0.8578}},{"type":"Feature","geometry":{"type":"LineString","coordinates":[[127.01369,37.64934],[127.01252,37.65227],[127.01325,37.65607]]},"properties":{"line":"수도권 우이신설선","from":"4.19민주묘지","to":"솔밭공원","daily_down":5319.2,"daily_up":5816.7,"source":"seoulriders","period":"modelled weekday","geometry_source":"track","daily":11135.9,"km":0.7691}},{"type":"Feature","geometry":{"type":"LineString","coordinates":[[127.01325,37.65607],[127.01386,37.65942],[127.01241,37.66332]]},"properties":{"line":"수도권 우이신설선","from":"솔밭공원","to":"북한산우이","daily_down":2755.4,"daily_up":3091.9,"source":"seoulriders","period":"modelled weekday","geometry_source":"track","daily":5847.3,"km":0.8284}},{"type":"Feature","geometry":{"type":"LineString","coordinates":[[127.04428,37.30211],[127.04787,37.30004],[127.04968,37.29803],[127.04986,37.29704],[127.04824,37.2916],[127.04849,37.29099],[127.05152,37.28856]]},"properties":{"line":"수도권 신분당선","from":"광교","to":"광교중앙","daily_down":3900.2,"daily_up":3656.9,"source":"seoulriders","period":"modelled weekday","geometry_source":"track","daily":7557.1,"km":1.8519}},{"type":"Feature","geometry":{"type":"LineString","coordinates":[[127.05152,37.28856],[127.05472,37.28635],[127.05598,37.28591],[127.05692,37.28607],[127.06297,37.29087],[127.06747,37.29284],[127.06817,37.29369],[127.0693,37.29758]]},"properties":{"line":"수도권 신분당선","from":"광교중앙","to":"상현","daily_down":15506.6,"daily_up":15178.4,"source":"seoulriders","period":"modelled weekday","geometry_source":"track","daily":30685.0,"km":2.3488}},{"type":"Feature","geometry":{"type":"LineString","coordinates":[[127.0693,37.29758],[127.07035,37.30065],[127.07361,37.30294],[127.07465,37.30431],[127.07482,37.30667],[127.07696,37.31134],[127.08038,37.3135]]},"properties":{"line":"수도권 신분당선","from":"상현","to":"성복","daily_down":23517.6,"daily_up":22801.5,"source":"seoulriders","period":"modelled weekday","geometry_source":"track","daily":46319.1,"km":2.1182}},{"type":"Feature","geometry":{"type":"LineString","coordinates":[[127.08038,37.3135],[127.08238,37.31655],[127.08691,37.31817],[127.09476,37.32254]]},"properties":{"line":"수도권 신분당선","from":"성복","to":"수지구청","daily_down":38001.6,"daily_up":36521.7,"source":"seoulriders","period":"modelled weekday","geometry_source":"track","daily":74523.3,"km":1.6691}},{"type":"Feature","geometry":{"type":"LineString","coordinates":[[127.09476,37.32254],[127.10159,37.32669],[127.10246,37.32767],[127.10283,37.3381]]},"properties":{"line":"수도권 신분당선","from":"수지구청","to":"동천","daily_down":49159.7,"daily_up":47580.2,"source":"seoulriders","period":"modelled weekday","geometry_source":"track","daily":96739.9,"km":2.0537}},{"type":"Feature","geometry":{"type":"LineString","coordinates":[[127.10283,37.3381],[127.10297,37.34112],[127.10343,37.34184],[127.10736,37.3433],[127.10878,37.34465],[127.10895,37.35]]},"properties":{"line":"수도권 신분당선","from":"동천","to":"미금","daily_down":57243.1,"daily_up":54828.4,"source":"seoulriders","period":"modelled weekday","geometry_source":"track","daily":112071.5,"km":1.6001}},{"type":"Feature","geometry":{"type":"LineString","coordinates":[[127.10895,37.35],[127.10828,37.36644]]},"properties":{"line":"수도권 신분당선","from":"미금","to":"정자","daily_down":76262.6,"daily_up":60578.6,"source":"seoulriders","period":"modelled weekday","geometry_source":"straight","daily":136841.2,"km":1.829}},{"type":"Feature","geometry":{"type":"LineString","coordinates":[[127.01952,37.51611],[127.02136,37.51098]]},"properties":{"line":"수도권 신분당선","from":"신사","to":"논현","daily_down":48213.4,"daily_up":40356.5,"source":"seoulriders","period":"modelled weekday","geometry_source":"straight","daily":88569.9,"km":0.5931}},{"type":"Feature","geometry":{"type":"LineString","coordinates":[[127.02136,37.51098],[127.02453,37.50432]]},"properties":{"line":"수도권 신분당선","from":"논현","to":"신논현","daily_down":84358.2,"daily_up":75683.7,"source":"seoulriders","period":"modelled weekday","geometry_source":"straight","daily":160041.9,"km":0.7916}},{"type":"Feature","geometry":{"type":"LineString","coordinates":[[127.02453,37.50432],[127.02791,37.49721]]},"properties":{"line":"수도권 신분당선","from":"신논현","to":"강남","daily_down":108273.1,"daily_up":102096.3,"source":"seoulriders","period":"modelled weekday","geometry_source":"straight","daily":210369.4,"km":0.845}},{"type":"Feature","geometry":{"type":"LineString","coordinates":[[127.02791,37.49721],[127.0345,37.48405]]},"properties":{"line":"수도권 신분당선","from":"강남","to":"양재","daily_down":123319.3,"daily_up":118924.6,"source":"seoulriders","period":"modelled weekday","geometry_source":"straight","daily":242243.9,"km":1.5746}},{"type":"Feature","geometry":{"type":"LineString","coordinates":[[127.0345,37.48405],[127.03761,37.48089],[127.03842,37.47907],[127.03848,37.46971]]},"properties":{"line":"수도권 신분당선","from":"양재","to":"양재시민의숲","daily_down":119598.8,"daily_up":122139.7,"source":"seoulriders","period":"modelled weekday","geometry_source":"track","daily":241738.5,"km":1.7013}},{"type":"Feature","geometry":{"type":"LineString","coordinates":[[127.03848,37.46971],[127.03886,37.46604],[127.05464,37.44831]]},"properties":{"line":"수도권 신분당선","from":"양재시민의숲","to":"청계산입구","daily_down":111276.0,"daily_up":115498.6,"source":"seoulriders","period":"modelled weekday","geometry_source":"track","daily":226774.6,"km":2.8233}},{"type":"Feature","geometry":{"type":"LineString","coordinates":[[127.05464,37.44831],[127.05749,37.44525],[127.06188,37.43936],[127.07431,37.42662],[127.08527,37.41857],[127.09487,37.41333],[127.10968,37.40601],[127.11052,37.40498],[127.11103,37.40337],[127.11136,37.39473]]},"properties":{"line":"수도권 신분당선","from":"청계산입구","to":"판교","daily_down":108002.4,"daily_up":112175.7,"source":"seoulriders","period":"modelled weekday","geometry_source":"track","daily":220178.1,"km":8.1462}},{"type":"Feature","geometry":{"type":"LineString","coordinates":[[127.10828,37.36644],[127.10833,37.37577],[127.10912,37.37921],[127.11108,37.38417],[127.11136,37.39473]]},"properties":{"line":"수도권 신분당선","from":"정자","to":"판교","daily_down":92474.1,"daily_up":92032.2,"source":"seoulriders","period":"modelled weekday","geometry_source":"track","daily":184506.3,"km":3.1788}},{"type":"Feature","geometry":{"type":"LineString","coordinates":[[127.04736,37.72468],[127.04389,37.72576],[127.04368,37.72877]]},"properties":{"line":"수도권 의정부경전철","from":"회룡","to":"범골","daily_down":21997.0,"daily_up":22558.7,"source":"seoulriders","period":"modelled weekday","geometry_source":"track","daily":44555.7,"km":0.6632}},{"type":"Feature","geometry":{"type":"LineString","coordinates":[[127.04368,37.72877],[127.0433,37.73727]]},"properties":{"line":"수도권 의정부경전철","from":"범골","to":"경전철의정부","daily_down":19880.2,"daily_up":20293.2,"source":"seoulriders","period":"modelled weekday","geometry_source":"straight","daily":40173.4,"km":0.9457}},{"type":"Feature","geometry":{"type":"LineString","coordinates":[[127.0433,37.73727],[127.04316,37.73809],[127.04266,37.73834],[127.03563,37.73814],[127.03489,37.73926]]},"properties":{"line":"수도권 의정부경전철","from":"경전철의정부","to":"의정부시청","daily_down":17543.4,"daily_up":18557.7,"source":"seoulriders","period":"modelled weekday","geometry_source":"track","daily":36101.1,"km":0.9031}},{"type":"Feature","geometry":{"type":"LineString","coordinates":[[127.03489,37.73926],[127.03481,37.74291],[127.0372,37.74329]]},"properties":{"line":"수도권 의정부경전철","from":"의정부시청","to":"흥선","daily_down":16239.3,"daily_up":17448.9,"source":"seoulriders","period":"modelled weekday","geometry_source":"track","daily":33688.2,"km":0.6203}},{"type":"Feature","geometry":{"type":"LineString","coordinates":[[127.0372,37.74329],[127.04976,37.74368]]},"properties":{"line":"수도권 의정부경전철","from":"흥선","to":"의정부중앙","daily_down":14453.1,"daily_up":15694.8,"source":"seoulriders","period":"modelled weekday","geometry_source":"straight","daily":30147.9,"km":1.1052}},{"type":"Feature","geometry":{"type":"LineString","coordinates":[[127.04976,37.74368],[127.05149,37.74381],[127.05313,37.74477],[127.05585,37.74462],[127.057,37.74524]]},"properties":{"line":"수도권 의정부경전철","from":"의정부중앙","to":"동오","daily_down":11809.0,"daily_up":13289.3,"source":"seoulriders","period":"modelled weekday","geometry_source":"track","daily":25098.3,"km":0.6943}},{"type":"Feature","geometry":{"type":"LineString","coordinates":[[127.057,37.74524],[127.06069,37.74788],[127.06378,37.74885]]},"properties":{"line":"수도권 의정부경전철","from":"동오","to":"새말","daily_down":9958.5,"daily_up":11369.5,"source":"seoulriders","period":"modelled weekday","geometry_source":"track","daily":21328.0,"km":0.7298}},{"type":"Feature","geometry":{"type":"LineString","coordinates":[[127.06378,37.74885],[127.07162,37.75072]]},"properties":{"line":"수도권 의정부경전철","from":"새말","to":"경기도청북부청사","daily_down":8724.3,"daily_up":9972.8,"source":"seoulriders","period":"modelled weekday","geometry_source":"straight","daily":18697.1,"km":0.72}},{"type":"Feature","geometry":{"type":"LineString","coordinates":[[127.07162,37.75072],[127.07367,37.75144],[127.07727,37.75394]]},"properties":{"line":"수도권 의정부경전철","from":"경기도청북부청사","to":"효자","daily_down":6204.2,"daily_up":7640.1,"source":"seoulriders","period":"modelled weekday","geometry_source":"track","daily":13844.3,"km":0.6185}},{"type":"Feature","geometry":{"type":"LineString","coordinates":[[127.07727,37.75394],[127.07883,37.7541],[127.08225,37.75286],[127.08383,37.75053]]},"properties":{"line":"수도권 의정부경전철","from":"효자","to":"곤제","daily_down":5469.9,"daily_up":7009.5,"source":"seoulriders","period":"modelled weekday","geometry_source":"track","daily":12479.4,"km":0.7631}},{"type":"Feature","geometry":{"type":"LineString","coordinates":[[127.08383,37.75053],[127.08429,37.74917],[127.08368,37.74707],[127.08522,37.74268]]},"properties":{"line":"수도권 의정부경전철","from":"곤제","to":"어룡","daily_down":4513.4,"daily_up":6028.3,"source":"seoulriders","period":"modelled weekday","geometry_source":"track","daily":10541.7,"km":0.9027}},{"type":"Feature","geometry":{"type":"LineString","coordinates":[[127.08522,37.74268],[127.08725,37.73726]]},"properties":{"line":"수도권 의정부경전철","from":"어룡","to":"송산","daily_down":2251.1,"daily_up":3832.6,"source":"seoulriders","period":"modelled weekday","geometry_source":"straight","daily":6083.7,"km":0.6286}},{"type":"Feature","geometry":{"type":"LineString","coordinates":[[127.05295,37.72701],[127.05208,37.7243],[127.05135,37.72375],[127.05036,37.72373],[127.04736,37.72468]]},"properties":{"line":"수도권 의정부경전철","from":"발곡","to":"회룡","daily_down":3303.5,"daily_up":0,"source":"seoulriders","period":"modelled weekday","geometry_source":"track","daily":3303.5,"km":0.7709}},{"type":"Feature","geometry":{"type":"LineString","coordinates":[[127.08725,37.73726],[127.08894,37.73353]]},"properties":{"line":"수도권 의정부경전철","from":"송산","to":"탑석","daily_down":0,"daily_up":1658.2,"source":"seoulriders","period":"modelled weekday","geometry_source":"straight","daily":1658.2,"km":0.4406}},{"type":"Feature","geometry":{"type":"LineString","coordinates":[[126.45278,37.44716],[126.43957,37.44],[126.43629,37.44002],[126.4343,37.44127],[126.42276,37.45567],[126.42173,37.45825],[126.42226,37.461],[126.42413,37.46349],[126.43348,37.46894]]},"properties":{"line":"수도권 공항철도","from":"인천공항1터미널","to":"인천공항2터미널","daily_down":5357.7,"daily_up":6127.3,"source":"seoulriders","period":"modelled weekday","geometry_source":"track","daily":11485.0,"km":5.7799}},{"type":"Feature","geometry":{"type":"LineString","coordinates":[[126.97183,37.5538],[126.9708,37.54232],[126.9705,37.54158],[126.96688,37.53865],[126.96552,37.53818],[126.96335,37.5383],[126.95815,37.53955],[126.95081,37.54365]]},"properties":{"line":"수도권 공항철도","from":"서울역","to":"공덕","daily_down":51460.5,"daily_up":65301.3,"source":"seoulriders","period":"modelled weekday","geometry_source":"track","daily":116761.8,"km":3.4156}},{"type":"Feature","geometry":{"type":"LineString","coordinates":[[126.95081,37.54365],[126.94533,37.54558],[126.94058,37.54724],[126.93674,37.55117],[126.93045,37.55562],[126.92575,37.55711]]},"properties":{"line":"수도권 공항철도","from":"공덕","to":"홍대입구","daily_down":71118.1,"daily_up":81696.9,"source":"seoulriders","period":"modelled weekday","geometry_source":"track","daily":152815.0,"km":2.7285}},{"type":"Feature","geometry":{"type":"LineString","coordinates":[[126.92575,37.55711],[126.91909,37.56637],[126.90894,37.57064],[126.89987,37.57709]]},"properties":{"line":"수도권 공항철도","from":"홍대입구","to":"디지털미디어시티","daily_down":86119.6,"daily_up":93891.0,"source":"seoulriders","period":"modelled weekday","geometry_source":"track","daily":180010.6,"km":3.272}},{"type":"Feature","geometry":{"type":"LineString","coordinates":[[126.89987,37.57709],[126.88705,37.58433],[126.88557,37.58613],[126.88272,37.58806],[126.86443,37.59462],[126.86097,37.59523],[126.85747,37.59514],[126.85289,37.59374],[126.84905,37.59117],[126.83739,37.57843],[126.83251,37.56905],[126.82792,37.56622]]},"properties":{"line":"수도권 공항철도","from":"디지털미디어시티","to":"마곡나루","daily_down":92968.1,"daily_up":92247.1,"source":"seoulriders","period":"modelled weekday","geometry_source":"track","daily":185215.2,"km":8.6123}},{"type":"Feature","geometry":{"type":"LineString","coordinates":[[126.82792,37.56622],[126.82,37.56153],[126.81781,37.56087],[126.80212,37.56194]]},"properties":{"line":"수도권 공항철도","from":"마곡나루","to":"김포공항","daily_down":96535.2,"daily_up":83753.6,"source":"seoulriders","period":"modelled weekday","geometry_source":"track","daily":180288.8,"km":2.466}},{"type":"Feature","geometry":{"type":"LineString","coordinates":[[126.80212,37.56194],[126.79517,37.56216],[126.79313,37.56267],[126.78541,37.56921],[126.78086,37.57362],[126.77916,37.57457],[126.77668,37.57531],[126.77255,37.57529],[126.76273,37.57114],[126.75827,37.57],[126.75324,37.56988],[126.73631,37.57177]]},"properties":{"line":"수도권 공항철도","from":"김포공항","to":"계양","daily_down":101913.7,"daily_up":101506.8,"source":"seoulriders","period":"modelled weekday","geometry_source":"track","daily":203420.5,"km":6.5559}},{"type":"Feature","geometry":{"type":"LineString","coordinates":[[126.73631,37.57177],[126.67464,37.56896]]},"properties":{"line":"수도권 공항철도","from":"계양","to":"검암","daily_down":69312.5,"daily_up":70256.0,"source":"seoulriders","period":"modelled weekday","geometry_source":"straight","daily":139568.5,"km":5.4442}},{"type":"Feature","geometry":{"type":"LineString","coordinates":[[126.67464,37.56896],[126.65892,37.56853],[126.65178,37.56734],[126.64375,37.56452],[126.63367,37.55861],[126.62469,37.55644]]},"properties":{"line":"수도권 공항철도","from":"검암","to":"청라국제도시","daily_down":36393.4,"daily_up":37476.8,"source":"seoulriders","period":"modelled weekday","geometry_source":"track","daily":73870.2,"km":4.7361}},{"type":"Feature","geometry":{"type":"LineString","coordinates":[[126.62469,37.55644],[126.61624,37.55477],[126.6024,37.55144],[126.56597,37.53966],[126.56173,37.53724],[126.53436,37.51622],[126.5246,37.51189]]},"properties":{"line":"수도권 공항철도","from":"청라국제도시","to":"영종","daily_down":29372.5,"daily_up":30063.1,"source":"seoulriders","period":"modelled weekday","geometry_source":"track","daily":59435.6,"km":10.3181}},{"type":"Feature","geometry":{"type":"LineString","coordinates":[[126.5246,37.51189],[126.51775,37.50927],[126.50795,37.50637],[126.50415,37.50456],[126.50039,37.50144],[126.49381,37.49293]]},"properties":{"line":"수도권 공항철도","from":"영종","to":"운서","daily_down":26255.4,"daily_up":27016.2,"source":"seoulriders","period":"modelled weekday","geometry_source":"track","daily":53271.6,"km":3.5745}},{"type":"Feature","geometry":{"type":"LineString","coordinates":[[126.49381,37.49293],[126.48651,37.4837],[126.48478,37.47996],[126.48434,37.4765],[126.48576,37.46842],[126.485,37.4649],[126.48277,37.46207],[126.4775,37.45903]]},"properties":{"line":"수도권 공항철도","from":"운서","to":"공항화물청사","daily_down":19120.7,"daily_up":20269.4,"source":"seoulriders","period":"modelled weekday","geometry_source":"track","daily":39390.1,"km":4.2918}},{"type":"Feature","geometry":{"type":"LineString","coordinates":[[126.45278,37.44716],[126.4617,37.45233],[126.46907,37.45419],[126.4775,37.45903]]},"properties":{"line":"수도권 공항철도","from":"인천공항1터미널","to":"공항화물청사","daily_down":18884.5,"daily_up":17569.2,"source":"seoulriders","period":"modelled weekday","geometry_source":"track","daily":36453.7,"km":2.5759}},{"type":"Feature","geometry":{"type":"LineString","coordinates":[[126.70098,37.44951],[126.69972,37.44195]]},"properties":{"line":"수도권 인천 1호선","from":"예술회관","to":"인천터미널","daily_down":68701.2,"daily_up":68993.9,"source":"seoulriders","period":"modelled weekday","geometry_source":"straight","daily":137695.1,"km":0.848}},{"type":"Feature","geometry":{"type":"LineString","coordinates":[[126.69972,37.44195],[126.69932,37.43938],[126.69786,37.4363],[126.69779,37.43511]]},"properties":{"line":"수도권 인천 1호선","from":"인천터미널","to":"문학경기장","daily_down":63167.2,"daily_up":64689.8,"source":"seoulriders","period":"modelled weekday","geometry_source":"track","daily":127857.0,"km":0.7863}},{"type":"Feature","geometry":{"type":"LineString","coordinates":[[126.69779,37.43511],[126.69896,37.42983],[126.69899,37.42724]]},"properties":{"line":"수도권 인천 1호선","from":"문학경기장","to":"선학","daily_down":62693.9,"daily_up":64183.3,"source":"seoulriders","period":"modelled weekday","geometry_source":"track","daily":126877.2,"km":0.8841}},{"type":"Feature","geometry":{"type":"LineString","coordinates":[[126.69899,37.42724],[126.6976,37.42236],[126.69393,37.41806]]},"properties":{"line":"수도권 인천 1호선","from":"선학","to":"신연수","daily_down":60826.8,"daily_up":62171.8,"source":"seoulriders","period":"modelled weekday","geometry_source":"track","daily":122998.6,"km":1.134}},{"type":"Feature","geometry":{"type":"LineString","coordinates":[[126.69393,37.41806],[126.68737,37.41287]]},"properties":{"line":"수도권 인천 1호선","from":"신연수","to":"원인재","daily_down":59473.9,"daily_up":60644.3,"source":"seoulriders","period":"modelled weekday","geometry_source":"straight","daily":120118.2,"km":0.8177}},{"type":"Feature","geometry":{"type":"LineString","coordinates":[[126.68737,37.41287],[126.68027,37.40482]]},"properties":{"line":"수도권 인천 1호선","from":"원인재","to":"동춘","daily_down":42655.2,"daily_up":42172.3,"source":"seoulriders","period":"modelled weekday","geometry_source":"straight","daily":84827.5,"km":1.0929}},{"type":"Feature","geometry":{"type":"LineString","coordinates":[[126.68027,37.40482],[126.67354,37.39862]]},"properties":{"line":"수도권 인천 1호선","from":"동춘","to":"동막","daily_down":35297.6,"daily_up":35547.0,"source":"seoulriders","period":"modelled weekday","geometry_source":"straight","daily":70844.6,"km":0.9103}},{"type":"Feature","geometry":{"type":"LineString","coordinates":[[126.67354,37.39862],[126.66517,37.39014],[126.6634,37.38941],[126.66189,37.38817]]},"properties":{"line":"수도권 인천 1호선","from":"동막","to":"캠퍼스타운","daily_down":32014.3,"daily_up":31832.1,"source":"seoulriders","period":"modelled weekday","geometry_source":"track","daily":63846.4,"km":1.5663}},{"type":"Feature","geometry":{"type":"LineString","coordinates":[[126.66189,37.38817],[126.65625,37.3823]]},"properties":{"line":"수도권 인천 1호선","from":"캠퍼스타운","to":"테크노파크","daily_down":28417.8,"daily_up":27684.2,"source":"seoulriders","period":"modelled weekday","geometry_source":"straight","daily":56102.0,"km":0.8212}},{"type":"Feature","geometry":{"type":"LineString","coordinates":[[126.65625,37.3823],[126.65003,37.37594],[126.64757,37.37593],[126.64592,37.37747]]},"properties":{"line":"수도권 인천 1호선","from":"테크노파크","to":"지식정보단지","daily_down":20981.2,"daily_up":20343.5,"source":"seoulriders","period":"modelled weekday","geometry_source":"track","daily":41324.7,"km":1.3379}},{"type":"Feature","geometry":{"type":"LineString","coordinates":[[126.64592,37.37747],[126.63945,37.38612]]},"properties":{"line":"수도권 인천 1호선","from":"지식정보단지","to":"인천대입구","daily_down":17027.1,"daily_up":16852.0,"source":"seoulriders","period":"modelled weekday","geometry_source":"straight","daily":33879.1,"km":1.1189}},{"type":"Feature","geometry":{"type":"LineString","coordinates":[[126.63945,37.38612],[126.63456,37.39351]]},"properties":{"line":"수도권 인천 1호선","from":"인천대입구","to":"센트럴파크","daily_down":9625.6,"daily_up":9565.3,"source":"seoulriders","period":"modelled weekday","geometry_source":"straight","daily":19190.9,"km":0.9284}},{"type":"Feature","geometry":{"type":"LineString","coordinates":[[126.63456,37.39351],[126.63041,37.39979]]},"properties":{"line":"수도권 인천 1호선","from":"센트럴파크","to":"국제업무지구","daily_down":6345.7,"daily_up":6356.6,"source":"seoulriders","period":"modelled weekday","geometry_source":"straight","daily":12702.3,"km":0.7887}},{"type":"Feature","geometry":{"type":"LineString","coordinates":[[126.63041,37.39979],[126.62611,37.4068]]},"properties":{"line":"수도권 인천 1호선","from":"국제업무지구","to":"송도달빛축제공원","daily_down":4895.4,"daily_up":4841.6,"source":"seoulriders","period":"modelled weekday","geometry_source":"straight","daily":9737.0,"km":0.8671}},{"type":"Feature","geometry":{"type":"LineString","coordinates":[[126.72253,37.53031],[126.7226,37.53841]]},"properties":{"line":"수도권 인천 1호선","from":"작전","to":"경인교대입구","daily_down":34492.8,"daily_up":36996.7,"source":"seoulriders","period":"modelled weekday","geometry_source":"straight","daily":71489.5,"km":0.9007}},{"type":"Feature","geometry":{"type":"LineString","coordinates":[[126.7226,37.53841],[126.72274,37.54127],[126.72358,37.54246],[126.72548,37.54331],[126.72786,37.54334]]},"properties":{"line":"수도권 인천 1호선","from":"경인교대입구","to":"계산","daily_down":32838.2,"daily_up":35321.3,"source":"seoulriders","period":"modelled weekday","geometry_source":"track","daily":68159.5,"km":0.8721}},{"type":"Feature","geometry":{"type":"LineString","coordinates":[[126.72786,37.54334],[126.73645,37.54296],[126.73764,37.54362],[126.73956,37.54625]]},"properties":{"line":"수도권 인천 1호선","from":"계산","to":"임학","daily_down":30932.1,"daily_up":33116.1,"source":"seoulriders","period":"modelled weekday","geometry_source":"track","daily":64048.2,"km":1.2245}},{"type":"Feature","geometry":{"type":"LineString","coordinates":[[126.73956,37.54625],[126.74483,37.55331],[126.74551,37.55613]]},"properties":{"line":"수도권 인천 1호선","from":"임학","to":"박촌","daily_down":30551.5,"daily_up":32660.5,"source":"seoulriders","period":"modelled weekday","geometry_source":"track","daily":63212.0,"km":1.2315}},{"type":"Feature","geometry":{"type":"LineString","coordinates":[[126.74551,37.55613],[126.74579,37.55902],[126.74284,37.56274],[126.74265,37.56635]]},"properties":{"line":"수도권 인천 1호선","from":"박촌","to":"귤현","daily_down":30690.3,"daily_up":32286.7,"source":"seoulriders","period":"modelled weekday","geometry_source":"track","daily":62977.0,"km":1.2126}},{"type":"Feature","geometry":{"type":"LineString","coordinates":[[126.74265,37.56635],[126.73984,37.57105],[126.73876,37.57147],[126.73631,37.57177]]},"properties":{"line":"수도권 인천 1호선","from":"귤현","to":"계양","daily_down":30436.9,"daily_up":32580.9,"source":"seoulriders","period":"modelled weekday","geometry_source":"track","daily":63017.8,"km":0.9028}},{"type":"Feature","geometry":{"type":"LineString","coordinates":[[126.72253,37.53031],[126.72152,37.51681]]},"properties":{"line":"수도권 인천 1호선","from":"작전","to":"갈산","daily_down":42205.5,"daily_up":39631.7,"source":"seoulriders","period":"modelled weekday","geometry_source":"straight","daily":81837.2,"km":1.5038}},{"type":"Feature","geometry":{"type":"LineString","coordinates":[[126.72152,37.51681],[126.72083,37.50785]]},"properties":{"line":"수도권 인천 1호선","from":"갈산","to":"부평구청","daily_down":46721.2,"daily_up":43917.7,"source":"seoulriders","period":"modelled weekday","geometry_source":"straight","daily":90638.9,"km":0.9982}},{"type":"Feature","geometry":{"type":"LineString","coordinates":[[126.72083,37.50785],[126.72229,37.49837]]},"properties":{"line":"수도권 인천 1호선","from":"부평구청","to":"부평시장","daily_down":58638.1,"daily_up":54376.9,"source":"seoulriders","period":"modelled weekday","geometry_source":"straight","daily":113015.0,"km":1.062}},{"type":"Feature","geometry":{"type":"LineString","coordinates":[[126.72229,37.49837],[126.72415,37.48972]]},"properties":{"line":"수도권 인천 1호선","from":"부평시장","to":"부평","daily_down":61558.2,"daily_up":57346.0,"source":"seoulriders","period":"modelled weekday","geometry_source":"straight","daily":118904.2,"km":0.9757}},{"type":"Feature","geometry":{"type":"LineString","coordinates":[[126.72415,37.48972],[126.72351,37.48813],[126.72294,37.48754],[126.71854,37.48542]]},"properties":{"line":"수도권 인천 1호선","from":"부평","to":"동수","daily_down":65967.5,"daily_up":67413.6,"source":"seoulriders","period":"modelled weekday","geometry_source":"track","daily":133381.1,"km":0.7225}},{"type":"Feature","geometry":{"type":"LineString","coordinates":[[126.71854,37.48542],[126.71235,37.48239],[126.71036,37.47791]]},"properties":{"line":"수도권 인천 1호선","from":"동수","to":"부평삼거리","daily_down":64023.3,"daily_up":65385.6,"source":"seoulriders","period":"modelled weekday","geometry_source":"track","daily":129408.9,"km":1.1699}},{"type":"Feature","geometry":{"type":"LineString","coordinates":[[126.71036,37.47791],[126.70807,37.47121],[126.70795,37.46715]]},"properties":{"line":"수도권 인천 1호선","from":"부평삼거리","to":"간석오거리","daily_down":63459.7,"daily_up":60430.2,"source":"seoulriders","period":"modelled weekday","geometry_source":"track","daily":123889.9,"km":1.2235}},{"type":"Feature","geometry":{"type":"LineString","coordinates":[[126.70795,37.46715],[126.70638,37.46537],[126.70251,37.46422],[126.70159,37.46337],[126.70121,37.46217],[126.70232,37.45891],[126.70226,37.45705]]},"properties":{"line":"수도권 인천 1호선","from":"간석오거리","to":"인천시청","daily_down":61931.6,"daily_up":57668.1,"source":"seoulriders","period":"modelled weekday","geometry_source":"track","daily":119599.7,"km":1.4509}},{"type":"Feature","geometry":{"type":"LineString","coordinates":[[126.70098,37.44951],[126.70226,37.45705]]},"properties":{"line":"수도권 인천 1호선","from":"예술회관","to":"인천시청","daily_down":73008.9,"daily_up":73730.9,"source":"seoulriders","period":"modelled weekday","geometry_source":"straight","daily":146739.8,"km":0.846}},{"type":"Feature","geometry":{"type":"LineString","coordinates":[[126.69972,37.44195],[126.69934,37.43914],[126.69786,37.43551],[126.69919,37.42977],[126.69899,37.42724]]},"properties":{"line":"수도권 인천 1호선","from":"인천터미널","to":"선학","daily_down":637.5,"daily_up":0,"source":"seoulriders","period":"modelled weekday","geometry_source":"track","daily":637.5,"km":1.6694}},{"type":"Feature","geometry":{"type":"LineString","coordinates":[[126.68737,37.41287],[126.67903,37.40303],[126.67354,37.39862]]},"properties":{"line":"수도권 인천 1호선","from":"원인재","to":"동막","daily_down":0,"daily_up":120.2,"source":"seoulriders","period":"modelled weekday","geometry_source":"track","daily":120.2,"km":2.0087}},{"type":"Feature","geometry":{"type":"LineString","coordinates":[[126.68027,37.40482],[126.66517,37.39014],[126.6634,37.38941],[126.66189,37.38817]]},"properties":{"line":"수도권 인천 1호선","from":"동춘","to":"캠퍼스타운","daily_down":228.9,"daily_up":0,"source":"seoulriders","period":"modelled weekday","geometry_source":"track","daily":228.9,"km":2.4761}},{"type":"Feature","geometry":{"type":"LineString","coordinates":[[126.72786,37.54334],[126.73562,37.5429],[126.73723,37.54323],[126.74483,37.55331],[126.74551,37.55613]]},"properties":{"line":"수도권 인천 1호선","from":"계산","to":"박촌","daily_down":201.7,"daily_up":0,"source":"seoulriders","period":"modelled weekday","geometry_source":"track","daily":201.7,"km":2.4576}},{"type":"Feature","geometry":{"type":"LineString","coordinates":[[126.72253,37.53031],[126.72274,37.54127],[126.72442,37.54301],[126.72786,37.54334]]},"properties":{"line":"수도권 인천 1호선","from":"작전","to":"계산","daily_down":248.3,"daily_up":0,"source":"seoulriders","period":"modelled weekday","geometry_source":"track","daily":248.3,"km":1.768}},{"type":"Feature","geometry":{"type":"LineString","coordinates":[[126.72083,37.50785],[126.72415,37.48972]]},"properties":{"line":"수도권 인천 1호선","from":"부평구청","to":"부평","daily_down":357.7,"daily_up":297.3,"source":"seoulriders","period":"modelled weekday","geometry_source":"straight","daily":655.0,"km":2.0371}},{"type":"Feature","geometry":{"type":"LineString","coordinates":[[126.70098,37.44951],[126.70232,37.45865],[126.70127,37.46186],[126.70142,37.46301],[126.70251,37.46422],[126.70638,37.46537],[126.70795,37.46715]]},"properties":{"line":"수도권 인천 1호선","from":"예술회관","to":"간석오거리","daily_down":428.2,"daily_up":0,"source":"seoulriders","period":"modelled weekday","geometry_source":"track","daily":428.2,"km":2.2922}},{"type":"Feature","geometry":{"type":"LineString","coordinates":[[126.66189,37.38817],[126.65003,37.37594],[126.64757,37.37593],[126.64592,37.37747]]},"properties":{"line":"수도권 인천 1호선","from":"캠퍼스타운","to":"지식정보단지","daily_down":0,"daily_up":180.3,"source":"seoulriders","period":"modelled weekday","geometry_source":"track","daily":180.3,"km":2.1591}},{"type":"Feature","geometry":{"type":"LineString","coordinates":[[126.69899,37.42724],[126.69808,37.42347],[126.6969,37.42123],[126.68737,37.41287]]},"properties":{"line":"수도권 인천 1호선","from":"선학","to":"원인재","daily_down":477.7,"daily_up":0,"source":"seoulriders","period":"modelled weekday","geometry_source":"track","daily":477.7,"km":1.9508}},{"type":"Feature","geometry":{"type":"LineString","coordinates":[[126.71036,37.47791],[126.70807,37.47121],[126.70787,37.46685],[126.70638,37.46537],[126.70251,37.46422],[126.70142,37.46301],[126.70127,37.46186],[126.70232,37.45891],[126.70226,37.45705]]},"properties":{"line":"수도권 인천 1호선","from":"부평삼거리","to":"인천시청","daily_down":0,"daily_up":4336.0,"source":"seoulriders","period":"modelled weekday","geometry_source":"track","daily":4336.0,"km":2.6741}},{"type":"Feature","geometry":{"type":"LineString","coordinates":[[127.11136,37.39473],[127.12832,37.39497]]},"properties":{"line":"수도권 경강선","from":"판교","to":"이매","daily_down":15406.2,"daily_up":19686.0,"source":"seoulriders","period":"modelled weekday","geometry_source":"straight","daily":35092.2,"km":1.4985}},{"type":"Feature","geometry":{"type":"LineString","coordinates":[[127.12832,37.39497],[127.13445,37.39554],[127.16582,37.40289],[127.17269,37.40395],[127.18666,37.40454],[127.19658,37.40564],[127.19863,37.40629],[127.20339,37.40866]]},"properties":{"line":"수도권 경강선","from":"이매","to":"삼동","daily_down":23776.7,"daily_up":24981.2,"source":"seoulriders","period":"modelled weekday","geometry_source":"track","daily":48757.9,"km":6.8641}},{"type":"Feature","geometry":{"type":"LineString","coordinates":[[127.20339,37.40866],[127.21019,37.41278],[127.21344,37.41341],[127.21597,37.41328],[127.2242,37.41099],[127.25328,37.3989]]},"properties":{"line":"수도권 경강선","from":"삼동","to":"경기광주","daily_down":21685.2,"daily_up":22718.3,"source":"seoulriders","period":"modelled weekday","geometry_source":"track","daily":44403.5,"km":4.9441}},{"type":"Feature","geometry":{"type":"LineString","coordinates":[[127.25328,37.3989],[127.27279,37.3906],[127.27662,37.38854],[127.28207,37.38482],[127.28437,37.38196],[127.29078,37.37741],[127.29995,37.37336]]},"properties":{"line":"수도권 경강선","from":"경기광주","to":"초월","daily_down":14472.1,"daily_up":14891.1,"source":"seoulriders","period":"modelled weekday","geometry_source":"track","daily":29363.2,"km":5.0624}},{"type":"Feature","geometry":{"type":"LineString","coordinates":[[127.29995,37.37336],[127.32654,37.36176],[127.33796,37.35313],[127.34628,37.35051]]},"properties":{"line":"수도권 경강선","from":"초월","to":"곤지암","daily_down":11294.0,"daily_up":11511.5,"source":"seoulriders","period":"modelled weekday","geometry_source":"track","daily":22805.5,"km":4.8643}},{"type":"Feature","geometry":{"type":"LineString","coordinates":[[127.34628,37.35051],[127.35193,37.34893],[127.36733,37.34565],[127.37147,37.34389],[127.39946,37.32584],[127.40191,37.32304],[127.40529,37.31555]]},"properties":{"line":"수도권 경강선","from":"곤지암","to":"신둔도예촌","daily_down":9004.0,"daily_up":9084.2,"source":"seoulriders","period":"modelled weekday","geometry_source":"track","daily":18088.2,"km":6.8042}},{"type":"Feature","geometry":{"type":"LineString","coordinates":[[127.40529,37.31555],[127.41333,37.29574],[127.41345,37.29247],[127.41179,37.27917],[127.41224,37.27553],[127.41321,37.27357],[127.4159,37.27074],[127.42007,37.2674],[127.42523,37.26503],[127.42992,37.26421],[127.44222,37.26424]]},"properties":{"line":"수도권 경강선","from":"신둔도예촌","to":"이천","daily_down":7745.4,"daily_up":7652.4,"source":"seoulriders","period":"modelled weekday","geometry_source":"track","daily":15397.8,"km":7.7643}},{"type":"Feature","geometry":{"type":"LineString","coordinates":[[127.44222,37.26424],[127.45207,37.26412],[127.46364,37.2621],[127.4675,37.26096],[127.47358,37.25798],[127.47662,37.25724],[127.48014,37.25746],[127.49033,37.2604]]},"properties":{"line":"수도권 경강선","from":"이천","to":"부발","daily_down":5144.9,"daily_up":5262.5,"source":"seoulriders","period":"modelled weekday","geometry_source":"track","daily":10407.4,"km":4.4694}},{"type":"Feature","geometry":{"type":"LineString","coordinates":[[127.49033,37.2604],[127.50692,37.26511],[127.52042,37.27069],[127.52462,37.27338],[127.54522,37.28921],[127.55074,37.29215],[127.55416,37.2932],[127.5577,37.29377],[127.57065,37.29362]]},"properties":{"line":"수도권 경강선","from":"부발","to":"세종대왕릉","daily_down":3056.6,"daily_up":3087.7,"source":"seoulriders","period":"modelled weekday","geometry_source":"track","daily":6144.3,"km":8.2929}},{"type":"Feature","geometry":{"type":"LineString","coordinates":[[127.57065,37.29362],[127.58427,37.29316],[127.60749,37.28935],[127.61073,37.28831],[127.61453,37.28572],[127.61747,37.28436],[127.62861,37.28288]]},"properties":{"line":"수도권 경강선","from":"세종대왕릉","to":"여주","daily_down":2862.9,"daily_up":2902.9,"source":"seoulriders","period":"modelled weekday","geometry_source":"track","daily":5765.8,"km":5.3551}},{"type":"Feature","geometry":{"type":"LineString","coordinates":[[126.7879,37.85445],[126.78775,37.83234],[126.79243,37.81506]]},"properties":{"line":"수도권 경의중앙선","from":"문산","to":"파주","daily_down":5361.8,"daily_up":5280.8,"source":"seoulriders","period":"modelled weekday","geometry_source":"track","daily":10642.6,"km":4.4235}},{"type":"Feature","geometry":{"type":"LineString","coordinates":[[126.79243,37.81506],[126.79539,37.8043],[126.79517,37.80257],[126.79257,37.79625]]},"properties":{"line":"수도권 경의중앙선","from":"파주","to":"월롱","daily_down":6728.0,"daily_up":6251.4,"source":"seoulriders","period":"modelled weekday","geometry_source":"track","daily":12979.4,"km":2.1567}},{"type":"Feature","geometry":{"type":"LineString","coordinates":[[126.79257,37.79625],[126.78786,37.78432],[126.7887,37.77553],[126.78808,37.77313],[126.78567,37.77087],[126.77458,37.76623]]},"properties":{"line":"수도권 경의중앙선","from":"월롱","to":"금촌","daily_down":8934.6,"daily_up":8154.2,"source":"seoulriders","period":"modelled weekday","geometry_source":"track","daily":17088.8,"km":4.0738}},{"type":"Feature","geometry":{"type":"LineString","coordinates":[[126.77458,37.76623],[126.76736,37.76292],[126.76549,37.76099],[126.76494,37.75936],[126.7645,37.75411],[126.76534,37.75138]]},"properties":{"line":"수도권 경의중앙선","from":"금촌","to":"금릉","daily_down":15034.5,"daily_up":14152.6,"source":"seoulriders","period":"modelled weekday","geometry_source":"track","daily":29187.1,"km":2.089}},{"type":"Feature","geometry":{"type":"LineString","coordinates":[[126.76534,37.75138],[126.77184,37.74037],[126.77235,37.73862],[126.77195,37.73641],[126.76704,37.72533]]},"properties":{"line":"수도권 경의중앙선","from":"금릉","to":"운정","daily_down":19847.2,"daily_up":18797.2,"source":"seoulriders","period":"modelled weekday","geometry_source":"track","daily":38644.4,"km":3.1045}},{"type":"Feature","geometry":{"type":"LineString","coordinates":[[126.76704,37.72533],[126.76152,37.71297]]},"properties":{"line":"수도권 경의중앙선","from":"운정","to":"야당","daily_down":26646.4,"daily_up":25064.6,"source":"seoulriders","period":"modelled weekday","geometry_source":"straight","daily":51711.0,"km":1.4576}},{"type":"Feature","geometry":{"type":"LineString","coordinates":[[126.76152,37.71297],[126.76113,37.71077],[126.76103,37.69411]]},"properties":{"line":"수도권 경의중앙선","from":"야당","to":"탄현","daily_down":33421.5,"daily_up":31929.0,"source":"seoulriders","period":"modelled weekday","geometry_source":"track","daily":65350.5,"km":2.0996}},{"type":"Feature","geometry":{"type":"LineString","coordinates":[[126.76103,37.69411],[126.76115,37.68823],[126.76223,37.68612],[126.76447,37.68449],[126.7695,37.68222]]},"properties":{"line":"수도권 경의중앙선","from":"탄현","to":"일산","daily_down":39837.1,"daily_up":37900.4,"source":"seoulriders","period":"modelled weekday","geometry_source":"track","daily":77737.5,"km":1.6844}},{"type":"Feature","geometry":{"type":"LineString","coordinates":[[126.7695,37.68222],[126.78309,37.67629],[126.78466,37.67493],[126.78624,37.67235]]},"properties":{"line":"수도권 경의중앙선","from":"일산","to":"풍산","daily_down":42424.9,"daily_up":44605.0,"source":"seoulriders","period":"modelled weekday","geometry_source":"track","daily":87029.9,"km":1.8894}},{"type":"Feature","geometry":{"type":"LineString","coordinates":[[126.78624,37.67235],[126.79448,37.65833]]},"properties":{"line":"수도권 경의중앙선","from":"풍산","to":"백마","daily_down":46096.2,"daily_up":48051.0,"source":"seoulriders","period":"modelled weekday","geometry_source":"straight","daily":94147.2,"km":1.7194}},{"type":"Feature","geometry":{"type":"LineString","coordinates":[[126.79448,37.65833],[126.80181,37.64575]]},"properties":{"line":"수도권 경의중앙선","from":"백마","to":"곡산","daily_down":51035.7,"daily_up":52853.0,"source":"seoulriders","period":"modelled weekday","geometry_source":"straight","daily":103888.7,"km":1.5405}},{"type":"Feature","geometry":{"type":"LineString","coordinates":[[126.80181,37.64575],[126.8109,37.63161]]},"properties":{"line":"수도권 경의중앙선","from":"곡산","to":"대곡","daily_down":51391.9,"daily_up":53189.0,"source":"seoulriders","period":"modelled weekday","geometry_source":"straight","daily":104580.9,"km":1.7643}},{"type":"Feature","geometry":{"type":"LineString","coordinates":[[126.8109,37.63161],[126.81479,37.62382],[126.82052,37.61894]]},"properties":{"line":"수도권 경의중앙선","from":"대곡","to":"능곡","daily_down":52778.6,"daily_up":58843.7,"source":"seoulriders","period":"modelled weekday","geometry_source":"track","daily":111622.3,"km":1.6725}},{"type":"Feature","geometry":{"type":"LineString","coordinates":[[126.82052,37.61894],[126.82836,37.61293],[126.83096,37.61218],[126.83406,37.61203]]},"properties":{"line":"수도권 경의중앙선","from":"능곡","to":"행신","daily_down":54897.1,"daily_up":50329.0,"source":"seoulriders","period":"modelled weekday","geometry_source":"track","daily":105226.1,"km":1.4783}},{"type":"Feature","geometry":{"type":"LineString","coordinates":[[126.83406,37.61203],[126.84453,37.61229]]},"properties":{"line":"수도권 경의중앙선","from":"행신","to":"강매","daily_down":57594.5,"daily_up":53011.9,"source":"seoulriders","period":"modelled weekday","geometry_source":"straight","daily":110606.4,"km":0.9227}},{"type":"Feature","geometry":{"type":"LineString","coordinates":[[126.84453,37.61229],[126.85028,37.61241],[126.85315,37.61166],[126.85768,37.60919],[126.86386,37.60656],[126.87202,37.59958]]},"properties":{"line":"수도권 경의중앙선","from":"강매","to":"화전","daily_down":59565.7,"daily_up":54469.2,"source":"seoulriders","period":"modelled weekday","geometry_source":"track","daily":114034.9,"km":2.9331}},{"type":"Feature","geometry":{"type":"LineString","coordinates":[[126.87202,37.59958],[126.8887,37.58524],[126.89555,37.58076]]},"properties":{"line":"수도권 경의중앙선","from":"화전","to":"수색","daily_down":61386.3,"daily_up":56078.2,"source":"seoulriders","period":"modelled weekday","geometry_source":"track","daily":117464.5,"km":2.9511}},{"type":"Feature","geometry":{"type":"LineString","coordinates":[[126.89555,37.58076],[126.89987,37.57709]]},"properties":{"line":"수도권 경의중앙선","from":"수색","to":"디지털미디어시티","daily_down":63852.8,"daily_up":58650.4,"source":"seoulriders","period":"modelled weekday","geometry_source":"straight","daily":122503.2,"km":0.5581}},{"type":"Feature","geometry":{"type":"LineString","coordinates":[[126.89987,37.57709],[126.90924,37.57134],[126.91506,37.56868]]},"properties":{"line":"수도권 경의중앙선","from":"디지털미디어시티","to":"가좌","daily_down":62585.5,"daily_up":58944.1,"source":"seoulriders","period":"modelled weekday","geometry_source":"track","daily":121529.6,"km":1.6365}},{"type":"Feature","geometry":{"type":"LineString","coordinates":[[126.91506,37.56868],[126.91916,37.56684],[126.92543,37.56536],[126.93289,37.55989],[126.93478,37.55956],[126.93963,37.55747]]},"properties":{"line":"수도권 경의중앙선","from":"가좌","to":"신촌","daily_down":15175.2,"daily_up":14949.1,"source":"seoulriders","period":"modelled weekday","geometry_source":"track","daily":30124.3,"km":2.5448}},{"type":"Feature","geometry":{"type":"LineString","coordinates":[[126.93963,37.55747],[126.94651,37.55989],[126.95456,37.56137],[126.96603,37.56241],[126.96849,37.56184],[126.97033,37.56062],[126.97111,37.55922],[126.97183,37.5538]]},"properties":{"line":"수도권 경의중앙선","from":"신촌","to":"서울역","daily_down":10727.7,"daily_up":9581.6,"source":"seoulriders","period":"modelled weekday","geometry_source":"track","daily":20309.3,"km":3.623}},{"type":"Feature","geometry":{"type":"LineString","coordinates":[[126.7879,37.85445],[126.78837,37.86137],[126.79027,37.86853],[126.79006,37.87037],[126.78856,37.87249],[126.78664,37.87367],[126.77183,37.87862],[126.7595,37.88719],[126.75737,37.88775],[126.74828,37.88826]]},"properties":{"line":"수도권 경의중앙선","from":"문산","to":"임진강","daily_down":1.0,"daily_up":3.0,"source":"seoulriders","period":"modelled weekday","geometry_source":"track","daily":4.0,"km":6.1233}},{"type":"Feature","geometry":{"type":"LineString","coordinates":[[127.05762,37.5895],[127.06262,37.59193],[127.07631,37.59498]]},"properties":{"line":"수도권 경의중앙선","from":"회기","to":"중랑","daily_down":55000.5,"daily_up":59030.3,"source":"seoulriders","period":"modelled weekday","geometry_source":"track","daily":114030.8,"km":1.7698}},{"type":"Feature","geometry":{"type":"LineString","coordinates":[[127.07631,37.59498],[127.08563,37.59672]]},"properties":{"line":"수도권 경의중앙선","from":"중랑","to":"상봉","daily_down":51856.7,"daily_up":56409.7,"source":"seoulriders","period":"modelled weekday","geometry_source":"straight","daily":108266.4,"km":0.8436}},{"type":"Feature","geometry":{"type":"LineString","coordinates":[[127.08563,37.59672],[127.09186,37.59963]]},"properties":{"line":"수도권 경의중앙선","from":"상봉","to":"망우","daily_down":47620.3,"daily_up":57083.8,"source":"seoulriders","period":"modelled weekday","geometry_source":"straight","daily":104704.1,"km":0.6371}},{"type":"Feature","geometry":{"type":"LineString","coordinates":[[127.09186,37.59963],[127.1002,37.60244],[127.10405,37.60531],[127.10793,37.60658]]},"properties":{"line":"수도권 경의중앙선","from":"망우","to":"양원","daily_down":41449.7,"daily_up":42876.1,"source":"seoulriders","period":"modelled weekday","geometry_source":"track","daily":84325.8,"km":1.6339}},{"type":"Feature","geometry":{"type":"LineString","coordinates":[[127.10793,37.60658],[127.1135,37.60747],[127.11867,37.60725],[127.12298,37.60641],[127.13707,37.60238],[127.13914,37.60235],[127.14338,37.60325]]},"properties":{"line":"수도권 경의중앙선","from":"양원","to":"구리","daily_down":38931.6,"daily_up":40282.1,"source":"seoulriders","period":"modelled weekday","geometry_source":"track","daily":79213.7,"km":3.2364}},{"type":"Feature","geometry":{"type":"LineString","coordinates":[[127.14338,37.60325],[127.15436,37.60583],[127.16119,37.60878]]},"properties":{"line":"수도권 경의중앙선","from":"구리","to":"도농","daily_down":26694.5,"daily_up":28354.4,"source":"seoulriders","period":"modelled weekday","geometry_source":"track","daily":55048.9,"km":1.6942}},{"type":"Feature","geometry":{"type":"LineString","coordinates":[[127.16119,37.60878],[127.16729,37.61139],[127.17569,37.61399],[127.17899,37.61457],[127.18211,37.61441],[127.18552,37.61339],[127.18843,37.61148],[127.19461,37.60402]]},"properties":{"line":"수도권 경의중앙선","from":"도농","to":"양정","daily_down":16267.6,"daily_up":16908.1,"source":"seoulriders","period":"modelled weekday","geometry_source":"track","daily":33175.7,"km":3.6243}},{"type":"Feature","geometry":{"type":"LineString","coordinates":[[127.19461,37.60402],[127.20091,37.59213],[127.20318,37.59008],[127.20882,37.58691]]},"properties":{"line":"수도권 경의중앙선","from":"양정","to":"덕소","daily_down":15963.7,"daily_up":16500.6,"source":"seoulriders","period":"modelled weekday","geometry_source":"track","daily":32464.3,"km":2.3464}},{"type":"Feature","geometry":{"type":"LineString","coordinates":[[127.20882,37.58691],[127.21944,37.58075],[127.22268,37.57963]]},"properties":{"line":"수도권 경의중앙선","from":"덕소","to":"도심","daily_down":10903.4,"daily_up":11340.8,"source":"seoulriders","period":"modelled weekday","geometry_source":"track","daily":22244.2,"km":1.4712}},{"type":"Feature","geometry":{"type":"LineString","coordinates":[[127.22268,37.57963],[127.22674,37.57808],[127.2293,37.57552],[127.23228,37.56757],[127.23801,37.55573],[127.24154,37.54978],[127.24381,37.54749]]},"properties":{"line":"수도권 경의중앙선","from":"도심","to":"팔당","daily_down":9066.5,"daily_up":8928.5,"source":"seoulriders","period":"modelled weekday","geometry_source":"track","daily":17995.0,"km":4.1476}},{"type":"Feature","geometry":{"type":"LineString","coordinates":[[127.24381,37.54749],[127.25125,37.54384],[127.25389,37.54324],[127.25686,37.54319],[127.26044,37.54402],[127.29555,37.55766],[127.29933,37.55814],[127.30251,37.55779],[127.30988,37.55479]]},"properties":{"line":"수도권 경의중앙선","from":"팔당","to":"운길산","daily_down":8495.3,"daily_up":8359.6,"source":"seoulriders","period":"modelled weekday","geometry_source":"track","daily":16854.9,"km":6.4018}},{"type":"Feature","geometry":{"type":"LineString","coordinates":[[127.30988,37.55479],[127.32901,37.54603]]},"properties":{"line":"수도권 경의중앙선","from":"운길산","to":"양수","daily_down":8058.6,"daily_up":7908.8,"source":"seoulriders","period":"modelled weekday","geometry_source":"straight","daily":15967.4,"km":1.9475}},{"type":"Feature","geometry":{"type":"LineString","coordinates":[[127.32901,37.54603],[127.33607,37.54276],[127.36267,37.53531],[127.36678,37.5329],[127.3727,37.52597]]},"properties":{"line":"수도권 경의중앙선","from":"양수","to":"신원","daily_down":6359.9,"daily_up":6210.4,"source":"seoulriders","period":"modelled weekday","geometry_source":"track","daily":12570.3,"km":4.5897}},{"type":"Feature","geometry":{"type":"LineString","coordinates":[[127.3727,37.52597],[127.37967,37.51717],[127.38372,37.51485],[127.38598,37.51421],[127.38895,37.51404],[127.39933,37.51617]]},"properties":{"line":"수도권 경의중앙선","from":"신원","to":"국수","daily_down":6278.5,"daily_up":6109.5,"source":"seoulriders","period":"modelled weekday","geometry_source":"track","daily":12388.0,"km":3.0161}},{"type":"Feature","geometry":{"type":"LineString","coordinates":[[127.39933,37.51617],[127.41101,37.51851],[127.42048,37.51878],[127.42674,37.51798],[127.44322,37.51392]]},"properties":{"line":"수도권 경의중앙선","from":"국수","to":"아신","daily_down":5765.0,"daily_up":5604.4,"source":"seoulriders","period":"modelled weekday","geometry_source":"track","daily":11369.4,"km":3.9795}},{"type":"Feature","geometry":{"type":"LineString","coordinates":[[127.44322,37.51392],[127.47389,37.50616]]},"properties":{"line":"수도권 경의중앙선","from":"아신","to":"오빈","daily_down":5362.0,"daily_up":5203.6,"source":"seoulriders","period":"modelled weekday","geometry_source":"straight","daily":10565.6,"km":2.8395}},{"type":"Feature","geometry":{"type":"LineString","coordinates":[[127.47389,37.50616],[127.48044,37.50372],[127.48485,37.50099],[127.4872,37.49888],[127.4919,37.49285]]},"properties":{"line":"수도권 경의중앙선","from":"오빈","to":"양평","daily_down":5257.8,"daily_up":5097.0,"source":"seoulriders","period":"modelled weekday","geometry_source":"track","daily":10354.8,"km":2.2332}},{"type":"Feature","geometry":{"type":"LineString","coordinates":[[127.4919,37.49285],[127.49642,37.487],[127.49857,37.48558],[127.52111,37.48151],[127.52404,37.47995],[127.5298,37.47403],[127.53375,37.47169],[127.53802,37.47013],[127.54687,37.46877]]},"properties":{"line":"수도권 경의중앙선","from":"양평","to":"원덕","daily_down":2192.4,"daily_up":2191.2,"source":"seoulriders","period":"modelled weekday","geometry_source":"track","daily":4383.6,"km":5.8379}},{"type":"Feature","geometry":{"type":"LineString","coordinates":[[127.54687,37.46877],[127.55585,37.46747],[127.55975,37.4675],[127.56526,37.46841],[127.57011,37.47007],[127.58358,37.47723],[127.59465,37.48223]]},"properties":{"line":"수도권 경의중앙선","from":"원덕","to":"용문","daily_down":2029.2,"daily_up":2018.9,"source":"seoulriders","period":"modelled weekday","geometry_source":"track","daily":4048.1,"km":4.6673}},{"type":"Feature","geometry":{"type":"LineString","coordinates":[[127.03781,37.5615],[127.03949,37.5562],[127.03939,37.55463],[127.0384,37.55316],[127.03473,37.55028]]},"properties":{"line":"수도권 경의중앙선","from":"왕십리","to":"응봉","daily_down":52831.7,"daily_up":51720.0,"source":"seoulriders","period":"modelled weekday","geometry_source":"track","daily":104551.7,"km":1.423}},{"type":"Feature","geometry":{"type":"LineString","coordinates":[[127.03473,37.55028],[127.0324,37.54771],[127.02884,37.54595],[127.02457,37.54448],[127.01795,37.54082]]},"properties":{"line":"수도권 경의중앙선","from":"응봉","to":"옥수","daily_down":53044.7,"daily_up":51607.8,"source":"seoulriders","period":"modelled weekday","geometry_source":"track","daily":104652.5,"km":1.8438}},{"type":"Feature","geometry":{"type":"LineString","coordinates":[[127.01795,37.54082],[127.0165,37.53859],[127.01192,37.53119],[127.00924,37.52945]]},"properties":{"line":"수도권 경의중앙선","from":"옥수","to":"한남","daily_down":47477.6,"daily_up":45302.3,"source":"seoulriders","period":"modelled weekday","geometry_source":"track","daily":92779.9,"km":1.501}},{"type":"Feature","geometry":{"type":"LineString","coordinates":[[127.00924,37.52945],[127.00355,37.526],[127.00154,37.5233],[127.00021,37.52225],[126.99441,37.51993],[126.98832,37.51957]]},"properties":{"line":"수도권 경의중앙선","from":"한남","to":"서빙고","daily_down":47184.4,"daily_up":44778.0,"source":"seoulriders","period":"modelled weekday","geometry_source":"track","daily":91962.4,"km":2.2572}},{"type":"Feature","geometry":{"type":"LineString","coordinates":[[126.98832,37.51957],[126.98255,37.51955],[126.97337,37.52271]]},"properties":{"line":"수도권 경의중앙선","from":"서빙고","to":"이촌","daily_down":47525.1,"daily_up":44975.2,"source":"seoulriders","period":"modelled weekday","geometry_source":"track","daily":92500.3,"km":1.3914}},{"type":"Feature","geometry":{"type":"LineString","coordinates":[[126.97337,37.52271],[126.97046,37.52289],[126.96468,37.52212],[126.96318,37.52236],[126.96185,37.52307],[126.96092,37.52452],[126.96095,37.5263],[126.96186,37.52741],[126.96483,37.52995]]},"properties":{"line":"수도권 경의중앙선","from":"이촌","to":"용산","daily_down":43955.0,"daily_up":41279.3,"source":"seoulriders","period":"modelled weekday","geometry_source":"track","daily":85234.3,"km":1.9619}},{"type":"Feature","geometry":{"type":"LineString","coordinates":[[126.96483,37.52995],[126.96887,37.53262],[126.96924,37.53385],[126.96896,37.53499],[126.9667,37.53734],[126.96133,37.53934]]},"properties":{"line":"수도권 경의중앙선","from":"용산","to":"효창공원앞","daily_down":32173.8,"daily_up":30890.0,"source":"seoulriders","period":"modelled weekday","geometry_source":"track","daily":63063.8,"km":1.5852}},{"type":"Feature","geometry":{"type":"LineString","coordinates":[[126.96133,37.53934],[126.95734,37.53989],[126.95081,37.54365]]},"properties":{"line":"수도권 경의중앙선","from":"효창공원앞","to":"공덕","daily_down":32894.7,"daily_up":30140.6,"source":"seoulriders","period":"modelled weekday","geometry_source":"track","daily":63035.3,"km":1.0686}},{"type":"Feature","geometry":{"type":"LineString","coordinates":[[126.95081,37.54365],[126.94051,37.54735],[126.93752,37.55065],[126.93518,37.55235]]},"properties":{"line":"수도권 경의중앙선","from":"공덕","to":"서강대","daily_down":34636.1,"daily_up":35402.5,"source":"seoulriders","period":"modelled weekday","geometry_source":"track","daily":70038.6,"km":1.7285}},{"type":"Feature","geometry":{"type":"LineString","coordinates":[[126.93518,37.55235],[126.93047,37.55566],[126.92575,37.55711]]},"properties":{"line":"수도권 경의중앙선","from":"서강대","to":"홍대입구","daily_down":34650.6,"daily_up":35386.1,"source":"seoulriders","period":"modelled weekday","geometry_source":"track","daily":70036.7,"km":1.0011}},{"type":"Feature","geometry":{"type":"LineString","coordinates":[[126.91506,37.56868],[126.9193,37.5664],[126.92575,37.55711]]},"properties":{"line":"수도권 경의중앙선","from":"가좌","to":"홍대입구","daily_down":49906.7,"daily_up":46140.2,"source":"seoulriders","period":"modelled weekday","geometry_source":"track","daily":96046.9,"km":1.6307}},{"type":"Feature","geometry":{"type":"LineString","coordinates":[[127.04735,37.58044],[127.03793,37.56719],[127.03764,37.56557],[127.03781,37.5615]]},"properties":{"line":"수도권 경의중앙선","from":"청량리","to":"왕십리","daily_down":72538.9,"daily_up":72464.9,"source":"seoulriders","period":"modelled weekday","geometry_source":"track","daily":145003.8,"km":2.3259}},{"type":"Feature","geometry":{"type":"LineString","coordinates":[[127.04735,37.58044],[127.05289,37.58652],[127.05762,37.5895]]},"properties":{"line":"수도권 경의중앙선","from":"청량리","to":"회기","daily_down":58172.5,"daily_up":62362.9,"source":"seoulriders","period":"modelled weekday","geometry_source":"track","daily":120535.4,"km":1.3663}},{"type":"Feature","geometry":{"type":"LineString","coordinates":[[127.59465,37.48223],[127.60607,37.48729],[127.60762,37.48765],[127.60998,37.48759],[127.61281,37.48665],[127.62907,37.47681]]},"properties":{"line":"수도권 경의중앙선","from":"용문","to":"지평","daily_down":26.0,"daily_up":26.5,"source":"seoulriders","period":"modelled weekday","geometry_source":"track","daily":52.5,"km":3.58}},{"type":"Feature","geometry":{"type":"LineString","coordinates":[[127.24449,37.65321],[127.25406,37.65397],[127.25811,37.65543],[127.26255,37.65803],[127.26617,37.65952],[127.27596,37.66166],[127.27819,37.6618],[127.28078,37.6614],[127.28505,37.65922]]},"properties":{"line":"수도권 경춘선","from":"평내호평","to":"천마산","daily_down":12884.0,"daily_up":13554.4,"source":"seoulriders","period":"modelled weekday","geometry_source":"track","daily":26438.4,"km":3.8543}},{"type":"Feature","geometry":{"type":"LineString","coordinates":[[127.28505,37.65922],[127.29145,37.65563],[127.29717,37.65392],[127.31167,37.65277]]},"properties":{"line":"수도권 경춘선","from":"천마산","to":"마석","daily_down":11643.9,"daily_up":12194.6,"source":"seoulriders","period":"modelled weekday","geometry_source":"track","daily":23838.5,"km":2.5116}},{"type":"Feature","geometry":{"type":"LineString","coordinates":[[127.31167,37.65277],[127.31877,37.65242],[127.32313,37.65327],[127.3423,37.66324],[127.37366,37.67349],[127.37619,37.67514],[127.37746,37.67672],[127.37959,37.68385]]},"properties":{"line":"수도권 경춘선","from":"마석","to":"대성리","daily_down":7854.7,"daily_up":8313.3,"source":"seoulriders","period":"modelled weekday","geometry_source":"track","daily":16168.0,"km":7.3384}},{"type":"Feature","geometry":{"type":"LineString","coordinates":[[127.37959,37.68385],[127.3814,37.69066],[127.38598,37.69857],[127.3899,37.7137],[127.39267,37.7173],[127.39605,37.72029],[127.39977,37.72264],[127.42664,37.73551]]},"properties":{"line":"수도권 경춘선","from":"대성리","to":"청평","daily_down":7531.7,"daily_up":7970.2,"source":"seoulriders","period":"modelled weekday","geometry_source":"track","daily":15501.9,"km":7.5546}},{"type":"Feature","geometry":{"type":"LineString","coordinates":[[127.42664,37.73551],[127.43696,37.7404],[127.43928,37.74173],[127.44099,37.74328],[127.44212,37.74518],[127.44635,37.7608],[127.45199,37.76794],[127.45443,37.77016]]},"properties":{"line":"수도권 경춘선","from":"청평","to":"상천","daily_down":6097.7,"daily_up":6489.6,"source":"seoulriders","period":"modelled weekday","geometry_source":"track","daily":12587.3,"km":4.8113}},{"type":"Feature","geometry":{"type":"LineString","coordinates":[[127.45443,37.77016],[127.45643,37.77118],[127.46589,37.77444],[127.47086,37.77757],[127.49635,37.80104],[127.50418,37.81021],[127.51076,37.81452]]},"properties":{"line":"수도권 경춘선","from":"상천","to":"가평","daily_down":5974.8,"daily_up":6344.5,"source":"seoulriders","period":"modelled weekday","geometry_source":"track","daily":12319.3,"km":7.0948}},{"type":"Feature","geometry":{"type":"LineString","coordinates":[[127.51076,37.81452],[127.51834,37.81929],[127.52114,37.82061],[127.54689,37.82944],[127.55714,37.83193]]},"properties":{"line":"수도권 경춘선","from":"가평","to":"굴봉산","daily_down":4206.9,"daily_up":4585.8,"source":"seoulriders","period":"modelled weekday","geometry_source":"track","daily":8792.7,"km":4.5451}},{"type":"Feature","geometry":{"type":"LineString","coordinates":[[127.55714,37.83193],[127.57007,37.83447],[127.5733,37.83461],[127.57615,37.83396],[127.58156,37.83196],[127.58917,37.83078]]},"properties":{"line":"수도권 경춘선","from":"굴봉산","to":"백양리","daily_down":4175.0,"daily_up":4550.7,"source":"seoulriders","period":"modelled weekday","geometry_source":"track","daily":8725.7,"km":2.9204}},{"type":"Feature","geometry":{"type":"LineString","coordinates":[[127.58917,37.83078],[127.59972,37.82913],[127.60195,37.82832],[127.60417,37.8268],[127.60629,37.82452],[127.61476,37.81148],[127.61672,37.80931],[127.61931,37.80762],[127.62226,37.80644],[127.62625,37.80563],[127.63413,37.80571]]},"properties":{"line":"수도권 경춘선","from":"백양리","to":"강촌","daily_down":4159.8,"daily_up":4535.9,"source":"seoulriders","period":"modelled weekday","geometry_source":"track","daily":8695.7,"km":5.2987}},{"type":"Feature","geometry":{"type":"LineString","coordinates":[[127.63413,37.80571],[127.68748,37.80722],[127.69496,37.80808],[127.70248,37.81037],[127.70441,37.81133],[127.70737,37.81313],[127.71408,37.81844]]},"properties":{"line":"수도권 경춘선","from":"강촌","to":"김유정","daily_down":3849.0,"daily_up":4205.0,"source":"seoulriders","period":"modelled weekday","geometry_source":"track","daily":8054.0,"km":7.4248}},{"type":"Feature","geometry":{"type":"LineString","coordinates":[[127.71408,37.81844],[127.72279,37.82522],[127.73007,37.83627],[127.73074,37.83825],[127.73121,37.84439],[127.73387,37.85176],[127.73332,37.85656],[127.73239,37.85878],[127.73075,37.86025],[127.72394,37.86401]]},"properties":{"line":"수도권 경춘선","from":"김유정","to":"남춘천","daily_down":3682.3,"daily_up":4055.6,"source":"seoulriders","period":"modelled weekday","geometry_source":"track","daily":7737.9,"km":5.9665}},{"type":"Feature","geometry":{"type":"LineString","coordinates":[[127.72394,37.86401],[127.71811,37.86716],[127.71705,37.86805],[127.71608,37.86973],[127.71354,37.87836],[127.71393,37.87995],[127.71666,37.88456]]},"properties":{"line":"수도권 경춘선","from":"남춘천","to":"춘천","daily_down":1397.8,"daily_up":1659.7,"source":"seoulriders","period":"modelled weekday","geometry_source":"track","daily":3057.5,"km":2.6924}},{"type":"Feature","geometry":{"type":"LineString","coordinates":[[127.24449,37.65321],[127.23292,37.65263],[127.22801,37.65138],[127.22403,37.64889],[127.21516,37.63989],[127.21169,37.63817],[127.20744,37.63729]]},"properties":{"line":"수도권 경춘선","from":"평내호평","to":"금곡","daily_down":19472.0,"daily_up":18693.3,"source":"seoulriders","period":"modelled weekday","geometry_source":"track","daily":38165.3,"km":3.9379}},{"type":"Feature","geometry":{"type":"LineString","coordinates":[[127.20744,37.63729],[127.19651,37.63551],[127.19379,37.63564],[127.19127,37.63636],[127.18794,37.63892],[127.1838,37.64653],[127.18208,37.648],[127.1769,37.6511]]},"properties":{"line":"수도권 경춘선","from":"금곡","to":"사릉","daily_down":20652.7,"daily_up":19839.3,"source":"seoulriders","period":"modelled weekday","geometry_source":"track","daily":40492.0,"km":3.583}},{"type":"Feature","geometry":{"type":"LineString","coordinates":[[127.1769,37.6511],[127.17041,37.65482],[127.16804,37.65542],[127.16559,37.6555],[127.16304,37.655],[127.15623,37.65222],[127.14353,37.64826]]},"properties":{"line":"수도권 경춘선","from":"사릉","to":"퇴계원","daily_down":22663.7,"daily_up":21802.6,"source":"seoulriders","period":"modelled weekday","geometry_source":"track","daily":44466.3,"km":3.2477}},{"type":"Feature","geometry":{"type":"LineString","coordinates":[[127.14353,37.64826],[127.13665,37.64614],[127.12761,37.64233]]},"properties":{"line":"수도권 경춘선","from":"퇴계원","to":"별내","daily_down":25998.3,"daily_up":24821.2,"source":"seoulriders","period":"modelled weekday","geometry_source":"track","daily":50819.5,"km":1.5517}},{"type":"Feature","geometry":{"type":"LineString","coordinates":[[127.12761,37.64233],[127.11788,37.63797],[127.11598,37.63626],[127.11473,37.63395]]},"properties":{"line":"수도권 경춘선","from":"별내","to":"갈매","daily_down":28776.5,"daily_up":27508.6,"source":"seoulriders","period":"modelled weekday","geometry_source":"track","daily":56285.1,"km":1.5171}},{"type":"Feature","geometry":{"type":"LineString","coordinates":[[127.11473,37.63395],[127.11269,37.62963],[127.10582,37.61936],[127.10373,37.61466],[127.10324,37.61265]]},"properties":{"line":"수도권 경춘선","from":"갈매","to":"신내","daily_down":31659.0,"daily_up":29912.3,"source":"seoulriders","period":"modelled weekday","geometry_source":"track","daily":61571.3,"km":2.5869}},{"type":"Feature","geometry":{"type":"LineString","coordinates":[[127.10324,37.61265],[127.10339,37.60653],[127.10254,37.60436],[127.10115,37.60312],[127.09945,37.60228],[127.09638,37.60115],[127.09186,37.59963]]},"properties":{"line":"수도권 경춘선","from":"신내","to":"망우","daily_down":29461.0,"daily_up":27711.7,"source":"seoulriders","period":"modelled weekday","geometry_source":"track","daily":57172.7,"km":2.025}},{"type":"Feature","geometry":{"type":"LineString","coordinates":[[127.09186,37.59963],[127.08563,37.59672]]},"properties":{"line":"수도권 경춘선","from":"망우","to":"상봉","daily_down":20030.4,"daily_up":26124.7,"source":"seoulriders","period":"modelled weekday","geometry_source":"straight","daily":46155.1,"km":0.6371}},{"type":"Feature","geometry":{"type":"LineString","coordinates":[[127.08563,37.59672],[127.07631,37.59498]]},"properties":{"line":"수도권 경춘선","from":"상봉","to":"중랑","daily_down":4339.8,"daily_up":5737.1,"source":"seoulriders","period":"modelled weekday","geometry_source":"straight","daily":10076.9,"km":0.8436}},{"type":"Feature","geometry":{"type":"LineString","coordinates":[[127.07631,37.59498],[127.06262,37.59193],[127.05762,37.5895]]},"properties":{"line":"수도권 경춘선","from":"중랑","to":"회기","daily_down":4363.9,"daily_up":5060.6,"source":"seoulriders","period":"modelled weekday","geometry_source":"track","daily":9424.5,"km":1.7698}},{"type":"Feature","geometry":{"type":"LineString","coordinates":[[127.05762,37.5895],[127.05321,37.58677],[127.04735,37.58044]]},"properties":{"line":"수도권 경춘선","from":"회기","to":"청량리","daily_down":1754.7,"daily_up":4642.2,"source":"seoulriders","period":"modelled weekday","geometry_source":"track","daily":6396.9,"km":1.3661}},{"type":"Feature","geometry":{"type":"LineString","coordinates":[[127.08563,37.59672],[127.08059,37.59597],[127.07759,37.59622],[127.06882,37.60116],[127.06796,37.6029],[127.06734,37.61149],[127.06182,37.6237]]},"properties":{"line":"수도권 경춘선","from":"상봉","to":"광운대","daily_down":317.7,"daily_up":393.0,"source":"seoulriders","period":"modelled weekday","geometry_source":"track","daily":710.7,"km":4.2722}},{"type":"Feature","geometry":{"type":"LineString","coordinates":[[126.78624,37.67235],[126.79448,37.65833]]},"properties":{"line":"수도권 서해선","from":"풍산","to":"백마","daily_down":7211.6,"daily_up":2836.9,"source":"seoulriders","period":"modelled weekday","geometry_source":"straight","daily":10048.5,"km":1.7194}},{"type":"Feature","geometry":{"type":"LineString","coordinates":[[126.79448,37.65833],[126.80181,37.64575]]},"properties":{"line":"수도권 서해선","from":"백마","to":"곡산","daily_down":8431.0,"daily_up":3970.4,"source":"seoulriders","period":"modelled weekday","geometry_source":"straight","daily":12401.4,"km":1.5405}},{"type":"Feature","geometry":{"type":"LineString","coordinates":[[126.80181,37.64575],[126.8109,37.63161]]},"properties":{"line":"수도권 서해선","from":"곡산","to":"대곡","daily_down":8489.5,"daily_up":4068.3,"source":"seoulriders","period":"modelled weekday","geometry_source":"straight","daily":12557.8,"km":1.7643}},{"type":"Feature","geometry":{"type":"LineString","coordinates":[[126.8109,37.63161],[126.8147,37.62378],[126.82052,37.61894]]},"properties":{"line":"수도권 서해선","from":"대곡","to":"능곡","daily_down":37702.4,"daily_up":29398.5,"source":"seoulriders","period":"modelled weekday","geometry_source":"track","daily":67100.9,"km":1.676}},{"type":"Feature","geometry":{"type":"LineString","coordinates":[[126.82052,37.61894],[126.82955,37.61139],[126.83084,37.60837],[126.83052,37.60629],[126.82924,37.60443],[126.82294,37.5999],[126.82159,37.59834],[126.80384,37.57415],[126.80314,37.57144],[126.80305,37.56772],[126.80212,37.56194]]},"properties":{"line":"수도권 서해선","from":"능곡","to":"김포공항","daily_down":43842.6,"daily_up":45768.0,"source":"seoulriders","period":"modelled weekday","geometry_source":"track","daily":89610.6,"km":7.4201}},{"type":"Feature","geometry":{"type":"LineString","coordinates":[[126.80212,37.56194],[126.8095,37.54679],[126.80978,37.54472],[126.80944,37.54257],[126.80484,37.52972],[126.80486,37.52385]]},"properties":{"line":"수도권 서해선","from":"김포공항","to":"원종","daily_down":49606.6,"daily_up":48296.0,"source":"seoulriders","period":"modelled weekday","geometry_source":"track","daily":97902.6,"km":4.4163}},{"type":"Feature","geometry":{"type":"LineString","coordinates":[[126.80486,37.52385],[126.80446,37.51737],[126.80308,37.51547],[126.79842,37.51102],[126.79729,37.50546]]},"properties":{"line":"수도권 서해선","from":"원종","to":"부천종합운동장","daily_down":49612.9,"daily_up":48450.5,"source":"seoulriders","period":"modelled weekday","geometry_source":"track","daily":98063.4,"km":2.2347}},{"type":"Feature","geometry":{"type":"LineString","coordinates":[[126.79729,37.50546],[126.79669,37.49721],[126.79395,37.48943],[126.7953,37.48288]]},"properties":{"line":"수도권 서해선","from":"부천종합운동장","to":"소사","daily_down":41190.6,"daily_up":39719.0,"source":"seoulriders","period":"modelled weekday","geometry_source":"track","daily":80909.6,"km":2.5551}},{"type":"Feature","geometry":{"type":"LineString","coordinates":[[126.7953,37.48288],[126.79556,37.48034],[126.7956,37.47147],[126.7971,37.46887]]},"properties":{"line":"수도권 서해선","from":"소사","to":"소새울","daily_down":26447.7,"daily_up":24655.2,"source":"seoulriders","period":"modelled weekday","geometry_source":"track","daily":51102.9,"km":1.5876}},{"type":"Feature","geometry":{"type":"LineString","coordinates":[[126.7971,37.46887],[126.79867,37.46581],[126.79878,37.46414],[126.79661,37.45773],[126.79312,37.45034]]},"properties":{"line":"수도권 서해선","from":"소새울","to":"시흥대야","daily_down":25979.1,"daily_up":24326.5,"source":"seoulriders","period":"modelled weekday","geometry_source":"track","daily":50305.6,"km":2.169}},{"type":"Feature","geometry":{"type":"LineString","coordinates":[[126.79312,37.45034],[126.7868,37.43931]]},"properties":{"line":"수도권 서해선","from":"시흥대야","to":"신천","daily_down":25010.2,"daily_up":23720.3,"source":"seoulriders","period":"modelled weekday","geometry_source":"straight","daily":48730.5,"km":1.3474}},{"type":"Feature","geometry":{"type":"LineString","coordinates":[[126.7868,37.43931],[126.78534,37.43667],[126.7849,37.4349],[126.78423,37.43077],[126.78416,37.42537],[126.78699,37.41579],[126.78787,37.40958]]},"properties":{"line":"수도권 서해선","from":"신천","to":"신현","daily_down":23190.9,"daily_up":22453.3,"source":"seoulriders","period":"modelled weekday","geometry_source":"track","daily":45644.2,"km":3.3738}},{"type":"Feature","geometry":{"type":"LineString","coordinates":[[126.78787,37.40958],[126.78872,37.40431],[126.78955,37.40217],[126.79149,37.40017],[126.80201,37.39171],[126.8034,37.38943],[126.80575,37.38208]]},"properties":{"line":"수도권 서해선","from":"신현","to":"시흥시청","daily_down":22871.2,"daily_up":22277.2,"source":"seoulriders","period":"modelled weekday","geometry_source":"track","daily":45148.4,"km":3.5678}},{"type":"Feature","geometry":{"type":"LineString","coordinates":[[126.80575,37.38208],[126.80814,37.37521],[126.80875,37.37009]]},"properties":{"line":"수도권 서해선","from":"시흥시청","to":"시흥능곡","daily_down":22332.0,"daily_up":21904.9,"source":"seoulriders","period":"modelled weekday","geometry_source":"track","daily":44236.9,"km":1.3644}},{"type":"Feature","geometry":{"type":"LineString","coordinates":[[126.80875,37.37009],[126.80637,37.36287],[126.80907,37.3491]]},"properties":{"line":"수도권 서해선","from":"시흥능곡","to":"달미","daily_down":21691.3,"daily_up":21528.6,"source":"seoulriders","period":"modelled weekday","geometry_source":"track","daily":43219.9,"km":2.3796}},{"type":"Feature","geometry":{"type":"LineString","coordinates":[[126.80907,37.3491],[126.81032,37.3404],[126.8099,37.33446]]},"properties":{"line":"수도권 서해선","from":"달미","to":"선부","daily_down":21445.0,"daily_up":21358.0,"source":"seoulriders","period":"modelled weekday","geometry_source":"track","daily":42803.0,"km":1.6352}},{"type":"Feature","geometry":{"type":"LineString","coordinates":[[126.8099,37.33446],[126.80884,37.32177],[126.80671,37.32036]]},"properties":{"line":"수도권 서해선","from":"선부","to":"초지","daily_down":20675.5,"daily_up":20999.2,"source":"seoulriders","period":"modelled weekday","geometry_source":"track","daily":41674.7,"km":1.6592}},{"type":"Feature","geometry":{"type":"LineString","coordinates":[[126.7695,37.68222],[126.78309,37.67629],[126.78466,37.67493],[126.78624,37.67235]]},"properties":{"line":"수도권 서해선","from":"일산","to":"풍산","daily_down":6164.7,"daily_up":1899.3,"source":"seoulriders","period":"modelled weekday","geometry_source":"track","daily":8064.0,"km":1.8894}},{"type":"Feature","geometry":{"type":"LineString","coordinates":[[126.80671,37.32036],[126.80554,37.31666],[126.80402,37.31552],[126.79564,37.31311]]},"properties":{"line":"수도권 서해선","from":"초지","to":"시우","daily_down":80.0,"daily_up":41.7,"source":"seoulriders","period":"modelled weekday","geometry_source":"track","daily":121.7,"km":1.397}},{"type":"Feature","geometry":{"type":"LineString","coordinates":[[126.79564,37.31311],[126.7917,37.31179],[126.79059,37.31077],[126.78678,37.30256]]},"properties":{"line":"수도권 서해선","from":"시우","to":"원시","daily_down":40.2,"daily_up":17.6,"source":"seoulriders","period":"modelled weekday","geometry_source":"track","daily":57.8,"km":1.5012}},{"type":"Feature","geometry":{"type":"LineString","coordinates":[[127.10891,37.33994],[127.10895,37.35]]},"properties":{"line":"수도권 수인분당선","from":"오리","to":"미금","daily_down":76588.7,"daily_up":74719.8,"source":"seoulriders","period":"modelled weekday","geometry_source":"straight","daily":151308.5,"km":1.1186}},{"type":"Feature","geometry":{"type":"LineString","coordinates":[[127.10895,37.35],[127.10888,37.35488],[127.10817,37.35931],[127.10828,37.36644]]},"properties":{"line":"수도권 수인분당선","from":"미금","to":"정자","daily_down":61974.5,"daily_up":73856.0,"source":"seoulriders","period":"modelled weekday","geometry_source":"track","daily":135830.5,"km":1.8321}},{"type":"Feature","geometry":{"type":"LineString","coordinates":[[127.10828,37.36644],[127.10829,37.37394],[127.11424,37.37841]]},"properties":{"line":"수도권 수인분당선","from":"정자","to":"수내","daily_down":70045.8,"daily_up":67162.6,"source":"seoulriders","period":"modelled weekday","geometry_source":"track","daily":137208.4,"km":1.5575}},{"type":"Feature","geometry":{"type":"LineString","coordinates":[[127.11424,37.37841],[127.12333,37.38491]]},"properties":{"line":"수도권 수인분당선","from":"수내","to":"서현","daily_down":69623.6,"daily_up":66996.3,"source":"seoulriders","period":"modelled weekday","geometry_source":"straight","daily":136619.9,"km":1.0805}},{"type":"Feature","geometry":{"type":"LineString","coordinates":[[127.12333,37.38491],[127.1279,37.38854],[127.12832,37.39497]]},"properties":{"line":"수도권 수인분당선","from":"서현","to":"이매","daily_down":72099.0,"daily_up":70100.3,"source":"seoulriders","period":"modelled weekday","geometry_source":"track","daily":142199.3,"km":1.2869}},{"type":"Feature","geometry":{"type":"LineString","coordinates":[[127.12832,37.39497],[127.12867,37.39861],[127.12826,37.40299],[127.12871,37.4113]]},"properties":{"line":"수도권 수인분당선","from":"이매","to":"야탑","daily_down":72546.7,"daily_up":73131.4,"source":"seoulriders","period":"modelled weekday","geometry_source":"track","daily":145678.1,"km":1.8192}},{"type":"Feature","geometry":{"type":"LineString","coordinates":[[127.12871,37.4113],[127.12884,37.42445],[127.12944,37.42905],[127.12912,37.43298]]},"properties":{"line":"수도권 수인분당선","from":"야탑","to":"모란","daily_down":79898.2,"daily_up":82148.0,"source":"seoulriders","period":"modelled weekday","geometry_source":"track","daily":162046.2,"km":2.4144}},{"type":"Feature","geometry":{"type":"LineString","coordinates":[[127.12912,37.43298],[127.12775,37.43971]]},"properties":{"line":"수도권 수인분당선","from":"모란","to":"태평","daily_down":78026.9,"daily_up":82942.9,"source":"seoulriders","period":"modelled weekday","geometry_source":"straight","daily":160969.8,"km":0.7581}},{"type":"Feature","geometry":{"type":"LineString","coordinates":[[127.12775,37.43971],[127.12672,37.4487]]},"properties":{"line":"수도권 수인분당선","from":"태평","to":"가천대","daily_down":81819.0,"daily_up":86235.2,"source":"seoulriders","period":"modelled weekday","geometry_source":"straight","daily":168054.2,"km":1.0038}},{"type":"Feature","geometry":{"type":"LineString","coordinates":[[127.12672,37.4487],[127.12586,37.45933],[127.12671,37.47058]]},"properties":{"line":"수도권 수인분당선","from":"가천대","to":"복정","daily_down":86516.1,"daily_up":91413.3,"source":"seoulriders","period":"modelled weekday","geometry_source":"track","daily":177929.4,"km":2.4376}},{"type":"Feature","geometry":{"type":"LineString","coordinates":[[127.12671,37.47058],[127.12637,37.47359],[127.1251,37.47555],[127.11303,37.4782],[127.10184,37.48742]]},"properties":{"line":"수도권 수인분당선","from":"복정","to":"수서","daily_down":76122.5,"daily_up":77156.2,"source":"seoulriders","period":"modelled weekday","geometry_source":"track","daily":153278.7,"km":3.1096}},{"type":"Feature","geometry":{"type":"LineString","coordinates":[[127.10184,37.48742],[127.09957,37.48895],[127.09507,37.49441],[127.09021,37.4962],[127.08715,37.49612],[127.07275,37.49139]]},"properties":{"line":"수도권 수인분당선","from":"수서","to":"대모산입구","daily_down":72860.9,"daily_up":76779.0,"source":"seoulriders","period":"modelled weekday","geometry_source":"track","daily":149639.9,"km":3.106}},{"type":"Feature","geometry":{"type":"LineString","coordinates":[[127.07275,37.49139],[127.06977,37.48983],[127.06604,37.4891]]},"properties":{"line":"수도권 수인분당선","from":"대모산입구","to":"개포동","daily_down":76438.5,"daily_up":79906.0,"source":"seoulriders","period":"modelled weekday","geometry_source":"track","daily":156344.5,"km":0.6539}},{"type":"Feature","geometry":{"type":"LineString","coordinates":[[127.06604,37.4891],[127.06129,37.48709],[127.05946,37.48693]]},"properties":{"line":"수도권 수인분당선","from":"개포동","to":"구룡","daily_down":79045.2,"daily_up":82656.3,"source":"seoulriders","period":"modelled weekday","geometry_source":"track","daily":161701.5,"km":0.6374}},{"type":"Feature","geometry":{"type":"LineString","coordinates":[[127.05946,37.48693],[127.05703,37.48801],[127.05547,37.49077]]},"properties":{"line":"수도권 수인분당선","from":"구룡","to":"도곡","daily_down":81049.2,"daily_up":84545.2,"source":"seoulriders","period":"modelled weekday","geometry_source":"track","daily":165594.4,"km":0.5821}},{"type":"Feature","geometry":{"type":"LineString","coordinates":[[127.05547,37.49077],[127.05287,37.49627]]},"properties":{"line":"수도권 수인분당선","from":"도곡","to":"한티","daily_down":92294.1,"daily_up":91909.6,"source":"seoulriders","period":"modelled weekday","geometry_source":"straight","daily":184203.7,"km":0.6532}},{"type":"Feature","geometry":{"type":"LineString","coordinates":[[127.05287,37.49627],[127.04895,37.50447]]},"properties":{"line":"수도권 수인분당선","from":"한티","to":"선릉","daily_down":101211.2,"daily_up":102085.7,"source":"seoulriders","period":"modelled weekday","geometry_source":"straight","daily":203296.9,"km":0.9752}},{"type":"Feature","geometry":{"type":"LineString","coordinates":[[127.04895,37.50447],[127.04803,37.50641],[127.04466,37.50864],[127.04378,37.51049]]},"properties":{"line":"수도권 수인분당선","from":"선릉","to":"선정릉","daily_down":113665.1,"daily_up":119648.9,"source":"seoulriders","period":"modelled weekday","geometry_source":"track","daily":233314.0,"km":0.8375}},{"type":"Feature","geometry":{"type":"LineString","coordinates":[[127.04378,37.51049],[127.04135,37.51699]]},"properties":{"line":"수도권 수인분당선","from":"선정릉","to":"강남구청","daily_down":111886.8,"daily_up":114369.2,"source":"seoulriders","period":"modelled weekday","geometry_source":"straight","daily":226256.0,"km":0.7539}},{"type":"Feature","geometry":{"type":"LineString","coordinates":[[127.04135,37.51699],[127.03914,37.52321],[127.04071,37.52781]]},"properties":{"line":"수도권 수인분당선","from":"강남구청","to":"압구정로데오","daily_down":93897.0,"daily_up":95237.9,"source":"seoulriders","period":"modelled weekday","geometry_source":"track","daily":189134.9,"km":1.2485}},{"type":"Feature","geometry":{"type":"LineString","coordinates":[[127.04071,37.52781],[127.04474,37.54359]]},"properties":{"line":"수도권 수인분당선","from":"압구정로데오","to":"서울숲","daily_down":88612.3,"daily_up":91724.0,"source":"seoulriders","period":"modelled weekday","geometry_source":"straight","daily":180336.3,"km":1.7903}},{"type":"Feature","geometry":{"type":"LineString","coordinates":[[127.04474,37.54359],[127.04483,37.54544],[127.04397,37.55119],[127.04107,37.5532],[127.04012,37.55434],[127.03781,37.5615]]},"properties":{"line":"수도권 수인분당선","from":"서울숲","to":"왕십리","daily_down":86006.8,"daily_up":89621.7,"source":"seoulriders","period":"modelled weekday","geometry_source":"track","daily":175628.5,"km":2.163}},{"type":"Feature","geometry":{"type":"LineString","coordinates":[[127.10741,37.32457],[127.10758,37.33034],[127.10914,37.33441],[127.10891,37.33994]]},"properties":{"line":"수도권 수인분당선","from":"죽전","to":"오리","daily_down":68873.5,"daily_up":68960.8,"source":"seoulriders","period":"modelled weekday","geometry_source":"track","daily":137834.3,"km":1.7301}},{"type":"Feature","geometry":{"type":"LineString","coordinates":[[127.10741,37.32457],[127.10726,37.31774],[127.10834,37.3126]]},"properties":{"line":"수도권 수인분당선","from":"죽전","to":"보정","daily_down":59598.1,"daily_up":60933.7,"source":"seoulriders","period":"modelled weekday","geometry_source":"track","daily":120531.8,"km":1.339}},{"type":"Feature","geometry":{"type":"LineString","coordinates":[[127.10834,37.3126],[127.10821,37.30944],[127.10625,37.3072],[127.1059,37.30625],[127.10575,37.29901]]},"properties":{"line":"수도권 수인분당선","from":"보정","to":"구성","daily_down":58572.6,"daily_up":59567.7,"source":"seoulriders","period":"modelled weekday","geometry_source":"track","daily":118140.3,"km":1.5703}},{"type":"Feature","geometry":{"type":"LineString","coordinates":[[127.10575,37.29901],[127.10579,37.29531],[127.10644,37.29128],[127.10834,37.28877],[127.11137,37.28615]]},"properties":{"line":"수도권 수인분당선","from":"구성","to":"신갈","daily_down":56573.4,"daily_up":57823.5,"source":"seoulriders","period":"modelled weekday","geometry_source":"track","daily":114396.9,"km":1.5849}},{"type":"Feature","geometry":{"type":"LineString","coordinates":[[127.11137,37.28615],[127.11511,37.28291],[127.1157,37.28199],[127.11601,37.27551]]},"properties":{"line":"수도권 수인분당선","from":"신갈","to":"기흥","daily_down":55398.5,"daily_up":56533.5,"source":"seoulriders","period":"modelled weekday","geometry_source":"track","daily":111932.0,"km":1.3251}},{"type":"Feature","geometry":{"type":"LineString","coordinates":[[127.11601,37.27551],[127.11571,37.26419],[127.11478,37.26304],[127.11311,37.26212],[127.1089,37.26169]]},"properties":{"line":"수도권 수인분당선","from":"기흥","to":"상갈","daily_down":54184.8,"daily_up":54554.4,"source":"seoulriders","period":"modelled weekday","geometry_source":"track","daily":108739.2,"km":1.9664}},{"type":"Feature","geometry":{"type":"LineString","coordinates":[[127.1089,37.26169],[127.09251,37.2607],[127.08362,37.26199],[127.0814,37.26154],[127.07951,37.25996]]},"properties":{"line":"수도권 수인분당선","from":"상갈","to":"청명","daily_down":53924.2,"daily_up":54021.2,"source":"seoulriders","period":"modelled weekday","geometry_source":"track","daily":107945.4,"km":2.6997}},{"type":"Feature","geometry":{"type":"LineString","coordinates":[[127.07951,37.25996],[127.07128,37.25135]]},"properties":{"line":"수도권 수인분당선","from":"청명","to":"영통","daily_down":54633.9,"daily_up":54617.3,"source":"seoulriders","period":"modelled weekday","geometry_source":"straight","daily":109251.2,"km":1.203}},{"type":"Feature","geometry":{"type":"LineString","coordinates":[[127.07128,37.25135],[127.06742,37.2473],[127.06577,37.24609],[127.0569,37.24576]]},"properties":{"line":"수도권 수인분당선","from":"영통","to":"망포","daily_down":56257.4,"daily_up":56395.7,"source":"seoulriders","period":"modelled weekday","geometry_source":"track","daily":112653.1,"km":1.5498}},{"type":"Feature","geometry":{"type":"LineString","coordinates":[[127.0569,37.24576],[127.05218,37.2455],[127.05038,37.24583],[127.04206,37.25122],[127.04038,37.25301]]},"properties":{"line":"수도권 수인분당선","from":"망포","to":"매탄권선","daily_down":59079.2,"daily_up":58578.4,"source":"seoulriders","period":"modelled weekday","geometry_source":"track","daily":117657.6,"km":1.7802}},{"type":"Feature","geometry":{"type":"LineString","coordinates":[[127.04038,37.25301],[127.03913,37.2549],[127.03664,37.25675],[127.03528,37.26042],[127.0343,37.26108],[127.03186,37.26165]]},"properties":{"line":"수도권 수인분당선","from":"매탄권선","to":"수원시청","daily_down":60135.3,"daily_up":59482.5,"source":"seoulriders","period":"modelled weekday","geometry_source":"track","daily":119617.8,"km":1.3031}},{"type":"Feature","geometry":{"type":"LineString","coordinates":[[127.03186,37.26165],[127.01569,37.26548]]},"properties":{"line":"수도권 수인분당선","from":"수원시청","to":"매교","daily_down":63687.6,"daily_up":64250.8,"source":"seoulriders","period":"modelled weekday","geometry_source":"straight","daily":127938.4,"km":1.493}},{"type":"Feature","geometry":{"type":"LineString","coordinates":[[127.01569,37.26548],[127.01223,37.26629],[127.00886,37.26791],[127.00687,37.2682],[127.00532,37.26812],[126.99991,37.26581]]},"properties":{"line":"수도권 수인분당선","from":"매교","to":"수원","daily_down":65368.0,"daily_up":65910.3,"source":"seoulriders","period":"modelled weekday","geometry_source":"track","daily":131278.3,"km":1.5273}},{"type":"Feature","geometry":{"type":"LineString","coordinates":[[126.99991,37.26581],[126.99668,37.2648],[126.99543,37.26358],[126.99166,37.25397],[126.98879,37.2526],[126.98046,37.24969]]},"properties":{"line":"수도권 수인분당선","from":"수원","to":"고색","daily_down":37327.1,"daily_up":37813.6,"source":"seoulriders","period":"modelled weekday","geometry_source":"track","daily":75140.7,"km":2.703}},{"type":"Feature","geometry":{"type":"LineString","coordinates":[[127.03781,37.5615],[127.03762,37.56575],[127.03801,37.56733],[127.04735,37.58044]]},"properties":{"line":"수도권 수인분당선","from":"왕십리","to":"청량리","daily_down":2696.7,"daily_up":3015.0,"source":"seoulriders","period":"modelled weekday","geometry_source":"track","daily":5711.7,"km":2.326}},{"type":"Feature","geometry":{"type":"LineString","coordinates":[[126.73849,37.36192],[126.73674,37.35785],[126.73671,37.35582],[126.73838,37.35348],[126.74295,37.35181]]},"properties":{"line":"수도권 수인분당선","from":"오이도","to":"정왕","daily_down":24428.2,"daily_up":30304.0,"source":"seoulriders","period":"modelled weekday","geometry_source":"track","daily":54732.2,"km":1.4477}},{"type":"Feature","geometry":{"type":"LineString","coordinates":[[126.74295,37.35181],[126.75512,37.34807],[126.75665,37.34682],[126.76074,37.34116],[126.7673,37.33754]]},"properties":{"line":"수도권 수인분당선","from":"정왕","to":"신길온천","daily_down":25151.3,"daily_up":30373.0,"source":"seoulriders","period":"modelled weekday","geometry_source":"track","daily":55524.3,"km":2.779}},{"type":"Feature","geometry":{"type":"LineString","coordinates":[[126.7673,37.33754],[126.77686,37.33244],[126.7888,37.32705]]},"properties":{"line":"수도권 수인분당선","from":"신길온천","to":"안산","daily_down":25410.7,"daily_up":30456.6,"source":"seoulriders","period":"modelled weekday","geometry_source":"track","daily":55867.3,"km":2.2318}},{"type":"Feature","geometry":{"type":"LineString","coordinates":[[126.7888,37.32705],[126.79468,37.32442],[126.80126,37.32282],[126.80671,37.32036]]},"properties":{"line":"수도권 수인분당선","from":"안산","to":"초지","daily_down":25841.3,"daily_up":31302.1,"source":"seoulriders","period":"modelled weekday","geometry_source":"track","daily":57143.4,"km":1.7591}},{"type":"Feature","geometry":{"type":"LineString","coordinates":[[126.80671,37.32036],[126.81357,37.31752],[126.8231,37.31685]]},"properties":{"line":"수도권 수인분당선","from":"초지","to":"고잔","daily_down":30436.3,"daily_up":35130.2,"source":"seoulriders","period":"modelled weekday","geometry_source":"track","daily":65566.5,"km":1.53}},{"type":"Feature","geometry":{"type":"LineString","coordinates":[[126.8231,37.31685],[126.83853,37.31603]]},"properties":{"line":"수도권 수인분당선","from":"고잔","to":"중앙","daily_down":31704.3,"daily_up":35443.0,"source":"seoulriders","period":"modelled weekday","geometry_source":"straight","daily":67147.3,"km":1.3676}},{"type":"Feature","geometry":{"type":"LineString","coordinates":[[126.83853,37.31603],[126.84531,37.31567],[126.84777,37.31501],[126.84931,37.31406],[126.85361,37.30974]]},"properties":{"line":"수도권 수인분당선","from":"중앙","to":"한대앞","daily_down":32787.3,"daily_up":37537.6,"source":"seoulriders","period":"modelled weekday","geometry_source":"track","daily":70324.9,"km":1.6155}},{"type":"Feature","geometry":{"type":"LineString","coordinates":[[126.85361,37.30974],[126.85808,37.305],[126.85895,37.30327],[126.85878,37.29686],[126.8572,37.29086]]},"properties":{"line":"수도권 수인분당선","from":"한대앞","to":"사리","daily_down":34405.2,"daily_up":35766.4,"source":"seoulriders","period":"modelled weekday","geometry_source":"track","daily":70171.6,"km":2.2606}},{"type":"Feature","geometry":{"type":"LineString","coordinates":[[126.8572,37.29086],[126.85494,37.28347],[126.85476,37.28051],[126.85632,37.277],[126.86128,37.27102],[126.8644,37.26887],[126.8767,37.26582],[126.88402,37.26122]]},"properties":{"line":"수도권 수인분당선","from":"사리","to":"야목","daily_down":32481.0,"daily_up":33199.2,"source":"seoulriders","period":"modelled weekday","geometry_source":"track","daily":65680.2,"km":4.7166}},{"type":"Feature","geometry":{"type":"LineString","coordinates":[[126.88402,37.26122],[126.89159,37.25648],[126.90891,37.25012]]},"properties":{"line":"수도권 수인분당선","from":"야목","to":"어천","daily_down":32491.1,"daily_up":33159.1,"source":"seoulriders","period":"modelled weekday","geometry_source":"track","daily":65650.2,"km":2.5406}},{"type":"Feature","geometry":{"type":"LineString","coordinates":[[126.90891,37.25012],[126.9159,37.2477],[126.9376,37.24453],[126.95245,37.24087],[126.95577,37.2409],[126.95964,37.24162],[126.96374,37.24331]]},"properties":{"line":"수도권 수인분당선","from":"어천","to":"오목천","daily_down":32604.9,"daily_up":33220.0,"source":"seoulriders","period":"modelled weekday","geometry_source":"track","daily":65824.9,"km":5.0581}},{"type":"Feature","geometry":{"type":"LineString","coordinates":[[126.98046,37.24969],[126.96798,37.24538],[126.96374,37.24331]]},"properties":{"line":"수도권 수인분당선","from":"고색","to":"오목천","daily_down":34527.4,"daily_up":34667.1,"source":"seoulriders","period":"modelled weekday","geometry_source":"track","daily":69194.5,"km":1.6444}},{"type":"Feature","geometry":{"type":"LineString","coordinates":[[126.73849,37.36192],[126.74118,37.36863],[126.74126,37.37408],[126.74536,37.37998]]},"properties":{"line":"수도권 수인분당선","from":"오이도","to":"달월","daily_down":35708.2,"daily_up":36371.6,"source":"seoulriders","period":"modelled weekday","geometry_source":"track","daily":72079.8,"km":2.1386}},{"type":"Feature","geometry":{"type":"LineString","coordinates":[[126.74536,37.37998],[126.74721,37.38311],[126.74681,37.38638],[126.74604,37.38814],[126.7427,37.39179]]},"properties":{"line":"수도권 수인분당선","from":"달월","to":"월곶","daily_down":35719.7,"daily_up":36362.3,"source":"seoulriders","period":"modelled weekday","geometry_source":"track","daily":72082.0,"km":1.4588}},{"type":"Feature","geometry":{"type":"LineString","coordinates":[[126.7427,37.39179],[126.73491,37.39989],[126.73353,37.40092]]},"properties":{"line":"수도권 수인분당선","from":"월곶","to":"소래포구","daily_down":36195.1,"daily_up":36558.5,"source":"seoulriders","period":"modelled weekday","geometry_source":"track","daily":72753.6,"km":1.3008}},{"type":"Feature","geometry":{"type":"LineString","coordinates":[[126.73353,37.40092],[126.73134,37.40166],[126.72952,37.40181],[126.72257,37.40069]]},"properties":{"line":"수도권 수인분당선","from":"소래포구","to":"인천논현","daily_down":37565.4,"daily_up":37620.4,"source":"seoulriders","period":"modelled weekday","geometry_source":"track","daily":75185.8,"km":0.9983}},{"type":"Feature","geometry":{"type":"LineString","coordinates":[[126.72257,37.40069],[126.71635,37.39962],[126.71419,37.39957],[126.71239,37.39996],[126.70864,37.40169]]},"properties":{"line":"수도권 수인분당선","from":"인천논현","to":"호구포","daily_down":38923.9,"daily_up":39426.3,"source":"seoulriders","period":"modelled weekday","geometry_source":"track","daily":78350.2,"km":1.3009}},{"type":"Feature","geometry":{"type":"LineString","coordinates":[[126.70864,37.40169],[126.69523,37.40775]]},"properties":{"line":"수도권 수인분당선","from":"호구포","to":"남동인더스파크","daily_down":40108.0,"daily_up":40780.7,"source":"seoulriders","period":"modelled weekday","geometry_source":"straight","daily":80888.7,"km":1.3628}},{"type":"Feature","geometry":{"type":"LineString","coordinates":[[126.69523,37.40775],[126.68737,37.41287]]},"properties":{"line":"수도권 수인분당선","from":"남동인더스파크","to":"원인재","daily_down":40862.7,"daily_up":41796.6,"source":"seoulriders","period":"modelled weekday","geometry_source":"straight","daily":82659.3,"km":0.8978}},{"type":"Feature","geometry":{"type":"LineString","coordinates":[[126.68737,37.41287],[126.67897,37.41779]]},"properties":{"line":"수도권 수인분당선","from":"원인재","to":"연수","daily_down":15956.7,"daily_up":17700.2,"source":"seoulriders","period":"modelled weekday","geometry_source":"straight","daily":33656.9,"km":0.9218}},{"type":"Feature","geometry":{"type":"LineString","coordinates":[[126.67897,37.41779],[126.67359,37.4211],[126.66968,37.42468],[126.66662,37.42638],[126.66435,37.42716],[126.6602,37.42754],[126.65471,37.42994]]},"properties":{"line":"수도권 수인분당선","from":"연수","to":"송도","daily_down":13050.9,"daily_up":14711.1,"source":"seoulriders","period":"modelled weekday","geometry_source":"track","daily":27762.0,"km":2.5984}},{"type":"Feature","geometry":{"type":"LineString","coordinates":[[126.65471,37.42994],[126.64904,37.43273],[126.64765,37.43488],[126.65058,37.44497],[126.64978,37.44825]]},"properties":{"line":"수도권 수인분당선","from":"송도","to":"인하대","daily_down":12351.3,"daily_up":13750.5,"source":"seoulriders","period":"modelled weekday","geometry_source":"track","daily":26101.8,"km":2.3806}},{"type":"Feature","geometry":{"type":"LineString","coordinates":[[126.64978,37.44825],[126.6486,37.4501],[126.64614,37.45233],[126.64497,37.45472],[126.64177,37.45856],[126.6408,37.45953],[126.63823,37.46079]]},"properties":{"line":"수도권 수인분당선","from":"인하대","to":"숭의","daily_down":11133.8,"daily_up":12137.0,"source":"seoulriders","period":"modelled weekday","geometry_source":"track","daily":23270.8,"km":1.7616}},{"type":"Feature","geometry":{"type":"LineString","coordinates":[[126.63823,37.46079],[126.62958,37.46441],[126.62482,37.46826]]},"properties":{"line":"수도권 수인분당선","from":"숭의","to":"신포","daily_down":11021.7,"daily_up":11769.5,"source":"seoulriders","period":"modelled weekday","geometry_source":"track","daily":22791.2,"km":1.4629}},{"type":"Feature","geometry":{"type":"LineString","coordinates":[[126.62482,37.46826],[126.61883,37.472],[126.61738,37.47546],[126.61713,37.47663]]},"properties":{"line":"수도권 수인분당선","from":"신포","to":"인천","daily_down":11012.6,"daily_up":11832.2,"source":"seoulriders","period":"modelled weekday","geometry_source":"track","daily":22844.8,"km":1.21}},{"type":"Feature","geometry":{"type":"LineString","coordinates":[[126.67464,37.56896],[126.67434,37.57307],[126.67532,37.58091],[126.67621,37.58376],[126.67596,37.58486]]},"properties":{"line":"수도권 인천 2호선","from":"검암","to":"독정","daily_down":25274.0,"daily_up":26003.7,"source":"seoulriders","period":"modelled weekday","geometry_source":"track","daily":51277.7,"km":1.7846}},{"type":"Feature","geometry":{"type":"LineString","coordinates":[[126.67596,37.58486],[126.67493,37.58744],[126.67341,37.58993],[126.67288,37.59287]]},"properties":{"line":"수도권 인천 2호선","from":"독정","to":"완정","daily_down":21771.7,"daily_up":22501.7,"source":"seoulriders","period":"modelled weekday","geometry_source":"track","daily":44273.4,"km":0.9387}},{"type":"Feature","geometry":{"type":"LineString","coordinates":[[126.67288,37.59287],[126.67215,37.59476],[126.66938,37.596],[126.66725,37.59757]]},"properties":{"line":"수도권 인천 2호선","from":"완정","to":"마전","daily_down":15880.9,"daily_up":16170.4,"source":"seoulriders","period":"modelled weekday","geometry_source":"track","daily":32051.3,"km":0.7564}},{"type":"Feature","geometry":{"type":"LineString","coordinates":[[126.66725,37.59757],[126.65794,37.60197],[126.65673,37.60182]]},"properties":{"line":"수도권 인천 2호선","from":"마전","to":"검단사거리","daily_down":12252.4,"daily_up":12811.6,"source":"seoulriders","period":"modelled weekday","geometry_source":"track","daily":25064.0,"km":1.0629}},{"type":"Feature","geometry":{"type":"LineString","coordinates":[[126.65673,37.60182],[126.65302,37.6004],[126.64818,37.5976],[126.64238,37.59518]]},"properties":{"line":"수도권 인천 2호선","from":"검단사거리","to":"왕길","daily_down":5279.3,"daily_up":5144.3,"source":"seoulriders","period":"modelled weekday","geometry_source":"track","daily":10423.6,"km":1.4685}},{"type":"Feature","geometry":{"type":"LineString","coordinates":[[126.64238,37.59518],[126.63678,37.59358],[126.62793,37.59499]]},"properties":{"line":"수도권 인천 2호선","from":"왕길","to":"검단오류","daily_down":2866.8,"daily_up":2770.9,"source":"seoulriders","period":"modelled weekday","geometry_source":"track","daily":5637.7,"km":1.3198}},{"type":"Feature","geometry":{"type":"LineString","coordinates":[[126.67582,37.49998],[126.67543,37.50679]]},"properties":{"line":"수도권 인천 2호선","from":"서부여성회관","to":"석남","daily_down":27939.9,"daily_up":26982.1,"source":"seoulriders","period":"modelled weekday","geometry_source":"straight","daily":54922.0,"km":0.758}},{"type":"Feature","geometry":{"type":"LineString","coordinates":[[126.67543,37.50679],[126.67679,37.5175]]},"properties":{"line":"수도권 인천 2호선","from":"석남","to":"가정중앙시장","daily_down":35096.0,"daily_up":36490.7,"source":"seoulriders","period":"modelled weekday","geometry_source":"straight","daily":71586.7,"km":1.1969}},{"type":"Feature","geometry":{"type":"LineString","coordinates":[[126.67679,37.5175],[126.67704,37.52119],[126.67528,37.52225],[126.67532,37.52472]]},"properties":{"line":"수도권 인천 2호선","from":"가정중앙시장","to":"가정","daily_down":33294.2,"daily_up":35076.9,"source":"seoulriders","period":"modelled weekday","geometry_source":"track","daily":68371.1,"km":0.8805}},{"type":"Feature","geometry":{"type":"LineString","coordinates":[[126.67532,37.52472],[126.67644,37.53814]]},"properties":{"line":"수도권 인천 2호선","from":"가정","to":"서구청","daily_down":31291.2,"daily_up":32646.0,"source":"seoulriders","period":"modelled weekday","geometry_source":"straight","daily":63937.2,"km":1.4955}},{"type":"Feature","geometry":{"type":"LineString","coordinates":[[126.67644,37.53814],[126.6771,37.55159]]},"properties":{"line":"수도권 인천 2호선","from":"서구청","to":"아시아드경기장","daily_down":30469.0,"daily_up":31995.0,"source":"seoulriders","period":"modelled weekday","geometry_source":"straight","daily":62464.0,"km":1.4967}},{"type":"Feature","geometry":{"type":"LineString","coordinates":[[126.6771,37.55159],[126.67751,37.56125]]},"properties":{"line":"수도권 인천 2호선","from":"아시아드경기장","to":"검바위","daily_down":30610.2,"daily_up":31594.5,"source":"seoulriders","period":"modelled weekday","geometry_source":"straight","daily":62204.7,"km":1.0748}},{"type":"Feature","geometry":{"type":"LineString","coordinates":[[126.67464,37.56896],[126.67747,37.56554],[126.67751,37.56125]]},"properties":{"line":"수도권 인천 2호선","from":"검암","to":"검바위","daily_down":32150.2,"daily_up":30886.2,"source":"seoulriders","period":"modelled weekday","geometry_source":"track","daily":63036.4,"km":0.9318}},{"type":"Feature","geometry":{"type":"LineString","coordinates":[[126.67983,37.46512],[126.67998,37.47028],[126.68116,37.47399]]},"properties":{"line":"수도권 인천 2호선","from":"주안","to":"주안국가산단","daily_down":29151.1,"daily_up":28343.8,"source":"seoulriders","period":"modelled weekday","geometry_source":"track","daily":57494.9,"km":0.9994}},{"type":"Feature","geometry":{"type":"LineString","coordinates":[[126.68116,37.47399],[126.68161,37.47486],[126.68532,37.4781],[126.68645,37.48005],[126.68615,37.48215],[126.68398,37.48395]]},"properties":{"line":"수도권 인천 2호선","from":"주안국가산단","to":"가재울","daily_down":27825.7,"daily_up":27150.0,"source":"seoulriders","period":"modelled weekday","geometry_source":"track","daily":54975.7,"km":1.342}},{"type":"Feature","geometry":{"type":"LineString","coordinates":[[126.68398,37.48395],[126.67882,37.48762],[126.67543,37.48807],[126.67524,37.49046]]},"properties":{"line":"수도권 인천 2호선","from":"가재울","to":"인천가좌","daily_down":26850.0,"daily_up":26067.3,"source":"seoulriders","period":"modelled weekday","geometry_source":"track","daily":52917.3,"km":1.181}},{"type":"Feature","geometry":{"type":"LineString","coordinates":[[126.67582,37.49998],[126.67524,37.49046]]},"properties":{"line":"수도권 인천 2호선","from":"서부여성회관","to":"인천가좌","daily_down":26115.9,"daily_up":26936.1,"source":"seoulriders","period":"modelled weekday","geometry_source":"straight","daily":53052.0,"km":1.0598}},{"type":"Feature","geometry":{"type":"LineString","coordinates":[[126.70226,37.45705],[126.69221,37.45768]]},"properties":{"line":"수도권 인천 2호선","from":"인천시청","to":"석바위시장","daily_down":30628.3,"daily_up":31026.2,"source":"seoulriders","period":"modelled weekday","geometry_source":"straight","daily":61654.5,"km":0.8898}},{"type":"Feature","geometry":{"type":"LineString","coordinates":[[126.69221,37.45768],[126.68083,37.45841]]},"properties":{"line":"수도권 인천 2호선","from":"석바위시장","to":"시민공원","daily_down":31152.0,"daily_up":31870.8,"source":"seoulriders","period":"modelled weekday","geometry_source":"straight","daily":63022.8,"km":1.0077}},{"type":"Feature","geometry":{"type":"LineString","coordinates":[[126.68083,37.45841],[126.67834,37.45864],[126.67785,37.45922],[126.67794,37.46305],[126.67983,37.46512]]},"properties":{"line":"수도권 인천 2호선","from":"시민공원","to":"주안","daily_down":34357.1,"daily_up":34612.9,"source":"seoulriders","period":"modelled weekday","geometry_source":"track","daily":68970.0,"km":1.0091}},{"type":"Feature","geometry":{"type":"LineString","coordinates":[[126.75963,37.43966],[126.76004,37.44153],[126.7597,37.44262],[126.75604,37.44742],[126.75281,37.44855]]},"properties":{"line":"수도권 인천 2호선","from":"운연","to":"인천대공원","daily_down":1287.6,"daily_up":1140.7,"source":"seoulriders","period":"modelled weekday","geometry_source":"track","daily":2428.3,"km":1.2714}},{"type":"Feature","geometry":{"type":"LineString","coordinates":[[126.75281,37.44855],[126.74875,37.44917],[126.74505,37.44765],[126.73681,37.44817]]},"properties":{"line":"수도권 인천 2호선","from":"인천대공원","to":"남동구청","daily_down":3480.4,"daily_up":3288.1,"source":"seoulriders","period":"modelled weekday","geometry_source":"track","daily":6768.5,"km":1.4625}},{"type":"Feature","geometry":{"type":"LineString","coordinates":[[126.73681,37.44817],[126.73406,37.44842],[126.73394,37.44896],[126.73597,37.45288],[126.73334,37.45476],[126.73186,37.45497]]},"properties":{"line":"수도권 인천 2호선","from":"남동구청","to":"만수","daily_down":7833.0,"daily_up":7327.3,"source":"seoulriders","period":"modelled weekday","geometry_source":"track","daily":15160.3,"km":1.2217}},{"type":"Feature","geometry":{"type":"LineString","coordinates":[[126.73186,37.45497],[126.71948,37.45586]]},"properties":{"line":"수도권 인천 2호선","from":"만수","to":"모래내시장","daily_down":12286.6,"daily_up":11482.2,"source":"seoulriders","period":"modelled weekday","geometry_source":"straight","daily":23768.8,"km":1.0972}},{"type":"Feature","geometry":{"type":"LineString","coordinates":[[126.71948,37.45586],[126.71078,37.45673]]},"properties":{"line":"수도권 인천 2호선","from":"모래내시장","to":"석천사거리","daily_down":18523.8,"daily_up":18160.1,"source":"seoulriders","period":"modelled weekday","geometry_source":"straight","daily":36683.9,"km":0.774}},{"type":"Feature","geometry":{"type":"LineString","coordinates":[[126.70226,37.45705],[126.71078,37.45673]]},"properties":{"line":"수도권 인천 2호선","from":"인천시청","to":"석천사거리","daily_down":21791.7,"daily_up":22475.2,"source":"seoulriders","period":"modelled weekday","geometry_source":"straight","daily":44266.9,"km":0.7529}}],"line_meta":{"수도권 1호선":{"en":"Seoul Line 1","color":"#0052A4","cls":"metro"},"수도권 2호선":{"en":"Seoul Line 2","color":"#00A84D","cls":"metro"},"수도권 3호선":{"en":"Seoul Line 3","color":"#EF7C1C","cls":"metro"},"수도권 4호선":{"en":"Seoul Line 4","color":"#00A5DE","cls":"metro"},"수도권 5호선":{"en":"Seoul Line 5","color":"#996CAC","cls":"metro"},"수도권 6호선":{"en":"Seoul Line 6","color":"#CD7C2F","cls":"metro"},"수도권 7호선":{"en":"Seoul Line 7","color":"#747F00","cls":"metro"},"수도권 8호선":{"en":"Seoul Line 8","color":"#E6186C","cls":"metro"},"수도권 9호선":{"en":"Seoul Line 9","color":"#BDB092","cls":"metro"},"수도권 수인분당선":{"en":"Suin-Bundang Line","color":"#F5A200","cls":"metro"},"수도권 경의중앙선":{"en":"Gyeongui-Jungang Line","color":"#77C4A3","cls":"metro"},"수도권 공항철도":{"en":"Airport Railroad","color":"#0090D2","cls":"metro"},"수도권 신분당선":{"en":"Shinbundang Line","color":"#D4003B","cls":"metro"},"수도권 우이신설선":{"en":"Ui-Sinseol Line","color":"#B0CE18","cls":"metro"},"수도권 신림선":{"en":"Sillim Line","color":"#6789CA","cls":"metro"},"수도권 인천 1호선":{"en":"Incheon Line 1","color":"#7CA8D5","cls":"metro"},"수도권 인천 2호선":{"en":"Incheon Line 2","color":"#ED8B00","cls":"metro"},"수도권 김포골드라인":{"en":"Gimpo Goldline","color":"#A17800","cls":"metro"},"수도권 경춘선":{"en":"Gyeongchun Line","color":"#0C8E72","cls":"metro"},"수도권 서해선":{"en":"Seohae Line","color":"#8FC740","cls":"metro"},"수도권 경강선":{"en":"Gyeonggang Line","color":"#003DA5","cls":"metro"},"수도권 의정부경전철":{"en":"Uijeongbu LRT","color":"#FDA600","cls":"metro"}},"station_names":{"신도림":"Sindorim","영등포":"Yeongdeungpo","신길":"Singil","대방":"Daebang","노량진":"Noryangjin","용산":"Yongsan","남영":"Namyeong","서울역":"Seoul Station","시청":"City Hall","종각":"Jonggak","종로3가":"Jongno 3(sam)-ga","종로5가":"Jongno 5(o)-ga","동대문":"Dongdaemun","동묘앞":"Dongmyo","신설동":"Sinseol-dong","제기동":"Jegi-dong","청량리":"Cheongnyangni","회기":"Hoegi","외대앞":"Hankuk Univ. of Foreign Studies","신이문":"Sinimun","석계":"Seokgye","광운대":"Kwangwoon University","월계":"Wolgye","녹천":"Nokcheon","창동":"Chang-Dong","방학":"Banghak","도봉":"Dobong","도봉산":"Dobongsan","망월사":"Mangwolsa","회룡":"Hoeryong","의정부":"Uijeongbu","가능":"Ganeung","녹양":"Nogyang","양주":"Yangju","덕계":"Deokgye","덕정":"Deokjeong","지행":"Jihaeng","동두천중앙":"Dongducheonjungang","보산":"Bosan","동두천":"Dongducheon","구로":"Guro","부평":"Bupyeong","부개":"Bugae","송내":"Songnae","중동":"Jung-dong","부천":"Bucheon","소사":"Sosa","역곡":"Yeokgok","온수":"Onsu","오류동":"Oryu-dong","개봉":"Gaebong","구일":"Guil","동인천":"Dongincheon","도원":"Dowon","제물포":"Jemulpo","도화":"Dohwa","주안":"Juan","간석":"Ganseok","동암":"Dongam","백운":"Baegun","인천":"Incheon","병점":"Byeongjeom","세류":"Seryu","수원":"Suwon","화서":"Hwaseo","성균관대":"Sungkyunkwan Univ.","의왕":"Uiwang","당정":"Dangjeong","군포":"Gunpo","금정":"Geumjeong","명학":"Myeonghak","안양":"Anyang","관악":"Gwanak","석수":"Seoksu","금천구청":"Geumcheon-gu Office","독산":"Doksan","가산디지털단지":"Gasan Digital Complex","소요산":"Soyosan","서동탄":"Seodongtan","천안":"Cheonan","두정":"Dujeong","직산":"Jiksan","성환":"Seonghwan","평택":"Pyeongtaek","평택지제":"Pyeongtaek Jije","서정리":"Seojeong-ri","송탄":"Songtan","진위":"Jinwi","오산":"Osan","오산대":"Osan College","세마":"Sema","온양온천":"Onyangoncheon","배방":"Baebang","탕정":"Tangjeong","아산":"Asan","쌍용":"Ssangyong","봉명":"Bongmyeong","신창":"Sinchang","광명":"Gwangmyeong","도림천":"Dorimcheon","양천구청":"Yangcheon-gu Office","신정네거리":"Sinjeongnegeori","까치산":"Kkachisan","홍대입구":"Hongik Univ.","신촌":"Sinchon","이대":"Ewha Womans Univ.","아현":"Ahyeon","충정로":"Chungjeongno","을지로입구":"Euljiro 1(il)-ga","을지로3가":"Euljiro 3(sam)-ga","을지로4가":"Euljiro 4(sa)-ga","동대문역사문화공원":"Dongdaemun History & Culture Park Station","신당":"Sindang","상왕십리":"Sangwangsimni","왕십리":"Wangsimni","한양대":"Hanyang Univ.","뚝섬":"Ttukseom","성수":"Seongsu","문래":"Mullae","영등포구청":"Yeongdeungpo-gu Office","당산":"Dangsan","합정":"Hapjeong","서울대입구":"Seoul Nat'l Univ.","봉천":"Bongcheon","신림":"Sillim","신대방":"Sindaebang","구로디지털단지":"Guro Digital Complex","대림":"Daerim","삼성":"Samseong","선릉":"Seolleung","역삼":"Yeoksam","강남":"Gangnam","교대":"Seoul Nat'l Univ. of Education","서초":"Seocho","방배":"Bangbae","사당":"Sadang","낙성대":"Nakseongdae","건대입구":"Konkuk Univ.","구의":"Guui","강변":"Gangbyeon","잠실나루":"Jamsillaru","잠실":"Jamsil","잠실새내":"Jamsilsaenae","종합운동장":"Sports Complex","용두":"Yongdu","신답":"Sindap","용답":"Yongdap","약수":"Yaksu","동대입구":"Dongguk Univ.","충무로":"Chungmuro","안국":"Anguk","경복궁":"Gyeongbokgung","독립문":"Dongnimmun","무악재":"Muakjae","홍제":"Hongje","녹번":"Nokbeon","불광":"Bulgwang","연신내":"Yeonsinnae","구파발":"Gupabal","지축":"Jichuk","삼송":"Samsong","원흥":"Wonheung","원당":"Wondang","화정":"Hwajeong","대곡":"Daegok","백석":"Baekseok","마두":"Madu","정발산":"Jeongbalsan","주엽":"Juyeop","대화":"Daehwa","도곡":"Dogok","매봉":"Maebong","양재":"Yangjae","남부터미널":"Nambu Bus Terminal","고속터미널":"Express Bus Terminal","잠원":"Jamwon","신사":"Sinsa","압구정":"Apgujeong","옥수":"Oksu","금호":"Geumho","수서":"Suseo","일원":"Ilwon","대청":"Daecheong","학여울":"Hangnyeoul","대치":"Daechi","오금":"Ogeum","경찰병원":"National Police Hospital","가락시장":"Garak Market","당고개":"Buramsan","별내별가람":"Byeollaebyeolgaram","오남":"Onam","진접":"Jinjeop","회현":"Hoehyeon","명동":"Myeongdong","혜화":"Hyehwa","한성대입구":"Hansung University","성신여대입구":"Sungshin Women's University","길음":"Gireum","미아사거리":"Miasageori","미아":"Mia","수유":"Suyu","쌍문":"Ssangmun","노원":"Nowon","상계":"Sanggye","남태령":"Namtaeryeong","총신대입구":"Chongshin Univ.","동작":"Dongjak","이촌":"Ichon","신용산":"Sinyongsan","삼각지":"Samgakji","숙대입구":"Sookmyung Women's Univ.","산본":"Sanbon","범계":"Beomgye","평촌":"Pyeongchon","인덕원":"Indeogwon","정부과천청사":"Government Complex Gwacheon","과천":"Gwacheon","대공원":"Seoul Grand Park","경마공원":"Seoul Racecourse Park","선바위":"Seonbawi","안산":"Ansan","초지":"Choji","고잔":"Gojan","중앙":"Central","한대앞":"Hanyang University at Ansan","상록수":"Sangnoksu","반월":"Banwol","대야미":"Daeyami","수리산":"Surisan","오이도":"Oido","정왕":"Jeongwang","신길온천":"Singiloncheon","여의도":"Yeouido","영등포시장":"Yeongdeungpo Market","양평":"Yangpyeong","오목교":"Omokgyo","목동":"Mok-dong","신정":"Sinjeong","화곡":"Hwagok","우장산":"Ujangsan","발산":"Balsan","마곡":"Magok","송정":"Songjeong","김포공항":"Gimpo Int'l Airport","개화산":"Gaehwasan","방화":"Banghwa","애오개":"Aeogae","공덕":"Gongdeok","마포":"Mapo","여의나루":"Yeouinaru","행당":"Haengdang","신금호":"Singeumho","청구":"Cheonggu","광화문":"Gwanghwamun","서대문":"Seodaemun","군자":"Gunja","장한평":"Janghanpyeong","답십리":"Dapsipri","마장":"Majang","강동":"Gangdong","천호":"Cheonho","광나루":"Gwangnaru","아차산":"Achasan","상일동":"Sangil-dong","고덕":"Godeok","명일":"Myeongil","굽은다리":"Gubeundari","길동":"Gil-dong","마천":"Macheon","거여":"Geoyeo","개롱":"Gaerong","방이":"Bangi","올림픽공원":"Olympic Park","둔촌동":"Dunchon-dong","하남검단산":"Hanam Geomdansan","하남시청":"Hanam City Hall","하남풍산":"Hanam Pungsan","미사":"Misa","강일":"Gangil","대흥":"Daeheung","광흥창":"Gwangheungchang","상수":"Sangsu","망원":"Mangwon","마포구청":"Mapo-gu Office","월드컵경기장":"World Cup Stadium","디지털미디어시티":"Digital Media City","증산":"Jeungsan","새절":"Saejeol","응암":"Eungam","한강진":"Hangangjin","이태원":"Itaewon","녹사평":"Noksapyeong","효창공원앞":"Hyochang Park","안암":"Anam","보문":"Bomun","창신":"Changsin","버티고개":"Beotigogae","상월곡":"Sangwolgok","월곡":"Wolgok","고려대":"Korea Univ.","봉화산":"Bonghwasan","화랑대":"Hwarangdae","태릉입구":"Taereung","돌곶이":"Dolgoji","신내":"Sinnae","역촌":"Yeokchon","독바위":"Dokbawi","구산":"Gusan","공릉":"Gongneung","하계":"Hagye","중계":"Junggye","마들":"Madeul","수락산":"Suraksan","장암":"Jangam","어린이대공원":"Children's Grand Park","중곡":"Junggok","용마산":"Yongmasan","사가정":"Sagajeong","면목":"Myeonmok","상봉":"Sangbong","중화":"Junghwa","먹골":"Meokgol","청담":"Cheongdam","내방":"Naebang","반포":"Banpo","논현":"Nonhyeon","학동":"Hak-dong","강남구청":"Gangnam-gu Office","신풍":"Sinpung","보라매":"Boramae","신대방삼거리":"Sindaebangsamgeori","장승배기":"Jangseungbaegi","상도":"Sangdo","숭실대입구":"Soongsil Univ.","남성":"Namseong","이수":"Isu","천왕":"Cheonwang","광명사거리":"Gwangmyeongsageori","철산":"Cheolsan","남구로":"Namguro","석남":"Seongnam","산곡":"Sangok","부평구청":"Bupyeong-gu Office","굴포천":"Gulpocheon","삼산체육관":"Samsan Gymnasium","상동":"Sang-dong","부천시청":"Bucheon City Hall","신중동":"Sinjung-dong","춘의":"Chunui","부천종합운동장":"Bucheon Stadium","까치울":"Kkachiul","몽촌토성":"Mongchontoseong","강동구청":"Gangdong-gu Office","암사":"Amsa","송파":"Songpa","석촌":"Seokchon","모란":"Moran","수진":"Sujin","신흥":"Sinheung","단대오거리":"Dandaeogeori","남한산성입구":"Namhansanseong","산성":"Sanseong","남위례":"Namwirye","복정":"Bokjeong","장지":"Jangji","문정":"Munjeong","개화":"Gaehwa","공항시장":"Airport Market","신방화":"Sinbanghwa","마곡나루":"Magongnaru","양천향교":"Yangcheon Hyanggyo","가양":"Gayang","증미":"Jeungmi","등촌":"Deungchon","염창":"Yeomchang","신목동":"Sinmokdong","선유도":"Seonyudo","국회의사당":"National Assembly","샛강":"Saetgang","노들":"Nodeul","흑석":"Heukseok","구반포":"Gubanpo","신반포":"Sinbanpo","사평":"Sapyeong","신논현":"Sinnonhyeon","언주":"Eonju","선정릉":"Seonjeongneung","삼성중앙":"Samseong Jungang","봉은사":"Bongeunsa","삼전":"Samjeon","석촌고분":"Seokchon Gobun","송파나루":"Songpanaru","한성백제":"Hanseong Baekje","둔촌오륜":"Dunchon Oryun","중앙보훈병원":"VHS Medical Center","장기":"Janggi","운양":"Unyang","걸포북변":"Geolpo Bukbyeon","사우":"Sau","풍무":"Pungmu","고촌":"Gochon","양촌":"Yangchon","구래":"Gurae","마산":"Masan","서울지방병무청":"Seoul Regional Office of Military Manpower","보라매공원":"Boramae Park","보라매병원":"Boramae Medical Center","당곡":"Danggok","서원":"Seowon","서울대벤처타운":"Seoul Nat'l Univ. Venture Town","관악산":"Gwanaksan","정릉":"Jeongneung","북한산보국문":"Bukhansan Bogungmun","솔샘":"Solsaem","삼양사거리":"Samyang Sageori","삼양":"Samyang","화계":"Hwagye","가오리":"Gaori","4.19민주묘지":"April 19th National Cemetery","솔밭공원":"Solbat Park","북한산우이":"Bukhansan Ui","광교":"Gwanggyo","광교중앙":"Gwanggyo Jungang","상현":"Sanghyeon","성복":"Seongbok","수지구청":"Suji-gu Office","동천":"Dongcheon","미금":"Migeum","정자":"Jeongja","양재시민의숲":"Yangjae Citizen's Forest","청계산입구":"Cheonggyesan","판교":"Pangyo","범골":"Beomgol","경전철의정부":"LRT Uijeongbu","의정부시청":"Uijeongbu City Hall","흥선":"Heungseon","의정부중앙":"Uijeongbu Jung-ang","동오":"Dong-o","새말":"Sae-mal","경기도청북부청사":"Gyeonggi Provincial Government Northern Office","효자":"Hyoja","곤제":"Gonje","어룡":"Eoryong","송산":"Songsan","발곡":"Balgok","탑석":"Tapseok","인천공항1터미널":"Incheon Int'l Airport Terminal 1","인천공항2터미널":"Incheon Int'l Airport Terminal 2","계양":"Gyeyang","검암":"Geomam","청라국제도시":"Cheongna Int'l City","영종":"Yeongjong","운서":"Unseo","공항화물청사":"Incheon International Airport Cargo Terminal","예술회관":"Arts Center","인천터미널":"Incheon Bus Terminal","문학경기장":"Munhak Sports Complex","선학":"Seonhak","신연수":"Sinyeonsu","원인재":"Woninjae","동춘":"Dongchun","동막":"Dongmak","캠퍼스타운":"Campus Town","테크노파크":"Technopark","지식정보단지":"BIT Zone","인천대입구":"Incheon National University","센트럴파크":"Central Park","국제업무지구":"International Business District","송도달빛축제공원":"Songdo Moonlight Festival Park","작전":"Jakjeon","경인교대입구":"Gyeongin Nat'l Univ. of Education","계산":"Gyesan","임학":"Imhak","박촌":"Bakchon","귤현":"Gyulhyeon","갈산":"Galsan","부평시장":"Bupyeong Market","동수":"Dongsu","부평삼거리":"Bupyeongsamgeori","간석오거리":"Ganseogogeori","인천시청":"Incheon City Hall","이매":"Imae","삼동":"Samdong","경기광주":"Gyeonggi Gwangju","초월":"Chowol","곤지암":"Gonjiam","신둔도예촌":"Sindundoyechon","이천":"Icheon","부발":"Bubal","세종대왕릉":"Sejongdaewangneung","여주":"Yeoju","문산":"Munsan","파주":"Paju","월롱":"Wollong","금촌":"Geumchon","금릉":"Geumneung","운정":"Unjeong","야당":"Yadang","탄현":"Tanhyeon","일산":"Ilsan","풍산":"Pungsan","백마":"Baengma","곡산":"Goksan","능곡":"Neunggok","행신":"Haengsin","강매":"Gangmae","화전":"Hwajeon","수색":"Susaek","가좌":"Gajwa","임진강":"Imjingang","중랑":"Jungnang","망우":"Mangu","양원":"Yangwon","구리":"Guri","도농":"Donong","양정":"Yangjeong","덕소":"Deokso","도심":"Dosim","팔당":"Paldang","운길산":"Ungilsan","양수":"Yangsu","신원":"Sinwon","국수":"Guksu","아신":"Asin","오빈":"Obin","원덕":"Wondeok","용문":"Yongmun","응봉":"Eungbong","한남":"Hannam","서빙고":"Seobinggo","서강대":"Sogang Univ.","지평":"Jipyeong","평내호평":"PyeongnaeHopyeong","천마산":"Cheonmasan","마석":"Maseok","대성리":"Daeseong-ri","청평":"Cheongpyeong","상천":"Sangcheon","가평":"Gapyeong","굴봉산":"Gulbongsan","백양리":"Baekyangri","강촌":"Gangchon","김유정":"Gimyujeong","남춘천":"Namchuncheon","춘천":"Chuncheon","금곡":"Geumgok","사릉":"Sareung","퇴계원":"Toegyewon","별내":"Byeollae","갈매":"Galmae","원종":"Wonjong","소새울":"Sosaeul","시흥대야":"Siheung Daeya","신천":"Sincheon","신현":"Sinhyeon","시흥시청":"Siheung City Hall","시흥능곡":"Siheung Neunggok","달미":"Dalmi","선부":"Seonbu","시우":"Siu","원시":"Wonsi","오리":"Ori","수내":"Sunae","서현":"Seohyeon","야탑":"Yatap","태평":"Taepyeong","가천대":"Gachon Univ.","대모산입구":"Daemosan","개포동":"Gaepo-dong","구룡":"Guryong","한티":"Hanti","압구정로데오":"Apgujeong Rodeo","서울숲":"Seoul-forest","죽전":"Jukjeon","보정":"Bojeong","구성":"Guseong","신갈":"Singal","기흥":"Giheung","상갈":"Sanggal","청명":"Cheongmyeong","영통":"Yeongtong","망포":"Mangpo","매탄권선":"MaetanGwonseon","수원시청":"Suwon City Hall","매교":"Maegyo","고색":"Gosaek","사리":"Sari","야목":"Yamok","어천":"Eocheon","오목천":"Omokcheon","달월":"Darwol","월곶":"Wolgot","소래포구":"Soraepogu","인천논현":"Incheon Nonhyeon","호구포":"Hogupo","남동인더스파크":"Namdong Induspark","연수":"Yeonsu","송도":"Songdo","인하대":"Inha Univ.","숭의":"Sungui","신포":"Sinpo","독정":"Dokjeong","완정":"Wanjeong","마전":"Majeon","검단사거리":"Geomdan Sageori","왕길":"Wanggil","검단오류":"Geomdan Oryu","서부여성회관":"West Woman's Community Center","가정중앙시장":"Gajeong Jungang Market","가정":"Gajeong","서구청":"Seo-gu Office","아시아드경기장":"Asiad Stadium","검바위":"Geombawi","주안국가산단":"Juan National Industrial Complex","가재울":"Gajaeul","인천가좌":"Incheon Gajwa","석바위시장":"Seokbawi Market","시민공원":"Citizens Park","운연":"Unyeon","인천대공원":"Incheon Grand Park","남동구청":"Namdong-gu Office","만수":"Mansu","모래내시장":"Moraenae Market","석천사거리":"Seokcheon Sageori"},"source_build":{"built":"2026-09-06T16:35:54","sample":1,"origins":625,"riders":8383351,"unrouted":17106,"shaped":true,"split_boardings":true,"crush_cap":1.5,"trains":9298},"day":"weekday","allocation":{"express_links":188,"extra_passenger_segments":2474841.6},"note":"Modelled weekday from seoulriders; 2023 OD reweighted to weekday counts. Intercity is a separate 2022 annual average.","source_sha256":{"stats.json":"c14c82e5f205952922030a27e3e25a58fbad63f7f3df582de86bc21f3c03dbbd","link_shapes.json":"df484f46cfa0f74ca55c0e8c1d903c63b81cf06bf5bfcea2dd9146156f3e0df6"}}