{"type":"FeatureCollection","features":[{"type":"Feature","properties":{"station":"임진강","station_en":"Imjingang","line":"수도권 경의중앙선","lines":["수도권 경의중앙선"],"riders":10,"boardings":6,"alightings":4,"kind":"metro","source":"seoul_weekday_od","period":"2023-11 weekday mean","coverage":"weekday OD station margins; coverage varies by station"},"geometry":{"type":"Point","coordinates":[126.748278,37.888256]}},{"type":"Feature","properties":{"station":"지평","station_en":"Jipyeong","line":"수도권 경의중앙선","lines":["수도권 경의중앙선"],"riders":56,"boardings":28,"alightings":28,"kind":"metro","source":"seoul_weekday_od","period":"2023-11 weekday mean","coverage":"weekday OD station margins; coverage varies by station"},"geometry":{"type":"Point","coordinates":[127.629066,37.47681]}},{"type":"Feature","properties":{"station":"원시","station_en":"Wonsi","line":"수도권 서해선","lines":["수도권 서해선"],"riders":68,"boardings":24,"alightings":43,"kind":"metro","source":"seoul_weekday_od","period":"2023-11 weekday mean","coverage":"weekday OD station margins; coverage varies by station"},"geometry":{"type":"Point","coordinates":[126.786785,37.302557]}},{"type":"Feature","properties":{"station":"시우","station_en":"Siu","line":"수도권 서해선","lines":["수도권 서해선"],"riders":77,"boardings":34,"alightings":43,"kind":"metro","source":"seoul_weekday_od","period":"2023-11 weekday mean","coverage":"weekday OD station margins; coverage varies by station"},"geometry":{"type":"Point","coordinates":[126.795638,37.313114]}},{"type":"Feature","properties":{"station":"달월","station_en":"Darwol","line":"수도권 수인분당선","lines":["수도권 수인분당선"],"riders":78,"boardings":48,"alightings":30,"kind":"metro","source":"seoul_weekday_od","period":"2023-11 weekday mean","coverage":"weekday OD station margins; coverage varies by station"},"geometry":{"type":"Point","coordinates":[126.745357,37.379979]}},{"type":"Feature","properties":{"station":"굴봉산","station_en":"Gulbongsan","line":"수도권 경춘선","lines":["수도권 경춘선"],"riders":121,"boardings":61,"alightings":60,"kind":"metro","source":"seoul_weekday_od","period":"2023-11 weekday mean","coverage":"weekday OD station margins; coverage varies by station"},"geometry":{"type":"Point","coordinates":[127.557137,37.831929]}},{"type":"Feature","properties":{"station":"백양리","station_en":"Baekyangri","line":"수도권 경춘선","lines":["수도권 경춘선"],"riders":140,"boardings":68,"alightings":72,"kind":"metro","source":"seoul_weekday_od","period":"2023-11 weekday mean","coverage":"weekday OD station margins; coverage varies by station"},"geometry":{"type":"Point","coordinates":[127.589168,37.830781]}},{"type":"Feature","properties":{"station":"신원","station_en":"Sinwon","line":"수도권 경의중앙선","lines":["수도권 경의중앙선"],"riders":234,"boardings":127,"alightings":108,"kind":"metro","source":"seoul_weekday_od","period":"2023-11 weekday mean","coverage":"weekday OD station margins; coverage varies by station"},"geometry":{"type":"Point","coordinates":[127.372704,37.525971]}},{"type":"Feature","properties":{"station":"석대","station_en":"Seokdae","line":"부산 4호선","lines":["부산 4호선"],"riders":295,"boardings":175,"alightings":120,"kind":"metro","source":"busan_gates","period":"2026-07 Mon-Fri mean","coverage":"measured gates"},"geometry":{"type":"Point","coordinates":[129.137179,35.218112]}},{"type":"Feature","properties":{"station":"녹동","station_en":"Nokdong","line":"광주 1호선","lines":["광주 1호선"],"riders":335,"boardings":189,"alightings":146,"kind":"metro","source":"gwangju_gates","period":"2026-07 Mon-Fri mean","coverage":"measured gates"},"geometry":{"type":"Point","coordinates":[126.933932,35.107028]}},{"type":"Feature","properties":{"station":"상천","station_en":"Sangcheon","line":"수도권 경춘선","lines":["수도권 경춘선"],"riders":338,"boardings":187,"alightings":151,"kind":"metro","source":"seoul_weekday_od","period":"2023-11 weekday mean","coverage":"weekday OD station margins; coverage varies by station"},"geometry":{"type":"Point","coordinates":[127.454432,37.770164]}},{"type":"Feature","properties":{"station":"오빈","station_en":"Obin","line":"수도권 경의중앙선","lines":["수도권 경의중앙선"],"riders":361,"boardings":183,"alightings":178,"kind":"metro","source":"seoul_weekday_od","period":"2023-11 weekday mean","coverage":"weekday OD station margins; coverage varies by station"},"geometry":{"type":"Point","coordinates":[127.473892,37.506159]}},{"type":"Feature","properties":{"station":"원덕","station_en":"Wondeok","line":"수도권 경의중앙선","lines":["수도권 경의중앙선"],"riders":453,"boardings":231,"alightings":223,"kind":"metro","source":"seoul_weekday_od","period":"2023-11 weekday mean","coverage":"weekday OD station margins; coverage varies by station"},"geometry":{"type":"Point","coordinates":[127.54687,37.468766]}},{"type":"Feature","properties":{"station":"양촌","station_en":"Yangchon","line":"수도권 김포골드라인","lines":["수도권 김포골드라인"],"riders":504,"boardings":299,"alightings":206,"kind":"metro","source":"seoul_weekday_od","period":"2023-11 weekday mean","coverage":"weekday OD station margins; coverage varies by station"},"geometry":{"type":"Point","coordinates":[126.614798,37.641641]}},{"type":"Feature","properties":{"station":"세종대왕릉","station_en":"Sejongdaewangneung","line":"수도권 경강선","lines":["수도권 경강선"],"riders":518,"boardings":256,"alightings":262,"kind":"metro","source":"seoul_weekday_od","period":"2023-11 weekday mean","coverage":"weekday OD station margins; coverage varies by station"},"geometry":{"type":"Point","coordinates":[127.570647,37.293623]}},{"type":"Feature","properties":{"station":"달미","station_en":"Dalmi","line":"수도권 서해선","lines":["수도권 서해선"],"riders":520,"boardings":228,"alightings":292,"kind":"metro","source":"seoul_weekday_od","period":"2023-11 weekday mean","coverage":"weekday OD station margins; coverage varies by station"},"geometry":{"type":"Point","coordinates":[126.80907,37.349104]}},{"type":"Feature","properties":{"station":"등구","station_en":"Deunggu","line":"부산김해경전철","lines":["부산김해경전철"],"riders":526,"boardings":272,"alightings":254,"kind":"metro","source":"busan_gimhae_gates","period":"2025-12 Mon-Fri mean","coverage":"measured gates"},"geometry":{"type":"Point","coordinates":[128.963599,35.196143]}},{"type":"Feature","properties":{"station":"신현","station_en":"Sinhyeon","line":"수도권 서해선","lines":["수도권 서해선"],"riders":527,"boardings":197,"alightings":330,"kind":"metro","source":"seoul_weekday_od","period":"2023-11 weekday mean","coverage":"weekday OD station margins; coverage varies by station"},"geometry":{"type":"Point","coordinates":[126.78787,37.409584]}},{"type":"Feature","properties":{"station":"야목","station_en":"Yamok","line":"수도권 수인분당선","lines":["수도권 수인분당선"],"riders":548,"boardings":300,"alightings":248,"kind":"metro","source":"seoul_weekday_od","period":"2023-11 weekday mean","coverage":"weekday OD station margins; coverage varies by station"},"geometry":{"type":"Point","coordinates":[126.884022,37.261218]}},{"type":"Feature","properties":{"station":"김유정","station_en":"Gimyujeong","line":"수도권 경춘선","lines":["수도권 경춘선"],"riders":587,"boardings":285,"alightings":302,"kind":"metro","source":"seoul_weekday_od","period":"2023-11 weekday mean","coverage":"weekday OD station margins; coverage varies by station"},"geometry":{"type":"Point","coordinates":[127.714076,37.818436]}},{"type":"Feature","properties":{"station":"학정","station_en":"Hakjeong","line":"대구 3호선","lines":["대구 3호선"],"riders":802,"boardings":416,"alightings":386,"kind":"metro","source":"daegu_gates","period":"2026-06 Mon-Fri mean","coverage":"measured gates"},"geometry":{"type":"Point","coordinates":[128.559193,35.951555]}},{"type":"Feature","properties":{"station":"대성리","station_en":"Daeseong-ri","line":"수도권 경춘선","lines":["수도권 경춘선"],"riders":824,"boardings":428,"alightings":396,"kind":"metro","source":"seoul_weekday_od","period":"2023-11 weekday mean","coverage":"weekday OD station margins; coverage varies by station"},"geometry":{"type":"Point","coordinates":[127.379587,37.683852]}},{"type":"Feature","properties":{"station":"소새울","station_en":"Sosaeul","line":"수도권 서해선","lines":["수도권 서해선"],"riders":844,"boardings":358,"alightings":485,"kind":"metro","source":"seoul_weekday_od","period":"2023-11 weekday mean","coverage":"weekday OD station margins; coverage varies by station"},"geometry":{"type":"Point","coordinates":[126.797099,37.468874]}},{"type":"Feature","properties":{"station":"평강","station_en":"Pyeonggang","line":"부산김해경전철","lines":["부산김해경전철"],"riders":849,"boardings":407,"alightings":442,"kind":"metro","source":"busan_gimhae_gates","period":"2025-12 Mon-Fri mean","coverage":"measured gates"},"geometry":{"type":"Point","coordinates":[128.950825,35.214105]}},{"type":"Feature","properties":{"station":"강촌","station_en":"Gangchon","line":"수도권 경춘선","lines":["수도권 경춘선"],"riders":862,"boardings":446,"alightings":416,"kind":"metro","source":"seoul_weekday_od","period":"2023-11 weekday mean","coverage":"weekday OD station margins; coverage varies by station"},"geometry":{"type":"Point","coordinates":[127.634129,37.805714]}},{"type":"Feature","properties":{"station":"양정","station_en":"Yangjeong","line":"수도권 경의중앙선","lines":["수도권 경의중앙선"],"riders":881,"boardings":493,"alightings":387,"kind":"metro","source":"seoul_weekday_od","period":"2023-11 weekday mean","coverage":"weekday OD station margins; coverage varies by station"},"geometry":{"type":"Point","coordinates":[127.194614,37.60402]}},{"type":"Feature","properties":{"station":"시흥시청","station_en":"Siheung City Hall","line":"수도권 서해선","lines":["수도권 서해선"],"riders":980,"boardings":414,"alightings":566,"kind":"metro","source":"seoul_weekday_od","period":"2023-11 weekday mean","coverage":"weekday OD station margins; coverage varies by station"},"geometry":{"type":"Point","coordinates":[126.805746,37.382078]}},{"type":"Feature","properties":{"station":"고촌","station_en":"Gochon","line":"부산 4호선","lines":["부산 4호선"],"riders":1072,"boardings":586,"alightings":486,"kind":"metro","source":"busan_gates","period":"2026-07 Mon-Fri mean","coverage":"measured gates"},"geometry":{"type":"Point","coordinates":[129.160444,35.236031]}},{"type":"Feature","properties":{"station":"대사","station_en":"Daesa","line":"부산김해경전철","lines":["부산김해경전철"],"riders":1108,"boardings":571,"alightings":536,"kind":"metro","source":"busan_gimhae_gates","period":"2025-12 Mon-Fri mean","coverage":"measured gates"},"geometry":{"type":"Point","coordinates":[128.938417,35.217657]}},{"type":"Feature","properties":{"station":"시흥능곡","station_en":"Siheung Neunggok","line":"수도권 서해선","lines":["수도권 서해선"],"riders":1109,"boardings":428,"alightings":681,"kind":"metro","source":"seoul_weekday_od","period":"2023-11 weekday mean","coverage":"weekday OD station margins; coverage varies by station"},"geometry":{"type":"Point","coordinates":[126.808751,37.370085]}},{"type":"Feature","properties":{"station":"아신","station_en":"Asin","line":"수도권 경의중앙선","lines":["수도권 경의중앙선"],"riders":1114,"boardings":558,"alightings":556,"kind":"metro","source":"seoul_weekday_od","period":"2023-11 weekday mean","coverage":"weekday OD station margins; coverage varies by station"},"geometry":{"type":"Point","coordinates":[127.443223,37.513917]}},{"type":"Feature","properties":{"station":"운길산","station_en":"Ungilsan","line":"수도권 경의중앙선","lines":["수도권 경의중앙선"],"riders":1128,"boardings":571,"alightings":557,"kind":"metro","source":"seoul_weekday_od","period":"2023-11 weekday mean","coverage":"weekday OD station margins; coverage varies by station"},"geometry":{"type":"Point","coordinates":[127.309875,37.554788]}},{"type":"Feature","properties":{"station":"곡산","station_en":"Goksan","line":"수도권 경의중앙선","lines":["수도권 경의중앙선","수도권 서해선"],"riders":1196,"boardings":591,"alightings":605,"kind":"metro","source":"seoul_weekday_od","period":"2023-11 weekday mean","coverage":"weekday OD station margins; coverage varies by station"},"geometry":{"type":"Point","coordinates":[126.80181,37.645746]}},{"type":"Feature","properties":{"station":"불암","station_en":"Buram","line":"부산김해경전철","lines":["부산김해경전철"],"riders":1239,"boardings":612,"alightings":627,"kind":"metro","source":"busan_gimhae_gates","period":"2025-12 Mon-Fri mean","coverage":"measured gates"},"geometry":{"type":"Point","coordinates":[128.927893,35.222162]}},{"type":"Feature","properties":{"station":"국수","station_en":"Guksu","line":"수도권 경의중앙선","lines":["수도권 경의중앙선"],"riders":1287,"boardings":636,"alightings":651,"kind":"metro","source":"seoul_weekday_od","period":"2023-11 weekday mean","coverage":"weekday OD station margins; coverage varies by station"},"geometry":{"type":"Point","coordinates":[127.399332,37.516172]}},{"type":"Feature","properties":{"station":"연호","station_en":"Yeonho","line":"대구 2호선","lines":["대구 2호선"],"riders":1334,"boardings":740,"alightings":594,"kind":"metro","source":"daegu_gates","period":"2026-06 Mon-Fri mean","coverage":"measured gates"},"geometry":{"type":"Point","coordinates":[128.67185,35.8465]}},{"type":"Feature","properties":{"station":"팔당","station_en":"Paldang","line":"수도권 경의중앙선","lines":["수도권 경의중앙선"],"riders":1536,"boardings":762,"alightings":774,"kind":"metro","source":"seoul_weekday_od","period":"2023-11 weekday mean","coverage":"weekday OD station margins; coverage varies by station"},"geometry":{"type":"Point","coordinates":[127.243806,37.547485]}},{"type":"Feature","properties":{"station":"선부","station_en":"Seonbu","line":"수도권 서해선","lines":["수도권 서해선"],"riders":1633,"boardings":615,"alightings":1018,"kind":"metro","source":"seoul_weekday_od","period":"2023-11 weekday mean","coverage":"weekday OD station margins; coverage varies by station"},"geometry":{"type":"Point","coordinates":[126.809899,37.334457]}},{"type":"Feature","properties":{"station":"시흥대야","station_en":"Siheung Daeya","line":"수도권 서해선","lines":["수도권 서해선"],"riders":1648,"boardings":649,"alightings":999,"kind":"metro","source":"seoul_weekday_od","period":"2023-11 weekday mean","coverage":"weekday OD station margins; coverage varies by station"},"geometry":{"type":"Point","coordinates":[126.793122,37.450345]}},{"type":"Feature","properties":{"station":"직산","station_en":"Jiksan","line":"수도권 1호선","lines":["수도권 1호선"],"riders":1728,"boardings":875,"alightings":853,"kind":"metro","source":"seoul_weekday_od","period":"2023-11 weekday mean","coverage":"weekday OD station margins; coverage varies by station"},"geometry":{"type":"Point","coordinates":[127.143912,36.870737]}},{"type":"Feature","properties":{"station":"효자","station_en":"Hyoja","line":"수도권 의정부경전철","lines":["수도권 의정부경전철"],"riders":1896,"boardings":907,"alightings":989,"kind":"metro","source":"seoul_weekday_od","period":"2023-11 weekday mean","coverage":"weekday OD station margins; coverage varies by station"},"geometry":{"type":"Point","coordinates":[127.07727,37.753942]}},{"type":"Feature","properties":{"station":"대구한의대병원","station_en":"DaeguHaanyUniversityHospital","line":"대구 1호선","lines":["대구 1호선"],"riders":1944,"boardings":953,"alightings":991,"kind":"metro","source":"daegu_gates","period":"2026-06 Mon-Fri mean","coverage":"measured gates"},"geometry":{"type":"Point","coordinates":[128.750824,35.871709]}},{"type":"Feature","properties":{"station":"갑천","station_en":"Gapcheon","line":"대전 1호선","lines":["대전 1호선"],"riders":2052,"boardings":1051,"alightings":1001,"kind":"metro","source":"daejeon_gates","period":"2026-07 Mon-Fri mean","coverage":"measured gates"},"geometry":{"type":"Point","coordinates":[127.354467,36.354578]}},{"type":"Feature","properties":{"station":"공항","station_en":"Airport","line":"광주 1호선","lines":["광주 1호선"],"riders":2123,"boardings":1146,"alightings":977,"kind":"metro","source":"gwangju_gates","period":"2026-07 Mon-Fri mean","coverage":"measured gates"},"geometry":{"type":"Point","coordinates":[126.81153,35.144179]}},{"type":"Feature","properties":{"station":"팔달","station_en":"Paldal","line":"대구 3호선","lines":["대구 3호선"],"riders":2194,"boardings":1048,"alightings":1147,"kind":"metro","source":"daegu_gates","period":"2026-06 Mon-Fri mean","coverage":"measured gates"},"geometry":{"type":"Point","coordinates":[128.5468,35.89777]}},{"type":"Feature","properties":{"station":"체육공원","station_en":"Sports Park","line":"부산 3호선","lines":["부산 3호선"],"riders":2202,"boardings":1123,"alightings":1079,"kind":"metro","source":"busan_gates","period":"2026-07 Mon-Fri mean","coverage":"measured gates"},"geometry":{"type":"Point","coordinates":[128.969651,35.212577]}},{"type":"Feature","properties":{"station":"김해시청","station_en":"GimhaeCityHall","line":"부산김해경전철","lines":["부산김해경전철"],"riders":2339,"boardings":1217,"alightings":1122,"kind":"metro","source":"busan_gimhae_gates","period":"2025-12 Mon-Fri mean","coverage":"measured gates"},"geometry":{"type":"Point","coordinates":[128.89041,35.227103]}},{"type":"Feature","properties":{"station":"김해대학","station_en":"GimhaeCollege","line":"부산김해경전철","lines":["부산김해경전철"],"riders":2363,"boardings":1251,"alightings":1112,"kind":"metro","source":"busan_gimhae_gates","period":"2025-12 Mon-Fri mean","coverage":"measured gates"},"geometry":{"type":"Point","coordinates":[128.915612,35.22899]}},{"type":"Feature","properties":{"station":"호포","station_en":"Hopo","line":"부산 2호선","lines":["부산 2호선"],"riders":2373,"boardings":1026,"alightings":1348,"kind":"metro","source":"busan_gates","period":"2026-07 Mon-Fri mean","coverage":"measured gates"},"geometry":{"type":"Point","coordinates":[129.017097,35.280406]}},{"type":"Feature","properties":{"station":"배방","station_en":"Baebang","line":"수도권 1호선","lines":["수도권 1호선"],"riders":2383,"boardings":1225,"alightings":1158,"kind":"metro","source":"seoul_weekday_od","period":"2023-11 weekday mean","coverage":"weekday OD station margins; coverage varies by station"},"geometry":{"type":"Point","coordinates":[127.05299,36.777699]}},{"type":"Feature","properties":{"station":"지내","station_en":"Jinae","line":"부산김해경전철","lines":["부산김해경전철"],"riders":2392,"boardings":1198,"alightings":1194,"kind":"metro","source":"busan_gimhae_gates","period":"2025-12 Mon-Fri mean","coverage":"measured gates"},"geometry":{"type":"Point","coordinates":[128.923721,35.2275]}},{"type":"Feature","properties":{"station":"어린이회관","station_en":"Children'sWorld","line":"대구 3호선","lines":["대구 3호선"],"riders":2401,"boardings":1203,"alightings":1198,"kind":"metro","source":"daegu_gates","period":"2026-06 Mon-Fri mean","coverage":"measured gates"},"geometry":{"type":"Point","coordinates":[128.624468,35.84517]}},{"type":"Feature","properties":{"station":"운연","station_en":"Unyeon","line":"수도권 인천 2호선","lines":["수도권 인천 2호선"],"riders":2489,"boardings":1321,"alightings":1168,"kind":"metro","source":"seoul_weekday_od","period":"2023-11 weekday mean","coverage":"weekday OD station margins; coverage varies by station"},"geometry":{"type":"Point","coordinates":[126.759632,37.439656]}},{"type":"Feature","properties":{"station":"구반포","station_en":"Gubanpo","line":"수도권 9호선","lines":["수도권 9호선"],"riders":2501,"boardings":1236,"alightings":1266,"kind":"metro","source":"seoul_weekday_od","period":"2023-11 weekday mean","coverage":"weekday OD station margins; coverage varies by station"},"geometry":{"type":"Point","coordinates":[126.986785,37.50129]}},{"type":"Feature","properties":{"station":"어천","station_en":"Eocheon","line":"수도권 수인분당선","lines":["수도권 수인분당선"],"riders":2537,"boardings":1298,"alightings":1238,"kind":"metro","source":"seoul_weekday_od","period":"2023-11 weekday mean","coverage":"weekday OD station margins; coverage varies by station"},"geometry":{"type":"Point","coordinates":[126.908915,37.25012]}},{"type":"Feature","properties":{"station":"둔촌오륜","station_en":"Dunchon Oryun","line":"수도권 9호선","lines":["수도권 9호선"],"riders":2547,"boardings":1302,"alightings":1245,"kind":"metro","source":"seoul_weekday_od","period":"2023-11 weekday mean","coverage":"weekday OD station margins; coverage varies by station"},"geometry":{"type":"Point","coordinates":[127.138418,37.519841]}},{"type":"Feature","properties":{"station":"컨벤션센터","station_en":"Kim Daejung Convention Center (Mareuk)","line":"광주 1호선","lines":["광주 1호선"],"riders":2596,"boardings":1287,"alightings":1309,"kind":"metro","source":"gwangju_gates","period":"2026-07 Mon-Fri mean","coverage":"measured gates"},"geometry":{"type":"Point","coordinates":[126.841442,35.143214]}},{"type":"Feature","properties":{"station":"공단","station_en":"Gongdan","line":"대구 3호선","lines":["대구 3호선"],"riders":2630,"boardings":1377,"alightings":1254,"kind":"metro","source":"daegu_gates","period":"2026-06 Mon-Fri mean","coverage":"measured gates"},"geometry":{"type":"Point","coordinates":[128.5536,35.892]}},{"type":"Feature","properties":{"station":"남태령","station_en":"Namtaeryeong","line":"수도권 4호선","lines":["수도권 4호선"],"riders":2634,"boardings":1404,"alightings":1230,"kind":"metro","source":"seoul_weekday_od","period":"2023-11 weekday mean","coverage":"weekday OD station margins; coverage varies by station"},"geometry":{"type":"Point","coordinates":[126.988698,37.464656]}},{"type":"Feature","properties":{"station":"봉명","station_en":"Bongmyeong","line":"수도권 1호선","lines":["수도권 1호선"],"riders":2652,"boardings":1331,"alightings":1321,"kind":"metro","source":"seoul_weekday_od","period":"2023-11 weekday mean","coverage":"weekday OD station margins; coverage varies by station"},"geometry":{"type":"Point","coordinates":[127.135865,36.801296]}},{"type":"Feature","properties":{"station":"곤제","station_en":"Gonje","line":"수도권 의정부경전철","lines":["수도권 의정부경전철"],"riders":2687,"boardings":1376,"alightings":1311,"kind":"metro","source":"seoul_weekday_od","period":"2023-11 weekday mean","coverage":"weekday OD station margins; coverage varies by station"},"geometry":{"type":"Point","coordinates":[127.083826,37.750528]}},{"type":"Feature","properties":{"station":"만평","station_en":"Manpyeong","line":"대구 3호선","lines":["대구 3호선"],"riders":2707,"boardings":1423,"alightings":1284,"kind":"metro","source":"daegu_gates","period":"2026-06 Mon-Fri mean","coverage":"measured gates"},"geometry":{"type":"Point","coordinates":[128.561002,35.889893]}},{"type":"Feature","properties":{"station":"연지공원","station_en":"YeonjiPark","line":"부산김해경전철","lines":["부산김해경전철"],"riders":2733,"boardings":1430,"alightings":1303,"kind":"metro","source":"busan_gimhae_gates","period":"2025-12 Mon-Fri mean","coverage":"measured gates"},"geometry":{"type":"Point","coordinates":[128.869291,35.249658]}},{"type":"Feature","properties":{"station":"서동탄","station_en":"Seodongtan","line":"수도권 1호선","lines":["수도권 1호선"],"riders":2746,"boardings":1477,"alightings":1269,"kind":"metro","source":"seoul_weekday_od","period":"2023-11 weekday mean","coverage":"weekday OD station margins; coverage varies by station"},"geometry":{"type":"Point","coordinates":[127.052033,37.195655]}},{"type":"Feature","properties":{"station":"파주","station_en":"Paju","line":"수도권 경의중앙선","lines":["수도권 경의중앙선"],"riders":2779,"boardings":1591,"alightings":1188,"kind":"metro","source":"seoul_weekday_od","period":"2023-11 weekday mean","coverage":"weekday OD station margins; coverage varies by station"},"geometry":{"type":"Point","coordinates":[126.792428,37.815058]}},{"type":"Feature","properties":{"station":"칠곡경대병원","station_en":"ChilgokKyungpookNat‘lUniv.MedicalCenter","line":"대구 3호선","lines":["대구 3호선"],"riders":2835,"boardings":1494,"alightings":1341,"kind":"metro","source":"daegu_gates","period":"2026-06 Mon-Fri mean","coverage":"measured gates"},"geometry":{"type":"Point","coordinates":[128.559891,35.958387]}},{"type":"Feature","properties":{"station":"도림천","station_en":"Dorimcheon","line":"수도권 2호선","lines":["수도권 2호선"],"riders":2873,"boardings":1380,"alightings":1493,"kind":"metro","source":"seoul_weekday_od","period":"2023-11 weekday mean","coverage":"weekday OD station margins; coverage varies by station"},"geometry":{"type":"Point","coordinates":[126.882684,37.514454]}},{"type":"Feature","properties":{"station":"귤현","station_en":"Gyulhyeon","line":"수도권 인천 1호선","lines":["수도권 인천 1호선"],"riders":2873,"boardings":1162,"alightings":1711,"kind":"metro","source":"seoul_weekday_od","period":"2023-11 weekday mean","coverage":"weekday OD station margins; coverage varies by station"},"geometry":{"type":"Point","coordinates":[126.742655,37.566354]}},{"type":"Feature","properties":{"station":"덕두","station_en":"Deokdu","line":"부산김해경전철","lines":["부산김해경전철"],"riders":2885,"boardings":1506,"alightings":1379,"kind":"metro","source":"busan_gimhae_gates","period":"2025-12 Mon-Fri mean","coverage":"measured gates"},"geometry":{"type":"Point","coordinates":[128.954198,35.182001]}},{"type":"Feature","properties":{"station":"보산","station_en":"Bosan","line":"수도권 1호선","lines":["수도권 1호선"],"riders":2886,"boardings":1537,"alightings":1349,"kind":"metro","source":"seoul_weekday_od","period":"2023-11 weekday mean","coverage":"weekday OD station margins; coverage varies by station"},"geometry":{"type":"Point","coordinates":[127.057251,37.914153]}},{"type":"Feature","properties":{"station":"탕정","station_en":"Tangjeong","line":"수도권 1호선","lines":["수도권 1호선"],"riders":2941,"boardings":1572,"alightings":1369,"kind":"metro","source":"seoul_weekday_od","period":"2023-11 weekday mean","coverage":"weekday OD station margins; coverage varies by station"},"geometry":{"type":"Point","coordinates":[127.084555,36.788214]}},{"type":"Feature","properties":{"station":"매천시장","station_en":"MaecheonMarket","line":"대구 3호선","lines":["대구 3호선"],"riders":2947,"boardings":1497,"alightings":1450,"kind":"metro","source":"daegu_gates","period":"2026-06 Mon-Fri mean","coverage":"measured gates"},"geometry":{"type":"Point","coordinates":[128.545755,35.90443]}},{"type":"Feature","properties":{"station":"괘법르네시떼","station_en":"GwaebeopRenecite","line":"부산김해경전철","lines":["부산김해경전철"],"riders":3050,"boardings":1520,"alightings":1530,"kind":"metro","source":"busan_gimhae_gates","period":"2025-12 Mon-Fri mean","coverage":"measured gates"},"geometry":{"type":"Point","coordinates":[128.977684,35.163262]}},{"type":"Feature","properties":{"station":"신둔도예촌","station_en":"Sindundoyechon","line":"수도권 경강선","lines":["수도권 경강선"],"riders":3083,"boardings":1626,"alightings":1457,"kind":"metro","source":"seoul_weekday_od","period":"2023-11 weekday mean","coverage":"weekday OD station margins; coverage varies by station"},"geometry":{"type":"Point","coordinates":[127.405293,37.315548]}},{"type":"Feature","properties":{"station":"동원","station_en":"Dongwon","line":"부산 2호선","lines":["부산 2호선"],"riders":3100,"boardings":1686,"alightings":1414,"kind":"metro","source":"busan_gates","period":"2026-07 Mon-Fri mean","coverage":"measured gates"},"geometry":{"type":"Point","coordinates":[129.012392,35.258656]}},{"type":"Feature","properties":{"station":"탑석","station_en":"Tapseok","line":"수도권 의정부경전철","lines":["수도권 의정부경전철"],"riders":3103,"boardings":1714,"alightings":1389,"kind":"metro","source":"seoul_weekday_od","period":"2023-11 weekday mean","coverage":"weekday OD station margins; coverage varies by station"},"geometry":{"type":"Point","coordinates":[127.088941,37.733526]}},{"type":"Feature","properties":{"station":"금곡","station_en":"Geumgok","line":"수도권 경춘선","lines":["수도권 경춘선"],"riders":3125,"boardings":1584,"alightings":1541,"kind":"metro","source":"seoul_weekday_od","period":"2023-11 weekday mean","coverage":"weekday OD station margins; coverage varies by station"},"geometry":{"type":"Point","coordinates":[127.207444,37.637287]}},{"type":"Feature","properties":{"station":"천마산","station_en":"Cheonmasan","line":"수도권 경춘선","lines":["수도권 경춘선"],"riders":3169,"boardings":1646,"alightings":1524,"kind":"metro","source":"seoul_weekday_od","period":"2023-11 weekday mean","coverage":"weekday OD station margins; coverage varies by station"},"geometry":{"type":"Point","coordinates":[127.28505,37.659216]}},{"type":"Feature","properties":{"station":"신천","station_en":"Sincheon","line":"수도권 서해선","lines":["수도권 서해선"],"riders":3172,"boardings":1313,"alightings":1859,"kind":"metro","source":"seoul_weekday_od","period":"2023-11 weekday mean","coverage":"weekday OD station margins; coverage varies by station"},"geometry":{"type":"Point","coordinates":[126.7868,37.43931]}},{"type":"Feature","properties":{"station":"춘천","station_en":"Chuncheon","line":"수도권 경춘선","lines":["수도권 경춘선"],"riders":3239,"boardings":1765,"alightings":1474,"kind":"metro","source":"seoul_weekday_od","period":"2023-11 weekday mean","coverage":"weekday OD station margins; coverage varies by station"},"geometry":{"type":"Point","coordinates":[127.716664,37.88456]}},{"type":"Feature","properties":{"station":"도산","station_en":"Dosan","line":"광주 1호선","lines":["광주 1호선"],"riders":3319,"boardings":1786,"alightings":1532,"kind":"metro","source":"gwangju_gates","period":"2026-07 Mon-Fri mean","coverage":"measured gates"},"geometry":{"type":"Point","coordinates":[126.787942,35.131713]}},{"type":"Feature","properties":{"station":"문학경기장","station_en":"Munhak Sports Complex","line":"수도권 인천 1호선","lines":["수도권 인천 1호선"],"riders":3342,"boardings":1683,"alightings":1659,"kind":"metro","source":"seoul_weekday_od","period":"2023-11 weekday mean","coverage":"weekday OD station margins; coverage varies by station"},"geometry":{"type":"Point","coordinates":[126.697795,37.435105]}},{"type":"Feature","properties":{"station":"청평","station_en":"Cheongpyeong","line":"수도권 경춘선","lines":["수도권 경춘선"],"riders":3349,"boardings":1698,"alightings":1651,"kind":"metro","source":"seoul_weekday_od","period":"2023-11 weekday mean","coverage":"weekday OD station margins; coverage varies by station"},"geometry":{"type":"Point","coordinates":[127.426636,37.735508]}},{"type":"Feature","properties":{"station":"서부산유통지구","station_en":"SeobusanYutongjigu","line":"부산김해경전철","lines":["부산김해경전철"],"riders":3453,"boardings":1719,"alightings":1735,"kind":"metro","source":"busan_gimhae_gates","period":"2025-12 Mon-Fri mean","coverage":"measured gates"},"geometry":{"type":"Point","coordinates":[128.954888,35.166402]}},{"type":"Feature","properties":{"station":"진위","station_en":"Jinwi","line":"수도권 1호선","lines":["수도권 1호선"],"riders":3498,"boardings":1820,"alightings":1678,"kind":"metro","source":"seoul_weekday_od","period":"2023-11 weekday mean","coverage":"weekday OD station margins; coverage varies by station"},"geometry":{"type":"Point","coordinates":[127.062389,37.109992]}},{"type":"Feature","properties":{"station":"국제업무지구","station_en":"International Business District","line":"수도권 인천 1호선","lines":["수도권 인천 1호선"],"riders":3504,"boardings":1781,"alightings":1723,"kind":"metro","source":"seoul_weekday_od","period":"2023-11 weekday mean","coverage":"weekday OD station margins; coverage varies by station"},"geometry":{"type":"Point","coordinates":[126.630412,37.399787]}},{"type":"Feature","properties":{"station":"박물관","station_en":"museum","line":"부산김해경전철","lines":["부산김해경전철"],"riders":3551,"boardings":1777,"alightings":1773,"kind":"metro","source":"busan_gimhae_gates","period":"2025-12 Mon-Fri mean","coverage":"measured gates"},"geometry":{"type":"Point","coordinates":[128.871863,35.240065]}},{"type":"Feature","properties":{"station":"새말","station_en":"Sae-mal","line":"수도권 의정부경전철","lines":["수도권 의정부경전철"],"riders":3561,"boardings":1877,"alightings":1684,"kind":"metro","source":"seoul_weekday_od","period":"2023-11 weekday mean","coverage":"weekday OD station margins; coverage varies by station"},"geometry":{"type":"Point","coordinates":[127.063782,37.748854]}},{"type":"Feature","properties":{"station":"경마공원","station_en":"Seoul Racecourse Park","line":"수도권 4호선","lines":["수도권 4호선"],"riders":3563,"boardings":1780,"alightings":1783,"kind":"metro","source":"seoul_weekday_od","period":"2023-11 weekday mean","coverage":"weekday OD station margins; coverage varies by station"},"geometry":{"type":"Point","coordinates":[127.007896,37.443765]}},{"type":"Feature","properties":{"station":"부호","station_en":"Buho(KyungilUniversity･HosanUniversity)","line":"대구 1호선","lines":["대구 1호선"],"riders":3605,"boardings":1628,"alightings":1977,"kind":"metro","source":"daegu_gates","period":"2026-06 Mon-Fri mean","coverage":"measured gates"},"geometry":{"type":"Point","coordinates":[128.803114,35.900281]}},{"type":"Feature","properties":{"station":"낙민","station_en":"Nangmin","line":"부산 4호선","lines":["부산 4호선"],"riders":3746,"boardings":1865,"alightings":1882,"kind":"metro","source":"busan_gates","period":"2026-07 Mon-Fri mean","coverage":"measured gates"},"geometry":{"type":"Point","coordinates":[129.090774,35.200254]}},{"type":"Feature","properties":{"station":"응봉","station_en":"Eungbong","line":"수도권 경의중앙선","lines":["수도권 경의중앙선"],"riders":3764,"boardings":2043,"alightings":1721,"kind":"metro","source":"seoul_weekday_od","period":"2023-11 weekday mean","coverage":"weekday OD station margins; coverage varies by station"},"geometry":{"type":"Point","coordinates":[127.034728,37.550276]}},{"type":"Feature","properties":{"station":"건들바위","station_en":"Geondeulbawi","line":"대구 3호선","lines":["대구 3호선"],"riders":3786,"boardings":1905,"alightings":1881,"kind":"metro","source":"daegu_gates","period":"2026-06 Mon-Fri mean","coverage":"measured gates"},"geometry":{"type":"Point","coordinates":[128.59969,35.855383]}},{"type":"Feature","properties":{"station":"양수","station_en":"Yangsu","line":"수도권 경의중앙선","lines":["수도권 경의중앙선"],"riders":3790,"boardings":1893,"alightings":1896,"kind":"metro","source":"seoul_weekday_od","period":"2023-11 weekday mean","coverage":"weekday OD station margins; coverage varies by station"},"geometry":{"type":"Point","coordinates":[127.329015,37.546025]}},{"type":"Feature","properties":{"station":"안평","station_en":"Anpyeong","line":"부산 4호선","lines":["부산 4호선"],"riders":3806,"boardings":1945,"alightings":1861,"kind":"metro","source":"busan_gates","period":"2026-07 Mon-Fri mean","coverage":"measured gates"},"geometry":{"type":"Point","coordinates":[129.171823,35.237363]}},{"type":"Feature","properties":{"station":"원대","station_en":"Wondae","line":"대구 3호선","lines":["대구 3호선"],"riders":3811,"boardings":1911,"alightings":1900,"kind":"metro","source":"daegu_gates","period":"2026-06 Mon-Fri mean","coverage":"measured gates"},"geometry":{"type":"Point","coordinates":[128.574392,35.887886]}},{"type":"Feature","properties":{"station":"신답","station_en":"Sindap","line":"수도권 2호선","lines":["수도권 2호선"],"riders":3829,"boardings":1809,"alightings":2020,"kind":"metro","source":"seoul_weekday_od","period":"2023-11 weekday mean","coverage":"weekday OD station margins; coverage varies by station"},"geometry":{"type":"Point","coordinates":[127.047127,37.569719]}},{"type":"Feature","properties":{"station":"금사","station_en":"Geumsa","line":"부산 4호선","lines":["부산 4호선"],"riders":3848,"boardings":2008,"alightings":1840,"kind":"metro","source":"busan_gates","period":"2026-07 Mon-Fri mean","coverage":"measured gates"},"geometry":{"type":"Point","coordinates":[129.115153,35.215829]}},{"type":"Feature","properties":{"station":"돌고개","station_en":"Dolgogae","line":"광주 1호선","lines":["광주 1호선"],"riders":3856,"boardings":1906,"alightings":1950,"kind":"metro","source":"gwangju_gates","period":"2026-07 Mon-Fri mean","coverage":"measured gates"},"geometry":{"type":"Point","coordinates":[126.895637,35.152047]}},{"type":"Feature","properties":{"station":"수성구민운동장","station_en":"SuseongDistrictStadium","line":"대구 3호선","lines":["대구 3호선"],"riders":3892,"boardings":1921,"alightings":1972,"kind":"metro","source":"daegu_gates","period":"2026-06 Mon-Fri mean","coverage":"measured gates"},"geometry":{"type":"Point","coordinates":[128.625125,35.85241]}},{"type":"Feature","properties":{"station":"의정부시청","station_en":"Uijeongbu City Hall","line":"수도권 의정부경전철","lines":["수도권 의정부경전철"],"riders":3893,"boardings":1869,"alightings":2024,"kind":"metro","source":"seoul_weekday_od","period":"2023-11 weekday mean","coverage":"weekday OD station margins; coverage varies by station"},"geometry":{"type":"Point","coordinates":[127.034887,37.739263]}},{"type":"Feature","properties":{"station":"가평","station_en":"Gapyeong","line":"수도권 경춘선","lines":["수도권 경춘선"],"riders":3904,"boardings":1951,"alightings":1953,"kind":"metro","source":"seoul_weekday_od","period":"2023-11 weekday mean","coverage":"weekday OD station margins; coverage varies by station"},"geometry":{"type":"Point","coordinates":[127.510762,37.814518]}},{"type":"Feature","properties":{"station":"부산대양산캠퍼스","station_en":"Pusan Nat''''''''l Univ. Yangsan Campus","line":"부산 2호선","lines":["부산 2호선"],"riders":3904,"boardings":2071,"alightings":1834,"kind":"metro","source":"busan_gates","period":"2026-07 Mon-Fri mean","coverage":"measured gates"},"geometry":{"type":"Point","coordinates":[129.013941,35.316955]}},{"type":"Feature","properties":{"station":"신길온천","station_en":"Singiloncheon","line":"수도권 4호선","lines":["수도권 4호선","수도권 수인분당선"],"riders":3930,"boardings":2045,"alightings":1885,"kind":"metro","source":"seoul_weekday_od","period":"2023-11 weekday mean","coverage":"weekday OD station margins; coverage varies by station"},"geometry":{"type":"Point","coordinates":[126.7673,37.337538]}},{"type":"Feature","properties":{"station":"신포","station_en":"Sinpo","line":"수도권 수인분당선","lines":["수도권 수인분당선"],"riders":3953,"boardings":1940,"alightings":2014,"kind":"metro","source":"seoul_weekday_od","period":"2023-11 weekday mean","coverage":"weekday OD station margins; coverage varies by station"},"geometry":{"type":"Point","coordinates":[126.624817,37.468264]}},{"type":"Feature","properties":{"station":"반여농산물시장","station_en":"Banyeo Agricultural Market","line":"부산 4호선","lines":["부산 4호선"],"riders":3962,"boardings":1952,"alightings":2010,"kind":"metro","source":"busan_gates","period":"2026-07 Mon-Fri mean","coverage":"measured gates"},"geometry":{"type":"Point","coordinates":[129.124061,35.217779]}},{"type":"Feature","properties":{"station":"현충원","station_en":"National  Cemetery","line":"대전 1호선","lines":["대전 1호선"],"riders":4008,"boardings":2238,"alightings":1770,"kind":"metro","source":"daejeon_gates","period":"2026-07 Mon-Fri mean","coverage":"measured gates"},"geometry":{"type":"Point","coordinates":[127.321525,36.359021]}},{"type":"Feature","properties":{"station":"장암","station_en":"Jangam","line":"수도권 7호선","lines":["수도권 7호선"],"riders":4026,"boardings":2869,"alightings":1158,"kind":"metro","source":"seoul_weekday_od","period":"2023-11 weekday mean","coverage":"weekday OD station margins; coverage varies by station"},"geometry":{"type":"Point","coordinates":[127.052908,37.699974]}},{"type":"Feature","properties":{"station":"화정","station_en":"Hwajeong","line":"광주 1호선","lines":["광주 1호선"],"riders":4054,"boardings":2178,"alightings":1876,"kind":"metro","source":"gwangju_gates","period":"2026-07 Mon-Fri mean","coverage":"measured gates"},"geometry":{"type":"Point","coordinates":[126.876698,35.152085]}},{"type":"Feature","properties":{"station":"학동증심사","station_en":"Hak-dong·Jeungsimsa","line":"광주 1호선","lines":["광주 1호선"],"riders":4096,"boardings":2098,"alightings":1998,"kind":"metro","source":"gwangju_gates","period":"2026-07 Mon-Fri mean","coverage":"measured gates"},"geometry":{"type":"Point","coordinates":[126.928382,35.133023]}},{"type":"Feature","properties":{"station":"태전","station_en":"Taejeon","line":"대구 3호선","lines":["대구 3호선"],"riders":4096,"boardings":1946,"alightings":2150,"kind":"metro","source":"daegu_gates","period":"2026-06 Mon-Fri mean","coverage":"measured gates"},"geometry":{"type":"Point","coordinates":[128.547388,35.919617]}},{"type":"Feature","properties":{"station":"용문","station_en":"Yongmun","line":"수도권 경의중앙선","lines":["수도권 경의중앙선"],"riders":4182,"boardings":2101,"alightings":2081,"kind":"metro","source":"seoul_weekday_od","period":"2023-11 weekday mean","coverage":"weekday OD station margins; coverage varies by station"},"geometry":{"type":"Point","coordinates":[127.59465,37.482229]}},{"type":"Feature","properties":{"station":"매천","station_en":"Maecheon","line":"대구 3호선","lines":["대구 3호선"],"riders":4188,"boardings":2203,"alightings":1984,"kind":"metro","source":"daegu_gates","period":"2026-06 Mon-Fri mean","coverage":"measured gates"},"geometry":{"type":"Point","coordinates":[128.5434,35.91265]}},{"type":"Feature","properties":{"station":"금남로5가","station_en":"Geumnamno 5(o)-ga","line":"광주 1호선","lines":["광주 1호선"],"riders":4279,"boardings":2153,"alightings":2126,"kind":"metro","source":"gwangju_gates","period":"2026-07 Mon-Fri mean","coverage":"measured gates"},"geometry":{"type":"Point","coordinates":[126.910033,35.153658]}},{"type":"Feature","properties":{"station":"용계","station_en":"Yonggye","line":"대구 1호선","lines":["대구 1호선"],"riders":4279,"boardings":2295,"alightings":1984,"kind":"metro","source":"daegu_gates","period":"2026-06 Mon-Fri mean","coverage":"measured gates"},"geometry":{"type":"Point","coordinates":[128.681414,35.876256]}},{"type":"Feature","properties":{"station":"지족","station_en":"Jijok","line":"대전 1호선","lines":["대전 1호선"],"riders":4304,"boardings":2177,"alightings":2127,"kind":"metro","source":"daejeon_gates","period":"2026-07 Mon-Fri mean","coverage":"measured gates"},"geometry":{"type":"Point","coordinates":[127.319501,36.384106]}},{"type":"Feature","properties":{"station":"소태","station_en":"Sotae","line":"광주 1호선","lines":["광주 1호선"],"riders":4324,"boardings":2265,"alightings":2058,"kind":"metro","source":"gwangju_gates","period":"2026-07 Mon-Fri mean","coverage":"measured gates"},"geometry":{"type":"Point","coordinates":[126.932013,35.124108]}},{"type":"Feature","properties":{"station":"수성못","station_en":"Suseongmot(TBC)","line":"대구 3호선","lines":["대구 3호선"],"riders":4347,"boardings":2112,"alightings":2236,"kind":"metro","source":"daegu_gates","period":"2026-06 Mon-Fri mean","coverage":"measured gates"},"geometry":{"type":"Point","coordinates":[128.623217,35.831356]}},{"type":"Feature","properties":{"station":"봉황","station_en":"Bonghwang","line":"부산김해경전철","lines":["부산김해경전철"],"riders":4352,"boardings":2072,"alightings":2280,"kind":"metro","source":"busan_gimhae_gates","period":"2025-12 Mon-Fri mean","coverage":"measured gates"},"geometry":{"type":"Point","coordinates":[128.874307,35.227268]}},{"type":"Feature","properties":{"station":"신흥","station_en":"Sinheung","line":"대전 1호선","lines":["대전 1호선"],"riders":4392,"boardings":2251,"alightings":2141,"kind":"metro","source":"daejeon_gates","period":"2026-07 Mon-Fri mean","coverage":"measured gates"},"geometry":{"type":"Point","coordinates":[127.448792,36.319652]}},{"type":"Feature","properties":{"station":"인제대","station_en":"InjeUniv","line":"부산김해경전철","lines":["부산김해경전철"],"riders":4409,"boardings":2302,"alightings":2107,"kind":"metro","source":"busan_gimhae_gates","period":"2025-12 Mon-Fri mean","coverage":"measured gates"},"geometry":{"type":"Point","coordinates":[128.901736,35.228099]}},{"type":"Feature","properties":{"station":"삼양","station_en":"Samyang","line":"수도권 우이신설선","lines":["수도권 우이신설선"],"riders":4424,"boardings":2149,"alightings":2275,"kind":"metro","source":"seoul_weekday_od","period":"2023-11 weekday mean","coverage":"weekday OD station margins; coverage varies by station"},"geometry":{"type":"Point","coordinates":[127.018176,37.626923]}},{"type":"Feature","properties":{"station":"동촌","station_en":"Dongchon(DongchonResort)","line":"대구 1호선","lines":["대구 1호선"],"riders":4451,"boardings":2213,"alightings":2238,"kind":"metro","source":"daegu_gates","period":"2026-06 Mon-Fri mean","coverage":"measured gates"},"geometry":{"type":"Point","coordinates":[128.650455,35.886039]}},{"type":"Feature","properties":{"station":"용지","station_en":"Yongji","line":"대구 3호선","lines":["대구 3호선"],"riders":4472,"boardings":2259,"alightings":2213,"kind":"metro","source":"daegu_gates","period":"2026-06 Mon-Fri mean","coverage":"measured gates"},"geometry":{"type":"Point","coordinates":[128.646535,35.818268]}},{"type":"Feature","properties":{"station":"장신대","station_en":"presbyterianUniv.","line":"부산김해경전철","lines":["부산김해경전철"],"riders":4542,"boardings":2256,"alightings":2286,"kind":"metro","source":"busan_gimhae_gates","period":"2025-12 Mon-Fri mean","coverage":"measured gates"},"geometry":{"type":"Point","coordinates":[128.867114,35.259556]}},{"type":"Feature","properties":{"station":"보라매공원","station_en":"Boramae Park","line":"수도권 신림선","lines":["수도권 신림선"],"riders":4543,"boardings":2168,"alightings":2375,"kind":"metro","source":"seoul_weekday_od","period":"2023-11 weekday mean","coverage":"weekday OD station margins; coverage varies by station"},"geometry":{"type":"Point","coordinates":[126.91819,37.495293]}},{"type":"Feature","properties":{"station":"구암","station_en":"Guam(TaeguScienceUniv.·DaeguHealthCollege)","line":"대구 3호선","lines":["대구 3호선"],"riders":4562,"boardings":2419,"alightings":2142,"kind":"metro","source":"daegu_gates","period":"2026-06 Mon-Fri mean","coverage":"measured gates"},"geometry":{"type":"Point","coordinates":[128.550342,35.925742]}},{"type":"Feature","properties":{"station":"인천대공원","station_en":"Incheon Grand Park","line":"수도권 인천 2호선","lines":["수도권 인천 2호선"],"riders":4580,"boardings":2309,"alightings":2272,"kind":"metro","source":"seoul_weekday_od","period":"2023-11 weekday mean","coverage":"weekday OD station margins; coverage varies by station"},"geometry":{"type":"Point","coordinates":[126.752815,37.448549]}},{"type":"Feature","properties":{"station":"소요산","station_en":"Soyosan","line":"수도권 1호선","lines":["수도권 1호선"],"riders":4588,"boardings":2460,"alightings":2128,"kind":"metro","source":"seoul_weekday_od","period":"2023-11 weekday mean","coverage":"weekday OD station margins; coverage varies by station"},"geometry":{"type":"Point","coordinates":[127.060818,37.948001]}},{"type":"Feature","properties":{"station":"신내","station_en":"Sinnae","line":"수도권 6호선","lines":["수도권 6호선","수도권 경춘선"],"riders":4634,"boardings":2376,"alightings":2258,"kind":"metro","source":"seoul_weekday_od","period":"2023-11 weekday mean","coverage":"weekday OD station margins; coverage varies by station"},"geometry":{"type":"Point","coordinates":[127.103242,37.612648]}},{"type":"Feature","properties":{"station":"지산","station_en":"Jisan","line":"대구 3호선","lines":["대구 3호선"],"riders":4656,"boardings":2407,"alightings":2248,"kind":"metro","source":"daegu_gates","period":"2026-06 Mon-Fri mean","coverage":"measured gates"},"geometry":{"type":"Point","coordinates":[128.631951,35.825153]}},{"type":"Feature","properties":{"station":"남동인더스파크","station_en":"Namdong Induspark","line":"수도권 수인분당선","lines":["수도권 수인분당선"],"riders":4663,"boardings":2198,"alightings":2465,"kind":"metro","source":"seoul_weekday_od","period":"2023-11 weekday mean","coverage":"weekday OD station margins; coverage varies by station"},"geometry":{"type":"Point","coordinates":[126.695234,37.407752]}},{"type":"Feature","properties":{"station":"서빙고","station_en":"Seobinggo","line":"수도권 경의중앙선","lines":["수도권 경의중앙선"],"riders":4671,"boardings":2404,"alightings":2267,"kind":"metro","source":"seoul_weekday_od","period":"2023-11 weekday mean","coverage":"weekday OD station margins; coverage varies by station"},"geometry":{"type":"Point","coordinates":[126.988318,37.519574]}},{"type":"Feature","properties":{"station":"쌍촌","station_en":"Ssangchon","line":"광주 1호선","lines":["광주 1호선"],"riders":4679,"boardings":2558,"alightings":2121,"kind":"metro","source":"gwangju_gates","period":"2026-07 Mon-Fri mean","coverage":"measured gates"},"geometry":{"type":"Point","coordinates":[126.869519,35.151793]}},{"type":"Feature","properties":{"station":"부발","station_en":"Bubal","line":"수도권 경강선","lines":["수도권 경강선"],"riders":4683,"boardings":2391,"alightings":2292,"kind":"metro","source":"seoul_weekday_od","period":"2023-11 weekday mean","coverage":"weekday OD station margins; coverage varies by station"},"geometry":{"type":"Point","coordinates":[127.490328,37.260402]}},{"type":"Feature","properties":{"station":"동천","station_en":"Dongcheon","line":"대구 3호선","lines":["대구 3호선"],"riders":4685,"boardings":2379,"alightings":2306,"kind":"metro","source":"daegu_gates","period":"2026-06 Mon-Fri mean","coverage":"measured gates"},"geometry":{"type":"Point","coordinates":[128.556683,35.937707]}},{"type":"Feature","properties":{"station":"모덕","station_en":"Modeok","line":"부산 2호선","lines":["부산 2호선"],"riders":4689,"boardings":2437,"alightings":2251,"kind":"metro","source":"busan_gates","period":"2026-07 Mon-Fri mean","coverage":"measured gates"},"geometry":{"type":"Point","coordinates":[128.985621,35.180366]}},{"type":"Feature","properties":{"station":"월롱","station_en":"Wollong","line":"수도권 경의중앙선","lines":["수도권 경의중앙선"],"riders":4700,"boardings":2504,"alightings":2196,"kind":"metro","source":"seoul_weekday_od","period":"2023-11 weekday mean","coverage":"weekday OD station margins; coverage varies by station"},"geometry":{"type":"Point","coordinates":[126.792575,37.796251]}},{"type":"Feature","properties":{"station":"도심","station_en":"Dosim","line":"수도권 경의중앙선","lines":["수도권 경의중앙선"],"riders":4705,"boardings":2639,"alightings":2065,"kind":"metro","source":"seoul_weekday_od","period":"2023-11 weekday mean","coverage":"weekday OD station margins; coverage varies by station"},"geometry":{"type":"Point","coordinates":[127.222676,37.579634]}},{"type":"Feature","properties":{"station":"공항화물청사","station_en":"Incheon International Airport Cargo Terminal","line":"수도권 공항철도","lines":["수도권 공항철도"],"riders":4786,"boardings":2291,"alightings":2496,"kind":"metro","source":"seoul_weekday_od","period":"2023-11 weekday mean","coverage":"weekday OD station margins; coverage varies by station"},"geometry":{"type":"Point","coordinates":[126.477495,37.45903]}},{"type":"Feature","properties":{"station":"사릉","station_en":"Sareung","line":"수도권 경춘선","lines":["수도권 경춘선"],"riders":4817,"boardings":2437,"alightings":2380,"kind":"metro","source":"seoul_weekday_od","period":"2023-11 weekday mean","coverage":"weekday OD station margins; coverage varies by station"},"geometry":{"type":"Point","coordinates":[127.176896,37.651099]}},{"type":"Feature","properties":{"station":"해안","station_en":"Haean","line":"대구 1호선","lines":["대구 1호선"],"riders":4821,"boardings":2451,"alightings":2371,"kind":"metro","source":"daegu_gates","period":"2026-06 Mon-Fri mean","coverage":"measured gates"},"geometry":{"type":"Point","coordinates":[128.659079,35.883765]}},{"type":"Feature","properties":{"station":"송산","station_en":"Songsan","line":"수도권 의정부경전철","lines":["수도권 의정부경전철"],"riders":4827,"boardings":2428,"alightings":2399,"kind":"metro","source":"seoul_weekday_od","period":"2023-11 weekday mean","coverage":"weekday OD station margins; coverage varies by station"},"geometry":{"type":"Point","coordinates":[127.087251,37.737263]}},{"type":"Feature","properties":{"station":"양동시장","station_en":"Yangdong Market","line":"광주 1호선","lines":["광주 1호선"],"riders":4827,"boardings":2390,"alightings":2437,"kind":"metro","source":"gwangju_gates","period":"2026-07 Mon-Fri mean","coverage":"measured gates"},"geometry":{"type":"Point","coordinates":[126.901089,35.154176]}},{"type":"Feature","properties":{"station":"평동","station_en":"Pyeong-dong","line":"광주 1호선","lines":["광주 1호선"],"riders":4834,"boardings":2433,"alightings":2400,"kind":"metro","source":"gwangju_gates","period":"2026-07 Mon-Fri mean","coverage":"measured gates"},"geometry":{"type":"Point","coordinates":[126.769586,35.1247]}},{"type":"Feature","properties":{"station":"윗반송","station_en":"Witbansong","line":"부산 4호선","lines":["부산 4호선"],"riders":4837,"boardings":2471,"alightings":2366,"kind":"metro","source":"busan_gates","period":"2026-07 Mon-Fri mean","coverage":"measured gates"},"geometry":{"type":"Point","coordinates":[129.154024,35.232506]}},{"type":"Feature","properties":{"station":"금곡","station_en":"Geumgok","line":"부산 2호선","lines":["부산 2호선"],"riders":4838,"boardings":2669,"alightings":2169,"kind":"metro","source":"busan_gates","period":"2026-07 Mon-Fri mean","coverage":"measured gates"},"geometry":{"type":"Point","coordinates":[129.016905,35.267248]}},{"type":"Feature","properties":{"station":"부평삼거리","station_en":"Bupyeongsamgeori","line":"수도권 인천 1호선","lines":["수도권 인천 1호선"],"riders":4856,"boardings":2451,"alightings":2404,"kind":"metro","source":"seoul_weekday_od","period":"2023-11 weekday mean","coverage":"weekday OD station margins; coverage varies by station"},"geometry":{"type":"Point","coordinates":[126.710357,37.477909]}},{"type":"Feature","properties":{"station":"팔달시장","station_en":"PaldalMarket","line":"대구 3호선","lines":["대구 3호선"],"riders":4867,"boardings":2469,"alightings":2398,"kind":"metro","source":"daegu_gates","period":"2026-06 Mon-Fri mean","coverage":"measured gates"},"geometry":{"type":"Point","coordinates":[128.567872,35.888831]}},{"type":"Feature","properties":{"station":"버티고개","station_en":"Beotigogae","line":"수도권 6호선","lines":["수도권 6호선"],"riders":4881,"boardings":2454,"alightings":2426,"kind":"metro","source":"seoul_weekday_od","period":"2023-11 weekday mean","coverage":"weekday OD station margins; coverage varies by station"},"geometry":{"type":"Point","coordinates":[127.006588,37.548232]}},{"type":"Feature","properties":{"station":"문양","station_en":"Munyang","line":"대구 2호선","lines":["대구 2호선"],"riders":4912,"boardings":2452,"alightings":2459,"kind":"metro","source":"daegu_gates","period":"2026-06 Mon-Fri mean","coverage":"measured gates"},"geometry":{"type":"Point","coordinates":[128.437004,35.864143]}},{"type":"Feature","properties":{"station":"학여울","station_en":"Hangnyeoul","line":"수도권 3호선","lines":["수도권 3호선"],"riders":5005,"boardings":2480,"alightings":2525,"kind":"metro","source":"seoul_weekday_od","period":"2023-11 weekday mean","coverage":"weekday OD station margins; coverage varies by station"},"geometry":{"type":"Point","coordinates":[127.069884,37.496497]}},{"type":"Feature","properties":{"station":"가야대","station_en":"KayaUniv.","line":"부산김해경전철","lines":["부산김해경전철"],"riders":5032,"boardings":2672,"alightings":2360,"kind":"metro","source":"busan_gimhae_gates","period":"2025-12 Mon-Fri mean","coverage":"measured gates"},"geometry":{"type":"Point","coordinates":[128.86507,35.266727]}},{"type":"Feature","properties":{"station":"서동","station_en":"Seo-dong","line":"부산 4호선","lines":["부산 4호선"],"riders":5054,"boardings":2453,"alightings":2600,"kind":"metro","source":"busan_gates","period":"2026-07 Mon-Fri mean","coverage":"measured gates"},"geometry":{"type":"Point","coordinates":[129.107683,35.213333]}},{"type":"Feature","properties":{"station":"서강대","station_en":"Sogang Univ.","line":"수도권 경의중앙선","lines":["수도권 경의중앙선"],"riders":5067,"boardings":2550,"alightings":2517,"kind":"metro","source":"seoul_weekday_od","period":"2023-11 weekday mean","coverage":"weekday OD station margins; coverage varies by station"},"geometry":{"type":"Point","coordinates":[126.935184,37.552353]}},{"type":"Feature","properties":{"station":"송도","station_en":"Songdo","line":"수도권 수인분당선","lines":["수도권 수인분당선"],"riders":5089,"boardings":2671,"alightings":2417,"kind":"metro","source":"seoul_weekday_od","period":"2023-11 weekday mean","coverage":"weekday OD station margins; coverage varies by station"},"geometry":{"type":"Point","coordinates":[126.654715,37.429938]}},{"type":"Feature","properties":{"station":"왕길","station_en":"Wanggil","line":"수도권 인천 2호선","lines":["수도권 인천 2호선"],"riders":5174,"boardings":2572,"alightings":2602,"kind":"metro","source":"seoul_weekday_od","period":"2023-11 weekday mean","coverage":"weekday OD station margins; coverage varies by station"},"geometry":{"type":"Point","coordinates":[126.642377,37.595177]}},{"type":"Feature","properties":{"station":"삼동","station_en":"Samdong","line":"수도권 경강선","lines":["수도권 경강선"],"riders":5199,"boardings":2680,"alightings":2518,"kind":"metro","source":"seoul_weekday_od","period":"2023-11 weekday mean","coverage":"weekday OD station margins; coverage varies by station"},"geometry":{"type":"Point","coordinates":[127.20339,37.408655]}},{"type":"Feature","properties":{"station":"주안국가산단","station_en":"Juan National Industrial Complex","line":"수도권 인천 2호선","lines":["수도권 인천 2호선"],"riders":5260,"boardings":2561,"alightings":2699,"kind":"metro","source":"seoul_weekday_od","period":"2023-11 weekday mean","coverage":"weekday OD station margins; coverage varies by station"},"geometry":{"type":"Point","coordinates":[126.681159,37.47399]}},{"type":"Feature","properties":{"station":"개화","station_en":"Gaehwa","line":"수도권 9호선","lines":["수도권 9호선"],"riders":5275,"boardings":3187,"alightings":2089,"kind":"metro","source":"seoul_weekday_od","period":"2023-11 weekday mean","coverage":"weekday OD station margins; coverage varies by station"},"geometry":{"type":"Point","coordinates":[126.797665,37.578538]}},{"type":"Feature","properties":{"station":"신창","station_en":"Sinchang","line":"수도권 1호선","lines":["수도권 1호선"],"riders":5280,"boardings":2814,"alightings":2465,"kind":"metro","source":"seoul_weekday_od","period":"2023-11 weekday mean","coverage":"weekday OD station margins; coverage varies by station"},"geometry":{"type":"Point","coordinates":[126.951823,36.769788]}},{"type":"Feature","properties":{"station":"월드컵경기장","station_en":"World Cup  Stadium","line":"대전 1호선","lines":["대전 1호선"],"riders":5290,"boardings":2785,"alightings":2505,"kind":"metro","source":"daejeon_gates","period":"2026-07 Mon-Fri mean","coverage":"measured gates"},"geometry":{"type":"Point","coordinates":[127.317859,36.366825]}},{"type":"Feature","properties":{"station":"영산대","station_en":"Youngsan Univ.","line":"부산 4호선","lines":["부산 4호선"],"riders":5304,"boardings":2645,"alightings":2659,"kind":"metro","source":"busan_gates","period":"2026-07 Mon-Fri mean","coverage":"measured gates"},"geometry":{"type":"Point","coordinates":[129.146149,35.225777]}},{"type":"Feature","properties":{"station":"동오","station_en":"Dong-o","line":"수도권 의정부경전철","lines":["수도권 의정부경전철"],"riders":5306,"boardings":2714,"alightings":2593,"kind":"metro","source":"seoul_weekday_od","period":"2023-11 weekday mean","coverage":"weekday OD station margins; coverage varies by station"},"geometry":{"type":"Point","coordinates":[127.056997,37.745235]}},{"type":"Feature","properties":{"station":"중구청","station_en":"Jung-gu Office","line":"대전 1호선","lines":["대전 1호선"],"riders":5321,"boardings":2632,"alightings":2689,"kind":"metro","source":"daejeon_gates","period":"2026-07 Mon-Fri mean","coverage":"measured gates"},"geometry":{"type":"Point","coordinates":[127.419627,36.324831]}},{"type":"Feature","properties":{"station":"수로왕릉","station_en":"RoyalTombofKingSuro","line":"부산김해경전철","lines":["부산김해경전철"],"riders":5324,"boardings":2722,"alightings":2603,"kind":"metro","source":"busan_gimhae_gates","period":"2025-12 Mon-Fri mean","coverage":"measured gates"},"geometry":{"type":"Point","coordinates":[128.872141,35.232822]}},{"type":"Feature","properties":{"station":"곤지암","station_en":"Gonjiam","line":"수도권 경강선","lines":["수도권 경강선"],"riders":5328,"boardings":2735,"alightings":2594,"kind":"metro","source":"seoul_weekday_od","period":"2023-11 weekday mean","coverage":"weekday OD station margins; coverage varies by station"},"geometry":{"type":"Point","coordinates":[127.346279,37.350506]}},{"type":"Feature","properties":{"station":"용두","station_en":"Yongdu","line":"수도권 2호선","lines":["수도권 2호선"],"riders":5332,"boardings":2633,"alightings":2700,"kind":"metro","source":"seoul_weekday_od","period":"2023-11 weekday mean","coverage":"weekday OD station margins; coverage varies by station"},"geometry":{"type":"Point","coordinates":[127.038066,37.574074]}},{"type":"Feature","properties":{"station":"흥선","station_en":"Heungseon","line":"수도권 의정부경전철","lines":["수도권 의정부경전철"],"riders":5358,"boardings":2687,"alightings":2671,"kind":"metro","source":"seoul_weekday_od","period":"2023-11 weekday mean","coverage":"weekday OD station margins; coverage varies by station"},"geometry":{"type":"Point","coordinates":[127.037198,37.743292]}},{"type":"Feature","properties":{"station":"대곡","station_en":"Daegok","line":"수도권 3호선","lines":["수도권 3호선","수도권 경의중앙선","수도권 서해선"],"riders":5374,"boardings":3110,"alightings":2264,"kind":"metro","source":"seoul_weekday_od","period":"2023-11 weekday mean","coverage":"weekday OD station margins; coverage varies by station"},"geometry":{"type":"Point","coordinates":[126.810895,37.631611]}},{"type":"Feature","properties":{"station":"동두천","station_en":"Dongducheon","line":"수도권 1호선","lines":["수도권 1호선"],"riders":5425,"boardings":2643,"alightings":2782,"kind":"metro","source":"seoul_weekday_od","period":"2023-11 weekday mean","coverage":"weekday OD station margins; coverage varies by station"},"geometry":{"type":"Point","coordinates":[127.054782,37.927826]}},{"type":"Feature","properties":{"station":"남춘천","station_en":"Namchuncheon","line":"수도권 경춘선","lines":["수도권 경춘선"],"riders":5425,"boardings":2783,"alightings":2641,"kind":"metro","source":"seoul_weekday_od","period":"2023-11 weekday mean","coverage":"weekday OD station margins; coverage varies by station"},"geometry":{"type":"Point","coordinates":[127.723938,37.864011]}},{"type":"Feature","properties":{"station":"부원","station_en":"Buwon","line":"부산김해경전철","lines":["부산김해경전철"],"riders":5463,"boardings":2646,"alightings":2817,"kind":"metro","source":"busan_gimhae_gates","period":"2025-12 Mon-Fri mean","coverage":"measured gates"},"geometry":{"type":"Point","coordinates":[128.8839,35.226466]}},{"type":"Feature","properties":{"station":"어룡","station_en":"Eoryong","line":"수도권 의정부경전철","lines":["수도권 의정부경전철"],"riders":5465,"boardings":2756,"alightings":2710,"kind":"metro","source":"seoul_weekday_od","period":"2023-11 weekday mean","coverage":"weekday OD station margins; coverage varies by station"},"geometry":{"type":"Point","coordinates":[127.085215,37.742684]}},{"type":"Feature","properties":{"station":"마산","station_en":"Masan","line":"수도권 김포골드라인","lines":["수도권 김포골드라인"],"riders":5472,"boardings":2870,"alightings":2602,"kind":"metro","source":"seoul_weekday_od","period":"2023-11 weekday mean","coverage":"weekday OD station margins; coverage varies by station"},"geometry":{"type":"Point","coordinates":[126.644238,37.6406]}},{"type":"Feature","properties":{"station":"삼양사거리","station_en":"Samyang Sageori","line":"수도권 우이신설선","lines":["수도권 우이신설선"],"riders":5478,"boardings":2716,"alightings":2761,"kind":"metro","source":"seoul_weekday_od","period":"2023-11 weekday mean","coverage":"weekday OD station margins; coverage varies by station"},"geometry":{"type":"Point","coordinates":[127.020492,37.621199]}},{"type":"Feature","properties":{"station":"솔밭공원","station_en":"Solbat Park","line":"수도권 우이신설선","lines":["수도권 우이신설선"],"riders":5506,"boardings":2837,"alightings":2668,"kind":"metro","source":"seoul_weekday_od","period":"2023-11 weekday mean","coverage":"weekday OD station margins; coverage varies by station"},"geometry":{"type":"Point","coordinates":[127.013249,37.65607]}},{"type":"Feature","properties":{"station":"보정","station_en":"Bojeong","line":"수도권 수인분당선","lines":["수도권 수인분당선"],"riders":5511,"boardings":2925,"alightings":2586,"kind":"metro","source":"seoul_weekday_od","period":"2023-11 weekday mean","coverage":"weekday OD station margins; coverage varies by station"},"geometry":{"type":"Point","coordinates":[127.108344,37.312596]}},{"type":"Feature","properties":{"station":"대봉교","station_en":"Daebonggyo","line":"대구 3호선","lines":["대구 3호선"],"riders":5560,"boardings":2756,"alightings":2803,"kind":"metro","source":"daegu_gates","period":"2026-06 Mon-Fri mean","coverage":"measured gates"},"geometry":{"type":"Point","coordinates":[128.606369,35.854998]}},{"type":"Feature","properties":{"station":"송정공원","station_en":"Songjeong Park","line":"광주 1호선","lines":["광주 1호선"],"riders":5565,"boardings":2754,"alightings":2811,"kind":"metro","source":"gwangju_gates","period":"2026-07 Mon-Fri mean","coverage":"measured gates"},"geometry":{"type":"Point","coordinates":[126.799245,35.143565]}},{"type":"Feature","properties":{"station":"농성","station_en":"Nongseong","line":"광주 1호선","lines":["광주 1호선"],"riders":5626,"boardings":2873,"alightings":2752,"kind":"metro","source":"gwangju_gates","period":"2026-07 Mon-Fri mean","coverage":"measured gates"},"geometry":{"type":"Point","coordinates":[126.883973,35.153363]}},{"type":"Feature","properties":{"station":"검단오류","station_en":"Geomdan Oryu","line":"수도권 인천 2호선","lines":["수도권 인천 2호선"],"riders":5722,"boardings":2808,"alightings":2914,"kind":"metro","source":"seoul_weekday_od","period":"2023-11 weekday mean","coverage":"weekday OD station margins; coverage varies by station"},"geometry":{"type":"Point","coordinates":[126.62793,37.594986]}},{"type":"Feature","properties":{"station":"이천","station_en":"Icheon","line":"수도권 경강선","lines":["수도권 경강선"],"riders":5789,"boardings":2789,"alightings":3000,"kind":"metro","source":"seoul_weekday_od","period":"2023-11 weekday mean","coverage":"weekday OD station margins; coverage varies by station"},"geometry":{"type":"Point","coordinates":[127.442224,37.264241]}},{"type":"Feature","properties":{"station":"고산","station_en":"Gosan","line":"대구 2호선","lines":["대구 2호선"],"riders":5873,"boardings":2974,"alightings":2900,"kind":"metro","source":"daegu_gates","period":"2026-06 Mon-Fri mean","coverage":"measured gates"},"geometry":{"type":"Point","coordinates":[128.69335,35.842955]}},{"type":"Feature","properties":{"station":"월곶","station_en":"Wolgot","line":"수도권 수인분당선","lines":["수도권 수인분당선"],"riders":5955,"boardings":3116,"alightings":2839,"kind":"metro","source":"seoul_weekday_od","period":"2023-11 weekday mean","coverage":"weekday OD station margins; coverage varies by station"},"geometry":{"type":"Point","coordinates":[126.7427,37.391794]}},{"type":"Feature","properties":{"station":"여주","station_en":"Yeoju","line":"수도권 경강선","lines":["수도권 경강선"],"riders":5956,"boardings":3015,"alightings":2941,"kind":"metro","source":"seoul_weekday_od","period":"2023-11 weekday mean","coverage":"weekday OD station margins; coverage varies by station"},"geometry":{"type":"Point","coordinates":[127.628606,37.282881]}},{"type":"Feature","properties":{"station":"북한산우이","station_en":"Bukhansan Ui","line":"수도권 우이신설선","lines":["수도권 우이신설선"],"riders":5968,"boardings":3154,"alightings":2814,"kind":"metro","source":"seoul_weekday_od","period":"2023-11 weekday mean","coverage":"weekday OD station margins; coverage varies by station"},"geometry":{"type":"Point","coordinates":[127.012412,37.663324]}},{"type":"Feature","properties":{"station":"범골","station_en":"Beomgol","line":"수도권 의정부경전철","lines":["수도권 의정부경전철"],"riders":5968,"boardings":3102,"alightings":2866,"kind":"metro","source":"seoul_weekday_od","period":"2023-11 weekday mean","coverage":"weekday OD station margins; coverage varies by station"},"geometry":{"type":"Point","coordinates":[127.043681,37.728773]}},{"type":"Feature","properties":{"station":"경전철의정부","station_en":"LRT Uijeongbu","line":"수도권 의정부경전철","lines":["수도권 의정부경전철"],"riders":5975,"boardings":2734,"alightings":3241,"kind":"metro","source":"seoul_weekday_od","period":"2023-11 weekday mean","coverage":"weekday OD station margins; coverage varies by station"},"geometry":{"type":"Point","coordinates":[127.043303,37.737274]}},{"type":"Feature","properties":{"station":"갈마","station_en":"Galma","line":"대전 1호선","lines":["대전 1호선"],"riders":5985,"boardings":3004,"alightings":2981,"kind":"metro","source":"daejeon_gates","period":"2026-07 Mon-Fri mean","coverage":"measured gates"},"geometry":{"type":"Point","coordinates":[127.372632,36.357522]}},{"type":"Feature","properties":{"station":"황금","station_en":"Hwanggeum","line":"대구 3호선","lines":["대구 3호선"],"riders":6029,"boardings":2997,"alightings":3032,"kind":"metro","source":"daegu_gates","period":"2026-06 Mon-Fri mean","coverage":"measured gates"},"geometry":{"type":"Point","coordinates":[128.623919,35.839078]}},{"type":"Feature","properties":{"station":"구암","station_en":"Guam","line":"대전 1호선","lines":["대전 1호선"],"riders":6042,"boardings":3080,"alightings":2962,"kind":"metro","source":"daejeon_gates","period":"2026-07 Mon-Fri mean","coverage":"measured gates"},"geometry":{"type":"Point","coordinates":[127.33083,36.356605]}},{"type":"Feature","properties":{"station":"구룡","station_en":"Guryong","line":"수도권 수인분당선","lines":["수도권 수인분당선"],"riders":6063,"boardings":3086,"alightings":2977,"kind":"metro","source":"seoul_weekday_od","period":"2023-11 weekday mean","coverage":"weekday OD station margins; coverage varies by station"},"geometry":{"type":"Point","coordinates":[127.059461,37.486927]}},{"type":"Feature","properties":{"station":"한성백제","station_en":"Hanseong Baekje","line":"수도권 9호선","lines":["수도권 9호선"],"riders":6129,"boardings":3219,"alightings":2910,"kind":"metro","source":"seoul_weekday_od","period":"2023-11 weekday mean","coverage":"weekday OD station margins; coverage varies by station"},"geometry":{"type":"Point","coordinates":[127.116213,37.51667]}},{"type":"Feature","properties":{"station":"쌍용","station_en":"Ssangyong","line":"수도권 1호선","lines":["수도권 1호선"],"riders":6216,"boardings":3206,"alightings":3010,"kind":"metro","source":"seoul_weekday_od","period":"2023-11 weekday mean","coverage":"weekday OD station margins; coverage varies by station"},"geometry":{"type":"Point","coordinates":[127.121291,36.793718]}},{"type":"Feature","properties":{"station":"독바위","station_en":"Dokbawi","line":"수도권 6호선","lines":["수도권 6호선"],"riders":6246,"boardings":3027,"alightings":3219,"kind":"metro","source":"seoul_weekday_od","period":"2023-11 weekday mean","coverage":"weekday OD station margins; coverage varies by station"},"geometry":{"type":"Point","coordinates":[126.933021,37.618337]}},{"type":"Feature","properties":{"station":"동두천중앙","station_en":"Dongducheonjungang","line":"수도권 1호선","lines":["수도권 1호선"],"riders":6248,"boardings":3157,"alightings":3092,"kind":"metro","source":"seoul_weekday_od","period":"2023-11 weekday mean","coverage":"weekday OD station margins; coverage varies by station"},"geometry":{"type":"Point","coordinates":[127.056541,37.901809]}},{"type":"Feature","properties":{"station":"갈매","station_en":"Galmae","line":"수도권 경춘선","lines":["수도권 경춘선"],"riders":6253,"boardings":3369,"alightings":2884,"kind":"metro","source":"seoul_weekday_od","period":"2023-11 weekday mean","coverage":"weekday OD station margins; coverage varies by station"},"geometry":{"type":"Point","coordinates":[127.114729,37.633946]}},{"type":"Feature","properties":{"station":"관악산","station_en":"Gwanaksan","line":"수도권 신림선","lines":["수도권 신림선"],"riders":6274,"boardings":3030,"alightings":3244,"kind":"metro","source":"seoul_weekday_od","period":"2023-11 weekday mean","coverage":"weekday OD station margins; coverage varies by station"},"geometry":{"type":"Point","coordinates":[126.945328,37.468736]}},{"type":"Feature","properties":{"station":"강서구청","station_en":"Gangseo-gu Office","line":"부산 3호선","lines":["부산 3호선"],"riders":6309,"boardings":3213,"alightings":3097,"kind":"metro","source":"busan_gates","period":"2026-07 Mon-Fri mean","coverage":"measured gates"},"geometry":{"type":"Point","coordinates":[128.981756,35.211247]}},{"type":"Feature","properties":{"station":"동작","station_en":"Dongjak","line":"수도권 4호선","lines":["수도권 4호선","수도권 9호선"],"riders":6358,"boardings":3264,"alightings":3094,"kind":"metro","source":"seoul_weekday_od","period":"2023-11 weekday mean","coverage":"weekday OD station margins; coverage varies by station"},"geometry":{"type":"Point","coordinates":[126.979276,37.503039]}},{"type":"Feature","properties":{"station":"문화전당","station_en":"Culture Center (Former Provincial office)","line":"광주 1호선","lines":["광주 1호선"],"riders":6368,"boardings":3104,"alightings":3264,"kind":"metro","source":"gwangju_gates","period":"2026-07 Mon-Fri mean","coverage":"measured gates"},"geometry":{"type":"Point","coordinates":[126.92005,35.14661]}},{"type":"Feature","properties":{"station":"경기도청북부청사","station_en":"Gyeonggi Provincial Government Northern Office","line":"수도권 의정부경전철","lines":["수도권 의정부경전철"],"riders":6374,"boardings":3127,"alightings":3246,"kind":"metro","source":"seoul_weekday_od","period":"2023-11 weekday mean","coverage":"weekday OD station margins; coverage varies by station"},"geometry":{"type":"Point","coordinates":[127.07162,37.750721]}},{"type":"Feature","properties":{"station":"달성공원","station_en":"DalseongPark","line":"대구 3호선","lines":["대구 3호선"],"riders":6402,"boardings":3279,"alightings":3123,"kind":"metro","source":"daegu_gates","period":"2026-06 Mon-Fri mean","coverage":"measured gates"},"geometry":{"type":"Point","coordinates":[128.582122,35.87573]}},{"type":"Feature","properties":{"station":"반야월","station_en":"Banyawol","line":"대구 1호선","lines":["대구 1호선"],"riders":6426,"boardings":3189,"alightings":3237,"kind":"metro","source":"daegu_gates","period":"2026-06 Mon-Fri mean","coverage":"measured gates"},"geometry":{"type":"Point","coordinates":[128.713663,35.865948]}},{"type":"Feature","properties":{"station":"현충로","station_en":"Hyeonchungno","line":"대구 1호선","lines":["대구 1호선"],"riders":6445,"boardings":3227,"alightings":3218,"kind":"metro","source":"daegu_gates","period":"2026-06 Mon-Fri mean","coverage":"measured gates"},"geometry":{"type":"Point","coordinates":[128.58085,35.84072]}},{"type":"Feature","properties":{"station":"명장","station_en":"Myeongjang","line":"부산 4호선","lines":["부산 4호선"],"riders":6477,"boardings":3326,"alightings":3151,"kind":"metro","source":"busan_gates","period":"2026-07 Mon-Fri mean","coverage":"measured gates"},"geometry":{"type":"Point","coordinates":[129.101517,35.205143]}},{"type":"Feature","properties":{"station":"지게골","station_en":"Jigegol","line":"부산 2호선","lines":["부산 2호선"],"riders":6536,"boardings":3290,"alightings":3246,"kind":"metro","source":"busan_gates","period":"2026-07 Mon-Fri mean","coverage":"measured gates"},"geometry":{"type":"Point","coordinates":[129.074365,35.135574]}},{"type":"Feature","properties":{"station":"서울지방병무청","station_en":"Seoul Regional Office of Military Manpower","line":"수도권 신림선","lines":["수도권 신림선"],"riders":6584,"boardings":3168,"alightings":3417,"kind":"metro","source":"seoul_weekday_od","period":"2023-11 weekday mean","coverage":"weekday OD station margins; coverage varies by station"},"geometry":{"type":"Point","coordinates":[126.922724,37.505963]}},{"type":"Feature","properties":{"station":"운천","station_en":"Uncheon","line":"광주 1호선","lines":["광주 1호선"],"riders":6586,"boardings":3331,"alightings":3255,"kind":"metro","source":"gwangju_gates","period":"2026-07 Mon-Fri mean","coverage":"measured gates"},"geometry":{"type":"Point","coordinates":[126.858694,35.150486]}},{"type":"Feature","properties":{"station":"남양산","station_en":"Namyangsan","line":"부산 2호선","lines":["부산 2호선"],"riders":6593,"boardings":3328,"alightings":3265,"kind":"metro","source":"busan_gates","period":"2026-07 Mon-Fri mean","coverage":"measured gates"},"geometry":{"type":"Point","coordinates":[129.019457,35.325359]}},{"type":"Feature","properties":{"station":"공항시장","station_en":"Airport Market","line":"수도권 9호선","lines":["수도권 9호선"],"riders":6616,"boardings":3176,"alightings":3440,"kind":"metro","source":"seoul_weekday_od","period":"2023-11 weekday mean","coverage":"weekday OD station margins; coverage varies by station"},"geometry":{"type":"Point","coordinates":[126.810602,37.563658]}},{"type":"Feature","properties":{"station":"용답","station_en":"Yongdap","line":"수도권 2호선","lines":["수도권 2호선"],"riders":6624,"boardings":3270,"alightings":3353,"kind":"metro","source":"seoul_weekday_od","period":"2023-11 weekday mean","coverage":"weekday OD station margins; coverage varies by station"},"geometry":{"type":"Point","coordinates":[127.050861,37.56209]}},{"type":"Feature","properties":{"station":"수성시장","station_en":"SuseongMarket","line":"대구 3호선","lines":["대구 3호선"],"riders":6628,"boardings":3370,"alightings":3258,"kind":"metro","source":"daegu_gates","period":"2026-06 Mon-Fri mean","coverage":"measured gates"},"geometry":{"type":"Point","coordinates":[128.616029,35.854317]}},{"type":"Feature","properties":{"station":"양평","station_en":"Yangpyeong","line":"수도권 경의중앙선","lines":["수도권 경의중앙선"],"riders":6629,"boardings":3253,"alightings":3377,"kind":"metro","source":"seoul_weekday_od","period":"2023-11 weekday mean","coverage":"weekday OD station margins; coverage varies by station"},"geometry":{"type":"Point","coordinates":[127.491897,37.492847]}},{"type":"Feature","properties":{"station":"양원","station_en":"Yangwon","line":"수도권 경의중앙선","lines":["수도권 경의중앙선"],"riders":6635,"boardings":3358,"alightings":3277,"kind":"metro","source":"seoul_weekday_od","period":"2023-11 weekday mean","coverage":"weekday OD station margins; coverage varies by station"},"geometry":{"type":"Point","coordinates":[127.107935,37.606582]}},{"type":"Feature","properties":{"station":"화전","station_en":"Hwajeon","line":"수도권 경의중앙선","lines":["수도권 경의중앙선"],"riders":6651,"boardings":3434,"alightings":3217,"kind":"metro","source":"seoul_weekday_od","period":"2023-11 weekday mean","coverage":"weekday OD station margins; coverage varies by station"},"geometry":{"type":"Point","coordinates":[126.872021,37.599577]}},{"type":"Feature","properties":{"station":"세류","station_en":"Seryu","line":"수도권 1호선","lines":["수도권 1호선"],"riders":6702,"boardings":3520,"alightings":3182,"kind":"metro","source":"seoul_weekday_od","period":"2023-11 weekday mean","coverage":"weekday OD station margins; coverage varies by station"},"geometry":{"type":"Point","coordinates":[127.013722,37.244115]}},{"type":"Feature","properties":{"station":"별내","station_en":"Byeollae","line":"수도권 경춘선","lines":["수도권 경춘선"],"riders":6717,"boardings":3408,"alightings":3310,"kind":"metro","source":"seoul_weekday_od","period":"2023-11 weekday mean","coverage":"weekday OD station margins; coverage varies by station"},"geometry":{"type":"Point","coordinates":[127.127609,37.642333]}},{"type":"Feature","properties":{"station":"세마","station_en":"Sema","line":"수도권 1호선","lines":["수도권 1호선"],"riders":6720,"boardings":3424,"alightings":3297,"kind":"metro","source":"seoul_weekday_od","period":"2023-11 weekday mean","coverage":"weekday OD station margins; coverage varies by station"},"geometry":{"type":"Point","coordinates":[127.043274,37.187372]}},{"type":"Feature","properties":{"station":"구포","station_en":"Gupo","line":"부산 3호선","lines":["부산 3호선"],"riders":6741,"boardings":3178,"alightings":3563,"kind":"metro","source":"busan_gates","period":"2026-07 Mon-Fri mean","coverage":"measured gates"},"geometry":{"type":"Point","coordinates":[128.996366,35.206697]}},{"type":"Feature","properties":{"station":"강매","station_en":"Gangmae","line":"수도권 경의중앙선","lines":["수도권 경의중앙선"],"riders":6767,"boardings":3643,"alightings":3124,"kind":"metro","source":"seoul_weekday_od","period":"2023-11 weekday mean","coverage":"weekday OD station margins; coverage varies by station"},"geometry":{"type":"Point","coordinates":[126.844528,37.612287]}},{"type":"Feature","properties":{"station":"서원","station_en":"Seowon","line":"수도권 신림선","lines":["수도권 신림선"],"riders":6773,"boardings":3619,"alightings":3154,"kind":"metro","source":"seoul_weekday_od","period":"2023-11 weekday mean","coverage":"weekday OD station margins; coverage varies by station"},"geometry":{"type":"Point","coordinates":[126.933012,37.478211]}},{"type":"Feature","properties":{"station":"발곡","station_en":"Balgok","line":"수도권 의정부경전철","lines":["수도권 의정부경전철"],"riders":6800,"boardings":3358,"alightings":3443,"kind":"metro","source":"seoul_weekday_od","period":"2023-11 weekday mean","coverage":"weekday OD station margins; coverage varies by station"},"geometry":{"type":"Point","coordinates":[127.052954,37.727007]}},{"type":"Feature","properties":{"station":"담티","station_en":"Damti(PolytechnicCollegeㆍDaeryunMiddle&HighSchool)","line":"대구 2호선","lines":["대구 2호선"],"riders":6831,"boardings":3623,"alightings":3208,"kind":"metro","source":"daegu_gates","period":"2026-06 Mon-Fri mean","coverage":"measured gates"},"geometry":{"type":"Point","coordinates":[128.654151,35.854841]}},{"type":"Feature","properties":{"station":"구명","station_en":"Gumyeong","line":"부산 2호선","lines":["부산 2호선"],"riders":6868,"boardings":3860,"alightings":3008,"kind":"metro","source":"busan_gates","period":"2026-07 Mon-Fri mean","coverage":"measured gates"},"geometry":{"type":"Point","coordinates":[128.999322,35.20252]}},{"type":"Feature","properties":{"station":"방촌","station_en":"Bangchon","line":"대구 1호선","lines":["대구 1호선"],"riders":6939,"boardings":3420,"alightings":3519,"kind":"metro","source":"daegu_gates","period":"2026-06 Mon-Fri mean","coverage":"measured gates"},"geometry":{"type":"Point","coordinates":[128.669767,35.879929]}},{"type":"Feature","properties":{"station":"검바위","station_en":"Geombawi","line":"수도권 인천 2호선","lines":["수도권 인천 2호선"],"riders":6993,"boardings":3355,"alightings":3639,"kind":"metro","source":"seoul_weekday_od","period":"2023-11 weekday mean","coverage":"weekday OD station margins; coverage varies by station"},"geometry":{"type":"Point","coordinates":[126.67751,37.561248]}},{"type":"Feature","properties":{"station":"광명","station_en":"Gwangmyeong","line":"수도권 1호선","lines":["수도권 1호선"],"riders":7039,"boardings":3765,"alightings":3274,"kind":"metro","source":"seoul_weekday_od","period":"2023-11 weekday mean","coverage":"weekday OD station margins; coverage varies by station"},"geometry":{"type":"Point","coordinates":[126.884698,37.41638]}},{"type":"Feature","properties":{"station":"남산","station_en":"Namsan(Gyemyeongnegeori)","line":"대구 3호선","lines":["대구 3호선"],"riders":7065,"boardings":3483,"alightings":3582,"kind":"metro","source":"daegu_gates","period":"2026-06 Mon-Fri mean","coverage":"measured gates"},"geometry":{"type":"Point","coordinates":[128.583458,35.85669]}},{"type":"Feature","properties":{"station":"월평","station_en":"Wolpyeong","line":"대전 1호선","lines":["대전 1호선"],"riders":7068,"boardings":3539,"alightings":3529,"kind":"metro","source":"daejeon_gates","period":"2026-07 Mon-Fri mean","coverage":"measured gates"},"geometry":{"type":"Point","coordinates":[127.364382,36.358272]}},{"type":"Feature","properties":{"station":"대공원","station_en":"SuseongAlphaCity(SamsungLionsPark)","line":"대구 2호선","lines":["대구 2호선"],"riders":7068,"boardings":3302,"alightings":3765,"kind":"metro","source":"daegu_gates","period":"2026-06 Mon-Fri mean","coverage":"measured gates"},"geometry":{"type":"Point","coordinates":[128.67999,35.842718]}},{"type":"Feature","properties":{"station":"대공원","station_en":"Seoul Grand Park","line":"수도권 4호선","lines":["수도권 4호선"],"riders":7087,"boardings":3471,"alightings":3616,"kind":"metro","source":"seoul_weekday_od","period":"2023-11 weekday mean","coverage":"weekday OD station margins; coverage varies by station"},"geometry":{"type":"Point","coordinates":[127.006608,37.435803]}},{"type":"Feature","properties":{"station":"이곡","station_en":"Igok","line":"대구 2호선","lines":["대구 2호선"],"riders":7164,"boardings":3776,"alightings":3387,"kind":"metro","source":"daegu_gates","period":"2026-06 Mon-Fri mean","coverage":"measured gates"},"geometry":{"type":"Point","coordinates":[128.515769,35.85062]}},{"type":"Feature","properties":{"station":"동구청","station_en":"Dong-guOffice(Keungogae)","line":"대구 1호선","lines":["대구 1호선"],"riders":7179,"boardings":3682,"alightings":3498,"kind":"metro","source":"daegu_gates","period":"2026-06 Mon-Fri mean","coverage":"measured gates"},"geometry":{"type":"Point","coordinates":[128.632295,35.884485]}},{"type":"Feature","properties":{"station":"도원","station_en":"Dowon","line":"수도권 1호선","lines":["수도권 1호선"],"riders":7234,"boardings":3564,"alightings":3670,"kind":"metro","source":"seoul_weekday_od","period":"2023-11 weekday mean","coverage":"weekday OD station margins; coverage varies by station"},"geometry":{"type":"Point","coordinates":[126.642401,37.468826]}},{"type":"Feature","properties":{"station":"임당","station_en":"Imdang","line":"대구 2호선","lines":["대구 2호선"],"riders":7261,"boardings":3728,"alightings":3534,"kind":"metro","source":"daegu_gates","period":"2026-06 Mon-Fri mean","coverage":"measured gates"},"geometry":{"type":"Point","coordinates":[128.741076,35.834131]}},{"type":"Feature","properties":{"station":"다사","station_en":"Dasa","line":"대구 2호선","lines":["대구 2호선"],"riders":7308,"boardings":3745,"alightings":3563,"kind":"metro","source":"daegu_gates","period":"2026-06 Mon-Fri mean","coverage":"measured gates"},"geometry":{"type":"Point","coordinates":[128.458288,35.864953]}},{"type":"Feature","properties":{"station":"송현","station_en":"Songhyeon","line":"대구 1호선","lines":["대구 1호선"],"riders":7349,"boardings":3597,"alightings":3751,"kind":"metro","source":"daegu_gates","period":"2026-06 Mon-Fri mean","coverage":"measured gates"},"geometry":{"type":"Point","coordinates":[128.551755,35.831092]}},{"type":"Feature","properties":{"station":"초월","station_en":"Chowol","line":"수도권 경강선","lines":["수도권 경강선"],"riders":7418,"boardings":3809,"alightings":3609,"kind":"metro","source":"seoul_weekday_od","period":"2023-11 weekday mean","coverage":"weekday OD station margins; coverage varies by station"},"geometry":{"type":"Point","coordinates":[127.299949,37.373364]}},{"type":"Feature","properties":{"station":"충렬사","station_en":"Chungnyeolsa","line":"부산 4호선","lines":["부산 4호선"],"riders":7424,"boardings":3629,"alightings":3795,"kind":"metro","source":"busan_gates","period":"2026-07 Mon-Fri mean","coverage":"measured gates"},"geometry":{"type":"Point","coordinates":[129.097636,35.199859]}},{"type":"Feature","properties":{"station":"퇴계원","station_en":"Toegyewon","line":"수도권 경춘선","lines":["수도권 경춘선"],"riders":7467,"boardings":3898,"alightings":3569,"kind":"metro","source":"seoul_weekday_od","period":"2023-11 weekday mean","coverage":"weekday OD station margins; coverage varies by station"},"geometry":{"type":"Point","coordinates":[127.143532,37.648256]}},{"type":"Feature","properties":{"station":"신장림","station_en":"Sinjangnim","line":"부산 1호선","lines":["부산 1호선"],"riders":7510,"boardings":3799,"alightings":3711,"kind":"metro","source":"busan_gates","period":"2026-07 Mon-Fri mean","coverage":"measured gates"},"geometry":{"type":"Point","coordinates":[128.977041,35.074433]}},{"type":"Feature","properties":{"station":"수색","station_en":"Susaek","line":"수도권 경의중앙선","lines":["수도권 경의중앙선"],"riders":7520,"boardings":3710,"alightings":3810,"kind":"metro","source":"seoul_weekday_od","period":"2023-11 weekday mean","coverage":"weekday OD station margins; coverage varies by station"},"geometry":{"type":"Point","coordinates":[126.895553,37.580758]}},{"type":"Feature","properties":{"station":"창신","station_en":"Changsin","line":"수도권 6호선","lines":["수도권 6호선"],"riders":7542,"boardings":4055,"alightings":3487,"kind":"metro","source":"seoul_weekday_od","period":"2023-11 weekday mean","coverage":"weekday OD station margins; coverage varies by station"},"geometry":{"type":"Point","coordinates":[127.015247,37.579804]}},{"type":"Feature","properties":{"station":"화계","station_en":"Hwagye","line":"수도권 우이신설선","lines":["수도권 우이신설선"],"riders":7583,"boardings":3872,"alightings":3712,"kind":"metro","source":"seoul_weekday_od","period":"2023-11 weekday mean","coverage":"weekday OD station margins; coverage varies by station"},"geometry":{"type":"Point","coordinates":[127.017489,37.634027]}},{"type":"Feature","properties":{"station":"광교","station_en":"Gwanggyo","line":"수도권 신분당선","lines":["수도권 신분당선"],"riders":7649,"boardings":3952,"alightings":3697,"kind":"metro","source":"seoul_weekday_od","period":"2023-11 weekday mean","coverage":"weekday OD station margins; coverage varies by station"},"geometry":{"type":"Point","coordinates":[127.044281,37.302109]}},{"type":"Feature","properties":{"station":"칠곡운암","station_en":"Chilgok·Unam","line":"대구 3호선","lines":["대구 3호선"],"riders":7670,"boardings":3844,"alightings":3826,"kind":"metro","source":"daegu_gates","period":"2026-06 Mon-Fri mean","coverage":"measured gates"},"geometry":{"type":"Point","coordinates":[128.55453,35.931455]}},{"type":"Feature","properties":{"station":"의정부중앙","station_en":"Uijeongbu Jung-ang","line":"수도권 의정부경전철","lines":["수도권 의정부경전철"],"riders":7701,"boardings":3765,"alightings":3936,"kind":"metro","source":"seoul_weekday_od","period":"2023-11 weekday mean","coverage":"weekday OD station margins; coverage varies by station"},"geometry":{"type":"Point","coordinates":[127.049756,37.743685]}},{"type":"Feature","properties":{"station":"가야","station_en":"Gaya","line":"부산 2호선","lines":["부산 2호선"],"riders":7719,"boardings":3980,"alightings":3739,"kind":"metro","source":"busan_gates","period":"2026-07 Mon-Fri mean","coverage":"measured gates"},"geometry":{"type":"Point","coordinates":[129.042817,35.155883]}},{"type":"Feature","properties":{"station":"센트럴파크","station_en":"Central Park","line":"수도권 인천 1호선","lines":["수도권 인천 1호선"],"riders":7726,"boardings":3836,"alightings":3890,"kind":"metro","source":"seoul_weekday_od","period":"2023-11 weekday mean","coverage":"weekday OD station margins; coverage varies by station"},"geometry":{"type":"Point","coordinates":[126.634561,37.393507]}},{"type":"Feature","properties":{"station":"서대신","station_en":"Seodaesin","line":"부산 1호선","lines":["부산 1호선"],"riders":7782,"boardings":3744,"alightings":4038,"kind":"metro","source":"busan_gates","period":"2026-07 Mon-Fri mean","coverage":"measured gates"},"geometry":{"type":"Point","coordinates":[129.012178,35.110937]}},{"type":"Feature","properties":{"station":"박촌","station_en":"Bakchon","line":"수도권 인천 1호선","lines":["수도권 인천 1호선"],"riders":7790,"boardings":4048,"alightings":3741,"kind":"metro","source":"seoul_weekday_od","period":"2023-11 weekday mean","coverage":"weekday OD station margins; coverage varies by station"},"geometry":{"type":"Point","coordinates":[126.745509,37.55613]}},{"type":"Feature","properties":{"station":"하양","station_en":"Hayang(DaeguCatholicUniversity)","line":"대구 1호선","lines":["대구 1호선"],"riders":7902,"boardings":4166,"alightings":3736,"kind":"metro","source":"daegu_gates","period":"2026-06 Mon-Fri mean","coverage":"measured gates"},"geometry":{"type":"Point","coordinates":[128.81754,35.909426]}},{"type":"Feature","properties":{"station":"범물","station_en":"Beommul","line":"대구 3호선","lines":["대구 3호선"],"riders":7955,"boardings":4012,"alightings":3943,"kind":"metro","source":"daegu_gates","period":"2026-06 Mon-Fri mean","coverage":"measured gates"},"geometry":{"type":"Point","coordinates":[128.640113,35.820839]}},{"type":"Feature","properties":{"station":"안지랑","station_en":"Anjirang","line":"대구 1호선","lines":["대구 1호선"],"riders":7977,"boardings":4047,"alightings":3930,"kind":"metro","source":"daegu_gates","period":"2026-06 Mon-Fri mean","coverage":"measured gates"},"geometry":{"type":"Point","coordinates":[128.574,35.8392]}},{"type":"Feature","properties":{"station":"판암","station_en":"Panam","line":"대전 1호선","lines":["대전 1호선"],"riders":7995,"boardings":4200,"alightings":3796,"kind":"metro","source":"daejeon_gates","period":"2026-07 Mon-Fri mean","coverage":"measured gates"},"geometry":{"type":"Point","coordinates":[127.458264,36.316896]}},{"type":"Feature","properties":{"station":"민락","station_en":"Millak","line":"부산 2호선","lines":["부산 2호선"],"riders":7997,"boardings":4087,"alightings":3910,"kind":"metro","source":"busan_gates","period":"2026-07 Mon-Fri mean","coverage":"measured gates"},"geometry":{"type":"Point","coordinates":[129.121909,35.167228]}},{"type":"Feature","properties":{"station":"대동","station_en":"Dae-dong","line":"대전 1호선","lines":["대전 1호선"],"riders":7997,"boardings":4256,"alightings":3740,"kind":"metro","source":"daejeon_gates","period":"2026-07 Mon-Fri mean","coverage":"measured gates"},"geometry":{"type":"Point","coordinates":[127.442848,36.329532]}},{"type":"Feature","properties":{"station":"영종","station_en":"Yeongjong","line":"수도권 공항철도","lines":["수도권 공항철도"],"riders":8017,"boardings":3975,"alightings":4043,"kind":"metro","source":"seoul_weekday_od","period":"2023-11 weekday mean","coverage":"weekday OD station margins; coverage varies by station"},"geometry":{"type":"Point","coordinates":[126.524599,37.511889]}},{"type":"Feature","properties":{"station":"서부여성회관","station_en":"West Woman's Community Center","line":"수도권 인천 2호선","lines":["수도권 인천 2호선"],"riders":8064,"boardings":4101,"alightings":3963,"kind":"metro","source":"seoul_weekday_od","period":"2023-11 weekday mean","coverage":"weekday OD station margins; coverage varies by station"},"geometry":{"type":"Point","coordinates":[126.675823,37.499981]}},{"type":"Feature","properties":{"station":"다대포항","station_en":"Dadaepo Harbor","line":"부산 1호선","lines":["부산 1호선"],"riders":8072,"boardings":3815,"alightings":4257,"kind":"metro","source":"busan_gates","period":"2026-07 Mon-Fri mean","coverage":"measured gates"},"geometry":{"type":"Point","coordinates":[128.9713,35.05782]}},{"type":"Feature","properties":{"station":"남광주","station_en":"Namgwangju","line":"광주 1호선","lines":["광주 1호선"],"riders":8076,"boardings":4024,"alightings":4052,"kind":"metro","source":"gwangju_gates","period":"2026-07 Mon-Fri mean","coverage":"measured gates"},"geometry":{"type":"Point","coordinates":[126.92318,35.138985]}},{"type":"Feature","properties":{"station":"금남로4가","station_en":"Geumnamno 4(sa)-ga","line":"광주 1호선","lines":["광주 1호선"],"riders":8103,"boardings":4062,"alightings":4041,"kind":"metro","source":"gwangju_gates","period":"2026-07 Mon-Fri mean","coverage":"measured gates"},"geometry":{"type":"Point","coordinates":[126.914446,35.150976]}},{"type":"Feature","properties":{"station":"장림","station_en":"Jangnim","line":"부산 1호선","lines":["부산 1호선"],"riders":8146,"boardings":4242,"alightings":3904,"kind":"metro","source":"busan_gates","period":"2026-07 Mon-Fri mean","coverage":"measured gates"},"geometry":{"type":"Point","coordinates":[128.9775,35.08109]}},{"type":"Feature","properties":{"station":"수리산","station_en":"Surisan","line":"수도권 4호선","lines":["수도권 4호선"],"riders":8221,"boardings":4482,"alightings":3739,"kind":"metro","source":"seoul_weekday_od","period":"2023-11 weekday mean","coverage":"weekday OD station margins; coverage varies by station"},"geometry":{"type":"Point","coordinates":[126.925558,37.35042]}},{"type":"Feature","properties":{"station":"안심","station_en":"Ansim(Innovationcity·High-techMedicalComplex)","line":"대구 1호선","lines":["대구 1호선"],"riders":8236,"boardings":4292,"alightings":3945,"kind":"metro","source":"daegu_gates","period":"2026-06 Mon-Fri mean","coverage":"measured gates"},"geometry":{"type":"Point","coordinates":[128.7338,35.8712]}},{"type":"Feature","properties":{"station":"대명","station_en":"Daemyeong","line":"대구 1호선","lines":["대구 1호선"],"riders":8237,"boardings":4055,"alightings":4182,"kind":"metro","source":"daegu_gates","period":"2026-06 Mon-Fri mean","coverage":"measured gates"},"geometry":{"type":"Point","coordinates":[128.565285,35.839292]}},{"type":"Feature","properties":{"station":"물만골","station_en":"Mulmangol","line":"부산 3호선","lines":["부산 3호선"],"riders":8241,"boardings":4068,"alightings":4174,"kind":"metro","source":"busan_gates","period":"2026-07 Mon-Fri mean","coverage":"measured gates"},"geometry":{"type":"Point","coordinates":[129.085748,35.176808]}},{"type":"Feature","properties":{"station":"동수","station_en":"Dongsu","line":"수도권 인천 1호선","lines":["수도권 인천 1호선"],"riders":8283,"boardings":4185,"alightings":4098,"kind":"metro","source":"seoul_weekday_od","period":"2023-11 weekday mean","coverage":"weekday OD station margins; coverage varies by station"},"geometry":{"type":"Point","coordinates":[126.718542,37.485422]}},{"type":"Feature","properties":{"station":"가재울","station_en":"Gajaeul","line":"수도권 인천 2호선","lines":["수도권 인천 2호선"],"riders":8289,"boardings":4199,"alightings":4090,"kind":"metro","source":"seoul_weekday_od","period":"2023-11 weekday mean","coverage":"weekday OD station margins; coverage varies by station"},"geometry":{"type":"Point","coordinates":[126.683979,37.48395]}},{"type":"Feature","properties":{"station":"마석","station_en":"Maseok","line":"수도권 경춘선","lines":["수도권 경춘선"],"riders":8292,"boardings":4199,"alightings":4092,"kind":"metro","source":"seoul_weekday_od","period":"2023-11 weekday mean","coverage":"weekday OD station margins; coverage varies by station"},"geometry":{"type":"Point","coordinates":[127.311674,37.652775]}},{"type":"Feature","properties":{"station":"아산","station_en":"Asan","line":"수도권 1호선","lines":["수도권 1호선"],"riders":8296,"boardings":4384,"alightings":3913,"kind":"metro","source":"seoul_weekday_od","period":"2023-11 weekday mean","coverage":"weekday OD station margins; coverage varies by station"},"geometry":{"type":"Point","coordinates":[127.104453,36.792097]}},{"type":"Feature","properties":{"station":"칠성시장","station_en":"ChilseongMarket","line":"대구 1호선","lines":["대구 1호선"],"riders":8311,"boardings":4176,"alightings":4135,"kind":"metro","source":"daegu_gates","period":"2026-06 Mon-Fri mean","coverage":"measured gates"},"geometry":{"type":"Point","coordinates":[128.604885,35.876159]}},{"type":"Feature","properties":{"station":"사하","station_en":"Saha","line":"부산 1호선","lines":["부산 1호선"],"riders":8315,"boardings":4369,"alightings":3946,"kind":"metro","source":"busan_gates","period":"2026-07 Mon-Fri mean","coverage":"measured gates"},"geometry":{"type":"Point","coordinates":[128.9831,35.099847]}},{"type":"Feature","properties":{"station":"오룡","station_en":"Oryong","line":"대전 1호선","lines":["대전 1호선"],"riders":8341,"boardings":4427,"alightings":3914,"kind":"metro","source":"daejeon_gates","period":"2026-07 Mon-Fri mean","coverage":"measured gates"},"geometry":{"type":"Point","coordinates":[127.405046,36.328582]}},{"type":"Feature","properties":{"station":"신기","station_en":"Singi","line":"대구 1호선","lines":["대구 1호선"],"riders":8394,"boardings":4292,"alightings":4101,"kind":"metro","source":"daegu_gates","period":"2026-06 Mon-Fri mean","coverage":"measured gates"},"geometry":{"type":"Point","coordinates":[128.701724,35.866761]}},{"type":"Feature","properties":{"station":"인천가좌","station_en":"Incheon Gajwa","line":"수도권 인천 2호선","lines":["수도권 인천 2호선"],"riders":8489,"boardings":4264,"alightings":4225,"kind":"metro","source":"seoul_weekday_od","period":"2023-11 weekday mean","coverage":"weekday OD station margins; coverage varies by station"},"geometry":{"type":"Point","coordinates":[126.675239,37.490459]}},{"type":"Feature","properties":{"station":"대티","station_en":"Daeti","line":"부산 1호선","lines":["부산 1호선"],"riders":8494,"boardings":4244,"alightings":4249,"kind":"metro","source":"busan_gates","period":"2026-07 Mon-Fri mean","coverage":"measured gates"},"geometry":{"type":"Point","coordinates":[128.999936,35.103126]}},{"type":"Feature","properties":{"station":"오산대","station_en":"Osan College","line":"수도권 1호선","lines":["수도권 1호선"],"riders":8496,"boardings":4415,"alightings":4082,"kind":"metro","source":"seoul_weekday_od","period":"2023-11 weekday mean","coverage":"weekday OD station margins; coverage varies by station"},"geometry":{"type":"Point","coordinates":[127.063115,37.1693]}},{"type":"Feature","properties":{"station":"도화","station_en":"Dohwa","line":"수도권 1호선","lines":["수도권 1호선"],"riders":8518,"boardings":4430,"alightings":4088,"kind":"metro","source":"seoul_weekday_od","period":"2023-11 weekday mean","coverage":"weekday OD station margins; coverage varies by station"},"geometry":{"type":"Point","coordinates":[126.668264,37.466124]}},{"type":"Feature","properties":{"station":"4.19민주묘지","station_en":"April 19th National Cemetery","line":"수도권 우이신설선","lines":["수도권 우이신설선"],"riders":8546,"boardings":4332,"alightings":4215,"kind":"metro","source":"seoul_weekday_od","period":"2023-11 weekday mean","coverage":"weekday OD station margins; coverage varies by station"},"geometry":{"type":"Point","coordinates":[127.013686,37.649341]}},{"type":"Feature","properties":{"station":"마전","station_en":"Majeon","line":"수도권 인천 2호선","lines":["수도권 인천 2호선"],"riders":8580,"boardings":4159,"alightings":4421,"kind":"metro","source":"seoul_weekday_od","period":"2023-11 weekday mean","coverage":"weekday OD station margins; coverage varies by station"},"geometry":{"type":"Point","coordinates":[126.667247,37.597566]}},{"type":"Feature","properties":{"station":"북구청","station_en":"Buk-guOffice(DGBDaeguBankPark)","line":"대구 3호선","lines":["대구 3호선"],"riders":8619,"boardings":4236,"alightings":4383,"kind":"metro","source":"daegu_gates","period":"2026-06 Mon-Fri mean","coverage":"measured gates"},"geometry":{"type":"Point","coordinates":[128.581448,35.883814]}},{"type":"Feature","properties":{"station":"교대","station_en":"NationalUniversityofEducation","line":"대구 1호선","lines":["대구 1호선"],"riders":8684,"boardings":4418,"alightings":4266,"kind":"metro","source":"daegu_gates","period":"2026-06 Mon-Fri mean","coverage":"measured gates"},"geometry":{"type":"Point","coordinates":[128.590643,35.851095]}},{"type":"Feature","properties":{"station":"화원","station_en":"Hwawon","line":"대구 1호선","lines":["대구 1호선"],"riders":8684,"boardings":4309,"alightings":4375,"kind":"metro","source":"daegu_gates","period":"2026-06 Mon-Fri mean","coverage":"measured gates"},"geometry":{"type":"Point","coordinates":[128.500409,35.804349]}},{"type":"Feature","properties":{"station":"숭의","station_en":"Sungui","line":"수도권 수인분당선","lines":["수도권 수인분당선"],"riders":8686,"boardings":4466,"alightings":4220,"kind":"metro","source":"seoul_weekday_od","period":"2023-11 weekday mean","coverage":"weekday OD station margins; coverage varies by station"},"geometry":{"type":"Point","coordinates":[126.638235,37.460793]}},{"type":"Feature","properties":{"station":"반고개","station_en":"Bangogae","line":"대구 2호선","lines":["대구 2호선"],"riders":8692,"boardings":4292,"alightings":4400,"kind":"metro","source":"daegu_gates","period":"2026-06 Mon-Fri mean","coverage":"measured gates"},"geometry":{"type":"Point","coordinates":[128.572817,35.8623]}},{"type":"Feature","properties":{"station":"사평","station_en":"Sapyeong","line":"수도권 9호선","lines":["수도권 9호선"],"riders":8702,"boardings":4426,"alightings":4277,"kind":"metro","source":"seoul_weekday_od","period":"2023-11 weekday mean","coverage":"weekday OD station margins; coverage varies by station"},"geometry":{"type":"Point","coordinates":[127.01514,37.504295]}},{"type":"Feature","properties":{"station":"석바위시장","station_en":"Seokbawi Market","line":"수도권 인천 2호선","lines":["수도권 인천 2호선"],"riders":8733,"boardings":4207,"alightings":4526,"kind":"metro","source":"seoul_weekday_od","period":"2023-11 weekday mean","coverage":"weekday OD station margins; coverage varies by station"},"geometry":{"type":"Point","coordinates":[126.692211,37.457681]}},{"type":"Feature","properties":{"station":"호구포","station_en":"Hogupo","line":"수도권 수인분당선","lines":["수도권 수인분당선"],"riders":8781,"boardings":4303,"alightings":4478,"kind":"metro","source":"seoul_weekday_od","period":"2023-11 weekday mean","coverage":"weekday OD station margins; coverage varies by station"},"geometry":{"type":"Point","coordinates":[126.708639,37.40169]}},{"type":"Feature","properties":{"station":"상무","station_en":"Sangmu","line":"광주 1호선","lines":["광주 1호선"],"riders":8784,"boardings":4342,"alightings":4442,"kind":"metro","source":"gwangju_gates","period":"2026-07 Mon-Fri mean","coverage":"measured gates"},"geometry":{"type":"Point","coordinates":[126.848641,35.146784]}},{"type":"Feature","properties":{"station":"한남","station_en":"Hannam","line":"수도권 경의중앙선","lines":["수도권 경의중앙선"],"riders":8797,"boardings":4515,"alightings":4282,"kind":"metro","source":"seoul_weekday_od","period":"2023-11 weekday mean","coverage":"weekday OD station margins; coverage varies by station"},"geometry":{"type":"Point","coordinates":[127.009242,37.529445]}},{"type":"Feature","properties":{"station":"노은","station_en":"Noeun","line":"대전 1호선","lines":["대전 1호선"],"riders":8799,"boardings":4279,"alightings":4520,"kind":"metro","source":"daejeon_gates","period":"2026-07 Mon-Fri mean","coverage":"measured gates"},"geometry":{"type":"Point","coordinates":[127.317835,36.37415]}},{"type":"Feature","properties":{"station":"월촌","station_en":"Wolchon","line":"대구 1호선","lines":["대구 1호선"],"riders":8809,"boardings":4316,"alightings":4493,"kind":"metro","source":"daegu_gates","period":"2026-06 Mon-Fri mean","coverage":"measured gates"},"geometry":{"type":"Point","coordinates":[128.545465,35.823695]}},{"type":"Feature","properties":{"station":"신반포","station_en":"Sinbanpo","line":"수도권 9호선","lines":["수도권 9호선"],"riders":8838,"boardings":4474,"alightings":4364,"kind":"metro","source":"seoul_weekday_od","period":"2023-11 weekday mean","coverage":"weekday OD station margins; coverage varies by station"},"geometry":{"type":"Point","coordinates":[126.996418,37.503601]}},{"type":"Feature","properties":{"station":"내당","station_en":"Naedang","line":"대구 2호선","lines":["대구 2호선"],"riders":8899,"boardings":4405,"alightings":4494,"kind":"metro","source":"daegu_gates","period":"2026-06 Mon-Fri mean","coverage":"measured gates"},"geometry":{"type":"Point","coordinates":[128.564593,35.860194]}},{"type":"Feature","properties":{"station":"송탄","station_en":"Songtan","line":"수도권 1호선","lines":["수도권 1호선"],"riders":8946,"boardings":4493,"alightings":4453,"kind":"metro","source":"seoul_weekday_od","period":"2023-11 weekday mean","coverage":"weekday OD station margins; coverage varies by station"},"geometry":{"type":"Point","coordinates":[127.054366,37.075356]}},{"type":"Feature","properties":{"station":"사월","station_en":"Sawol","line":"대구 2호선","lines":["대구 2호선"],"riders":8999,"boardings":4606,"alightings":4393,"kind":"metro","source":"daegu_gates","period":"2026-06 Mon-Fri mean","coverage":"measured gates"},"geometry":{"type":"Point","coordinates":[128.715173,35.837066]}},{"type":"Feature","properties":{"station":"독정","station_en":"Dokjeong","line":"수도권 인천 2호선","lines":["수도권 인천 2호선"],"riders":9017,"boardings":4512,"alightings":4505,"kind":"metro","source":"seoul_weekday_od","period":"2023-11 weekday mean","coverage":"weekday OD station margins; coverage varies by station"},"geometry":{"type":"Point","coordinates":[126.675958,37.584863]}},{"type":"Feature","properties":{"station":"인천","station_en":"Incheon","line":"수도권 1호선","lines":["수도권 1호선","수도권 수인분당선"],"riders":9021,"boardings":4612,"alightings":4409,"kind":"metro","source":"seoul_weekday_od","period":"2023-11 weekday mean","coverage":"weekday OD station margins; coverage varies by station"},"geometry":{"type":"Point","coordinates":[126.617126,37.476626]}},{"type":"Feature","properties":{"station":"녹천","station_en":"Nokcheon","line":"수도권 1호선","lines":["수도권 1호선"],"riders":9027,"boardings":4899,"alightings":4127,"kind":"metro","source":"seoul_weekday_od","period":"2023-11 weekday mean","coverage":"weekday OD station margins; coverage varies by station"},"geometry":{"type":"Point","coordinates":[127.051398,37.644627]}},{"type":"Feature","properties":{"station":"좌천","station_en":"Jwacheon","line":"부산 1호선","lines":["부산 1호선"],"riders":9038,"boardings":4732,"alightings":4306,"kind":"metro","source":"busan_gates","period":"2026-07 Mon-Fri mean","coverage":"measured gates"},"geometry":{"type":"Point","coordinates":[129.054455,35.134361]}},{"type":"Feature","properties":{"station":"팔거","station_en":"Palgeo(NAQS·KOSTAT)","line":"대구 3호선","lines":["대구 3호선"],"riders":9073,"boardings":4470,"alightings":4603,"kind":"metro","source":"daegu_gates","period":"2026-06 Mon-Fri mean","coverage":"measured gates"},"geometry":{"type":"Point","coordinates":[128.558337,35.944047]}},{"type":"Feature","properties":{"station":"남동구청","station_en":"Namdong-gu Office","line":"수도권 인천 2호선","lines":["수도권 인천 2호선"],"riders":9092,"boardings":4705,"alightings":4387,"kind":"metro","source":"seoul_weekday_od","period":"2023-11 weekday mean","coverage":"weekday OD station margins; coverage varies by station"},"geometry":{"type":"Point","coordinates":[126.736812,37.448165]}},{"type":"Feature","properties":{"station":"동매","station_en":"Dongmae","line":"부산 1호선","lines":["부산 1호선"],"riders":9100,"boardings":4752,"alightings":4349,"kind":"metro","source":"busan_gates","period":"2026-07 Mon-Fri mean","coverage":"measured gates"},"geometry":{"type":"Point","coordinates":[128.9742,35.0899]}},{"type":"Feature","properties":{"station":"율하","station_en":"Yulha","line":"대구 1호선","lines":["대구 1호선"],"riders":9100,"boardings":4550,"alightings":4550,"kind":"metro","source":"daegu_gates","period":"2026-06 Mon-Fri mean","coverage":"measured gates"},"geometry":{"type":"Point","coordinates":[128.692775,35.869751]}},{"type":"Feature","properties":{"station":"각산","station_en":"Gaksan","line":"대구 1호선","lines":["대구 1호선"],"riders":9121,"boardings":4637,"alightings":4484,"kind":"metro","source":"daegu_gates","period":"2026-06 Mon-Fri mean","coverage":"measured gates"},"geometry":{"type":"Point","coordinates":[128.723843,35.867852]}},{"type":"Feature","properties":{"station":"감전","station_en":"Gamjeon","line":"부산 2호선","lines":["부산 2호선"],"riders":9137,"boardings":4729,"alightings":4408,"kind":"metro","source":"busan_gates","period":"2026-07 Mon-Fri mean","coverage":"measured gates"},"geometry":{"type":"Point","coordinates":[128.991146,35.155528]}},{"type":"Feature","properties":{"station":"평택지제","station_en":"Pyeongtaek Jije","line":"수도권 1호선","lines":["수도권 1호선"],"riders":9152,"boardings":4605,"alightings":4547,"kind":"metro","source":"seoul_weekday_od","period":"2023-11 weekday mean","coverage":"weekday OD station margins; coverage varies by station"},"geometry":{"type":"Point","coordinates":[127.070454,37.0188]}},{"type":"Feature","properties":{"station":"반월","station_en":"Banwol","line":"수도권 4호선","lines":["수도권 4호선"],"riders":9160,"boardings":4618,"alightings":4543,"kind":"metro","source":"seoul_weekday_od","period":"2023-11 weekday mean","coverage":"weekday OD station margins; coverage varies by station"},"geometry":{"type":"Point","coordinates":[126.903836,37.312422]}},{"type":"Feature","properties":{"station":"아시아드경기장","station_en":"Asiad Stadium","line":"수도권 인천 2호선","lines":["수도권 인천 2호선"],"riders":9163,"boardings":4854,"alightings":4310,"kind":"metro","source":"seoul_weekday_od","period":"2023-11 weekday mean","coverage":"weekday OD station margins; coverage varies by station"},"geometry":{"type":"Point","coordinates":[126.6771,37.551588]}},{"type":"Feature","properties":{"station":"숙등","station_en":"Sukdeung","line":"부산 3호선","lines":["부산 3호선"],"riders":9163,"boardings":4652,"alightings":4511,"kind":"metro","source":"busan_gates","period":"2026-07 Mon-Fri mean","coverage":"measured gates"},"geometry":{"type":"Point","coordinates":[129.012749,35.21197]}},{"type":"Feature","properties":{"station":"역촌","station_en":"Yeokchon","line":"수도권 6호선","lines":["수도권 6호선"],"riders":9182,"boardings":4142,"alightings":5040,"kind":"metro","source":"seoul_weekday_od","period":"2023-11 weekday mean","coverage":"weekday OD station margins; coverage varies by station"},"geometry":{"type":"Point","coordinates":[126.922756,37.606073]}},{"type":"Feature","properties":{"station":"원종","station_en":"Wonjong","line":"수도권 서해선","lines":["수도권 서해선"],"riders":9201,"boardings":4528,"alightings":4674,"kind":"metro","source":"seoul_weekday_od","period":"2023-11 weekday mean","coverage":"weekday OD station margins; coverage varies by station"},"geometry":{"type":"Point","coordinates":[126.804861,37.523846]}},{"type":"Feature","properties":{"station":"율리","station_en":"Yulli","line":"부산 2호선","lines":["부산 2호선"],"riders":9238,"boardings":4696,"alightings":4542,"kind":"metro","source":"busan_gates","period":"2026-07 Mon-Fri mean","coverage":"measured gates"},"geometry":{"type":"Point","coordinates":[129.012918,35.246714]}},{"type":"Feature","properties":{"station":"노들","station_en":"Nodeul","line":"수도권 9호선","lines":["수도권 9호선"],"riders":9308,"boardings":5122,"alightings":4186,"kind":"metro","source":"seoul_weekday_od","period":"2023-11 weekday mean","coverage":"weekday OD station margins; coverage varies by station"},"geometry":{"type":"Point","coordinates":[126.95355,37.512974]}},{"type":"Feature","properties":{"station":"구남","station_en":"Gunam","line":"부산 2호선","lines":["부산 2호선"],"riders":9315,"boardings":4636,"alightings":4679,"kind":"metro","source":"busan_gates","period":"2026-07 Mon-Fri mean","coverage":"measured gates"},"geometry":{"type":"Point","coordinates":[128.994928,35.196804]}},{"type":"Feature","properties":{"station":"신목동","station_en":"Sinmokdong","line":"수도권 9호선","lines":["수도권 9호선"],"riders":9320,"boardings":4950,"alightings":4369,"kind":"metro","source":"seoul_weekday_od","period":"2023-11 weekday mean","coverage":"weekday OD station margins; coverage varies by station"},"geometry":{"type":"Point","coordinates":[126.883176,37.544211]}},{"type":"Feature","properties":{"station":"석천사거리","station_en":"Seokcheon Sageori","line":"수도권 인천 2호선","lines":["수도권 인천 2호선"],"riders":9342,"boardings":4834,"alightings":4508,"kind":"metro","source":"seoul_weekday_od","period":"2023-11 weekday mean","coverage":"weekday OD station margins; coverage varies by station"},"geometry":{"type":"Point","coordinates":[126.710779,37.456734]}},{"type":"Feature","properties":{"station":"녹양","station_en":"Nogyang","line":"수도권 1호선","lines":["수도권 1호선"],"riders":9345,"boardings":4805,"alightings":4540,"kind":"metro","source":"seoul_weekday_od","period":"2023-11 weekday mean","coverage":"weekday OD station margins; coverage varies by station"},"geometry":{"type":"Point","coordinates":[127.042336,37.759442]}},{"type":"Feature","properties":{"station":"정평","station_en":"Jeongpyeong","line":"대구 2호선","lines":["대구 2호선"],"riders":9364,"boardings":4825,"alightings":4539,"kind":"metro","source":"daegu_gates","period":"2026-06 Mon-Fri mean","coverage":"measured gates"},"geometry":{"type":"Point","coordinates":[128.728695,35.83407]}},{"type":"Feature","properties":{"station":"수안","station_en":"Suan","line":"부산 4호선","lines":["부산 4호선"],"riders":9382,"boardings":4590,"alightings":4792,"kind":"metro","source":"busan_gates","period":"2026-07 Mon-Fri mean","coverage":"measured gates"},"geometry":{"type":"Point","coordinates":[129.083806,35.201828]}},{"type":"Feature","properties":{"station":"증산","station_en":"Jeungsan","line":"부산 2호선","lines":["부산 2호선"],"riders":9435,"boardings":4539,"alightings":4897,"kind":"metro","source":"busan_gates","period":"2026-07 Mon-Fri mean","coverage":"measured gates"},"geometry":{"type":"Point","coordinates":[129.010246,35.308302]}},{"type":"Feature","properties":{"station":"가오리","station_en":"Gaori","line":"수도권 우이신설선","lines":["수도권 우이신설선"],"riders":9462,"boardings":4714,"alightings":4748,"kind":"metro","source":"seoul_weekday_od","period":"2023-11 weekday mean","coverage":"weekday OD station margins; coverage varies by station"},"geometry":{"type":"Point","coordinates":[127.016571,37.641974]}},{"type":"Feature","properties":{"station":"무악재","station_en":"Muakjae","line":"수도권 3호선","lines":["수도권 3호선"],"riders":9515,"boardings":4774,"alightings":4741,"kind":"metro","source":"seoul_weekday_od","period":"2023-11 weekday mean","coverage":"weekday OD station margins; coverage varies by station"},"geometry":{"type":"Point","coordinates":[126.95035,37.582317]}},{"type":"Feature","properties":{"station":"배산","station_en":"Baesan","line":"부산 3호선","lines":["부산 3호선"],"riders":9518,"boardings":4568,"alightings":4950,"kind":"metro","source":"busan_gates","period":"2026-07 Mon-Fri mean","coverage":"measured gates"},"geometry":{"type":"Point","coordinates":[129.095498,35.173504]}},{"type":"Feature","properties":{"station":"광주송정","station_en":"GwangjuSongjeong Station","line":"광주 1호선","lines":["광주 1호선"],"riders":9590,"boardings":4874,"alightings":4715,"kind":"metro","source":"gwangju_gates","period":"2026-07 Mon-Fri mean","coverage":"measured gates"},"geometry":{"type":"Point","coordinates":[126.791488,35.137529]}},{"type":"Feature","properties":{"station":"당곡","station_en":"Danggok","line":"수도권 신림선","lines":["수도권 신림선"],"riders":9615,"boardings":4854,"alightings":4761,"kind":"metro","source":"seoul_weekday_od","period":"2023-11 weekday mean","coverage":"weekday OD station margins; coverage varies by station"},"geometry":{"type":"Point","coordinates":[126.927801,37.489696]}},{"type":"Feature","properties":{"station":"남산정","station_en":"Namsanjeong","line":"부산 3호선","lines":["부산 3호선"],"riders":9657,"boardings":5485,"alightings":4172,"kind":"metro","source":"busan_gates","period":"2026-07 Mon-Fri mean","coverage":"measured gates"},"geometry":{"type":"Point","coordinates":[129.023928,35.21334]}},{"type":"Feature","properties":{"station":"대곡","station_en":"Daegok(CentralGovernmentOffice-Daegu)","line":"대구 1호선","lines":["대구 1호선"],"riders":9684,"boardings":5051,"alightings":4633,"kind":"metro","source":"daegu_gates","period":"2026-06 Mon-Fri mean","coverage":"measured gates"},"geometry":{"type":"Point","coordinates":[128.51257,35.809571]}},{"type":"Feature","properties":{"station":"하남풍산","station_en":"Hanam Pungsan","line":"수도권 5호선","lines":["수도권 5호선"],"riders":9706,"boardings":4835,"alightings":4871,"kind":"metro","source":"seoul_weekday_od","period":"2023-11 weekday mean","coverage":"weekday OD station margins; coverage varies by station"},"geometry":{"type":"Point","coordinates":[127.203631,37.551958]}},{"type":"Feature","properties":{"station":"온양온천","station_en":"Onyangoncheon","line":"수도권 1호선","lines":["수도권 1호선"],"riders":9753,"boardings":4818,"alightings":4935,"kind":"metro","source":"seoul_weekday_od","period":"2023-11 weekday mean","coverage":"weekday OD station margins; coverage varies by station"},"geometry":{"type":"Point","coordinates":[127.003156,36.780553]}},{"type":"Feature","properties":{"station":"아양교","station_en":"Ayanggyo(DaeguInt’lAirport)","line":"대구 1호선","lines":["대구 1호선"],"riders":9774,"boardings":5033,"alightings":4741,"kind":"metro","source":"daegu_gates","period":"2026-06 Mon-Fri mean","coverage":"measured gates"},"geometry":{"type":"Point","coordinates":[128.639572,35.887208]}},{"type":"Feature","properties":{"station":"월배","station_en":"Wolbae","line":"대구 1호선","lines":["대구 1호선"],"riders":9796,"boardings":4893,"alightings":4904,"kind":"metro","source":"daegu_gates","period":"2026-06 Mon-Fri mean","coverage":"measured gates"},"geometry":{"type":"Point","coordinates":[128.530119,35.816123]}},{"type":"Feature","properties":{"station":"걸포북변","station_en":"Geolpo Bukbyeon","line":"수도권 김포골드라인","lines":["수도권 김포골드라인"],"riders":9812,"boardings":5071,"alightings":4741,"kind":"metro","source":"seoul_weekday_od","period":"2023-11 weekday mean","coverage":"weekday OD station margins; coverage varies by station"},"geometry":{"type":"Point","coordinates":[126.705647,37.631715]}},{"type":"Feature","properties":{"station":"만촌","station_en":"Manchon","line":"대구 2호선","lines":["대구 2호선"],"riders":9819,"boardings":4908,"alightings":4911,"kind":"metro","source":"daegu_gates","period":"2026-06 Mon-Fri mean","coverage":"measured gates"},"geometry":{"type":"Point","coordinates":[128.644951,35.858841]}},{"type":"Feature","properties":{"station":"송도달빛축제공원","station_en":"Songdo Moonlight Festival Park","line":"수도권 인천 1호선","lines":["수도권 인천 1호선"],"riders":9853,"boardings":4902,"alightings":4951,"kind":"metro","source":"seoul_weekday_od","period":"2023-11 weekday mean","coverage":"weekday OD station margins; coverage varies by station"},"geometry":{"type":"Point","coordinates":[126.626106,37.406805]}},{"type":"Feature","properties":{"station":"모라","station_en":"Mora","line":"부산 2호선","lines":["부산 2호선"],"riders":9864,"boardings":5215,"alightings":4649,"kind":"metro","source":"busan_gates","period":"2026-07 Mon-Fri mean","coverage":"measured gates"},"geometry":{"type":"Point","coordinates":[128.988655,35.189663]}},{"type":"Feature","properties":{"station":"만수","station_en":"Mansu","line":"수도권 인천 2호선","lines":["수도권 인천 2호선"],"riders":9882,"boardings":5096,"alightings":4786,"kind":"metro","source":"seoul_weekday_od","period":"2023-11 weekday mean","coverage":"weekday OD station margins; coverage varies by station"},"geometry":{"type":"Point","coordinates":[126.731859,37.454968]}},{"type":"Feature","properties":{"station":"연수","station_en":"Yeonsu","line":"수도권 수인분당선","lines":["수도권 수인분당선"],"riders":9932,"boardings":5004,"alightings":4929,"kind":"metro","source":"seoul_weekday_od","period":"2023-11 weekday mean","coverage":"weekday OD station margins; coverage varies by station"},"geometry":{"type":"Point","coordinates":[126.678967,37.417795]}},{"type":"Feature","properties":{"station":"망미","station_en":"Mangmi","line":"부산 3호선","lines":["부산 3호선"],"riders":9938,"boardings":5076,"alightings":4862,"kind":"metro","source":"busan_gates","period":"2026-07 Mon-Fri mean","coverage":"measured gates"},"geometry":{"type":"Point","coordinates":[129.108225,35.171528]}},{"type":"Feature","properties":{"station":"월드컵경기장","station_en":"World Cup Stadium","line":"수도권 6호선","lines":["수도권 6호선"],"riders":9973,"boardings":4884,"alightings":5090,"kind":"metro","source":"seoul_weekday_od","period":"2023-11 weekday mean","coverage":"weekday OD station margins; coverage varies by station"},"geometry":{"type":"Point","coordinates":[126.899318,37.570192]}},{"type":"Feature","properties":{"station":"청명","station_en":"Cheongmyeong","line":"수도권 수인분당선","lines":["수도권 수인분당선"],"riders":10024,"boardings":5065,"alightings":4959,"kind":"metro","source":"seoul_weekday_od","period":"2023-11 weekday mean","coverage":"weekday OD station margins; coverage varies by station"},"geometry":{"type":"Point","coordinates":[127.079506,37.259956]}},{"type":"Feature","properties":{"station":"설화명곡","station_en":"SeolhwaMyeonggok","line":"대구 1호선","lines":["대구 1호선"],"riders":10104,"boardings":5422,"alightings":4682,"kind":"metro","source":"daegu_gates","period":"2026-06 Mon-Fri mean","coverage":"measured gates"},"geometry":{"type":"Point","coordinates":[128.489393,35.798618]}},{"type":"Feature","properties":{"station":"오목천","station_en":"Omokcheon","line":"수도권 수인분당선","lines":["수도권 수인분당선"],"riders":10119,"boardings":5438,"alightings":4682,"kind":"metro","source":"seoul_weekday_od","period":"2023-11 weekday mean","coverage":"weekday OD station margins; coverage varies by station"},"geometry":{"type":"Point","coordinates":[126.963742,37.243313]}},{"type":"Feature","properties":{"station":"대야미","station_en":"Daeyami","line":"수도권 4호선","lines":["수도권 4호선"],"riders":10133,"boardings":5328,"alightings":4805,"kind":"metro","source":"seoul_weekday_od","period":"2023-11 weekday mean","coverage":"weekday OD station margins; coverage varies by station"},"geometry":{"type":"Point","coordinates":[126.916862,37.327926]}},{"type":"Feature","properties":{"station":"능곡","station_en":"Neunggok","line":"수도권 경의중앙선","lines":["수도권 경의중앙선","수도권 서해선"],"riders":10252,"boardings":5331,"alightings":4921,"kind":"metro","source":"seoul_weekday_od","period":"2023-11 weekday mean","coverage":"weekday OD station margins; coverage varies by station"},"geometry":{"type":"Point","coordinates":[126.820516,37.61894]}},{"type":"Feature","properties":{"station":"성서산업단지","station_en":"SeongseoIndustrialComplex","line":"대구 2호선","lines":["대구 2호선"],"riders":10254,"boardings":5126,"alightings":5129,"kind":"metro","source":"daegu_gates","period":"2026-06 Mon-Fri mean","coverage":"measured gates"},"geometry":{"type":"Point","coordinates":[128.507166,35.851824]}},{"type":"Feature","properties":{"station":"덕계","station_en":"Deokgye","line":"수도권 1호선","lines":["수도권 1호선"],"riders":10262,"boardings":5408,"alightings":4854,"kind":"metro","source":"seoul_weekday_od","period":"2023-11 weekday mean","coverage":"weekday OD station margins; coverage varies by station"},"geometry":{"type":"Point","coordinates":[127.056651,37.818636]}},{"type":"Feature","properties":{"station":"덕포","station_en":"Deokpo","line":"부산 2호선","lines":["부산 2호선"],"riders":10308,"boardings":5265,"alightings":5043,"kind":"metro","source":"busan_gates","period":"2026-07 Mon-Fri mean","coverage":"measured gates"},"geometry":{"type":"Point","coordinates":[128.983955,35.173754]}},{"type":"Feature","properties":{"station":"정릉","station_en":"Jeongneung","line":"수도권 우이신설선","lines":["수도권 우이신설선"],"riders":10376,"boardings":5389,"alightings":4987,"kind":"metro","source":"seoul_weekday_od","period":"2023-11 weekday mean","coverage":"weekday OD station margins; coverage varies by station"},"geometry":{"type":"Point","coordinates":[127.013355,37.602829]}},{"type":"Feature","properties":{"station":"오남","station_en":"Onam","line":"수도권 4호선","lines":["수도권 4호선"],"riders":10377,"boardings":5293,"alightings":5084,"kind":"metro","source":"seoul_weekday_od","period":"2023-11 weekday mean","coverage":"weekday OD station margins; coverage varies by station"},"geometry":{"type":"Point","coordinates":[127.191166,37.705234]}},{"type":"Feature","properties":{"station":"지식정보단지","station_en":"BIT Zone","line":"수도권 인천 1호선","lines":["수도권 인천 1호선"],"riders":10419,"boardings":5071,"alightings":5347,"kind":"metro","source":"seoul_weekday_od","period":"2023-11 weekday mean","coverage":"weekday OD station margins; coverage varies by station"},"geometry":{"type":"Point","coordinates":[126.645923,37.377471]}},{"type":"Feature","properties":{"station":"진접","station_en":"Jinjeop","line":"수도권 4호선","lines":["수도권 4호선"],"riders":10461,"boardings":5508,"alightings":4953,"kind":"metro","source":"seoul_weekday_od","period":"2023-11 weekday mean","coverage":"weekday OD station margins; coverage varies by station"},"geometry":{"type":"Point","coordinates":[127.20325,37.720054]}},{"type":"Feature","properties":{"station":"신갈","station_en":"Singal","line":"수도권 수인분당선","lines":["수도권 수인분당선"],"riders":10501,"boardings":5306,"alightings":5195,"kind":"metro","source":"seoul_weekday_od","period":"2023-11 weekday mean","coverage":"weekday OD station margins; coverage varies by station"},"geometry":{"type":"Point","coordinates":[127.111375,37.286154]}},{"type":"Feature","properties":{"station":"탄방","station_en":"Tanbang","line":"대전 1호선","lines":["대전 1호선"],"riders":10637,"boardings":5111,"alightings":5526,"kind":"metro","source":"daejeon_gates","period":"2026-07 Mon-Fri mean","coverage":"measured gates"},"geometry":{"type":"Point","coordinates":[127.384603,36.34544]}},{"type":"Feature","properties":{"station":"녹사평","station_en":"Noksapyeong","line":"수도권 6호선","lines":["수도권 6호선"],"riders":10651,"boardings":5355,"alightings":5296,"kind":"metro","source":"seoul_weekday_od","period":"2023-11 weekday mean","coverage":"weekday OD station margins; coverage varies by station"},"geometry":{"type":"Point","coordinates":[126.986577,37.53492]}},{"type":"Feature","properties":{"station":"문현","station_en":"Munhyeon","line":"부산 2호선","lines":["부산 2호선"],"riders":10653,"boardings":5494,"alightings":5159,"kind":"metro","source":"busan_gates","period":"2026-07 Mon-Fri mean","coverage":"measured gates"},"geometry":{"type":"Point","coordinates":[129.067399,35.139151]}},{"type":"Feature","properties":{"station":"사리","station_en":"Sari","line":"수도권 수인분당선","lines":["수도권 수인분당선"],"riders":10704,"boardings":5669,"alightings":5034,"kind":"metro","source":"seoul_weekday_od","period":"2023-11 weekday mean","coverage":"weekday OD station margins; coverage varies by station"},"geometry":{"type":"Point","coordinates":[126.857196,37.290865]}},{"type":"Feature","properties":{"station":"냉정","station_en":"Naengjeong","line":"부산 2호선","lines":["부산 2호선"],"riders":10708,"boardings":5592,"alightings":5116,"kind":"metro","source":"busan_gates","period":"2026-07 Mon-Fri mean","coverage":"measured gates"},"geometry":{"type":"Point","coordinates":[129.012255,35.151254]}},{"type":"Feature","properties":{"station":"낫개","station_en":"Natgae","line":"부산 1호선","lines":["부산 1호선"],"riders":10730,"boardings":5212,"alightings":5518,"kind":"metro","source":"busan_gates","period":"2026-07 Mon-Fri mean","coverage":"measured gates"},"geometry":{"type":"Point","coordinates":[128.979873,35.065265]}},{"type":"Feature","properties":{"station":"청계산입구","station_en":"Cheonggyesan","line":"수도권 신분당선","lines":["수도권 신분당선"],"riders":10762,"boardings":5408,"alightings":5355,"kind":"metro","source":"seoul_weekday_od","period":"2023-11 weekday mean","coverage":"weekday OD station margins; coverage varies by station"},"geometry":{"type":"Point","coordinates":[127.054643,37.448311]}},{"type":"Feature","properties":{"station":"문산","station_en":"Munsan","line":"수도권 경의중앙선","lines":["수도권 경의중앙선"],"riders":10784,"boardings":5442,"alightings":5342,"kind":"metro","source":"seoul_weekday_od","period":"2023-11 weekday mean","coverage":"weekday OD station margins; coverage varies by station"},"geometry":{"type":"Point","coordinates":[126.787904,37.854453]}},{"type":"Feature","properties":{"station":"동의대","station_en":"Dongeui Univ.","line":"부산 2호선","lines":["부산 2호선"],"riders":10795,"boardings":5675,"alightings":5120,"kind":"metro","source":"busan_gates","period":"2026-07 Mon-Fri mean","coverage":"measured gates"},"geometry":{"type":"Point","coordinates":[129.03275,35.153986]}},{"type":"Feature","properties":{"station":"운양","station_en":"Unyang","line":"수도권 김포골드라인","lines":["수도권 김포골드라인"],"riders":10805,"boardings":5680,"alightings":5125,"kind":"metro","source":"seoul_weekday_od","period":"2023-11 weekday mean","coverage":"weekday OD station margins; coverage varies by station"},"geometry":{"type":"Point","coordinates":[126.683938,37.653809]}},{"type":"Feature","properties":{"station":"개포동","station_en":"Gaepo-dong","line":"수도권 수인분당선","lines":["수도권 수인분당선"],"riders":10844,"boardings":5349,"alightings":5495,"kind":"metro","source":"seoul_weekday_od","period":"2023-11 weekday mean","coverage":"weekday OD station margins; coverage varies by station"},"geometry":{"type":"Point","coordinates":[127.066043,37.489101]}},{"type":"Feature","properties":{"station":"신천","station_en":"Sincheon(KyungpookNat’lUniv.)","line":"대구 1호선","lines":["대구 1호선"],"riders":10847,"boardings":5512,"alightings":5335,"kind":"metro","source":"daegu_gates","period":"2026-06 Mon-Fri mean","coverage":"measured gates"},"geometry":{"type":"Point","coordinates":[128.617244,35.874527]}},{"type":"Feature","properties":{"station":"동막","station_en":"Dongmak","line":"수도권 인천 1호선","lines":["수도권 인천 1호선"],"riders":10881,"boardings":5719,"alightings":5161,"kind":"metro","source":"seoul_weekday_od","period":"2023-11 weekday mean","coverage":"weekday OD station margins; coverage varies by station"},"geometry":{"type":"Point","coordinates":[126.673541,37.398623]}},{"type":"Feature","properties":{"station":"풍무","station_en":"Pungmu","line":"수도권 김포골드라인","lines":["수도권 김포골드라인"],"riders":10928,"boardings":5303,"alightings":5625,"kind":"metro","source":"seoul_weekday_od","period":"2023-11 weekday mean","coverage":"weekday OD station margins; coverage varies by station"},"geometry":{"type":"Point","coordinates":[126.732463,37.612374]}},{"type":"Feature","properties":{"station":"부천종합운동장","station_en":"Bucheon Stadium","line":"수도권 7호선","lines":["수도권 7호선","수도권 서해선"],"riders":10999,"boardings":5741,"alightings":5258,"kind":"metro","source":"seoul_weekday_od","period":"2023-11 weekday mean","coverage":"weekday OD station margins; coverage varies by station"},"geometry":{"type":"Point","coordinates":[126.797288,37.505457]}},{"type":"Feature","properties":{"station":"신흥","station_en":"Sinheung","line":"수도권 8호선","lines":["수도권 8호선"],"riders":11067,"boardings":5368,"alightings":5698,"kind":"metro","source":"seoul_weekday_od","period":"2023-11 weekday mean","coverage":"weekday OD station margins; coverage varies by station"},"geometry":{"type":"Point","coordinates":[127.147664,37.441003]}},{"type":"Feature","properties":{"station":"고촌","station_en":"Gochon","line":"수도권 김포골드라인","lines":["수도권 김포골드라인"],"riders":11080,"boardings":5281,"alightings":5799,"kind":"metro","source":"seoul_weekday_od","period":"2023-11 weekday mean","coverage":"weekday OD station margins; coverage varies by station"},"geometry":{"type":"Point","coordinates":[126.770212,37.601263]}},{"type":"Feature","properties":{"station":"잠원","station_en":"Jamwon","line":"수도권 3호선","lines":["수도권 3호선"],"riders":11103,"boardings":5693,"alightings":5410,"kind":"metro","source":"seoul_weekday_od","period":"2023-11 weekday mean","coverage":"weekday OD station margins; coverage varies by station"},"geometry":{"type":"Point","coordinates":[127.01115,37.512751]}},{"type":"Feature","properties":{"station":"남산","station_en":"Namsan","line":"부산 1호선","lines":["부산 1호선"],"riders":11182,"boardings":5737,"alightings":5445,"kind":"metro","source":"busan_gates","period":"2026-07 Mon-Fri mean","coverage":"measured gates"},"geometry":{"type":"Point","coordinates":[129.092496,35.265404]}},{"type":"Feature","properties":{"station":"구성","station_en":"Guseong","line":"수도권 수인분당선","lines":["수도권 수인분당선"],"riders":11183,"boardings":5459,"alightings":5724,"kind":"metro","source":"seoul_weekday_od","period":"2023-11 weekday mean","coverage":"weekday OD station margins; coverage varies by station"},"geometry":{"type":"Point","coordinates":[127.105754,37.299009]}},{"type":"Feature","properties":{"station":"경인교대입구","station_en":"Gyeongin Nat'l Univ. of Education","line":"수도권 인천 1호선","lines":["수도권 인천 1호선"],"riders":11186,"boardings":5606,"alightings":5581,"kind":"metro","source":"seoul_weekday_od","period":"2023-11 weekday mean","coverage":"weekday OD station margins; coverage varies by station"},"geometry":{"type":"Point","coordinates":[126.722603,37.538408]}},{"type":"Feature","properties":{"station":"못골","station_en":"Motgol","line":"부산 2호선","lines":["부산 2호선"],"riders":11213,"boardings":5530,"alightings":5683,"kind":"metro","source":"busan_gates","period":"2026-07 Mon-Fri mean","coverage":"measured gates"},"geometry":{"type":"Point","coordinates":[129.084415,35.134731]}},{"type":"Feature","properties":{"station":"수진","station_en":"Sujin","line":"수도권 8호선","lines":["수도권 8호선"],"riders":11258,"boardings":5814,"alightings":5444,"kind":"metro","source":"seoul_weekday_od","period":"2023-11 weekday mean","coverage":"weekday OD station margins; coverage varies by station"},"geometry":{"type":"Point","coordinates":[127.140686,37.437443]}},{"type":"Feature","properties":{"station":"매교","station_en":"Maegyo","line":"수도권 수인분당선","lines":["수도권 수인분당선"],"riders":11341,"boardings":5683,"alightings":5658,"kind":"metro","source":"seoul_weekday_od","period":"2023-11 weekday mean","coverage":"weekday OD station margins; coverage varies by station"},"geometry":{"type":"Point","coordinates":[127.015687,37.265479]}},{"type":"Feature","properties":{"station":"금릉","station_en":"Geumneung","line":"수도권 경의중앙선","lines":["수도권 경의중앙선"],"riders":11439,"boardings":5810,"alightings":5629,"kind":"metro","source":"seoul_weekday_od","period":"2023-11 weekday mean","coverage":"weekday OD station margins; coverage varies by station"},"geometry":{"type":"Point","coordinates":[126.765343,37.751378]}},{"type":"Feature","properties":{"station":"소래포구","station_en":"Soraepogu","line":"수도권 수인분당선","lines":["수도권 수인분당선"],"riders":11454,"boardings":5881,"alightings":5573,"kind":"metro","source":"seoul_weekday_od","period":"2023-11 weekday mean","coverage":"weekday OD station margins; coverage varies by station"},"geometry":{"type":"Point","coordinates":[126.733525,37.400917]}},{"type":"Feature","properties":{"station":"중랑","station_en":"Jungnang","line":"수도권 경의중앙선","lines":["수도권 경의중앙선","수도권 경춘선"],"riders":11460,"boardings":5815,"alightings":5644,"kind":"metro","source":"seoul_weekday_od","period":"2023-11 weekday mean","coverage":"weekday OD station margins; coverage varies by station"},"geometry":{"type":"Point","coordinates":[127.076311,37.594976]}},{"type":"Feature","properties":{"station":"덕소","station_en":"Deokso","line":"수도권 경의중앙선","lines":["수도권 경의중앙선"],"riders":11511,"boardings":5808,"alightings":5704,"kind":"metro","source":"seoul_weekday_od","period":"2023-11 weekday mean","coverage":"weekday OD station margins; coverage varies by station"},"geometry":{"type":"Point","coordinates":[127.208821,37.586905]}},{"type":"Feature","properties":{"station":"신연수","station_en":"Sinyeonsu","line":"수도권 인천 1호선","lines":["수도권 인천 1호선"],"riders":11514,"boardings":5843,"alightings":5671,"kind":"metro","source":"seoul_weekday_od","period":"2023-11 weekday mean","coverage":"weekday OD station margins; coverage varies by station"},"geometry":{"type":"Point","coordinates":[126.693931,37.418065]}},{"type":"Feature","properties":{"station":"인천공항2터미널","station_en":"Incheon Int'l Airport Terminal 2","line":"수도권 공항철도","lines":["수도권 공항철도"],"riders":11629,"boardings":6283,"alightings":5346,"kind":"metro","source":"seoul_weekday_od","period":"2023-11 weekday mean","coverage":"weekday OD station margins; coverage varies by station"},"geometry":{"type":"Point","coordinates":[126.433475,37.468942]}},{"type":"Feature","properties":{"station":"다대포해수욕장","station_en":"Dadaepo Beach","line":"부산 1호선","lines":["부산 1호선"],"riders":11654,"boardings":6307,"alightings":5347,"kind":"metro","source":"busan_gates","period":"2026-07 Mon-Fri mean","coverage":"measured gates"},"geometry":{"type":"Point","coordinates":[128.9641,35.04867]}},{"type":"Feature","properties":{"station":"송파나루","station_en":"Songpanaru","line":"수도권 9호선","lines":["수도권 9호선"],"riders":11681,"boardings":5674,"alightings":6007,"kind":"metro","source":"seoul_weekday_od","period":"2023-11 weekday mean","coverage":"weekday OD station margins; coverage varies by station"},"geometry":{"type":"Point","coordinates":[127.112795,37.511245]}},{"type":"Feature","properties":{"station":"고색","station_en":"Gosaek","line":"수도권 수인분당선","lines":["수도권 수인분당선"],"riders":11752,"boardings":6056,"alightings":5696,"kind":"metro","source":"seoul_weekday_od","period":"2023-11 weekday mean","coverage":"weekday OD station margins; coverage varies by station"},"geometry":{"type":"Point","coordinates":[126.98046,37.249691]}},{"type":"Feature","properties":{"station":"초지","station_en":"Choji","line":"수도권 4호선","lines":["수도권 4호선","수도권 서해선","수도권 수인분당선"],"riders":11790,"boardings":5832,"alightings":5958,"kind":"metro","source":"seoul_weekday_od","period":"2023-11 weekday mean","coverage":"weekday OD station margins; coverage varies by station"},"geometry":{"type":"Point","coordinates":[126.806707,37.320359]}},{"type":"Feature","properties":{"station":"상갈","station_en":"Sanggal","line":"수도권 수인분당선","lines":["수도권 수인분당선"],"riders":11847,"boardings":6057,"alightings":5790,"kind":"metro","source":"seoul_weekday_od","period":"2023-11 weekday mean","coverage":"weekday OD station margins; coverage varies by station"},"geometry":{"type":"Point","coordinates":[127.108895,37.261692]}},{"type":"Feature","properties":{"station":"수성구청","station_en":"Suseong-guOffice(KBS)","line":"대구 2호선","lines":["대구 2호선"],"riders":11879,"boardings":5657,"alightings":6222,"kind":"metro","source":"daegu_gates","period":"2026-06 Mon-Fri mean","coverage":"measured gates"},"geometry":{"type":"Point","coordinates":[128.635952,35.85874]}},{"type":"Feature","properties":{"station":"매탄권선","station_en":"MaetanGwonseon","line":"수도권 수인분당선","lines":["수도권 수인분당선"],"riders":11895,"boardings":6022,"alightings":5874,"kind":"metro","source":"seoul_weekday_od","period":"2023-11 weekday mean","coverage":"weekday OD station margins; coverage varies by station"},"geometry":{"type":"Point","coordinates":[127.040383,37.253013]}},{"type":"Feature","properties":{"station":"강일","station_en":"Gangil","line":"수도권 5호선","lines":["수도권 5호선"],"riders":11909,"boardings":6176,"alightings":5732,"kind":"metro","source":"seoul_weekday_od","period":"2023-11 weekday mean","coverage":"weekday OD station margins; coverage varies by station"},"geometry":{"type":"Point","coordinates":[127.175763,37.557482]}},{"type":"Feature","properties":{"station":"서대전네거리","station_en":"Seodaejeon negeori","line":"대전 1호선","lines":["대전 1호선"],"riders":11975,"boardings":5868,"alightings":6107,"kind":"metro","source":"daejeon_gates","period":"2026-07 Mon-Fri mean","coverage":"measured gates"},"geometry":{"type":"Point","coordinates":[127.412518,36.322416]}},{"type":"Feature","properties":{"station":"선학","station_en":"Seonhak","line":"수도권 인천 1호선","lines":["수도권 인천 1호선"],"riders":12070,"boardings":6028,"alightings":6042,"kind":"metro","source":"seoul_weekday_od","period":"2023-11 weekday mean","coverage":"weekday OD station margins; coverage varies by station"},"geometry":{"type":"Point","coordinates":[126.698989,37.427241]}},{"type":"Feature","properties":{"station":"가정중앙시장","station_en":"Gajeong Jungang Market","line":"수도권 인천 2호선","lines":["수도권 인천 2호선"],"riders":12101,"boardings":5858,"alightings":6243,"kind":"metro","source":"seoul_weekday_od","period":"2023-11 weekday mean","coverage":"weekday OD station margins; coverage varies by station"},"geometry":{"type":"Point","coordinates":[126.67679,37.517498]}},{"type":"Feature","properties":{"station":"인천논현","station_en":"Incheon Nonhyeon","line":"수도권 수인분당선","lines":["수도권 수인분당선"],"riders":12108,"boardings":5824,"alightings":6284,"kind":"metro","source":"seoul_weekday_od","period":"2023-11 weekday mean","coverage":"weekday OD station margins; coverage varies by station"},"geometry":{"type":"Point","coordinates":[126.722565,37.400687]}},{"type":"Feature","properties":{"station":"공항","station_en":"GimhaeInternationalAirport","line":"부산김해경전철","lines":["부산김해경전철"],"riders":12185,"boardings":6539,"alightings":5646,"kind":"metro","source":"busan_gimhae_gates","period":"2025-12 Mon-Fri mean","coverage":"measured gates"},"geometry":{"type":"Point","coordinates":[128.948586,35.171906]}},{"type":"Feature","properties":{"station":"간석","station_en":"Ganseok","line":"수도권 1호선","lines":["수도권 1호선"],"riders":12257,"boardings":6291,"alightings":5966,"kind":"metro","source":"seoul_weekday_od","period":"2023-11 weekday mean","coverage":"weekday OD station margins; coverage varies by station"},"geometry":{"type":"Point","coordinates":[126.693531,37.464734]}},{"type":"Feature","properties":{"station":"도봉","station_en":"Dobong","line":"수도권 1호선","lines":["수도권 1호선"],"riders":12345,"boardings":6265,"alightings":6080,"kind":"metro","source":"seoul_weekday_od","period":"2023-11 weekday mean","coverage":"weekday OD station margins; coverage varies by station"},"geometry":{"type":"Point","coordinates":[127.045547,37.679208]}},{"type":"Feature","properties":{"station":"캠퍼스타운","station_en":"Campus Town","line":"수도권 인천 1호선","lines":["수도권 인천 1호선"],"riders":12352,"boardings":6252,"alightings":6100,"kind":"metro","source":"seoul_weekday_od","period":"2023-11 weekday mean","coverage":"weekday OD station margins; coverage varies by station"},"geometry":{"type":"Point","coordinates":[126.661893,37.388174]}},{"type":"Feature","properties":{"station":"산성","station_en":"Sanseong","line":"수도권 8호선","lines":["수도권 8호선"],"riders":12385,"boardings":6142,"alightings":6243,"kind":"metro","source":"seoul_weekday_od","period":"2023-11 weekday mean","coverage":"weekday OD station margins; coverage varies by station"},"geometry":{"type":"Point","coordinates":[127.149933,37.456868]}},{"type":"Feature","properties":{"station":"양산","station_en":"Yangsan","line":"부산 2호선","lines":["부산 2호선"],"riders":12440,"boardings":6288,"alightings":6152,"kind":"metro","source":"busan_gates","period":"2026-07 Mon-Fri mean","coverage":"measured gates"},"geometry":{"type":"Point","coordinates":[129.026391,35.338728]}},{"type":"Feature","properties":{"station":"신매","station_en":"Sinmae","line":"대구 2호선","lines":["대구 2호선"],"riders":12513,"boardings":6077,"alightings":6436,"kind":"metro","source":"daegu_gates","period":"2026-06 Mon-Fri mean","coverage":"measured gates"},"geometry":{"type":"Point","coordinates":[128.705,35.8408]}},{"type":"Feature","properties":{"station":"풍산","station_en":"Pungsan","line":"수도권 경의중앙선","lines":["수도권 경의중앙선","수도권 서해선"],"riders":12578,"boardings":6464,"alightings":6114,"kind":"metro","source":"seoul_weekday_od","period":"2023-11 weekday mean","coverage":"weekday OD station margins; coverage varies by station"},"geometry":{"type":"Point","coordinates":[126.786243,37.672348]}},{"type":"Feature","properties":{"station":"용마산","station_en":"Yongmasan","line":"수도권 7호선","lines":["수도권 7호선"],"riders":12633,"boardings":6365,"alightings":6268,"kind":"metro","source":"seoul_weekday_od","period":"2023-11 weekday mean","coverage":"weekday OD station margins; coverage varies by station"},"geometry":{"type":"Point","coordinates":[127.08658,37.573993]}},{"type":"Feature","properties":{"station":"마장","station_en":"Majang","line":"수도권 5호선","lines":["수도권 5호선"],"riders":12688,"boardings":6509,"alightings":6179,"kind":"metro","source":"seoul_weekday_od","period":"2023-11 weekday mean","coverage":"weekday OD station margins; coverage varies by station"},"geometry":{"type":"Point","coordinates":[127.042881,37.566098]}},{"type":"Feature","properties":{"station":"국제금융센터.부산은행","station_en":"Busan Int''''''''l Finance Center Busan Bank","line":"부산 2호선","lines":["부산 2호선"],"riders":12811,"boardings":6179,"alightings":6632,"kind":"metro","source":"busan_gates","period":"2026-07 Mon-Fri mean","coverage":"measured gates"},"geometry":{"type":"Point","coordinates":[129.066755,35.145817]}},{"type":"Feature","properties":{"station":"별내별가람","station_en":"Byeollaebyeolgaram","line":"수도권 4호선","lines":["수도권 4호선"],"riders":12854,"boardings":6590,"alightings":6264,"kind":"metro","source":"seoul_weekday_od","period":"2023-11 weekday mean","coverage":"weekday OD station margins; coverage varies by station"},"geometry":{"type":"Point","coordinates":[127.116269,37.667824]}},{"type":"Feature","properties":{"station":"만덕","station_en":"Mandeok","line":"부산 3호선","lines":["부산 3호선"],"riders":12884,"boardings":6161,"alightings":6723,"kind":"metro","source":"busan_gates","period":"2026-07 Mon-Fri mean","coverage":"measured gates"},"geometry":{"type":"Point","coordinates":[129.036527,35.213]}},{"type":"Feature","properties":{"station":"개화산","station_en":"Gaehwasan","line":"수도권 5호선","lines":["수도권 5호선"],"riders":12892,"boardings":6593,"alightings":6299,"kind":"metro","source":"seoul_weekday_od","period":"2023-11 weekday mean","coverage":"weekday OD station margins; coverage varies by station"},"geometry":{"type":"Point","coordinates":[126.80826,37.572876]}},{"type":"Feature","properties":{"station":"솔샘","station_en":"Solsaem","line":"수도권 우이신설선","lines":["수도권 우이신설선"],"riders":12975,"boardings":6653,"alightings":6322,"kind":"metro","source":"seoul_weekday_od","period":"2023-11 weekday mean","coverage":"weekday OD station margins; coverage varies by station"},"geometry":{"type":"Point","coordinates":[127.013841,37.620166]}},{"type":"Feature","properties":{"station":"가좌","station_en":"Gajwa","line":"수도권 경의중앙선","lines":["수도권 경의중앙선"],"riders":12993,"boardings":6671,"alightings":6323,"kind":"metro","source":"seoul_weekday_od","period":"2023-11 weekday mean","coverage":"weekday OD station margins; coverage varies by station"},"geometry":{"type":"Point","coordinates":[126.915063,37.568679]}},{"type":"Feature","properties":{"station":"수정","station_en":"Sujeong","line":"부산 2호선","lines":["부산 2호선"],"riders":13008,"boardings":6573,"alightings":6435,"kind":"metro","source":"busan_gates","period":"2026-07 Mon-Fri mean","coverage":"measured gates"},"geometry":{"type":"Point","coordinates":[129.009198,35.223356]}},{"type":"Feature","properties":{"station":"영대병원","station_en":"YeungnamUniversityHospital","line":"대구 1호선","lines":["대구 1호선"],"riders":13040,"boardings":6419,"alightings":6621,"kind":"metro","source":"daegu_gates","period":"2026-06 Mon-Fri mean","coverage":"measured gates"},"geometry":{"type":"Point","coordinates":[128.588241,35.844252]}},{"type":"Feature","properties":{"station":"대모산입구","station_en":"Daemosan","line":"수도권 수인분당선","lines":["수도권 수인분당선"],"riders":13072,"boardings":6757,"alightings":6314,"kind":"metro","source":"seoul_weekday_od","period":"2023-11 weekday mean","coverage":"weekday OD station margins; coverage varies by station"},"geometry":{"type":"Point","coordinates":[127.072749,37.491389]}},{"type":"Feature","properties":{"station":"삼산체육관","station_en":"Samsan Gymnasium","line":"수도권 7호선","lines":["수도권 7호선"],"riders":13127,"boardings":6859,"alightings":6267,"kind":"metro","source":"seoul_weekday_od","period":"2023-11 weekday mean","coverage":"weekday OD station margins; coverage varies by station"},"geometry":{"type":"Point","coordinates":[126.742347,37.506496]}},{"type":"Feature","properties":{"station":"부암","station_en":"Buam","line":"부산 2호선","lines":["부산 2호선"],"riders":13262,"boardings":6941,"alightings":6322,"kind":"metro","source":"busan_gates","period":"2026-07 Mon-Fri mean","coverage":"measured gates"},"geometry":{"type":"Point","coordinates":[129.050185,35.157444]}},{"type":"Feature","properties":{"station":"송정","station_en":"Songjeong","line":"수도권 5호선","lines":["수도권 5호선"],"riders":13338,"boardings":6854,"alightings":6484,"kind":"metro","source":"seoul_weekday_od","period":"2023-11 weekday mean","coverage":"weekday OD station margins; coverage varies by station"},"geometry":{"type":"Point","coordinates":[126.811943,37.561277]}},{"type":"Feature","properties":{"station":"하남검단산","station_en":"Hanam Geomdansan","line":"수도권 5호선","lines":["수도권 5호선"],"riders":13374,"boardings":6878,"alightings":6496,"kind":"metro","source":"seoul_weekday_od","period":"2023-11 weekday mean","coverage":"weekday OD station margins; coverage varies by station"},"geometry":{"type":"Point","coordinates":[127.223533,37.539704]}},{"type":"Feature","properties":{"station":"반포","station_en":"Banpo","line":"수도권 7호선","lines":["수도권 7호선"],"riders":13447,"boardings":6823,"alightings":6625,"kind":"metro","source":"seoul_weekday_od","period":"2023-11 weekday mean","coverage":"weekday OD station margins; coverage varies by station"},"geometry":{"type":"Point","coordinates":[127.011635,37.508175]}},{"type":"Feature","properties":{"station":"과천","station_en":"Gwacheon","line":"수도권 4호선","lines":["수도권 4호선"],"riders":13468,"boardings":6994,"alightings":6474,"kind":"metro","source":"seoul_weekday_od","period":"2023-11 weekday mean","coverage":"weekday OD station margins; coverage varies by station"},"geometry":{"type":"Point","coordinates":[126.996958,37.433074]}},{"type":"Feature","properties":{"station":"대구은행","station_en":"DaeguBank(DaeguMetropolitanOfficeOfEducation)","line":"대구 2호선","lines":["대구 2호선"],"riders":13607,"boardings":6788,"alightings":6819,"kind":"metro","source":"daegu_gates","period":"2026-06 Mon-Fri mean","coverage":"measured gates"},"geometry":{"type":"Point","coordinates":[128.613975,35.859868]}},{"type":"Feature","properties":{"station":"동대신","station_en":"Dongdaesin","line":"부산 1호선","lines":["부산 1호선"],"riders":13618,"boardings":7252,"alightings":6367,"kind":"metro","source":"busan_gates","period":"2026-07 Mon-Fri mean","coverage":"measured gates"},"geometry":{"type":"Point","coordinates":[129.017684,35.110452]}},{"type":"Feature","properties":{"station":"거제","station_en":"Geoje","line":"부산 3호선","lines":["부산 3호선"],"riders":13632,"boardings":6877,"alightings":6755,"kind":"metro","source":"busan_gates","period":"2026-07 Mon-Fri mean","coverage":"measured gates"},"geometry":{"type":"Point","coordinates":[129.073941,35.188589]}},{"type":"Feature","properties":{"station":"성환","station_en":"Seonghwan","line":"수도권 1호선","lines":["수도권 1호선"],"riders":13635,"boardings":6991,"alightings":6645,"kind":"metro","source":"seoul_weekday_od","period":"2023-11 weekday mean","coverage":"weekday OD station margins; coverage varies by station"},"geometry":{"type":"Point","coordinates":[127.126887,36.915982]}},{"type":"Feature","properties":{"station":"덕정","station_en":"Deokjeong","line":"수도권 1호선","lines":["수도권 1호선"],"riders":13656,"boardings":6971,"alightings":6685,"kind":"metro","source":"seoul_weekday_od","period":"2023-11 weekday mean","coverage":"weekday OD station margins; coverage varies by station"},"geometry":{"type":"Point","coordinates":[127.061549,37.843445]}},{"type":"Feature","properties":{"station":"금촌","station_en":"Geumchon","line":"수도권 경의중앙선","lines":["수도권 경의중앙선"],"riders":13722,"boardings":6917,"alightings":6805,"kind":"metro","source":"seoul_weekday_od","period":"2023-11 weekday mean","coverage":"weekday OD station margins; coverage varies by station"},"geometry":{"type":"Point","coordinates":[126.774579,37.766233]}},{"type":"Feature","properties":{"station":"지행","station_en":"Jihaeng","line":"수도권 1호선","lines":["수도권 1호선"],"riders":13739,"boardings":6844,"alightings":6895,"kind":"metro","source":"seoul_weekday_od","period":"2023-11 weekday mean","coverage":"weekday OD station margins; coverage varies by station"},"geometry":{"type":"Point","coordinates":[127.055806,37.892269]}},{"type":"Feature","properties":{"station":"평내호평","station_en":"PyeongnaeHopyeong","line":"수도권 경춘선","lines":["수도권 경춘선"],"riders":13741,"boardings":6931,"alightings":6811,"kind":"metro","source":"seoul_weekday_od","period":"2023-11 weekday mean","coverage":"weekday OD station margins; coverage varies by station"},"geometry":{"type":"Point","coordinates":[127.24449,37.653214]}},{"type":"Feature","properties":{"station":"가능","station_en":"Ganeung","line":"수도권 1호선","lines":["수도권 1호선"],"riders":13832,"boardings":7015,"alightings":6818,"kind":"metro","source":"seoul_weekday_od","period":"2023-11 weekday mean","coverage":"weekday OD station margins; coverage varies by station"},"geometry":{"type":"Point","coordinates":[127.044363,37.748321]}},{"type":"Feature","properties":{"station":"용산","station_en":"Yongsan(SeobuBranchCourt‧SeobuProsecutor'sOffice)","line":"대구 2호선","lines":["대구 2호선"],"riders":13926,"boardings":7019,"alightings":6907,"kind":"metro","source":"daegu_gates","period":"2026-06 Mon-Fri mean","coverage":"measured gates"},"geometry":{"type":"Point","coordinates":[128.528769,35.84912]}},{"type":"Feature","properties":{"station":"계명대","station_en":"KeimyungUniv.","line":"대구 2호선","lines":["대구 2호선"],"riders":13974,"boardings":7128,"alightings":6845,"kind":"metro","source":"daegu_gates","period":"2026-06 Mon-Fri mean","coverage":"measured gates"},"geometry":{"type":"Point","coordinates":[128.491969,35.851465]}},{"type":"Feature","properties":{"station":"북한산보국문","station_en":"Bukhansan Bogungmun","line":"수도권 우이신설선","lines":["수도권 우이신설선"],"riders":14141,"boardings":7204,"alightings":6937,"kind":"metro","source":"seoul_weekday_od","period":"2023-11 weekday mean","coverage":"weekday OD station margins; coverage varies by station"},"geometry":{"type":"Point","coordinates":[127.008174,37.61218]}},{"type":"Feature","properties":{"station":"당정","station_en":"Dangjeong","line":"수도권 1호선","lines":["수도권 1호선"],"riders":14142,"boardings":7227,"alightings":6914,"kind":"metro","source":"seoul_weekday_od","period":"2023-11 weekday mean","coverage":"weekday OD station margins; coverage varies by station"},"geometry":{"type":"Point","coordinates":[126.948361,37.343432]}},{"type":"Feature","properties":{"station":"명덕","station_en":"Myeongdeok(The2‧28MovementforDemocracymuseum)","line":"대구 1호선","lines":["대구 1호선","대구 3호선"],"riders":14183,"boardings":7127,"alightings":7056,"kind":"metro","source":"daegu_gates","period":"2026-06 Mon-Fri mean","coverage":"measured gates"},"geometry":{"type":"Point","coordinates":[128.590463,35.857164]}},{"type":"Feature","properties":{"station":"반석","station_en":"Banseok","line":"대전 1호선","lines":["대전 1호선"],"riders":14232,"boardings":7455,"alightings":6777,"kind":"metro","source":"daejeon_gates","period":"2026-07 Mon-Fri mean","coverage":"measured gates"},"geometry":{"type":"Point","coordinates":[127.314581,36.392128]}},{"type":"Feature","properties":{"station":"대저","station_en":"Daejeo","line":"부산김해경전철","lines":["부산김해경전철"],"riders":14288,"boardings":6973,"alightings":7315,"kind":"metro","source":"busan_gimhae_gates","period":"2025-12 Mon-Fri mean","coverage":"measured gates"},"geometry":{"type":"Point","coordinates":[128.960562,35.213066]}},{"type":"Feature","properties":{"station":"두실","station_en":"Dusil","line":"부산 1호선","lines":["부산 1호선"],"riders":14317,"boardings":7657,"alightings":6660,"kind":"metro","source":"busan_gates","period":"2026-07 Mon-Fri mean","coverage":"measured gates"},"geometry":{"type":"Point","coordinates":[129.091386,35.256959]}},{"type":"Feature","properties":{"station":"서문시장","station_en":"SeomunMarket(DongsanHospital)","line":"대구 3호선","lines":["대구 3호선"],"riders":14396,"boardings":7153,"alightings":7243,"kind":"metro","source":"daegu_gates","period":"2026-06 Mon-Fri mean","coverage":"measured gates"},"geometry":{"type":"Point","coordinates":[128.582241,35.869664]}},{"type":"Feature","properties":{"station":"사우","station_en":"Sau","line":"수도권 김포골드라인","lines":["수도권 김포골드라인"],"riders":14507,"boardings":7370,"alightings":7137,"kind":"metro","source":"seoul_weekday_od","period":"2023-11 weekday mean","coverage":"weekday OD station margins; coverage varies by station"},"geometry":{"type":"Point","coordinates":[126.719765,37.6202]}},{"type":"Feature","properties":{"station":"천안","station_en":"Cheonan","line":"수도권 1호선","lines":["수도권 1호선"],"riders":14521,"boardings":7765,"alightings":6756,"kind":"metro","source":"seoul_weekday_od","period":"2023-11 weekday mean","coverage":"weekday OD station margins; coverage varies by station"},"geometry":{"type":"Point","coordinates":[127.14684,36.81028]}},{"type":"Feature","properties":{"station":"신평","station_en":"Sinpyeong","line":"부산 1호선","lines":["부산 1호선"],"riders":14558,"boardings":7161,"alightings":7396,"kind":"metro","source":"busan_gates","period":"2026-07 Mon-Fri mean","coverage":"measured gates"},"geometry":{"type":"Point","coordinates":[128.960564,35.095179]}},{"type":"Feature","properties":{"station":"주례","station_en":"Jurye","line":"부산 2호선","lines":["부산 2호선"],"riders":14659,"boardings":7773,"alightings":6886,"kind":"metro","source":"busan_gates","period":"2026-07 Mon-Fri mean","coverage":"measured gates"},"geometry":{"type":"Point","coordinates":[129.003077,35.150508]}},{"type":"Feature","properties":{"station":"몽촌토성","station_en":"Mongchontoseong","line":"수도권 8호선","lines":["수도권 8호선"],"riders":14676,"boardings":7298,"alightings":7378,"kind":"metro","source":"seoul_weekday_od","period":"2023-11 weekday mean","coverage":"weekday OD station margins; coverage varies by station"},"geometry":{"type":"Point","coordinates":[127.11267,37.517533]}},{"type":"Feature","properties":{"station":"죽전","station_en":"Jukjeon","line":"대구 2호선","lines":["대구 2호선"],"riders":14677,"boardings":7225,"alightings":7451,"kind":"metro","source":"daegu_gates","period":"2026-06 Mon-Fri mean","coverage":"measured gates"},"geometry":{"type":"Point","coordinates":[128.537089,35.85035]}},{"type":"Feature","properties":{"station":"대실","station_en":"Daesil","line":"대구 2호선","lines":["대구 2호선"],"riders":14720,"boardings":7381,"alightings":7339,"kind":"metro","source":"daegu_gates","period":"2026-06 Mon-Fri mean","coverage":"measured gates"},"geometry":{"type":"Point","coordinates":[128.465626,35.857333]}},{"type":"Feature","properties":{"station":"초량","station_en":"Choryang","line":"부산 1호선","lines":["부산 1호선"],"riders":14724,"boardings":7275,"alightings":7449,"kind":"metro","source":"busan_gates","period":"2026-07 Mon-Fri mean","coverage":"measured gates"},"geometry":{"type":"Point","coordinates":[129.043039,35.121168]}},{"type":"Feature","properties":{"station":"감삼","station_en":"Gamsam","line":"대구 2호선","lines":["대구 2호선"],"riders":14791,"boardings":7612,"alightings":7179,"kind":"metro","source":"daegu_gates","period":"2026-06 Mon-Fri mean","coverage":"measured gates"},"geometry":{"type":"Point","coordinates":[128.547905,35.854325]}},{"type":"Feature","properties":{"station":"개롱","station_en":"Gaerong","line":"수도권 5호선","lines":["수도권 5호선"],"riders":14805,"boardings":7268,"alightings":7537,"kind":"metro","source":"seoul_weekday_od","period":"2023-11 weekday mean","coverage":"weekday OD station margins; coverage varies by station"},"geometry":{"type":"Point","coordinates":[127.134843,37.498075]}},{"type":"Feature","properties":{"station":"이매","station_en":"Imae","line":"수도권 경강선","lines":["수도권 경강선","수도권 수인분당선"],"riders":14869,"boardings":7681,"alightings":7188,"kind":"metro","source":"seoul_weekday_od","period":"2023-11 weekday mean","coverage":"weekday OD station margins; coverage varies by station"},"geometry":{"type":"Point","coordinates":[127.12832,37.394971]}},{"type":"Feature","properties":{"station":"신금호","station_en":"Singeumho","line":"수도권 5호선","lines":["수도권 5호선"],"riders":14875,"boardings":7194,"alightings":7681,"kind":"metro","source":"seoul_weekday_od","period":"2023-11 weekday mean","coverage":"weekday OD station margins; coverage varies by station"},"geometry":{"type":"Point","coordinates":[127.020248,37.554429]}},{"type":"Feature","properties":{"station":"방화","station_en":"Banghwa","line":"수도권 5호선","lines":["수도권 5호선"],"riders":14902,"boardings":7578,"alightings":7324,"kind":"metro","source":"seoul_weekday_od","period":"2023-11 weekday mean","coverage":"weekday OD station margins; coverage varies by station"},"geometry":{"type":"Point","coordinates":[126.812732,37.577404]}},{"type":"Feature","properties":{"station":"까치울","station_en":"Kkachiul","line":"수도권 7호선","lines":["수도권 7호선"],"riders":14938,"boardings":7614,"alightings":7323,"kind":"metro","source":"seoul_weekday_od","period":"2023-11 weekday mean","coverage":"weekday OD station margins; coverage varies by station"},"geometry":{"type":"Point","coordinates":[126.811384,37.506241]}},{"type":"Feature","properties":{"station":"구일","station_en":"Guil","line":"수도권 1호선","lines":["수도권 1호선"],"riders":14950,"boardings":7494,"alightings":7456,"kind":"metro","source":"seoul_weekday_od","period":"2023-11 weekday mean","coverage":"weekday OD station margins; coverage varies by station"},"geometry":{"type":"Point","coordinates":[126.869706,37.496207]}},{"type":"Feature","properties":{"station":"석촌고분","station_en":"Seokchon Gobun","line":"수도권 9호선","lines":["수도권 9호선"],"riders":15041,"boardings":7585,"alightings":7457,"kind":"metro","source":"seoul_weekday_od","period":"2023-11 weekday mean","coverage":"weekday OD station margins; coverage varies by station"},"geometry":{"type":"Point","coordinates":[127.096614,37.502444]}},{"type":"Feature","properties":{"station":"신방화","station_en":"Sinbanghwa","line":"수도권 9호선","lines":["수도권 9호선"],"riders":15083,"boardings":7583,"alightings":7500,"kind":"metro","source":"seoul_weekday_od","period":"2023-11 weekday mean","coverage":"weekday OD station margins; coverage varies by station"},"geometry":{"type":"Point","coordinates":[126.816592,37.567497]}},{"type":"Feature","properties":{"station":"두류","station_en":"Duryu","line":"대구 2호선","lines":["대구 2호선"],"riders":15087,"boardings":7556,"alightings":7531,"kind":"metro","source":"daegu_gates","period":"2026-06 Mon-Fri mean","coverage":"measured gates"},"geometry":{"type":"Point","coordinates":[128.555509,35.857241]}},{"type":"Feature","properties":{"station":"장기","station_en":"Janggi","line":"수도권 김포골드라인","lines":["수도권 김포골드라인"],"riders":15090,"boardings":7695,"alightings":7396,"kind":"metro","source":"seoul_weekday_od","period":"2023-11 weekday mean","coverage":"weekday OD station margins; coverage varies by station"},"geometry":{"type":"Point","coordinates":[126.669014,37.644027]}},{"type":"Feature","properties":{"station":"애오개","station_en":"Aeogae","line":"수도권 5호선","lines":["수도권 5호선"],"riders":15105,"boardings":7584,"alightings":7521,"kind":"metro","source":"seoul_weekday_od","period":"2023-11 weekday mean","coverage":"weekday OD station margins; coverage varies by station"},"geometry":{"type":"Point","coordinates":[126.956698,37.553428]}},{"type":"Feature","properties":{"station":"상월곡","station_en":"Sangwolgok","line":"수도권 6호선","lines":["수도권 6호선"],"riders":15146,"boardings":7760,"alightings":7386,"kind":"metro","source":"seoul_weekday_od","period":"2023-11 weekday mean","coverage":"weekday OD station margins; coverage varies by station"},"geometry":{"type":"Point","coordinates":[127.048272,37.606238]}},{"type":"Feature","properties":{"station":"범어사","station_en":"Beomeosa","line":"부산 1호선","lines":["부산 1호선"],"riders":15214,"boardings":8400,"alightings":6814,"kind":"metro","source":"busan_gates","period":"2026-07 Mon-Fri mean","coverage":"measured gates"},"geometry":{"type":"Point","coordinates":[129.092679,35.273105]}},{"type":"Feature","properties":{"station":"정부청사","station_en":"Government  Complex Daejeon","line":"대전 1호선","lines":["대전 1호선"],"riders":15229,"boardings":7371,"alightings":7858,"kind":"metro","source":"daejeon_gates","period":"2026-07 Mon-Fri mean","coverage":"measured gates"},"geometry":{"type":"Point","coordinates":[127.381047,36.357661]}},{"type":"Feature","properties":{"station":"동백","station_en":"Dongbaek","line":"부산 2호선","lines":["부산 2호선"],"riders":15237,"boardings":7520,"alightings":7718,"kind":"metro","source":"busan_gates","period":"2026-07 Mon-Fri mean","coverage":"measured gates"},"geometry":{"type":"Point","coordinates":[129.147897,35.161484]}},{"type":"Feature","properties":{"station":"정발산","station_en":"Jeongbalsan","line":"수도권 3호선","lines":["수도권 3호선"],"riders":15251,"boardings":7572,"alightings":7679,"kind":"metro","source":"seoul_weekday_od","period":"2023-11 weekday mean","coverage":"weekday OD station margins; coverage varies by station"},"geometry":{"type":"Point","coordinates":[126.773265,37.659711]}},{"type":"Feature","properties":{"station":"지축","station_en":"Jichuk","line":"수도권 3호선","lines":["수도권 3호선"],"riders":15270,"boardings":7635,"alightings":7635,"kind":"metro","source":"seoul_weekday_od","period":"2023-11 weekday mean","coverage":"weekday OD station margins; coverage varies by station"},"geometry":{"type":"Point","coordinates":[126.91393,37.648118]}},{"type":"Feature","properties":{"station":"당리","station_en":"Dangni","line":"부산 1호선","lines":["부산 1호선"],"riders":15294,"boardings":7396,"alightings":7897,"kind":"metro","source":"busan_gates","period":"2026-07 Mon-Fri mean","coverage":"measured gates"},"geometry":{"type":"Point","coordinates":[128.973846,35.103532]}},{"type":"Feature","properties":{"station":"모래내시장","station_en":"Moraenae Market","line":"수도권 인천 2호선","lines":["수도권 인천 2호선"],"riders":15309,"boardings":7437,"alightings":7871,"kind":"metro","source":"seoul_weekday_od","period":"2023-11 weekday mean","coverage":"weekday OD station margins; coverage varies by station"},"geometry":{"type":"Point","coordinates":[126.71948,37.455858]}},{"type":"Feature","properties":{"station":"구산","station_en":"Gusan","line":"수도권 6호선","lines":["수도권 6호선"],"riders":15316,"boardings":8736,"alightings":6579,"kind":"metro","source":"seoul_weekday_od","period":"2023-11 weekday mean","coverage":"weekday OD station margins; coverage varies by station"},"geometry":{"type":"Point","coordinates":[126.917219,37.61125]}},{"type":"Feature","properties":{"station":"완정","station_en":"Wanjeong","line":"수도권 인천 2호선","lines":["수도권 인천 2호선"],"riders":15347,"boardings":7904,"alightings":7444,"kind":"metro","source":"seoul_weekday_od","period":"2023-11 weekday mean","coverage":"weekday OD station margins; coverage varies by station"},"geometry":{"type":"Point","coordinates":[126.672875,37.592872]}},{"type":"Feature","properties":{"station":"강창","station_en":"Gangchang","line":"대구 2호선","lines":["대구 2호선"],"riders":15367,"boardings":7940,"alightings":7428,"kind":"metro","source":"daegu_gates","period":"2026-06 Mon-Fri mean","coverage":"measured gates"},"geometry":{"type":"Point","coordinates":[128.479,35.853112]}},{"type":"Feature","properties":{"station":"원인재","station_en":"Woninjae","line":"수도권 수인분당선","lines":["수도권 수인분당선","수도권 인천 1호선"],"riders":15459,"boardings":7834,"alightings":7625,"kind":"metro","source":"seoul_weekday_od","period":"2023-11 weekday mean","coverage":"weekday OD station margins; coverage varies by station"},"geometry":{"type":"Point","coordinates":[126.687374,37.412875]}},{"type":"Feature","properties":{"station":"청라국제도시","station_en":"Cheongna Int'l City","line":"수도권 공항철도","lines":["수도권 공항철도"],"riders":15485,"boardings":7944,"alightings":7541,"kind":"metro","source":"seoul_weekday_od","period":"2023-11 weekday mean","coverage":"weekday OD station margins; coverage varies by station"},"geometry":{"type":"Point","coordinates":[126.624692,37.556445]}},{"type":"Feature","properties":{"station":"남위례","station_en":"Namwirye","line":"수도권 8호선","lines":["수도권 8호선"],"riders":15592,"boardings":7717,"alightings":7875,"kind":"metro","source":"seoul_weekday_od","period":"2023-11 weekday mean","coverage":"weekday OD station margins; coverage varies by station"},"geometry":{"type":"Point","coordinates":[127.139216,37.462772]}},{"type":"Feature","properties":{"station":"용문","station_en":"Yongmun","line":"대전 1호선","lines":["대전 1호선"],"riders":15596,"boardings":7756,"alightings":7840,"kind":"metro","source":"daejeon_gates","period":"2026-07 Mon-Fri mean","coverage":"measured gates"},"geometry":{"type":"Point","coordinates":[127.393317,36.338252]}},{"type":"Feature","properties":{"station":"양주","station_en":"Yangju","line":"수도권 1호선","lines":["수도권 1호선"],"riders":15647,"boardings":8025,"alightings":7622,"kind":"metro","source":"seoul_weekday_od","period":"2023-11 weekday mean","coverage":"weekday OD station margins; coverage varies by station"},"geometry":{"type":"Point","coordinates":[127.044756,37.7742]}},{"type":"Feature","properties":{"station":"운정","station_en":"Unjeong","line":"수도권 경의중앙선","lines":["수도권 경의중앙선"],"riders":15746,"boardings":8146,"alightings":7600,"kind":"metro","source":"seoul_weekday_od","period":"2023-11 weekday mean","coverage":"weekday OD station margins; coverage varies by station"},"geometry":{"type":"Point","coordinates":[126.767045,37.725329]}},{"type":"Feature","properties":{"station":"중앙로","station_en":"Jungangno","line":"대전 1호선","lines":["대전 1호선"],"riders":15763,"boardings":7578,"alightings":8185,"kind":"metro","source":"daejeon_gates","period":"2026-07 Mon-Fri mean","coverage":"measured gates"},"geometry":{"type":"Point","coordinates":[127.425842,36.328664]}},{"type":"Feature","properties":{"station":"양천구청","station_en":"Yangcheon-gu Office","line":"수도권 2호선","lines":["수도권 2호선"],"riders":15821,"boardings":7638,"alightings":8183,"kind":"metro","source":"seoul_weekday_od","period":"2023-11 weekday mean","coverage":"weekday OD station margins; coverage varies by station"},"geometry":{"type":"Point","coordinates":[126.865945,37.512295]}},{"type":"Feature","properties":{"station":"인하대","station_en":"Inha Univ.","line":"수도권 수인분당선","lines":["수도권 수인분당선"],"riders":15874,"boardings":8126,"alightings":7748,"kind":"metro","source":"seoul_weekday_od","period":"2023-11 weekday mean","coverage":"weekday OD station margins; coverage varies by station"},"geometry":{"type":"Point","coordinates":[126.649784,37.448247]}},{"type":"Feature","properties":{"station":"백운","station_en":"Baegun","line":"수도권 1호선","lines":["수도권 1호선"],"riders":15887,"boardings":8031,"alightings":7857,"kind":"metro","source":"seoul_weekday_od","period":"2023-11 weekday mean","coverage":"weekday OD station margins; coverage varies by station"},"geometry":{"type":"Point","coordinates":[126.707111,37.483123]}},{"type":"Feature","properties":{"station":"서부정류장","station_en":"SeobuBusTerminal(GwanmunMarket)","line":"대구 1호선","lines":["대구 1호선"],"riders":15916,"boardings":8153,"alightings":7763,"kind":"metro","source":"daegu_gates","period":"2026-06 Mon-Fri mean","coverage":"measured gates"},"geometry":{"type":"Point","coordinates":[128.55707,35.837337]}},{"type":"Feature","properties":{"station":"종합운동장","station_en":"Sports Complex","line":"부산 3호선","lines":["부산 3호선"],"riders":15920,"boardings":7850,"alightings":8070,"kind":"metro","source":"busan_gates","period":"2026-07 Mon-Fri mean","coverage":"measured gates"},"geometry":{"type":"Point","coordinates":[129.067504,35.19125]}},{"type":"Feature","properties":{"station":"관악","station_en":"Gwanak","line":"수도권 1호선","lines":["수도권 1호선"],"riders":15948,"boardings":8185,"alightings":7763,"kind":"metro","source":"seoul_weekday_od","period":"2023-11 weekday mean","coverage":"weekday OD station margins; coverage varies by station"},"geometry":{"type":"Point","coordinates":[126.909154,37.418724]}},{"type":"Feature","properties":{"station":"군포","station_en":"Gunpo","line":"수도권 1호선","lines":["수도권 1호선"],"riders":15979,"boardings":8052,"alightings":7926,"kind":"metro","source":"seoul_weekday_od","period":"2023-11 weekday mean","coverage":"weekday OD station margins; coverage varies by station"},"geometry":{"type":"Point","coordinates":[126.948461,37.353575]}},{"type":"Feature","properties":{"station":"삼전","station_en":"Samjeon","line":"수도권 9호선","lines":["수도권 9호선"],"riders":16029,"boardings":8233,"alightings":7796,"kind":"metro","source":"seoul_weekday_od","period":"2023-11 weekday mean","coverage":"weekday OD station margins; coverage varies by station"},"geometry":{"type":"Point","coordinates":[127.087208,37.504535]}},{"type":"Feature","properties":{"station":"백마","station_en":"Baengma","line":"수도권 경의중앙선","lines":["수도권 경의중앙선","수도권 서해선"],"riders":16041,"boardings":8137,"alightings":7904,"kind":"metro","source":"seoul_weekday_od","period":"2023-11 weekday mean","coverage":"weekday OD station margins; coverage varies by station"},"geometry":{"type":"Point","coordinates":[126.794475,37.65833]}},{"type":"Feature","properties":{"station":"임학","station_en":"Imhak","line":"수도권 인천 1호선","lines":["수도권 인천 1호선"],"riders":16055,"boardings":8061,"alightings":7994,"kind":"metro","source":"seoul_weekday_od","period":"2023-11 weekday mean","coverage":"weekday OD station margins; coverage varies by station"},"geometry":{"type":"Point","coordinates":[126.739563,37.546247]}},{"type":"Feature","properties":{"station":"방이","station_en":"Bangi","line":"수도권 5호선","lines":["수도권 5호선"],"riders":16134,"boardings":7894,"alightings":8239,"kind":"metro","source":"seoul_weekday_od","period":"2023-11 weekday mean","coverage":"weekday OD station margins; coverage varies by station"},"geometry":{"type":"Point","coordinates":[127.126039,37.508643]}},{"type":"Feature","properties":{"station":"마천","station_en":"Macheon","line":"수도권 5호선","lines":["수도권 5호선"],"riders":16166,"boardings":8451,"alightings":7715,"kind":"metro","source":"seoul_weekday_od","period":"2023-11 weekday mean","coverage":"weekday OD station margins; coverage varies by station"},"geometry":{"type":"Point","coordinates":[127.152724,37.494953]}},{"type":"Feature","properties":{"station":"독립문","station_en":"Dongnimmun","line":"수도권 3호선","lines":["수도권 3호선"],"riders":16186,"boardings":7967,"alightings":8219,"kind":"metro","source":"seoul_weekday_od","period":"2023-11 weekday mean","coverage":"weekday OD station margins; coverage varies by station"},"geometry":{"type":"Point","coordinates":[126.957836,37.574558]}},{"type":"Feature","properties":{"station":"망우","station_en":"Mangu","line":"수도권 경의중앙선","lines":["수도권 경의중앙선","수도권 경춘선"],"riders":16186,"boardings":8188,"alightings":7998,"kind":"metro","source":"seoul_weekday_od","period":"2023-11 weekday mean","coverage":"weekday OD station margins; coverage varies by station"},"geometry":{"type":"Point","coordinates":[127.091858,37.599635]}},{"type":"Feature","properties":{"station":"경대병원","station_en":"KyungpookNat'lUniv.Hosp.","line":"대구 2호선","lines":["대구 2호선"],"riders":16258,"boardings":7746,"alightings":8512,"kind":"metro","source":"daegu_gates","period":"2026-06 Mon-Fri mean","coverage":"measured gates"},"geometry":{"type":"Point","coordinates":[128.60316,35.863102]}},{"type":"Feature","properties":{"station":"대구역","station_en":"DaeguStation","line":"대구 1호선","lines":["대구 1호선"],"riders":16282,"boardings":8332,"alightings":7951,"kind":"metro","source":"daegu_gates","period":"2026-06 Mon-Fri mean","coverage":"measured gates"},"geometry":{"type":"Point","coordinates":[128.596919,35.876379]}},{"type":"Feature","properties":{"station":"검단사거리","station_en":"Geomdan Sageori","line":"수도권 인천 2호선","lines":["수도권 인천 2호선"],"riders":16336,"boardings":8528,"alightings":7808,"kind":"metro","source":"seoul_weekday_od","period":"2023-11 weekday mean","coverage":"weekday OD station margins; coverage varies by station"},"geometry":{"type":"Point","coordinates":[126.656734,37.601821]}},{"type":"Feature","properties":{"station":"월계","station_en":"Wolgye","line":"수도권 1호선","lines":["수도권 1호선"],"riders":16487,"boardings":8525,"alightings":7962,"kind":"metro","source":"seoul_weekday_od","period":"2023-11 weekday mean","coverage":"weekday OD station margins; coverage varies by station"},"geometry":{"type":"Point","coordinates":[127.058865,37.633063]}},{"type":"Feature","properties":{"station":"부산진","station_en":"Busanjin","line":"부산 1호선","lines":["부산 1호선"],"riders":16547,"boardings":8471,"alightings":8077,"kind":"metro","source":"busan_gates","period":"2026-07 Mon-Fri mean","coverage":"measured gates"},"geometry":{"type":"Point","coordinates":[129.047894,35.127787]}},{"type":"Feature","properties":{"station":"서구청","station_en":"Seo-gu Office","line":"수도권 인천 2호선","lines":["수도권 인천 2호선"],"riders":16588,"boardings":8218,"alightings":8370,"kind":"metro","source":"seoul_weekday_od","period":"2023-11 weekday mean","coverage":"weekday OD station margins; coverage varies by station"},"geometry":{"type":"Point","coordinates":[126.676439,37.53814]}},{"type":"Feature","properties":{"station":"선바위","station_en":"Seonbawi","line":"수도권 4호선","lines":["수도권 4호선"],"riders":16647,"boardings":8871,"alightings":7776,"kind":"metro","source":"seoul_weekday_od","period":"2023-11 weekday mean","coverage":"weekday OD station margins; coverage varies by station"},"geometry":{"type":"Point","coordinates":[127.002111,37.451805]}},{"type":"Feature","properties":{"station":"보라매병원","station_en":"Boramae Medical Center","line":"수도권 신림선","lines":["수도권 신림선"],"riders":16711,"boardings":8177,"alightings":8534,"kind":"metro","source":"seoul_weekday_od","period":"2023-11 weekday mean","coverage":"weekday OD station margins; coverage varies by station"},"geometry":{"type":"Point","coordinates":[126.924273,37.492964]}},{"type":"Feature","properties":{"station":"마두","station_en":"Madu","line":"수도권 3호선","lines":["수도권 3호선"],"riders":16787,"boardings":8252,"alightings":8535,"kind":"metro","source":"seoul_weekday_od","period":"2023-11 weekday mean","coverage":"weekday OD station margins; coverage varies by station"},"geometry":{"type":"Point","coordinates":[126.77776,37.652004]}},{"type":"Feature","properties":{"station":"경찰병원","station_en":"National Police Hospital","line":"수도권 3호선","lines":["수도권 3호선"],"riders":16789,"boardings":8379,"alightings":8410,"kind":"metro","source":"seoul_weekday_od","period":"2023-11 weekday mean","coverage":"weekday OD station margins; coverage varies by station"},"geometry":{"type":"Point","coordinates":[127.123904,37.495401]}},{"type":"Feature","properties":{"station":"소사","station_en":"Sosa","line":"수도권 1호선","lines":["수도권 1호선","수도권 서해선"],"riders":16852,"boardings":8554,"alightings":8298,"kind":"metro","source":"seoul_weekday_od","period":"2023-11 weekday mean","coverage":"weekday OD station margins; coverage varies by station"},"geometry":{"type":"Point","coordinates":[126.795304,37.482882]}},{"type":"Feature","properties":{"station":"대저","station_en":"Daejeo","line":"부산 3호선","lines":["부산 3호선"],"riders":16863,"boardings":8965,"alightings":7899,"kind":"metro","source":"busan_gates","period":"2026-07 Mon-Fri mean","coverage":"measured gates"},"geometry":{"type":"Point","coordinates":[128.961049,35.213386]}},{"type":"Feature","properties":{"station":"양평","station_en":"Yangpyeong","line":"수도권 경의중앙선","lines":["수도권 경의중앙선"],"riders":16871,"boardings":8492,"alightings":8379,"kind":"metro","source":"seoul_weekday_od","period":"2023-11 weekday mean","coverage":"weekday OD station margins; coverage varies by station"},"geometry":{"type":"Point","coordinates":[127.491897,37.492847]}},{"type":"Feature","properties":{"station":"금호","station_en":"Geumho","line":"수도권 3호선","lines":["수도권 3호선"],"riders":16873,"boardings":8745,"alightings":8128,"kind":"metro","source":"seoul_weekday_od","period":"2023-11 weekday mean","coverage":"weekday OD station margins; coverage varies by station"},"geometry":{"type":"Point","coordinates":[127.015925,37.547973]}},{"type":"Feature","properties":{"station":"청구","station_en":"Cheonggu","line":"수도권 5호선","lines":["수도권 5호선","수도권 6호선"],"riders":16902,"boardings":8587,"alightings":8315,"kind":"metro","source":"seoul_weekday_od","period":"2023-11 weekday mean","coverage":"weekday OD station margins; coverage varies by station"},"geometry":{"type":"Point","coordinates":[127.013778,37.560231]}},{"type":"Feature","properties":{"station":"하남시청","station_en":"Hanam City Hall","line":"수도권 5호선","lines":["수도권 5호선"],"riders":16961,"boardings":8629,"alightings":8333,"kind":"metro","source":"seoul_weekday_od","period":"2023-11 weekday mean","coverage":"weekday OD station margins; coverage varies by station"},"geometry":{"type":"Point","coordinates":[127.206704,37.541774]}},{"type":"Feature","properties":{"station":"경기광주","station_en":"Gyeonggi Gwangju","line":"수도권 경강선","lines":["수도권 경강선"],"riders":17007,"boardings":8805,"alightings":8202,"kind":"metro","source":"seoul_weekday_od","period":"2023-11 weekday mean","coverage":"weekday OD station margins; coverage varies by station"},"geometry":{"type":"Point","coordinates":[127.253282,37.398904]}},{"type":"Feature","properties":{"station":"탄현","station_en":"Tanhyeon","line":"수도권 경의중앙선","lines":["수도권 경의중앙선"],"riders":17018,"boardings":8733,"alightings":8285,"kind":"metro","source":"seoul_weekday_od","period":"2023-11 weekday mean","coverage":"weekday OD station margins; coverage varies by station"},"geometry":{"type":"Point","coordinates":[126.761026,37.694105]}},{"type":"Feature","properties":{"station":"진천","station_en":"Jincheon","line":"대구 1호선","lines":["대구 1호선"],"riders":17063,"boardings":8564,"alightings":8499,"kind":"metro","source":"daegu_gates","period":"2026-06 Mon-Fri mean","coverage":"measured gates"},"geometry":{"type":"Point","coordinates":[128.522374,35.813815]}},{"type":"Feature","properties":{"station":"행당","station_en":"Haengdang","line":"수도권 5호선","lines":["수도권 5호선"],"riders":17101,"boardings":9023,"alightings":8078,"kind":"metro","source":"seoul_weekday_od","period":"2023-11 weekday mean","coverage":"weekday OD station margins; coverage varies by station"},"geometry":{"type":"Point","coordinates":[127.029993,37.557606]}},{"type":"Feature","properties":{"station":"청라언덕","station_en":"CheongnaHill","line":"대구 2호선","lines":["대구 2호선","대구 3호선"],"riders":17113,"boardings":8708,"alightings":8405,"kind":"metro","source":"daegu_gates","period":"2026-06 Mon-Fri mean","coverage":"measured gates"},"geometry":{"type":"Point","coordinates":[128.582349,35.864597]}},{"type":"Feature","properties":{"station":"오이도","station_en":"Oido","line":"수도권 4호선","lines":["수도권 4호선","수도권 수인분당선"],"riders":17266,"boardings":8651,"alightings":8614,"kind":"metro","source":"seoul_weekday_od","period":"2023-11 weekday mean","coverage":"weekday OD station margins; coverage varies by station"},"geometry":{"type":"Point","coordinates":[126.738494,37.361925]}},{"type":"Feature","properties":{"station":"시청","station_en":"City Hall","line":"대전 1호선","lines":["대전 1호선"],"riders":17297,"boardings":8443,"alightings":8854,"kind":"metro","source":"daejeon_gates","period":"2026-07 Mon-Fri mean","coverage":"measured gates"},"geometry":{"type":"Point","coordinates":[127.386739,36.351673]}},{"type":"Feature","properties":{"station":"길동","station_en":"Gil-dong","line":"수도권 5호선","lines":["수도권 5호선"],"riders":17368,"boardings":8516,"alightings":8852,"kind":"metro","source":"seoul_weekday_od","period":"2023-11 weekday mean","coverage":"weekday OD station margins; coverage varies by station"},"geometry":{"type":"Point","coordinates":[127.140205,37.538368]}},{"type":"Feature","properties":{"station":"신이문","station_en":"Sinimun","line":"수도권 1호선","lines":["수도권 1호선"],"riders":17512,"boardings":9068,"alightings":8444,"kind":"metro","source":"seoul_weekday_od","period":"2023-11 weekday mean","coverage":"weekday OD station margins; coverage varies by station"},"geometry":{"type":"Point","coordinates":[127.06729,37.601638]}},{"type":"Feature","properties":{"station":"영남대","station_en":"YeungnamUniversity","line":"대구 2호선","lines":["대구 2호선"],"riders":17604,"boardings":9158,"alightings":8446,"kind":"metro","source":"daegu_gates","period":"2026-06 Mon-Fri mean","coverage":"measured gates"},"geometry":{"type":"Point","coordinates":[128.752966,35.836373]}},{"type":"Feature","properties":{"station":"증미","station_en":"Jeungmi","line":"수도권 9호선","lines":["수도권 9호선"],"riders":17752,"boardings":9032,"alightings":8720,"kind":"metro","source":"seoul_weekday_od","period":"2023-11 weekday mean","coverage":"weekday OD station margins; coverage varies by station"},"geometry":{"type":"Point","coordinates":[126.861818,37.55751]}},{"type":"Feature","properties":{"station":"행신","station_en":"Haengsin","line":"수도권 경의중앙선","lines":["수도권 경의중앙선"],"riders":17779,"boardings":8901,"alightings":8877,"kind":"metro","source":"seoul_weekday_od","period":"2023-11 weekday mean","coverage":"weekday OD station margins; coverage varies by station"},"geometry":{"type":"Point","coordinates":[126.834058,37.612035]}},{"type":"Feature","properties":{"station":"삼성중앙","station_en":"Samseong Jungang","line":"수도권 9호선","lines":["수도권 9호선"],"riders":17855,"boardings":8736,"alightings":9119,"kind":"metro","source":"seoul_weekday_od","period":"2023-11 weekday mean","coverage":"weekday OD station margins; coverage varies by station"},"geometry":{"type":"Point","coordinates":[127.053475,37.513095]}},{"type":"Feature","properties":{"station":"인천대입구","station_en":"Incheon National University","line":"수도권 인천 1호선","lines":["수도권 인천 1호선"],"riders":17886,"boardings":8938,"alightings":8949,"kind":"metro","source":"seoul_weekday_od","period":"2023-11 weekday mean","coverage":"weekday OD station margins; coverage varies by station"},"geometry":{"type":"Point","coordinates":[126.639447,37.386116]}},{"type":"Feature","properties":{"station":"서정리","station_en":"Seojeong-ri","line":"수도권 1호선","lines":["수도권 1호선"],"riders":17887,"boardings":9322,"alightings":8565,"kind":"metro","source":"seoul_weekday_od","period":"2023-11 weekday mean","coverage":"weekday OD station margins; coverage varies by station"},"geometry":{"type":"Point","coordinates":[127.052949,37.057077]}},{"type":"Feature","properties":{"station":"남천","station_en":"Namcheon","line":"부산 2호선","lines":["부산 2호선"],"riders":17914,"boardings":8870,"alightings":9044,"kind":"metro","source":"busan_gates","period":"2026-07 Mon-Fri mean","coverage":"measured gates"},"geometry":{"type":"Point","coordinates":[129.107978,35.142139]}},{"type":"Feature","properties":{"station":"개금","station_en":"Gaegeum","line":"부산 2호선","lines":["부산 2호선"],"riders":17933,"boardings":9132,"alightings":8801,"kind":"metro","source":"busan_gates","period":"2026-07 Mon-Fri mean","coverage":"measured gates"},"geometry":{"type":"Point","coordinates":[129.020533,35.153284]}},{"type":"Feature","properties":{"station":"중동","station_en":"Jung-dong","line":"부산 2호선","lines":["부산 2호선"],"riders":17978,"boardings":9332,"alightings":8646,"kind":"metro","source":"busan_gates","period":"2026-07 Mon-Fri mean","coverage":"measured gates"},"geometry":{"type":"Point","coordinates":[129.168604,35.1667]}},{"type":"Feature","properties":{"station":"사직","station_en":"Sajik","line":"부산 3호선","lines":["부산 3호선"],"riders":18129,"boardings":8962,"alightings":9168,"kind":"metro","source":"busan_gates","period":"2026-07 Mon-Fri mean","coverage":"measured gates"},"geometry":{"type":"Point","coordinates":[129.064996,35.198998]}},{"type":"Feature","properties":{"station":"두정","station_en":"Dujeong","line":"수도권 1호선","lines":["수도권 1호선"],"riders":18138,"boardings":8761,"alightings":9377,"kind":"metro","source":"seoul_weekday_od","period":"2023-11 weekday mean","coverage":"weekday OD station margins; coverage varies by station"},"geometry":{"type":"Point","coordinates":[127.148938,36.833652]}},{"type":"Feature","properties":{"station":"인천시청","station_en":"Incheon City Hall","line":"수도권 인천 1호선","lines":["수도권 인천 1호선","수도권 인천 2호선"],"riders":18170,"boardings":8944,"alightings":9225,"kind":"metro","source":"seoul_weekday_od","period":"2023-11 weekday mean","coverage":"weekday OD station margins; coverage varies by station"},"geometry":{"type":"Point","coordinates":[126.70226,37.457052]}},{"type":"Feature","properties":{"station":"야당","station_en":"Yadang","line":"수도권 경의중앙선","lines":["수도권 경의중앙선"],"riders":18355,"boardings":9135,"alightings":9219,"kind":"metro","source":"seoul_weekday_od","period":"2023-11 weekday mean","coverage":"weekday OD station margins; coverage varies by station"},"geometry":{"type":"Point","coordinates":[126.761523,37.712967]}},{"type":"Feature","properties":{"station":"부개","station_en":"Bugae","line":"수도권 1호선","lines":["수도권 1호선"],"riders":18356,"boardings":9473,"alightings":8884,"kind":"metro","source":"seoul_weekday_od","period":"2023-11 weekday mean","coverage":"weekday OD station margins; coverage varies by station"},"geometry":{"type":"Point","coordinates":[126.740606,37.488491]}},{"type":"Feature","properties":{"station":"상현","station_en":"Sanghyeon","line":"수도권 신분당선","lines":["수도권 신분당선"],"riders":18445,"boardings":9420,"alightings":9025,"kind":"metro","source":"seoul_weekday_od","period":"2023-11 weekday mean","coverage":"weekday OD station margins; coverage varies by station"},"geometry":{"type":"Point","coordinates":[127.069302,37.297583]}},{"type":"Feature","properties":{"station":"운서","station_en":"Unseo","line":"수도권 공항철도","lines":["수도권 공항철도"],"riders":18503,"boardings":9058,"alightings":9445,"kind":"metro","source":"seoul_weekday_od","period":"2023-11 weekday mean","coverage":"weekday OD station margins; coverage varies by station"},"geometry":{"type":"Point","coordinates":[126.493815,37.492928]}},{"type":"Feature","properties":{"station":"구래","station_en":"Gurae","line":"수도권 김포골드라인","lines":["수도권 김포골드라인"],"riders":18510,"boardings":9695,"alightings":8815,"kind":"metro","source":"seoul_weekday_od","period":"2023-11 weekday mean","coverage":"weekday OD station margins; coverage varies by station"},"geometry":{"type":"Point","coordinates":[126.628721,37.645348]}},{"type":"Feature","properties":{"station":"금련산","station_en":"Geumnyeonsan","line":"부산 2호선","lines":["부산 2호선"],"riders":18679,"boardings":8810,"alightings":9868,"kind":"metro","source":"busan_gates","period":"2026-07 Mon-Fri mean","coverage":"measured gates"},"geometry":{"type":"Point","coordinates":[129.110961,35.149771]}},{"type":"Feature","properties":{"station":"산곡","station_en":"Sangok","line":"수도권 7호선","lines":["수도권 7호선"],"riders":18911,"boardings":9822,"alightings":9089,"kind":"metro","source":"seoul_weekday_od","period":"2023-11 weekday mean","coverage":"weekday OD station margins; coverage varies by station"},"geometry":{"type":"Point","coordinates":[126.703693,37.508697]}},{"type":"Feature","properties":{"station":"범어","station_en":"Beomeo","line":"대구 2호선","lines":["대구 2호선"],"riders":18982,"boardings":9481,"alightings":9501,"kind":"metro","source":"daegu_gates","period":"2026-06 Mon-Fri mean","coverage":"measured gates"},"geometry":{"type":"Point","coordinates":[128.6257,35.8591]}},{"type":"Feature","properties":{"station":"둔촌동","station_en":"Dunchon-dong","line":"수도권 5호선","lines":["수도권 5호선"],"riders":19020,"boardings":9475,"alightings":9545,"kind":"metro","source":"seoul_weekday_od","period":"2023-11 weekday mean","coverage":"weekday OD station margins; coverage varies by station"},"geometry":{"type":"Point","coordinates":[127.136243,37.527802]}},{"type":"Feature","properties":{"station":"괴정","station_en":"Goejeong","line":"부산 1호선","lines":["부산 1호선"],"riders":19042,"boardings":9496,"alightings":9547,"kind":"metro","source":"busan_gates","period":"2026-07 Mon-Fri mean","coverage":"measured gates"},"geometry":{"type":"Point","coordinates":[128.992144,35.099816]}},{"type":"Feature","properties":{"station":"화서","station_en":"Hwaseo","line":"수도권 1호선","lines":["수도권 1호선"],"riders":19084,"boardings":9717,"alightings":9367,"kind":"metro","source":"seoul_weekday_od","period":"2023-11 weekday mean","coverage":"weekday OD station margins; coverage varies by station"},"geometry":{"type":"Point","coordinates":[126.989614,37.283914]}},{"type":"Feature","properties":{"station":"석수","station_en":"Seoksu","line":"수도권 1호선","lines":["수도권 1호선"],"riders":19166,"boardings":10024,"alightings":9142,"kind":"metro","source":"seoul_weekday_od","period":"2023-11 weekday mean","coverage":"weekday OD station margins; coverage varies by station"},"geometry":{"type":"Point","coordinates":[126.902306,37.435133]}},{"type":"Feature","properties":{"station":"갈산","station_en":"Galsan","line":"수도권 인천 1호선","lines":["수도권 인천 1호선"],"riders":19194,"boardings":9716,"alightings":9478,"kind":"metro","source":"seoul_weekday_od","period":"2023-11 weekday mean","coverage":"weekday OD station margins; coverage varies by station"},"geometry":{"type":"Point","coordinates":[126.721518,37.516813]}},{"type":"Feature","properties":{"station":"고잔","station_en":"Gojan","line":"수도권 4호선","lines":["수도권 4호선","수도권 수인분당선"],"riders":19205,"boardings":9842,"alightings":9363,"kind":"metro","source":"seoul_weekday_od","period":"2023-11 weekday mean","coverage":"weekday OD station margins; coverage varies by station"},"geometry":{"type":"Point","coordinates":[126.823101,37.316851]}},{"type":"Feature","properties":{"station":"서울대벤처타운","station_en":"Seoul Nat'l Univ. Venture Town","line":"수도권 신림선","lines":["수도권 신림선"],"riders":19270,"boardings":10004,"alightings":9266,"kind":"metro","source":"seoul_weekday_od","period":"2023-11 weekday mean","coverage":"weekday OD station margins; coverage varies by station"},"geometry":{"type":"Point","coordinates":[126.933706,37.472003]}},{"type":"Feature","properties":{"station":"유성온천","station_en":"Yuseong Spa","line":"대전 1호선","lines":["대전 1호선"],"riders":19365,"boardings":9460,"alightings":9905,"kind":"metro","source":"daejeon_gates","period":"2026-07 Mon-Fri mean","coverage":"measured gates"},"geometry":{"type":"Point","coordinates":[127.341524,36.353689]}},{"type":"Feature","properties":{"station":"중동","station_en":"Jung-dong","line":"수도권 1호선","lines":["수도권 1호선"],"riders":19414,"boardings":10012,"alightings":9402,"kind":"metro","source":"seoul_weekday_od","period":"2023-11 weekday mean","coverage":"weekday OD station margins; coverage varies by station"},"geometry":{"type":"Point","coordinates":[126.763967,37.486778]}},{"type":"Feature","properties":{"station":"옥수","station_en":"Oksu","line":"수도권 3호선","lines":["수도권 3호선","수도권 경의중앙선"],"riders":19432,"boardings":9602,"alightings":9830,"kind":"metro","source":"seoul_weekday_od","period":"2023-11 weekday mean","coverage":"weekday OD station margins; coverage varies by station"},"geometry":{"type":"Point","coordinates":[127.017954,37.540819]}},{"type":"Feature","properties":{"station":"봉화산","station_en":"Bonghwasan","line":"수도권 6호선","lines":["수도권 6호선"],"riders":19451,"boardings":10068,"alightings":9384,"kind":"metro","source":"seoul_weekday_od","period":"2023-11 weekday mean","coverage":"weekday OD station margins; coverage varies by station"},"geometry":{"type":"Point","coordinates":[127.091097,37.617416]}},{"type":"Feature","properties":{"station":"당고개","station_en":"Buramsan","line":"수도권 4호선","lines":["수도권 4호선"],"riders":19467,"boardings":10399,"alightings":9068,"kind":"metro","source":"seoul_weekday_od","period":"2023-11 weekday mean","coverage":"weekday OD station margins; coverage varies by station"},"geometry":{"type":"Point","coordinates":[127.078924,37.670098]}},{"type":"Feature","properties":{"station":"광운대","station_en":"Kwangwoon University","line":"수도권 1호선","lines":["수도권 1호선","수도권 경춘선"],"riders":19477,"boardings":9966,"alightings":9511,"kind":"metro","source":"seoul_weekday_od","period":"2023-11 weekday mean","coverage":"weekday OD station margins; coverage varies by station"},"geometry":{"type":"Point","coordinates":[127.061819,37.623699]}},{"type":"Feature","properties":{"station":"토성","station_en":"Toseong","line":"부산 1호선","lines":["부산 1호선"],"riders":19662,"boardings":9946,"alightings":9715,"kind":"metro","source":"busan_gates","period":"2026-07 Mon-Fri mean","coverage":"measured gates"},"geometry":{"type":"Point","coordinates":[129.019776,35.100727]}},{"type":"Feature","properties":{"station":"선유도","station_en":"Seonyudo","line":"수도권 9호선","lines":["수도권 9호선"],"riders":19697,"boardings":10118,"alightings":9579,"kind":"metro","source":"seoul_weekday_od","period":"2023-11 weekday mean","coverage":"weekday OD station margins; coverage varies by station"},"geometry":{"type":"Point","coordinates":[126.893982,37.537859]}},{"type":"Feature","properties":{"station":"시민공원","station_en":"Citizens Park","line":"수도권 인천 2호선","lines":["수도권 인천 2호선"],"riders":19739,"boardings":10103,"alightings":9636,"kind":"metro","source":"seoul_weekday_od","period":"2023-11 weekday mean","coverage":"weekday OD station margins; coverage varies by station"},"geometry":{"type":"Point","coordinates":[126.68083,37.45841]}},{"type":"Feature","properties":{"station":"영통","station_en":"Yeongtong","line":"수도권 수인분당선","lines":["수도권 수인분당선"],"riders":19748,"boardings":9786,"alightings":9961,"kind":"metro","source":"seoul_weekday_od","period":"2023-11 weekday mean","coverage":"weekday OD station margins; coverage varies by station"},"geometry":{"type":"Point","coordinates":[127.071279,37.251347]}},{"type":"Feature","properties":{"station":"복정","station_en":"Bokjeong","line":"수도권 8호선","lines":["수도권 8호선","수도권 수인분당선"],"riders":19789,"boardings":10754,"alightings":9036,"kind":"metro","source":"seoul_weekday_od","period":"2023-11 weekday mean","coverage":"weekday OD station margins; coverage varies by station"},"geometry":{"type":"Point","coordinates":[127.126713,37.470577]}},{"type":"Feature","properties":{"station":"망월사","station_en":"Mangwolsa","line":"수도권 1호선","lines":["수도권 1호선"],"riders":19936,"boardings":9919,"alightings":10017,"kind":"metro","source":"seoul_weekday_od","period":"2023-11 weekday mean","coverage":"weekday OD station margins; coverage varies by station"},"geometry":{"type":"Point","coordinates":[127.047397,37.710253]}},{"type":"Feature","properties":{"station":"동천","station_en":"Dongcheon","line":"수도권 신분당선","lines":["수도권 신분당선"],"riders":19937,"boardings":10390,"alightings":9548,"kind":"metro","source":"seoul_weekday_od","period":"2023-11 weekday mean","coverage":"weekday OD station margins; coverage varies by station"},"geometry":{"type":"Point","coordinates":[127.102828,37.338098]}},{"type":"Feature","properties":{"station":"명일","station_en":"Myeongil","line":"수도권 5호선","lines":["수도권 5호선"],"riders":19972,"boardings":9828,"alightings":10144,"kind":"metro","source":"seoul_weekday_od","period":"2023-11 weekday mean","coverage":"weekday OD station margins; coverage varies by station"},"geometry":{"type":"Point","coordinates":[127.144085,37.551953]}},{"type":"Feature","properties":{"station":"장승배기","station_en":"Jangseungbaegi","line":"수도권 7호선","lines":["수도권 7호선"],"riders":20073,"boardings":10129,"alightings":9944,"kind":"metro","source":"seoul_weekday_od","period":"2023-11 weekday mean","coverage":"weekday OD station margins; coverage varies by station"},"geometry":{"type":"Point","coordinates":[126.939279,37.505017]}},{"type":"Feature","properties":{"station":"동춘","station_en":"Dongchun","line":"수도권 인천 1호선","lines":["수도권 인천 1호선"],"riders":20162,"boardings":9832,"alightings":10330,"kind":"metro","source":"seoul_weekday_od","period":"2023-11 weekday mean","coverage":"weekday OD station margins; coverage varies by station"},"geometry":{"type":"Point","coordinates":[126.680271,37.40482]}},{"type":"Feature","properties":{"station":"굽은다리","station_en":"Gubeundari","line":"수도권 5호선","lines":["수도권 5호선"],"riders":20165,"boardings":10257,"alightings":9908,"kind":"metro","source":"seoul_weekday_od","period":"2023-11 weekday mean","coverage":"weekday OD station margins; coverage varies by station"},"geometry":{"type":"Point","coordinates":[127.142962,37.545637]}},{"type":"Feature","properties":{"station":"사상","station_en":"Sasang","line":"부산김해경전철","lines":["부산김해경전철"],"riders":20204,"boardings":9685,"alightings":10519,"kind":"metro","source":"busan_gimhae_gates","period":"2025-12 Mon-Fri mean","coverage":"measured gates"},"geometry":{"type":"Point","coordinates":[128.985941,35.162302]}},{"type":"Feature","properties":{"station":"보문","station_en":"Bomun","line":"수도권 6호선","lines":["수도권 6호선","수도권 우이신설선"],"riders":20262,"boardings":10423,"alightings":9839,"kind":"metro","source":"seoul_weekday_od","period":"2023-11 weekday mean","coverage":"weekday OD station margins; coverage varies by station"},"geometry":{"type":"Point","coordinates":[127.019444,37.585152]}},{"type":"Feature","properties":{"station":"의왕","station_en":"Uiwang","line":"수도권 1호선","lines":["수도권 1호선"],"riders":20275,"boardings":10166,"alightings":10109,"kind":"metro","source":"seoul_weekday_od","period":"2023-11 weekday mean","coverage":"weekday OD station margins; coverage varies by station"},"geometry":{"type":"Point","coordinates":[126.948034,37.320998]}},{"type":"Feature","properties":{"station":"송파","station_en":"Songpa","line":"수도권 8호선","lines":["수도권 8호선"],"riders":20397,"boardings":10271,"alightings":10126,"kind":"metro","source":"seoul_weekday_od","period":"2023-11 weekday mean","coverage":"weekday OD station margins; coverage varies by station"},"geometry":{"type":"Point","coordinates":[127.112182,37.499725]}},{"type":"Feature","properties":{"station":"구서","station_en":"Guseo","line":"부산 1호선","lines":["부산 1호선"],"riders":20526,"boardings":10489,"alightings":10037,"kind":"metro","source":"busan_gates","period":"2026-07 Mon-Fri mean","coverage":"measured gates"},"geometry":{"type":"Point","coordinates":[129.091327,35.247407]}},{"type":"Feature","properties":{"station":"광흥창","station_en":"Gwangheungchang","line":"수도권 6호선","lines":["수도권 6호선"],"riders":20707,"boardings":10515,"alightings":10192,"kind":"metro","source":"seoul_weekday_od","period":"2023-11 weekday mean","coverage":"weekday OD station margins; coverage varies by station"},"geometry":{"type":"Point","coordinates":[126.931961,37.547472]}},{"type":"Feature","properties":{"station":"석남","station_en":"Seongnam","line":"수도권 7호선","lines":["수도권 7호선","수도권 인천 2호선"],"riders":20803,"boardings":10800,"alightings":10003,"kind":"metro","source":"seoul_weekday_od","period":"2023-11 weekday mean","coverage":"weekday OD station margins; coverage varies by station"},"geometry":{"type":"Point","coordinates":[126.675425,37.506785]}},{"type":"Feature","properties":{"station":"한강진","station_en":"Hangangjin","line":"수도권 6호선","lines":["수도권 6호선"],"riders":20882,"boardings":9687,"alightings":11195,"kind":"metro","source":"seoul_weekday_od","period":"2023-11 weekday mean","coverage":"weekday OD station margins; coverage varies by station"},"geometry":{"type":"Point","coordinates":[127.001751,37.539796]}},{"type":"Feature","properties":{"station":"주엽","station_en":"Juyeop","line":"수도권 3호선","lines":["수도권 3호선"],"riders":20914,"boardings":10360,"alightings":10555,"kind":"metro","source":"seoul_weekday_od","period":"2023-11 weekday mean","coverage":"weekday OD station margins; coverage varies by station"},"geometry":{"type":"Point","coordinates":[126.761238,37.670152]}},{"type":"Feature","properties":{"station":"계산","station_en":"Gyesan","line":"수도권 인천 1호선","lines":["수도권 인천 1호선"],"riders":21056,"boardings":10655,"alightings":10402,"kind":"metro","source":"seoul_weekday_od","period":"2023-11 weekday mean","coverage":"weekday OD station margins; coverage varies by station"},"geometry":{"type":"Point","coordinates":[126.727857,37.543336]}},{"type":"Feature","properties":{"station":"고려대","station_en":"Korea Univ.","line":"수도권 6호선","lines":["수도권 6호선"],"riders":21079,"boardings":10674,"alightings":10404,"kind":"metro","source":"seoul_weekday_od","period":"2023-11 weekday mean","coverage":"weekday OD station margins; coverage varies by station"},"geometry":{"type":"Point","coordinates":[127.036013,37.590378]}},{"type":"Feature","properties":{"station":"굴포천","station_en":"Gulpocheon","line":"수도권 7호선","lines":["수도권 7호선"],"riders":21156,"boardings":10319,"alightings":10837,"kind":"metro","source":"seoul_weekday_od","period":"2023-11 weekday mean","coverage":"weekday OD station margins; coverage varies by station"},"geometry":{"type":"Point","coordinates":[126.731337,37.507023]}},{"type":"Feature","properties":{"station":"샛강","station_en":"Saetgang","line":"수도권 9호선","lines":["수도권 9호선","수도권 신림선"],"riders":21206,"boardings":10347,"alightings":10859,"kind":"metro","source":"seoul_weekday_od","period":"2023-11 weekday mean","coverage":"weekday OD station margins; coverage varies by station"},"geometry":{"type":"Point","coordinates":[126.92885,37.517365]}},{"type":"Feature","properties":{"station":"방학","station_en":"Banghak","line":"수도권 1호선","lines":["수도권 1호선"],"riders":21226,"boardings":10707,"alightings":10519,"kind":"metro","source":"seoul_weekday_od","period":"2023-11 weekday mean","coverage":"weekday OD station margins; coverage varies by station"},"geometry":{"type":"Point","coordinates":[127.044303,37.66769]}},{"type":"Feature","properties":{"station":"돌곶이","station_en":"Dolgoji","line":"수도권 6호선","lines":["수도권 6호선"],"riders":21307,"boardings":11073,"alightings":10234,"kind":"metro","source":"seoul_weekday_od","period":"2023-11 weekday mean","coverage":"weekday OD station margins; coverage varies by station"},"geometry":{"type":"Point","coordinates":[127.056493,37.610566]}},{"type":"Feature","properties":{"station":"백석","station_en":"Baekseok","line":"수도권 3호선","lines":["수도권 3호선"],"riders":21314,"boardings":10597,"alightings":10717,"kind":"metro","source":"seoul_weekday_od","period":"2023-11 weekday mean","coverage":"weekday OD station margins; coverage varies by station"},"geometry":{"type":"Point","coordinates":[126.788038,37.643036]}},{"type":"Feature","properties":{"station":"테크노파크","station_en":"Technopark","line":"수도권 인천 1호선","lines":["수도권 인천 1호선"],"riders":21391,"boardings":10686,"alightings":10706,"kind":"metro","source":"seoul_weekday_od","period":"2023-11 weekday mean","coverage":"weekday OD station margins; coverage varies by station"},"geometry":{"type":"Point","coordinates":[126.656254,37.382302]}},{"type":"Feature","properties":{"station":"미남","station_en":"Minam","line":"부산 3호선","lines":["부산 3호선","부산 4호선"],"riders":21427,"boardings":11035,"alightings":10392,"kind":"metro","source":"busan_gates","period":"2026-07 Mon-Fri mean","coverage":"measured gates"},"geometry":{"type":"Point","coordinates":[129.068617,35.20631]}},{"type":"Feature","properties":{"station":"명학","station_en":"Myeonghak","line":"수도권 1호선","lines":["수도권 1호선"],"riders":21499,"boardings":10826,"alightings":10673,"kind":"metro","source":"seoul_weekday_od","period":"2023-11 weekday mean","coverage":"weekday OD station margins; coverage varies by station"},"geometry":{"type":"Point","coordinates":[126.935609,37.384394]}},{"type":"Feature","properties":{"station":"노포","station_en":"Nopo","line":"부산 1호선","lines":["부산 1호선"],"riders":21562,"boardings":11124,"alightings":10437,"kind":"metro","source":"busan_gates","period":"2026-07 Mon-Fri mean","coverage":"measured gates"},"geometry":{"type":"Point","coordinates":[129.094967,35.284687]}},{"type":"Feature","properties":{"station":"대연","station_en":"Daeyeon","line":"부산 2호선","lines":["부산 2호선"],"riders":21712,"boardings":10911,"alightings":10801,"kind":"metro","source":"busan_gates","period":"2026-07 Mon-Fri mean","coverage":"measured gates"},"geometry":{"type":"Point","coordinates":[129.092161,35.135153]}},{"type":"Feature","properties":{"station":"간석오거리","station_en":"Ganseogogeori","line":"수도권 인천 1호선","lines":["수도권 인천 1호선"],"riders":21774,"boardings":11292,"alightings":10482,"kind":"metro","source":"seoul_weekday_od","period":"2023-11 weekday mean","coverage":"weekday OD station margins; coverage varies by station"},"geometry":{"type":"Point","coordinates":[126.707949,37.467155]}},{"type":"Feature","properties":{"station":"오산","station_en":"Osan","line":"수도권 1호선","lines":["수도권 1호선"],"riders":21819,"boardings":10788,"alightings":11031,"kind":"metro","source":"seoul_weekday_od","period":"2023-11 weekday mean","coverage":"weekday OD station margins; coverage varies by station"},"geometry":{"type":"Point","coordinates":[127.066752,37.145558]}},{"type":"Feature","properties":{"station":"증산","station_en":"Jeungsan","line":"수도권 6호선","lines":["수도권 6호선"],"riders":21852,"boardings":10866,"alightings":10986,"kind":"metro","source":"seoul_weekday_od","period":"2023-11 weekday mean","coverage":"weekday OD station margins; coverage varies by station"},"geometry":{"type":"Point","coordinates":[126.909912,37.584144]}},{"type":"Feature","properties":{"station":"먹골","station_en":"Meokgol","line":"수도권 7호선","lines":["수도권 7호선"],"riders":21852,"boardings":10954,"alightings":10898,"kind":"metro","source":"seoul_weekday_od","period":"2023-11 weekday mean","coverage":"weekday OD station margins; coverage varies by station"},"geometry":{"type":"Point","coordinates":[127.077652,37.611442]}},{"type":"Feature","properties":{"station":"한대앞","station_en":"Hanyang University at Ansan","line":"수도권 4호선","lines":["수도권 4호선","수도권 수인분당선"],"riders":22172,"boardings":11027,"alightings":11145,"kind":"metro","source":"seoul_weekday_od","period":"2023-11 weekday mean","coverage":"weekday OD station margins; coverage varies by station"},"geometry":{"type":"Point","coordinates":[126.853614,37.309735]}},{"type":"Feature","properties":{"station":"벡스코","station_en":"Busan Museum of Art","line":"부산 2호선","lines":["부산 2호선"],"riders":22253,"boardings":11583,"alightings":10670,"kind":"metro","source":"busan_gates","period":"2026-07 Mon-Fri mean","coverage":"measured gates"},"geometry":{"type":"Point","coordinates":[129.138933,35.168844]}},{"type":"Feature","properties":{"station":"정왕","station_en":"Jeongwang","line":"수도권 4호선","lines":["수도권 4호선","수도권 수인분당선"],"riders":22339,"boardings":11026,"alightings":11313,"kind":"metro","source":"seoul_weekday_od","period":"2023-11 weekday mean","coverage":"weekday OD station margins; coverage varies by station"},"geometry":{"type":"Point","coordinates":[126.742954,37.35181]}},{"type":"Feature","properties":{"station":"장전","station_en":"Jangjeon","line":"부산 1호선","lines":["부산 1호선"],"riders":22353,"boardings":11092,"alightings":11261,"kind":"metro","source":"busan_gates","period":"2026-07 Mon-Fri mean","coverage":"measured gates"},"geometry":{"type":"Point","coordinates":[129.088111,35.238091]}},{"type":"Feature","properties":{"station":"대흥","station_en":"Daeheung","line":"수도권 6호선","lines":["수도권 6호선"],"riders":22368,"boardings":10949,"alightings":11419,"kind":"metro","source":"seoul_weekday_od","period":"2023-11 weekday mean","coverage":"weekday OD station margins; coverage varies by station"},"geometry":{"type":"Point","coordinates":[126.942345,37.547699]}},{"type":"Feature","properties":{"station":"외대앞","station_en":"Hankuk Univ. of Foreign Studies","line":"수도권 1호선","lines":["수도권 1호선"],"riders":22392,"boardings":11240,"alightings":11152,"kind":"metro","source":"seoul_weekday_od","period":"2023-11 weekday mean","coverage":"weekday OD station margins; coverage varies by station"},"geometry":{"type":"Point","coordinates":[127.063743,37.596306]}},{"type":"Feature","properties":{"station":"춘의","station_en":"Chunui","line":"수도권 7호선","lines":["수도권 7호선"],"riders":22483,"boardings":11309,"alightings":11174,"kind":"metro","source":"seoul_weekday_od","period":"2023-11 weekday mean","coverage":"weekday OD station margins; coverage varies by station"},"geometry":{"type":"Point","coordinates":[126.787201,37.503731]}},{"type":"Feature","properties":{"station":"오금","station_en":"Ogeum","line":"수도권 3호선","lines":["수도권 3호선","수도권 5호선"],"riders":22493,"boardings":11605,"alightings":10888,"kind":"metro","source":"seoul_weekday_od","period":"2023-11 weekday mean","coverage":"weekday OD station margins; coverage varies by station"},"geometry":{"type":"Point","coordinates":[127.128152,37.501981]}},{"type":"Feature","properties":{"station":"거여","station_en":"Geoyeo","line":"수도권 5호선","lines":["수도권 5호선"],"riders":22515,"boardings":11355,"alightings":11160,"kind":"metro","source":"seoul_weekday_od","period":"2023-11 weekday mean","coverage":"weekday OD station margins; coverage varies by station"},"geometry":{"type":"Point","coordinates":[127.143771,37.493345]}},{"type":"Feature","properties":{"station":"상수","station_en":"Sangsu","line":"수도권 6호선","lines":["수도권 6호선"],"riders":22575,"boardings":10609,"alightings":11966,"kind":"metro","source":"seoul_weekday_od","period":"2023-11 weekday mean","coverage":"weekday OD station margins; coverage varies by station"},"geometry":{"type":"Point","coordinates":[126.922892,37.547758]}},{"type":"Feature","properties":{"station":"흑석","station_en":"Heukseok","line":"수도권 9호선","lines":["수도권 9호선"],"riders":22633,"boardings":11183,"alightings":11450,"kind":"metro","source":"seoul_weekday_od","period":"2023-11 weekday mean","coverage":"weekday OD station margins; coverage varies by station"},"geometry":{"type":"Point","coordinates":[126.963949,37.508382]}},{"type":"Feature","properties":{"station":"양천향교","station_en":"Yangcheon Hyanggyo","line":"수도권 9호선","lines":["수도권 9호선"],"riders":22712,"boardings":11237,"alightings":11475,"kind":"metro","source":"seoul_weekday_od","period":"2023-11 weekday mean","coverage":"weekday OD station margins; coverage varies by station"},"geometry":{"type":"Point","coordinates":[126.841296,37.568452]}},{"type":"Feature","properties":{"station":"명륜","station_en":"Myeongnyun","line":"부산 1호선","lines":["부산 1호선"],"riders":22806,"boardings":11160,"alightings":11646,"kind":"metro","source":"busan_gates","period":"2026-07 Mon-Fri mean","coverage":"measured gates"},"geometry":{"type":"Point","coordinates":[129.079659,35.212551]}},{"type":"Feature","properties":{"station":"중앙","station_en":"Jungang","line":"부산 1호선","lines":["부산 1호선"],"riders":22809,"boardings":11319,"alightings":11490,"kind":"metro","source":"busan_gates","period":"2026-07 Mon-Fri mean","coverage":"measured gates"},"geometry":{"type":"Point","coordinates":[129.036371,35.103837]}},{"type":"Feature","properties":{"station":"신정네거리","station_en":"Sinjeongnegeori","line":"수도권 2호선","lines":["수도권 2호선"],"riders":22832,"boardings":11173,"alightings":11659,"kind":"metro","source":"seoul_weekday_od","period":"2023-11 weekday mean","coverage":"weekday OD station margins; coverage varies by station"},"geometry":{"type":"Point","coordinates":[126.853046,37.519983]}},{"type":"Feature","properties":{"station":"상인","station_en":"Sangin","line":"대구 1호선","lines":["대구 1호선"],"riders":22890,"boardings":11715,"alightings":11175,"kind":"metro","source":"daegu_gates","period":"2026-06 Mon-Fri mean","coverage":"measured gates"},"geometry":{"type":"Point","coordinates":[128.537559,35.818858]}},{"type":"Feature","properties":{"station":"전포","station_en":"Jeonpo","line":"부산 2호선","lines":["부산 2호선"],"riders":22936,"boardings":10497,"alightings":12438,"kind":"metro","source":"busan_gates","period":"2026-07 Mon-Fri mean","coverage":"measured gates"},"geometry":{"type":"Point","coordinates":[129.065374,35.153102]}},{"type":"Feature","properties":{"station":"남영","station_en":"Namyeong","line":"수도권 1호선","lines":["수도권 1호선"],"riders":22962,"boardings":11123,"alightings":11840,"kind":"metro","source":"seoul_weekday_od","period":"2023-11 weekday mean","coverage":"weekday OD station margins; coverage varies by station"},"geometry":{"type":"Point","coordinates":[126.971321,37.540538]}},{"type":"Feature","properties":{"station":"대청","station_en":"Daecheong","line":"수도권 3호선","lines":["수도권 3호선"],"riders":22990,"boardings":11868,"alightings":11121,"kind":"metro","source":"seoul_weekday_od","period":"2023-11 weekday mean","coverage":"weekday OD station margins; coverage varies by station"},"geometry":{"type":"Point","coordinates":[127.079551,37.493628]}},{"type":"Feature","properties":{"station":"이태원","station_en":"Itaewon","line":"수도권 6호선","lines":["수도권 6호선"],"riders":23003,"boardings":11263,"alightings":11740,"kind":"metro","source":"seoul_weekday_od","period":"2023-11 weekday mean","coverage":"weekday OD station margins; coverage varies by station"},"geometry":{"type":"Point","coordinates":[126.994371,37.534503]}},{"type":"Feature","properties":{"station":"화명","station_en":"Hwamyeong","line":"부산 2호선","lines":["부산 2호선"],"riders":23023,"boardings":11262,"alightings":11762,"kind":"metro","source":"busan_gates","period":"2026-07 Mon-Fri mean","coverage":"measured gates"},"geometry":{"type":"Point","coordinates":[129.013918,35.236278]}},{"type":"Feature","properties":{"station":"보라매","station_en":"Boramae","line":"수도권 7호선","lines":["수도권 7호선","수도권 신림선"],"riders":23032,"boardings":11551,"alightings":11482,"kind":"metro","source":"seoul_weekday_od","period":"2023-11 weekday mean","coverage":"weekday OD station margins; coverage varies by station"},"geometry":{"type":"Point","coordinates":[126.920425,37.500105]}},{"type":"Feature","properties":{"station":"고덕","station_en":"Godeok","line":"수도권 5호선","lines":["수도권 5호선"],"riders":23053,"boardings":11621,"alightings":11432,"kind":"metro","source":"seoul_weekday_od","period":"2023-11 weekday mean","coverage":"weekday OD station margins; coverage varies by station"},"geometry":{"type":"Point","coordinates":[127.156383,37.555341]}},{"type":"Feature","properties":{"station":"중화","station_en":"Junghwa","line":"수도권 7호선","lines":["수도권 7호선"],"riders":23100,"boardings":11597,"alightings":11503,"kind":"metro","source":"seoul_weekday_od","period":"2023-11 weekday mean","coverage":"weekday OD station margins; coverage varies by station"},"geometry":{"type":"Point","coordinates":[127.079517,37.601627]}},{"type":"Feature","properties":{"station":"아현","station_en":"Ahyeon","line":"수도권 2호선","lines":["수도권 2호선"],"riders":23115,"boardings":11930,"alightings":11185,"kind":"metro","source":"seoul_weekday_od","period":"2023-11 weekday mean","coverage":"weekday OD station margins; coverage varies by station"},"geometry":{"type":"Point","coordinates":[126.956121,37.557431]}},{"type":"Feature","properties":{"station":"검암","station_en":"Geomam","line":"수도권 공항철도","lines":["수도권 공항철도","수도권 인천 2호선"],"riders":23197,"boardings":11805,"alightings":11392,"kind":"metro","source":"seoul_weekday_od","period":"2023-11 weekday mean","coverage":"weekday OD station margins; coverage varies by station"},"geometry":{"type":"Point","coordinates":[126.674642,37.568964]}},{"type":"Feature","properties":{"station":"대전","station_en":"Daejeon","line":"대전 1호선","lines":["대전 1호선"],"riders":23215,"boardings":11690,"alightings":11525,"kind":"metro","source":"daejeon_gates","period":"2026-07 Mon-Fri mean","coverage":"measured gates"},"geometry":{"type":"Point","coordinates":[127.433118,36.331583]}},{"type":"Feature","properties":{"station":"오리","station_en":"Ori","line":"수도권 수인분당선","lines":["수도권 수인분당선"],"riders":23243,"boardings":12611,"alightings":10632,"kind":"metro","source":"seoul_weekday_od","period":"2023-11 weekday mean","coverage":"weekday OD station margins; coverage varies by station"},"geometry":{"type":"Point","coordinates":[127.10891,37.33994]}},{"type":"Feature","properties":{"station":"중곡","station_en":"Junggok","line":"수도권 7호선","lines":["수도권 7호선"],"riders":23271,"boardings":12000,"alightings":11271,"kind":"metro","source":"seoul_weekday_od","period":"2023-11 weekday mean","coverage":"weekday OD station margins; coverage varies by station"},"geometry":{"type":"Point","coordinates":[127.084515,37.566305]}},{"type":"Feature","properties":{"station":"예술회관","station_en":"Arts Center","line":"수도권 인천 1호선","lines":["수도권 인천 1호선"],"riders":23395,"boardings":11420,"alightings":11976,"kind":"metro","source":"seoul_weekday_od","period":"2023-11 weekday mean","coverage":"weekday OD station margins; coverage varies by station"},"geometry":{"type":"Point","coordinates":[126.700976,37.449506]}},{"type":"Feature","properties":{"station":"제물포","station_en":"Jemulpo","line":"수도권 1호선","lines":["수도권 1호선"],"riders":23429,"boardings":11923,"alightings":11506,"kind":"metro","source":"seoul_weekday_od","period":"2023-11 weekday mean","coverage":"weekday OD station margins; coverage varies by station"},"geometry":{"type":"Point","coordinates":[126.656985,37.466815]}},{"type":"Feature","properties":{"station":"신풍","station_en":"Sinpung","line":"수도권 7호선","lines":["수도권 7호선"],"riders":23508,"boardings":12098,"alightings":11410,"kind":"metro","source":"seoul_weekday_od","period":"2023-11 weekday mean","coverage":"weekday OD station margins; coverage varies by station"},"geometry":{"type":"Point","coordinates":[126.908875,37.500167]}},{"type":"Feature","properties":{"station":"원당","station_en":"Wondang","line":"수도권 3호선","lines":["수도권 3호선"],"riders":23561,"boardings":12088,"alightings":11474,"kind":"metro","source":"seoul_weekday_od","period":"2023-11 weekday mean","coverage":"weekday OD station margins; coverage varies by station"},"geometry":{"type":"Point","coordinates":[126.842898,37.65305]}},{"type":"Feature","properties":{"station":"기흥","station_en":"Giheung","line":"수도권 수인분당선","lines":["수도권 수인분당선"],"riders":23610,"boardings":12182,"alightings":11428,"kind":"metro","source":"seoul_weekday_od","period":"2023-11 weekday mean","coverage":"weekday OD station margins; coverage varies by station"},"geometry":{"type":"Point","coordinates":[127.116013,37.275513]}},{"type":"Feature","properties":{"station":"안산","station_en":"Ansan","line":"수도권 4호선","lines":["수도권 4호선","수도권 수인분당선"],"riders":23675,"boardings":12347,"alightings":11328,"kind":"metro","source":"seoul_weekday_od","period":"2023-11 weekday mean","coverage":"weekday OD station margins; coverage varies by station"},"geometry":{"type":"Point","coordinates":[126.788797,37.327047]}},{"type":"Feature","properties":{"station":"일산","station_en":"Ilsan","line":"수도권 경의중앙선","lines":["수도권 경의중앙선","수도권 서해선"],"riders":23682,"boardings":11925,"alightings":11758,"kind":"metro","source":"seoul_weekday_od","period":"2023-11 weekday mean","coverage":"weekday OD station margins; coverage varies by station"},"geometry":{"type":"Point","coordinates":[126.769498,37.682219]}},{"type":"Feature","properties":{"station":"영등포시장","station_en":"Yeongdeungpo Market","line":"수도권 5호선","lines":["수도권 5호선"],"riders":23801,"boardings":11713,"alightings":12088,"kind":"metro","source":"seoul_weekday_od","period":"2023-11 weekday mean","coverage":"weekday OD station margins; coverage varies by station"},"geometry":{"type":"Point","coordinates":[126.905141,37.522693]}},{"type":"Feature","properties":{"station":"강동구청","station_en":"Gangdong-gu Office","line":"수도권 8호선","lines":["수도권 8호선"],"riders":23894,"boardings":11728,"alightings":12165,"kind":"metro","source":"seoul_weekday_od","period":"2023-11 weekday mean","coverage":"weekday OD station margins; coverage varies by station"},"geometry":{"type":"Point","coordinates":[127.120623,37.530694]}},{"type":"Feature","properties":{"station":"도농","station_en":"Donong","line":"수도권 경의중앙선","lines":["수도권 경의중앙선"],"riders":23977,"boardings":12505,"alightings":11472,"kind":"metro","source":"seoul_weekday_od","period":"2023-11 weekday mean","coverage":"weekday OD station margins; coverage varies by station"},"geometry":{"type":"Point","coordinates":[127.161187,37.608783]}},{"type":"Feature","properties":{"station":"가정","station_en":"Gajeong","line":"수도권 인천 2호선","lines":["수도권 인천 2호선"],"riders":24066,"boardings":12256,"alightings":11810,"kind":"metro","source":"seoul_weekday_od","period":"2023-11 weekday mean","coverage":"weekday OD station margins; coverage varies by station"},"geometry":{"type":"Point","coordinates":[126.675321,37.524719]}},{"type":"Feature","properties":{"station":"오류동","station_en":"Oryu-dong","line":"수도권 1호선","lines":["수도권 1호선"],"riders":24076,"boardings":12399,"alightings":11677,"kind":"metro","source":"seoul_weekday_od","period":"2023-11 weekday mean","coverage":"weekday OD station margins; coverage varies by station"},"geometry":{"type":"Point","coordinates":[126.844537,37.494347]}},{"type":"Feature","properties":{"station":"효창공원앞","station_en":"Hyochang Park","line":"수도권 6호선","lines":["수도권 6호선","수도권 경의중앙선"],"riders":24290,"boardings":12258,"alightings":12032,"kind":"metro","source":"seoul_weekday_od","period":"2023-11 weekday mean","coverage":"weekday OD station margins; coverage varies by station"},"geometry":{"type":"Point","coordinates":[126.961332,37.539341]}},{"type":"Feature","properties":{"station":"인천공항1터미널","station_en":"Incheon Int'l Airport Terminal 1","line":"수도권 공항철도","lines":["수도권 공항철도"],"riders":24294,"boardings":12580,"alightings":11714,"kind":"metro","source":"seoul_weekday_od","period":"2023-11 weekday mean","coverage":"weekday OD station margins; coverage varies by station"},"geometry":{"type":"Point","coordinates":[126.452781,37.447159]}},{"type":"Feature","properties":{"station":"원흥","station_en":"Wonheung","line":"수도권 3호선","lines":["수도권 3호선"],"riders":24549,"boardings":12602,"alightings":11947,"kind":"metro","source":"seoul_weekday_od","period":"2023-11 weekday mean","coverage":"weekday OD station margins; coverage varies by station"},"geometry":{"type":"Point","coordinates":[126.873668,37.650512]}},{"type":"Feature","properties":{"station":"광교중앙","station_en":"Gwanggyo Jungang","line":"수도권 신분당선","lines":["수도권 신분당선"],"riders":24576,"boardings":12348,"alightings":12227,"kind":"metro","source":"seoul_weekday_od","period":"2023-11 weekday mean","coverage":"weekday OD station margins; coverage varies by station"},"geometry":{"type":"Point","coordinates":[127.051519,37.288562]}},{"type":"Feature","properties":{"station":"남성","station_en":"Namseong","line":"수도권 7호선","lines":["수도권 7호선"],"riders":24621,"boardings":12648,"alightings":11973,"kind":"metro","source":"seoul_weekday_od","period":"2023-11 weekday mean","coverage":"weekday OD station margins; coverage varies by station"},"geometry":{"type":"Point","coordinates":[126.971894,37.484355]}},{"type":"Feature","properties":{"station":"올림픽공원","station_en":"Olympic Park","line":"수도권 5호선","lines":["수도권 5호선","수도권 9호선"],"riders":24656,"boardings":12526,"alightings":12130,"kind":"metro","source":"seoul_weekday_od","period":"2023-11 weekday mean","coverage":"weekday OD station margins; coverage varies by station"},"geometry":{"type":"Point","coordinates":[127.13093,37.516148]}},{"type":"Feature","properties":{"station":"금천구청","station_en":"Geumcheon-gu Office","line":"수도권 1호선","lines":["수도권 1호선"],"riders":24855,"boardings":12395,"alightings":12460,"kind":"metro","source":"seoul_weekday_od","period":"2023-11 weekday mean","coverage":"weekday OD station margins; coverage varies by station"},"geometry":{"type":"Point","coordinates":[126.8939,37.455813]}},{"type":"Feature","properties":{"station":"범내골","station_en":"Beomnaegol","line":"부산 1호선","lines":["부산 1호선"],"riders":25045,"boardings":12518,"alightings":12527,"kind":"metro","source":"busan_gates","period":"2026-07 Mon-Fri mean","coverage":"measured gates"},"geometry":{"type":"Point","coordinates":[129.059261,35.1474]}},{"type":"Feature","properties":{"station":"일원","station_en":"Ilwon","line":"수도권 3호선","lines":["수도권 3호선"],"riders":25263,"boardings":12830,"alightings":12433,"kind":"metro","source":"seoul_weekday_od","period":"2023-11 weekday mean","coverage":"weekday OD station margins; coverage varies by station"},"geometry":{"type":"Point","coordinates":[127.084377,37.483692]}},{"type":"Feature","properties":{"station":"천왕","station_en":"Cheonwang","line":"수도권 7호선","lines":["수도권 7호선"],"riders":25486,"boardings":13031,"alightings":12455,"kind":"metro","source":"seoul_weekday_od","period":"2023-11 weekday mean","coverage":"weekday OD station margins; coverage varies by station"},"geometry":{"type":"Point","coordinates":[126.838922,37.486367]}},{"type":"Feature","properties":{"station":"중앙보훈병원","station_en":"VHS Medical Center","line":"수도권 9호선","lines":["수도권 9호선"],"riders":25671,"boardings":13655,"alightings":12016,"kind":"metro","source":"seoul_weekday_od","period":"2023-11 weekday mean","coverage":"weekday OD station margins; coverage varies by station"},"geometry":{"type":"Point","coordinates":[127.148258,37.52828]}},{"type":"Feature","properties":{"station":"인천터미널","station_en":"Incheon Bus Terminal","line":"수도권 인천 1호선","lines":["수도권 인천 1호선"],"riders":25714,"boardings":12584,"alightings":13131,"kind":"metro","source":"seoul_weekday_od","period":"2023-11 weekday mean","coverage":"weekday OD station margins; coverage varies by station"},"geometry":{"type":"Point","coordinates":[126.699716,37.441946]}},{"type":"Feature","properties":{"station":"등촌","station_en":"Deungchon","line":"수도권 9호선","lines":["수도권 9호선"],"riders":25727,"boardings":13116,"alightings":12611,"kind":"metro","source":"seoul_weekday_od","period":"2023-11 weekday mean","coverage":"weekday OD station margins; coverage varies by station"},"geometry":{"type":"Point","coordinates":[126.864574,37.551152]}},{"type":"Feature","properties":{"station":"화랑대","station_en":"Hwarangdae","line":"수도권 6호선","lines":["수도권 6호선"],"riders":25772,"boardings":14576,"alightings":11196,"kind":"metro","source":"seoul_weekday_od","period":"2023-11 weekday mean","coverage":"weekday OD station margins; coverage varies by station"},"geometry":{"type":"Point","coordinates":[127.083712,37.619784]}},{"type":"Feature","properties":{"station":"광안","station_en":"Gwangan","line":"부산 2호선","lines":["부산 2호선"],"riders":25772,"boardings":12408,"alightings":13364,"kind":"metro","source":"busan_gates","period":"2026-07 Mon-Fri mean","coverage":"measured gates"},"geometry":{"type":"Point","coordinates":[129.113168,35.157916]}},{"type":"Feature","properties":{"station":"대화","station_en":"Daehwa","line":"수도권 3호선","lines":["수도권 3호선"],"riders":25847,"boardings":14636,"alightings":11211,"kind":"metro","source":"seoul_weekday_od","period":"2023-11 weekday mean","coverage":"weekday OD station margins; coverage varies by station"},"geometry":{"type":"Point","coordinates":[126.747463,37.676175]}},{"type":"Feature","properties":{"station":"정부과천청사","station_en":"Government Complex Gwacheon","line":"수도권 4호선","lines":["수도권 4호선"],"riders":25852,"boardings":12618,"alightings":13234,"kind":"metro","source":"seoul_weekday_od","period":"2023-11 weekday mean","coverage":"weekday OD station margins; coverage varies by station"},"geometry":{"type":"Point","coordinates":[126.98975,37.426471]}},{"type":"Feature","properties":{"station":"대치","station_en":"Daechi","line":"수도권 3호선","lines":["수도권 3호선"],"riders":25927,"boardings":12891,"alightings":13036,"kind":"metro","source":"seoul_weekday_od","period":"2023-11 weekday mean","coverage":"weekday OD station margins; coverage varies by station"},"geometry":{"type":"Point","coordinates":[127.063193,37.494474]}},{"type":"Feature","properties":{"station":"언주","station_en":"Eonju","line":"수도권 9호선","lines":["수도권 9호선"],"riders":25970,"boardings":12891,"alightings":13079,"kind":"metro","source":"seoul_weekday_od","period":"2023-11 weekday mean","coverage":"weekday OD station margins; coverage varies by station"},"geometry":{"type":"Point","coordinates":[127.033875,37.507321]}},{"type":"Feature","properties":{"station":"이촌","station_en":"Ichon","line":"수도권 4호선","lines":["수도권 4호선","수도권 경의중앙선"],"riders":26067,"boardings":13051,"alightings":13016,"kind":"metro","source":"seoul_weekday_od","period":"2023-11 weekday mean","coverage":"weekday OD station margins; coverage varies by station"},"geometry":{"type":"Point","coordinates":[126.973368,37.522712]}},{"type":"Feature","properties":{"station":"부평시장","station_en":"Bupyeong Market","line":"수도권 인천 1호선","lines":["수도권 인천 1호선"],"riders":26303,"boardings":13127,"alightings":13176,"kind":"metro","source":"seoul_weekday_od","period":"2023-11 weekday mean","coverage":"weekday OD station margins; coverage varies by station"},"geometry":{"type":"Point","coordinates":[126.722289,37.498368]}},{"type":"Feature","properties":{"station":"단대오거리","station_en":"Dandaeogeori","line":"수도권 8호선","lines":["수도권 8호선"],"riders":26320,"boardings":13381,"alightings":12938,"kind":"metro","source":"seoul_weekday_od","period":"2023-11 weekday mean","coverage":"weekday OD station margins; coverage varies by station"},"geometry":{"type":"Point","coordinates":[127.156778,37.445085]}},{"type":"Feature","properties":{"station":"동대입구","station_en":"Dongguk Univ.","line":"수도권 3호선","lines":["수도권 3호선"],"riders":26377,"boardings":12326,"alightings":14052,"kind":"metro","source":"seoul_weekday_od","period":"2023-11 weekday mean","coverage":"weekday OD station margins; coverage varies by station"},"geometry":{"type":"Point","coordinates":[127.005727,37.559061]}},{"type":"Feature","properties":{"station":"수락산","station_en":"Suraksan","line":"수도권 7호선","lines":["수도권 7호선"],"riders":26558,"boardings":13325,"alightings":13233,"kind":"metro","source":"seoul_weekday_od","period":"2023-11 weekday mean","coverage":"weekday OD station margins; coverage varies by station"},"geometry":{"type":"Point","coordinates":[127.055343,37.677804]}},{"type":"Feature","properties":{"station":"공릉","station_en":"Gongneung","line":"수도권 7호선","lines":["수도권 7호선"],"riders":26877,"boardings":13511,"alightings":13366,"kind":"metro","source":"seoul_weekday_od","period":"2023-11 weekday mean","coverage":"weekday OD station margins; coverage varies by station"},"geometry":{"type":"Point","coordinates":[127.073044,37.625636]}},{"type":"Feature","properties":{"station":"중앙로","station_en":"Jungangno","line":"대구 1호선","lines":["대구 1호선"],"riders":26974,"boardings":13000,"alightings":13974,"kind":"metro","source":"daegu_gates","period":"2026-06 Mon-Fri mean","coverage":"measured gates"},"geometry":{"type":"Point","coordinates":[128.593888,35.870873]}},{"type":"Feature","properties":{"station":"마곡","station_en":"Magok","line":"수도권 5호선","lines":["수도권 5호선"],"riders":26978,"boardings":13444,"alightings":13534,"kind":"metro","source":"seoul_weekday_od","period":"2023-11 weekday mean","coverage":"weekday OD station margins; coverage varies by station"},"geometry":{"type":"Point","coordinates":[126.824746,37.560249]}},{"type":"Feature","properties":{"station":"평택","station_en":"Pyeongtaek","line":"수도권 1호선","lines":["수도권 1호선"],"riders":27238,"boardings":13613,"alightings":13625,"kind":"metro","source":"seoul_weekday_od","period":"2023-11 weekday mean","coverage":"weekday OD station margins; coverage varies by station"},"geometry":{"type":"Point","coordinates":[127.085318,36.990823]}},{"type":"Feature","properties":{"station":"여의나루","station_en":"Yeouinaru","line":"수도권 5호선","lines":["수도권 5호선"],"riders":27265,"boardings":12635,"alightings":14630,"kind":"metro","source":"seoul_weekday_od","period":"2023-11 weekday mean","coverage":"weekday OD station margins; coverage varies by station"},"geometry":{"type":"Point","coordinates":[126.932529,37.526853]}},{"type":"Feature","properties":{"station":"신정","station_en":"Sinjeong","line":"수도권 5호선","lines":["수도권 5호선"],"riders":27408,"boardings":14956,"alightings":12452,"kind":"metro","source":"seoul_weekday_od","period":"2023-11 weekday mean","coverage":"weekday OD station margins; coverage varies by station"},"geometry":{"type":"Point","coordinates":[126.85597,37.525041]}},{"type":"Feature","properties":{"station":"서울숲","station_en":"Seoul-forest","line":"수도권 수인분당선","lines":["수도권 수인분당선"],"riders":27464,"boardings":13480,"alightings":13984,"kind":"metro","source":"seoul_weekday_od","period":"2023-11 weekday mean","coverage":"weekday OD station margins; coverage varies by station"},"geometry":{"type":"Point","coordinates":[127.04474,37.543592]}},{"type":"Feature","properties":{"station":"도곡","station_en":"Dogok","line":"수도권 3호선","lines":["수도권 3호선","수도권 수인분당선"],"riders":27575,"boardings":13860,"alightings":13715,"kind":"metro","source":"seoul_weekday_od","period":"2023-11 weekday mean","coverage":"weekday OD station margins; coverage varies by station"},"geometry":{"type":"Point","coordinates":[127.05547,37.49077]}},{"type":"Feature","properties":{"station":"상도","station_en":"Sangdo","line":"수도권 7호선","lines":["수도권 7호선"],"riders":27586,"boardings":13865,"alightings":13722,"kind":"metro","source":"seoul_weekday_od","period":"2023-11 weekday mean","coverage":"weekday OD station margins; coverage varies by station"},"geometry":{"type":"Point","coordinates":[126.947673,37.503216]}},{"type":"Feature","properties":{"station":"태평","station_en":"Taepyeong","line":"수도권 수인분당선","lines":["수도권 수인분당선"],"riders":27733,"boardings":14111,"alightings":13622,"kind":"metro","source":"seoul_weekday_od","period":"2023-11 weekday mean","coverage":"weekday OD station margins; coverage varies by station"},"geometry":{"type":"Point","coordinates":[127.127745,37.439709]}},{"type":"Feature","properties":{"station":"양재시민의숲","station_en":"Yangjae Citizen's Forest","line":"수도권 신분당선","lines":["수도권 신분당선"],"riders":27756,"boardings":13040,"alightings":14716,"kind":"metro","source":"seoul_weekday_od","period":"2023-11 weekday mean","coverage":"weekday OD station margins; coverage varies by station"},"geometry":{"type":"Point","coordinates":[127.038477,37.46971]}},{"type":"Feature","properties":{"station":"가천대","station_en":"Gachon Univ.","line":"수도권 수인분당선","lines":["수도권 수인분당선"],"riders":27772,"boardings":13639,"alightings":14133,"kind":"metro","source":"seoul_weekday_od","period":"2023-11 weekday mean","coverage":"weekday OD station margins; coverage varies by station"},"geometry":{"type":"Point","coordinates":[127.126725,37.448699]}},{"type":"Feature","properties":{"station":"작전","station_en":"Jakjeon","line":"수도권 인천 1호선","lines":["수도권 인천 1호선"],"riders":27788,"boardings":14051,"alightings":13737,"kind":"metro","source":"seoul_weekday_od","period":"2023-11 weekday mean","coverage":"weekday OD station margins; coverage varies by station"},"geometry":{"type":"Point","coordinates":[126.722531,37.530313]}},{"type":"Feature","properties":{"station":"새절","station_en":"Saejeol","line":"수도권 6호선","lines":["수도권 6호선"],"riders":27941,"boardings":14455,"alightings":13487,"kind":"metro","source":"seoul_weekday_od","period":"2023-11 weekday mean","coverage":"weekday OD station margins; coverage varies by station"},"geometry":{"type":"Point","coordinates":[126.913792,37.591649]}},{"type":"Feature","properties":{"station":"매봉","station_en":"Maebong","line":"수도권 3호선","lines":["수도권 3호선"],"riders":27967,"boardings":14235,"alightings":13732,"kind":"metro","source":"seoul_weekday_od","period":"2023-11 weekday mean","coverage":"weekday OD station margins; coverage varies by station"},"geometry":{"type":"Point","coordinates":[127.046978,37.487069]}},{"type":"Feature","properties":{"station":"마들","station_en":"Madeul","line":"수도권 7호선","lines":["수도권 7호선"],"riders":27982,"boardings":14424,"alightings":13558,"kind":"metro","source":"seoul_weekday_od","period":"2023-11 weekday mean","coverage":"weekday OD station margins; coverage varies by station"},"geometry":{"type":"Point","coordinates":[127.057721,37.665038]}},{"type":"Feature","properties":{"station":"월곡","station_en":"Wolgok","line":"수도권 6호선","lines":["수도권 6호선"],"riders":28116,"boardings":14282,"alightings":13834,"kind":"metro","source":"seoul_weekday_od","period":"2023-11 weekday mean","coverage":"weekday OD station margins; coverage varies by station"},"geometry":{"type":"Point","coordinates":[127.041455,37.60192]}},{"type":"Feature","properties":{"station":"양정","station_en":"Yangjeong","line":"부산 1호선","lines":["부산 1호선"],"riders":28313,"boardings":14108,"alightings":14205,"kind":"metro","source":"busan_gates","period":"2026-07 Mon-Fri mean","coverage":"measured gates"},"geometry":{"type":"Point","coordinates":[129.071366,35.173122]}},{"type":"Feature","properties":{"station":"신길","station_en":"Singil","line":"수도권 1호선","lines":["수도권 1호선","수도권 5호선"],"riders":28456,"boardings":14828,"alightings":13628,"kind":"metro","source":"seoul_weekday_od","period":"2023-11 weekday mean","coverage":"weekday OD station margins; coverage varies by station"},"geometry":{"type":"Point","coordinates":[126.917548,37.517078]}},{"type":"Feature","properties":{"station":"구리","station_en":"Guri","line":"수도권 경의중앙선","lines":["수도권 경의중앙선"],"riders":28608,"boardings":14155,"alightings":14453,"kind":"metro","source":"seoul_weekday_od","period":"2023-11 weekday mean","coverage":"weekday OD station margins; coverage varies by station"},"geometry":{"type":"Point","coordinates":[127.143375,37.603252]}},{"type":"Feature","properties":{"station":"부산대","station_en":"Pusan Nat''''''''l Univ.","line":"부산 1호선","lines":["부산 1호선"],"riders":28712,"boardings":14315,"alightings":14397,"kind":"metro","source":"busan_gates","period":"2026-07 Mon-Fri mean","coverage":"measured gates"},"geometry":{"type":"Point","coordinates":[129.089358,35.229609]}},{"type":"Feature","properties":{"station":"부평구청","station_en":"Bupyeong-gu Office","line":"수도권 7호선","lines":["수도권 7호선","수도권 인천 1호선"],"riders":28769,"boardings":14488,"alightings":14281,"kind":"metro","source":"seoul_weekday_od","period":"2023-11 weekday mean","coverage":"weekday OD station margins; coverage varies by station"},"geometry":{"type":"Point","coordinates":[126.720829,37.507847]}},{"type":"Feature","properties":{"station":"수지구청","station_en":"Suji-gu Office","line":"수도권 신분당선","lines":["수도권 신분당선"],"riders":28811,"boardings":14464,"alightings":14347,"kind":"metro","source":"seoul_weekday_od","period":"2023-11 weekday mean","coverage":"weekday OD station margins; coverage varies by station"},"geometry":{"type":"Point","coordinates":[127.094755,37.322537]}},{"type":"Feature","properties":{"station":"삼각지","station_en":"Samgakji","line":"수도권 4호선","lines":["수도권 4호선","수도권 6호선"],"riders":28843,"boardings":14453,"alightings":14390,"kind":"metro","source":"seoul_weekday_od","period":"2023-11 weekday mean","coverage":"weekday OD station margins; coverage varies by station"},"geometry":{"type":"Point","coordinates":[126.973889,37.535478]}},{"type":"Feature","properties":{"station":"교대","station_en":"Busan Nat''''''''l Univ. of Edu.","line":"부산 1호선","lines":["부산 1호선"],"riders":29071,"boardings":14694,"alightings":14377,"kind":"metro","source":"busan_gates","period":"2026-07 Mon-Fri mean","coverage":"measured gates"},"geometry":{"type":"Point","coordinates":[129.080035,35.19605]}},{"type":"Feature","properties":{"station":"동인천","station_en":"Dongincheon","line":"수도권 1호선","lines":["수도권 1호선"],"riders":29414,"boardings":15101,"alightings":14313,"kind":"metro","source":"seoul_weekday_od","period":"2023-11 weekday mean","coverage":"weekday OD station margins; coverage varies by station"},"geometry":{"type":"Point","coordinates":[126.633057,37.475129]}},{"type":"Feature","properties":{"station":"수원시청","station_en":"Suwon City Hall","line":"수도권 수인분당선","lines":["수도권 수인분당선"],"riders":29668,"boardings":14223,"alightings":15446,"kind":"metro","source":"seoul_weekday_od","period":"2023-11 weekday mean","coverage":"weekday OD station margins; coverage varies by station"},"geometry":{"type":"Point","coordinates":[127.031862,37.261647]}},{"type":"Feature","properties":{"station":"광나루","station_en":"Gwangnaru","line":"수도권 5호선","lines":["수도권 5호선"],"riders":29886,"boardings":15445,"alightings":14441,"kind":"metro","source":"seoul_weekday_od","period":"2023-11 weekday mean","coverage":"weekday OD station margins; coverage varies by station"},"geometry":{"type":"Point","coordinates":[127.103527,37.545301]}},{"type":"Feature","properties":{"station":"부천시청","station_en":"Bucheon City Hall","line":"수도권 7호선","lines":["수도권 7호선"],"riders":30150,"boardings":15033,"alightings":15117,"kind":"metro","source":"seoul_weekday_od","period":"2023-11 weekday mean","coverage":"weekday OD station margins; coverage varies by station"},"geometry":{"type":"Point","coordinates":[126.764717,37.50458]}},{"type":"Feature","properties":{"station":"대방","station_en":"Daebang","line":"수도권 1호선","lines":["수도권 1호선","수도권 신림선"],"riders":30240,"boardings":14813,"alightings":15427,"kind":"metro","source":"seoul_weekday_od","period":"2023-11 weekday mean","coverage":"weekday OD station margins; coverage varies by station"},"geometry":{"type":"Point","coordinates":[126.925826,37.512969]}},{"type":"Feature","properties":{"station":"마포구청","station_en":"Mapo-gu Office","line":"수도권 6호선","lines":["수도권 6호선"],"riders":30482,"boardings":16003,"alightings":14478,"kind":"metro","source":"seoul_weekday_od","period":"2023-11 weekday mean","coverage":"weekday OD station margins; coverage varies by station"},"geometry":{"type":"Point","coordinates":[126.903364,37.563559]}},{"type":"Feature","properties":{"station":"경성대.부경대","station_en":"Kyungsung Univ. Pukyong Nat''''''''l Univ.","line":"부산 2호선","lines":["부산 2호선"],"riders":30540,"boardings":15183,"alightings":15357,"kind":"metro","source":"busan_gates","period":"2026-07 Mon-Fri mean","coverage":"measured gates"},"geometry":{"type":"Point","coordinates":[129.100548,35.137585]}},{"type":"Feature","properties":{"station":"아차산","station_en":"Achasan","line":"수도권 5호선","lines":["수도권 5호선"],"riders":30892,"boardings":15629,"alightings":15263,"kind":"metro","source":"seoul_weekday_od","period":"2023-11 weekday mean","coverage":"weekday OD station margins; coverage varies by station"},"geometry":{"type":"Point","coordinates":[127.089795,37.551698]}},{"type":"Feature","properties":{"station":"남한산성입구","station_en":"Namhansanseong","line":"수도권 8호선","lines":["수도권 8호선"],"riders":30994,"boardings":16094,"alightings":14900,"kind":"metro","source":"seoul_weekday_od","period":"2023-11 weekday mean","coverage":"weekday OD station margins; coverage varies by station"},"geometry":{"type":"Point","coordinates":[127.159813,37.451553]}},{"type":"Feature","properties":{"station":"수내","station_en":"Sunae","line":"수도권 수인분당선","lines":["수도권 수인분당선"],"riders":31081,"boardings":15409,"alightings":15672,"kind":"metro","source":"seoul_weekday_od","period":"2023-11 weekday mean","coverage":"weekday OD station margins; coverage varies by station"},"geometry":{"type":"Point","coordinates":[127.114245,37.378406]}},{"type":"Feature","properties":{"station":"상왕십리","station_en":"Sangwangsimni","line":"수도권 2호선","lines":["수도권 2호선"],"riders":31162,"boardings":15699,"alightings":15463,"kind":"metro","source":"seoul_weekday_od","period":"2023-11 weekday mean","coverage":"weekday OD station margins; coverage varies by station"},"geometry":{"type":"Point","coordinates":[127.029251,37.564391]}},{"type":"Feature","properties":{"station":"망원","station_en":"Mangwon","line":"수도권 6호선","lines":["수도권 6호선"],"riders":31322,"boardings":15165,"alightings":16158,"kind":"metro","source":"seoul_weekday_od","period":"2023-11 weekday mean","coverage":"weekday OD station margins; coverage varies by station"},"geometry":{"type":"Point","coordinates":[126.910128,37.556025]}},{"type":"Feature","properties":{"station":"상일동","station_en":"Sangil-dong","line":"수도권 5호선","lines":["수도권 5호선"],"riders":31434,"boardings":16127,"alightings":15306,"kind":"metro","source":"seoul_weekday_od","period":"2023-11 weekday mean","coverage":"weekday OD station margins; coverage varies by station"},"geometry":{"type":"Point","coordinates":[127.166779,37.556776]}},{"type":"Feature","properties":{"station":"한성대입구","station_en":"Hansung University","line":"수도권 4호선","lines":["수도권 4호선"],"riders":31559,"boardings":16067,"alightings":15492,"kind":"metro","source":"seoul_weekday_od","period":"2023-11 weekday mean","coverage":"weekday OD station margins; coverage varies by station"},"geometry":{"type":"Point","coordinates":[127.005962,37.588514]}},{"type":"Feature","properties":{"station":"상동","station_en":"Sang-dong","line":"수도권 7호선","lines":["수도권 7호선"],"riders":31757,"boardings":15507,"alightings":16250,"kind":"metro","source":"seoul_weekday_od","period":"2023-11 weekday mean","coverage":"weekday OD station margins; coverage varies by station"},"geometry":{"type":"Point","coordinates":[126.753174,37.505836]}},{"type":"Feature","properties":{"station":"신대방삼거리","station_en":"Sindaebangsamgeori","line":"수도권 7호선","lines":["수도권 7호선"],"riders":31983,"boardings":16328,"alightings":15656,"kind":"metro","source":"seoul_weekday_od","period":"2023-11 weekday mean","coverage":"weekday OD station margins; coverage varies by station"},"geometry":{"type":"Point","coordinates":[126.928225,37.499706]}},{"type":"Feature","properties":{"station":"한양대","station_en":"Hanyang Univ.","line":"수도권 2호선","lines":["수도권 2호선"],"riders":32269,"boardings":15236,"alightings":17033,"kind":"metro","source":"seoul_weekday_od","period":"2023-11 weekday mean","coverage":"weekday OD station margins; coverage varies by station"},"geometry":{"type":"Point","coordinates":[127.043664,37.555727]}},{"type":"Feature","properties":{"station":"중계","station_en":"Junggye","line":"수도권 7호선","lines":["수도권 7호선"],"riders":32283,"boardings":16710,"alightings":15573,"kind":"metro","source":"seoul_weekday_od","period":"2023-11 weekday mean","coverage":"weekday OD station margins; coverage varies by station"},"geometry":{"type":"Point","coordinates":[127.063873,37.645537]}},{"type":"Feature","properties":{"station":"범일","station_en":"Beomil","line":"부산 1호선","lines":["부산 1호선"],"riders":32506,"boardings":16032,"alightings":16474,"kind":"metro","source":"busan_gates","period":"2026-07 Mon-Fri mean","coverage":"measured gates"},"geometry":{"type":"Point","coordinates":[129.059352,35.140952]}},{"type":"Feature","properties":{"station":"장산","station_en":"Jangsan","line":"부산 2호선","lines":["부산 2호선"],"riders":32514,"boardings":16452,"alightings":16062,"kind":"metro","source":"busan_gates","period":"2026-07 Mon-Fri mean","coverage":"measured gates"},"geometry":{"type":"Point","coordinates":[129.176986,35.169914]}},{"type":"Feature","properties":{"station":"안암","station_en":"Anam","line":"수도권 6호선","lines":["수도권 6호선"],"riders":32573,"boardings":16228,"alightings":16345,"kind":"metro","source":"seoul_weekday_od","period":"2023-11 weekday mean","coverage":"weekday OD station margins; coverage varies by station"},"geometry":{"type":"Point","coordinates":[127.029278,37.586269]}},{"type":"Feature","properties":{"station":"우장산","station_en":"Ujangsan","line":"수도권 5호선","lines":["수도권 5호선"],"riders":32590,"boardings":16317,"alightings":16273,"kind":"metro","source":"seoul_weekday_od","period":"2023-11 weekday mean","coverage":"weekday OD station margins; coverage varies by station"},"geometry":{"type":"Point","coordinates":[126.836323,37.548894]}},{"type":"Feature","properties":{"station":"동암","station_en":"Dongam","line":"수도권 1호선","lines":["수도권 1호선"],"riders":32965,"boardings":16427,"alightings":16538,"kind":"metro","source":"seoul_weekday_od","period":"2023-11 weekday mean","coverage":"weekday OD station margins; coverage varies by station"},"geometry":{"type":"Point","coordinates":[126.702877,37.471046]}},{"type":"Feature","properties":{"station":"숙대입구","station_en":"Sookmyung Women's Univ.","line":"수도권 4호선","lines":["수도권 4호선"],"riders":33125,"boardings":16854,"alightings":16272,"kind":"metro","source":"seoul_weekday_od","period":"2023-11 weekday mean","coverage":"weekday OD station margins; coverage varies by station"},"geometry":{"type":"Point","coordinates":[126.971957,37.545134]}},{"type":"Feature","properties":{"station":"죽전","station_en":"Jukjeon","line":"수도권 수인분당선","lines":["수도권 수인분당선"],"riders":33214,"boardings":15918,"alightings":17296,"kind":"metro","source":"seoul_weekday_od","period":"2023-11 weekday mean","coverage":"weekday OD station margins; coverage varies by station"},"geometry":{"type":"Point","coordinates":[127.107407,37.324567]}},{"type":"Feature","properties":{"station":"온천장","station_en":"Oncheonjang","line":"부산 1호선","lines":["부산 1호선"],"riders":33258,"boardings":16551,"alightings":16707,"kind":"metro","source":"busan_gates","period":"2026-07 Mon-Fri mean","coverage":"measured gates"},"geometry":{"type":"Point","coordinates":[129.086437,35.220249]}},{"type":"Feature","properties":{"station":"태릉입구","station_en":"Taereung","line":"수도권 6호선","lines":["수도권 6호선","수도권 7호선"],"riders":33335,"boardings":16418,"alightings":16917,"kind":"metro","source":"seoul_weekday_od","period":"2023-11 weekday mean","coverage":"weekday OD station margins; coverage varies by station"},"geometry":{"type":"Point","coordinates":[127.075672,37.617692]}},{"type":"Feature","properties":{"station":"신중동","station_en":"Sinjung-dong","line":"수도권 7호선","lines":["수도권 7호선"],"riders":33402,"boardings":16617,"alightings":16785,"kind":"metro","source":"seoul_weekday_od","period":"2023-11 weekday mean","coverage":"weekday OD station margins; coverage varies by station"},"geometry":{"type":"Point","coordinates":[126.776233,37.503039]}},{"type":"Feature","properties":{"station":"미아","station_en":"Mia","line":"수도권 4호선","lines":["수도권 4호선"],"riders":33440,"boardings":16881,"alightings":16559,"kind":"metro","source":"seoul_weekday_od","period":"2023-11 weekday mean","coverage":"weekday OD station margins; coverage varies by station"},"geometry":{"type":"Point","coordinates":[127.026109,37.626494]}},{"type":"Feature","properties":{"station":"성복","station_en":"Seongbok","line":"수도권 신분당선","lines":["수도권 신분당선"],"riders":33447,"boardings":17117,"alightings":16330,"kind":"metro","source":"seoul_weekday_od","period":"2023-11 weekday mean","coverage":"weekday OD station margins; coverage varies by station"},"geometry":{"type":"Point","coordinates":[127.080377,37.3135]}},{"type":"Feature","properties":{"station":"답십리","station_en":"Dapsipri","line":"수도권 5호선","lines":["수도권 5호선"],"riders":33463,"boardings":17466,"alightings":15997,"kind":"metro","source":"seoul_weekday_od","period":"2023-11 weekday mean","coverage":"weekday OD station margins; coverage varies by station"},"geometry":{"type":"Point","coordinates":[127.052699,37.566814]}},{"type":"Feature","properties":{"station":"내방","station_en":"Naebang","line":"수도권 7호선","lines":["수도권 7호선"],"riders":33482,"boardings":16617,"alightings":16865,"kind":"metro","source":"seoul_weekday_od","period":"2023-11 weekday mean","coverage":"weekday OD station margins; coverage varies by station"},"geometry":{"type":"Point","coordinates":[126.993554,37.487645]}},{"type":"Feature","properties":{"station":"마포","station_en":"Mapo","line":"수도권 5호선","lines":["수도권 5호선"],"riders":33587,"boardings":16569,"alightings":17017,"kind":"metro","source":"seoul_weekday_od","period":"2023-11 weekday mean","coverage":"weekday OD station margins; coverage varies by station"},"geometry":{"type":"Point","coordinates":[126.945993,37.539637]}},{"type":"Feature","properties":{"station":"녹번","station_en":"Nokbeon","line":"수도권 3호선","lines":["수도권 3호선"],"riders":33608,"boardings":17554,"alightings":16054,"kind":"metro","source":"seoul_weekday_od","period":"2023-11 weekday mean","coverage":"weekday OD station margins; coverage varies by station"},"geometry":{"type":"Point","coordinates":[126.935731,37.600973]}},{"type":"Feature","properties":{"station":"해운대","station_en":"Haeundae","line":"부산 2호선","lines":["부산 2호선"],"riders":33617,"boardings":16331,"alightings":17287,"kind":"metro","source":"busan_gates","period":"2026-07 Mon-Fri mean","coverage":"measured gates"},"geometry":{"type":"Point","coordinates":[129.158908,35.163672]}},{"type":"Feature","properties":{"station":"망포","station_en":"Mangpo","line":"수도권 수인분당선","lines":["수도권 수인분당선"],"riders":33635,"boardings":17126,"alightings":16508,"kind":"metro","source":"seoul_weekday_od","period":"2023-11 weekday mean","coverage":"weekday OD station margins; coverage varies by station"},"geometry":{"type":"Point","coordinates":[127.056901,37.245765]}},{"type":"Feature","properties":{"station":"면목","station_en":"Myeonmok","line":"수도권 7호선","lines":["수도권 7호선"],"riders":33719,"boardings":17019,"alightings":16701,"kind":"metro","source":"seoul_weekday_od","period":"2023-11 weekday mean","coverage":"weekday OD station margins; coverage varies by station"},"geometry":{"type":"Point","coordinates":[127.087604,37.5884]}},{"type":"Feature","properties":{"station":"동대구역","station_en":"DongdaeguStation","line":"대구 1호선","lines":["대구 1호선"],"riders":33754,"boardings":16542,"alightings":17212,"kind":"metro","source":"daegu_gates","period":"2026-06 Mon-Fri mean","coverage":"measured gates"},"geometry":{"type":"Point","coordinates":[128.627152,35.877626]}},{"type":"Feature","properties":{"station":"남구로","station_en":"Namguro","line":"수도권 7호선","lines":["수도권 7호선"],"riders":33956,"boardings":16533,"alightings":17423,"kind":"metro","source":"seoul_weekday_od","period":"2023-11 weekday mean","coverage":"weekday OD station margins; coverage varies by station"},"geometry":{"type":"Point","coordinates":[126.886665,37.485361]}},{"type":"Feature","properties":{"station":"이수","station_en":"Isu","line":"수도권 7호선","lines":["수도권 7호선"],"riders":34076,"boardings":17229,"alightings":16847,"kind":"metro","source":"seoul_weekday_od","period":"2023-11 weekday mean","coverage":"weekday OD station margins; coverage varies by station"},"geometry":{"type":"Point","coordinates":[126.98211,37.485449]}},{"type":"Feature","properties":{"station":"시청","station_en":"City Hall","line":"부산 1호선","lines":["부산 1호선"],"riders":34331,"boardings":17458,"alightings":16873,"kind":"metro","source":"busan_gates","period":"2026-07 Mon-Fri mean","coverage":"measured gates"},"geometry":{"type":"Point","coordinates":[129.076642,35.179837]}},{"type":"Feature","properties":{"station":"수영","station_en":"Suyeong","line":"부산 2호선","lines":["부산 2호선","부산 3호선"],"riders":34361,"boardings":17405,"alightings":16956,"kind":"metro","source":"busan_gates","period":"2026-07 Mon-Fri mean","coverage":"measured gates"},"geometry":{"type":"Point","coordinates":[129.114651,35.16649]}},{"type":"Feature","properties":{"station":"잠실나루","station_en":"Jamsillaru","line":"수도권 2호선","lines":["수도권 2호선"],"riders":34370,"boardings":17365,"alightings":17005,"kind":"metro","source":"seoul_weekday_od","period":"2023-11 weekday mean","coverage":"weekday OD station margins; coverage varies by station"},"geometry":{"type":"Point","coordinates":[127.10383,37.520691]}},{"type":"Feature","properties":{"station":"종합운동장","station_en":"Sports Complex","line":"수도권 2호선","lines":["수도권 2호선","수도권 9호선"],"riders":34443,"boardings":16385,"alightings":18058,"kind":"metro","source":"seoul_weekday_od","period":"2023-11 weekday mean","coverage":"weekday OD station margins; coverage varies by station"},"geometry":{"type":"Point","coordinates":[127.076209,37.511406]}},{"type":"Feature","properties":{"station":"상록수","station_en":"Sangnoksu","line":"수도권 4호선","lines":["수도권 4호선"],"riders":34504,"boardings":17116,"alightings":17389,"kind":"metro","source":"seoul_weekday_od","period":"2023-11 weekday mean","coverage":"weekday OD station margins; coverage varies by station"},"geometry":{"type":"Point","coordinates":[126.866778,37.302813]}},{"type":"Feature","properties":{"station":"충정로","station_en":"Chungjeongno","line":"수도권 2호선","lines":["수도권 2호선","수도권 5호선"],"riders":34614,"boardings":16841,"alightings":17772,"kind":"metro","source":"seoul_weekday_od","period":"2023-11 weekday mean","coverage":"weekday OD station margins; coverage varies by station"},"geometry":{"type":"Point","coordinates":[126.962911,37.559371]}},{"type":"Feature","properties":{"station":"성균관대","station_en":"Sungkyunkwan Univ.","line":"수도권 1호선","lines":["수도권 1호선"],"riders":34770,"boardings":17500,"alightings":17270,"kind":"metro","source":"seoul_weekday_od","period":"2023-11 weekday mean","coverage":"weekday OD station margins; coverage varies by station"},"geometry":{"type":"Point","coordinates":[126.971178,37.300285]}},{"type":"Feature","properties":{"station":"동묘앞","station_en":"Dongmyo","line":"수도권 1호선","lines":["수도권 1호선","수도권 6호선"],"riders":34884,"boardings":17121,"alightings":17763,"kind":"metro","source":"seoul_weekday_od","period":"2023-11 weekday mean","coverage":"weekday OD station margins; coverage varies by station"},"geometry":{"type":"Point","coordinates":[127.016547,37.572925]}},{"type":"Feature","properties":{"station":"도봉산","station_en":"Dobongsan","line":"수도권 1호선","lines":["수도권 1호선","수도권 7호선"],"riders":34891,"boardings":18108,"alightings":16784,"kind":"metro","source":"seoul_weekday_od","period":"2023-11 weekday mean","coverage":"weekday OD station margins; coverage varies by station"},"geometry":{"type":"Point","coordinates":[127.046325,37.689512]}},{"type":"Feature","properties":{"station":"숭실대입구","station_en":"Soongsil Univ.","line":"수도권 7호선","lines":["수도권 7호선"],"riders":34913,"boardings":17402,"alightings":17512,"kind":"metro","source":"seoul_weekday_od","period":"2023-11 weekday mean","coverage":"weekday OD station margins; coverage varies by station"},"geometry":{"type":"Point","coordinates":[126.954133,37.495686]}},{"type":"Feature","properties":{"station":"한티","station_en":"Hanti","line":"수도권 수인분당선","lines":["수도권 수인분당선"],"riders":34958,"boardings":16834,"alightings":18124,"kind":"metro","source":"seoul_weekday_od","period":"2023-11 weekday mean","coverage":"weekday OD station margins; coverage varies by station"},"geometry":{"type":"Point","coordinates":[127.052866,37.496271]}},{"type":"Feature","properties":{"station":"사가정","station_en":"Sagajeong","line":"수도권 7호선","lines":["수도권 7호선"],"riders":35126,"boardings":17470,"alightings":17656,"kind":"metro","source":"seoul_weekday_od","period":"2023-11 weekday mean","coverage":"weekday OD station margins; coverage varies by station"},"geometry":{"type":"Point","coordinates":[127.088411,37.580697]}},{"type":"Feature","properties":{"station":"자갈치","station_en":"Jagalchi","line":"부산 1호선","lines":["부산 1호선"],"riders":35271,"boardings":17448,"alightings":17823,"kind":"metro","source":"busan_gates","period":"2026-07 Mon-Fri mean","coverage":"measured gates"},"geometry":{"type":"Point","coordinates":[129.02667,35.097372]}},{"type":"Feature","properties":{"station":"병점","station_en":"Byeongjeom","line":"수도권 1호선","lines":["수도권 1호선"],"riders":35381,"boardings":17653,"alightings":17727,"kind":"metro","source":"seoul_weekday_od","period":"2023-11 weekday mean","coverage":"weekday OD station margins; coverage varies by station"},"geometry":{"type":"Point","coordinates":[127.033129,37.206834]}},{"type":"Feature","properties":{"station":"계양","station_en":"Gyeyang","line":"수도권 공항철도","lines":["수도권 공항철도","수도권 인천 1호선"],"riders":35590,"boardings":18182,"alightings":17408,"kind":"metro","source":"seoul_weekday_od","period":"2023-11 weekday mean","coverage":"weekday OD station margins; coverage varies by station"},"geometry":{"type":"Point","coordinates":[126.736311,37.571767]}},{"type":"Feature","properties":{"station":"제기동","station_en":"Jegi-dong","line":"수도권 1호선","lines":["수도권 1호선"],"riders":35733,"boardings":17668,"alightings":18065,"kind":"metro","source":"seoul_weekday_od","period":"2023-11 weekday mean","coverage":"weekday OD station margins; coverage varies by station"},"geometry":{"type":"Point","coordinates":[127.034467,37.578378]}},{"type":"Feature","properties":{"station":"부전","station_en":"Bujeon","line":"부산 1호선","lines":["부산 1호선"],"riders":35945,"boardings":17610,"alightings":18336,"kind":"metro","source":"busan_gates","period":"2026-07 Mon-Fri mean","coverage":"measured gates"},"geometry":{"type":"Point","coordinates":[129.062952,35.162587]}},{"type":"Feature","properties":{"station":"산본","station_en":"Sanbon","line":"수도권 4호선","lines":["수도권 4호선"],"riders":35975,"boardings":17341,"alightings":18634,"kind":"metro","source":"seoul_weekday_od","period":"2023-11 weekday mean","coverage":"weekday OD station margins; coverage varies by station"},"geometry":{"type":"Point","coordinates":[126.933096,37.358074]}},{"type":"Feature","properties":{"station":"약수","station_en":"Yaksu","line":"수도권 3호선","lines":["수도권 3호선","수도권 6호선"],"riders":36076,"boardings":18247,"alightings":17830,"kind":"metro","source":"seoul_weekday_od","period":"2023-11 weekday mean","coverage":"weekday OD station margins; coverage varies by station"},"geometry":{"type":"Point","coordinates":[127.010623,37.55475]}},{"type":"Feature","properties":{"station":"장지","station_en":"Jangji","line":"수도권 8호선","lines":["수도권 8호선"],"riders":36330,"boardings":18900,"alightings":17430,"kind":"metro","source":"seoul_weekday_od","period":"2023-11 weekday mean","coverage":"weekday OD station margins; coverage varies by station"},"geometry":{"type":"Point","coordinates":[127.126067,37.478888]}},{"type":"Feature","properties":{"station":"온수","station_en":"Onsu","line":"수도권 1호선","lines":["수도권 1호선","수도권 7호선"],"riders":36443,"boardings":18891,"alightings":17552,"kind":"metro","source":"seoul_weekday_od","period":"2023-11 weekday mean","coverage":"weekday OD station margins; coverage varies by station"},"geometry":{"type":"Point","coordinates":[126.823534,37.492299]}},{"type":"Feature","properties":{"station":"석촌","station_en":"Seokchon","line":"수도권 8호선","lines":["수도권 8호선","수도권 9호선"],"riders":37069,"boardings":18340,"alightings":18729,"kind":"metro","source":"seoul_weekday_od","period":"2023-11 weekday mean","coverage":"weekday OD station margins; coverage varies by station"},"geometry":{"type":"Point","coordinates":[127.107111,37.505295]}},{"type":"Feature","properties":{"station":"덕천","station_en":"Deokcheon","line":"부산 2호선","lines":["부산 2호선","부산 3호선"],"riders":37424,"boardings":17913,"alightings":19511,"kind":"metro","source":"busan_gates","period":"2026-07 Mon-Fri mean","coverage":"measured gates"},"geometry":{"type":"Point","coordinates":[129.005672,35.210217]}},{"type":"Feature","properties":{"station":"화정","station_en":"Hwajeong","line":"수도권 3호선","lines":["수도권 3호선"],"riders":37541,"boardings":18515,"alightings":19026,"kind":"metro","source":"seoul_weekday_od","period":"2023-11 weekday mean","coverage":"weekday OD station margins; coverage varies by station"},"geometry":{"type":"Point","coordinates":[126.832577,37.634646]}},{"type":"Feature","properties":{"station":"미사","station_en":"Misa","line":"수도권 5호선","lines":["수도권 5호선"],"riders":37827,"boardings":18756,"alightings":19070,"kind":"metro","source":"seoul_weekday_od","period":"2023-11 weekday mean","coverage":"weekday OD station margins; coverage varies by station"},"geometry":{"type":"Point","coordinates":[127.192822,37.563055]}},{"type":"Feature","properties":{"station":"어린이대공원","station_en":"Children's Grand Park","line":"수도권 7호선","lines":["수도권 7호선"],"riders":38074,"boardings":18687,"alightings":19387,"kind":"metro","source":"seoul_weekday_od","period":"2023-11 weekday mean","coverage":"weekday OD station margins; coverage varies by station"},"geometry":{"type":"Point","coordinates":[127.074392,37.5476]}},{"type":"Feature","properties":{"station":"남포","station_en":"Nampo","line":"부산 1호선","lines":["부산 1호선"],"riders":38124,"boardings":18685,"alightings":19439,"kind":"metro","source":"busan_gates","period":"2026-07 Mon-Fri mean","coverage":"measured gates"},"geometry":{"type":"Point","coordinates":[129.034869,35.097953]}},{"type":"Feature","properties":{"station":"목동","station_en":"Mok-dong","line":"수도권 5호선","lines":["수도권 5호선"],"riders":38250,"boardings":18360,"alightings":19890,"kind":"metro","source":"seoul_weekday_od","period":"2023-11 weekday mean","coverage":"weekday OD station margins; coverage varies by station"},"geometry":{"type":"Point","coordinates":[126.864517,37.526124]}},{"type":"Feature","properties":{"station":"하단","station_en":"Hadan","line":"부산 1호선","lines":["부산 1호선"],"riders":38349,"boardings":20113,"alightings":18235,"kind":"metro","source":"busan_gates","period":"2026-07 Mon-Fri mean","coverage":"measured gates"},"geometry":{"type":"Point","coordinates":[128.966803,35.10618]}},{"type":"Feature","properties":{"station":"의정부","station_en":"Uijeongbu","line":"수도권 1호선","lines":["수도권 1호선"],"riders":38383,"boardings":18944,"alightings":19439,"kind":"metro","source":"seoul_weekday_od","period":"2023-11 weekday mean","coverage":"weekday OD station margins; coverage varies by station"},"geometry":{"type":"Point","coordinates":[127.04605,37.737704]}},{"type":"Feature","properties":{"station":"구로","station_en":"Guro","line":"수도권 1호선","lines":["수도권 1호선"],"riders":38406,"boardings":18985,"alightings":19420,"kind":"metro","source":"seoul_weekday_od","period":"2023-11 weekday mean","coverage":"weekday OD station margins; coverage varies by station"},"geometry":{"type":"Point","coordinates":[126.882509,37.503447]}},{"type":"Feature","properties":{"station":"응암","station_en":"Eungam","line":"수도권 6호선","lines":["수도권 6호선"],"riders":38439,"boardings":19265,"alightings":19174,"kind":"metro","source":"seoul_weekday_od","period":"2023-11 weekday mean","coverage":"weekday OD station margins; coverage varies by station"},"geometry":{"type":"Point","coordinates":[126.915528,37.59843]}},{"type":"Feature","properties":{"station":"암사","station_en":"Amsa","line":"수도권 8호선","lines":["수도권 8호선"],"riders":38675,"boardings":20512,"alightings":18162,"kind":"metro","source":"seoul_weekday_od","period":"2023-11 weekday mean","coverage":"weekday OD station margins; coverage varies by station"},"geometry":{"type":"Point","coordinates":[127.127538,37.550106]}},{"type":"Feature","properties":{"station":"가락시장","station_en":"Garak Market","line":"수도권 3호선","lines":["수도권 3호선","수도권 8호선"],"riders":38713,"boardings":18908,"alightings":19805,"kind":"metro","source":"seoul_weekday_od","period":"2023-11 weekday mean","coverage":"weekday OD station margins; coverage varies by station"},"geometry":{"type":"Point","coordinates":[127.118638,37.492532]}},{"type":"Feature","properties":{"station":"염창","station_en":"Yeomchang","line":"수도권 9호선","lines":["수도권 9호선"],"riders":38767,"boardings":19683,"alightings":19084,"kind":"metro","source":"seoul_weekday_od","period":"2023-11 weekday mean","coverage":"weekday OD station margins; coverage varies by station"},"geometry":{"type":"Point","coordinates":[126.875397,37.547033]}},{"type":"Feature","properties":{"station":"강동","station_en":"Gangdong","line":"수도권 5호선","lines":["수도권 5호선"],"riders":39113,"boardings":19739,"alightings":19374,"kind":"metro","source":"seoul_weekday_od","period":"2023-11 weekday mean","coverage":"weekday OD station margins; coverage varies by station"},"geometry":{"type":"Point","coordinates":[127.132595,37.535797]}},{"type":"Feature","properties":{"station":"홍제","station_en":"Hongje","line":"수도권 3호선","lines":["수도권 3호선"],"riders":39280,"boardings":20050,"alightings":19230,"kind":"metro","source":"seoul_weekday_od","period":"2023-11 weekday mean","coverage":"weekday OD station margins; coverage varies by station"},"geometry":{"type":"Point","coordinates":[126.944253,37.588689]}},{"type":"Feature","properties":{"station":"평촌","station_en":"Pyeongchon","line":"수도권 4호선","lines":["수도권 4호선"],"riders":39512,"boardings":20033,"alightings":19479,"kind":"metro","source":"seoul_weekday_od","period":"2023-11 weekday mean","coverage":"weekday OD station margins; coverage varies by station"},"geometry":{"type":"Point","coordinates":[126.96388,37.394288]}},{"type":"Feature","properties":{"station":"국회의사당","station_en":"National Assembly","line":"수도권 9호선","lines":["수도권 9호선"],"riders":39571,"boardings":19403,"alightings":20168,"kind":"metro","source":"seoul_weekday_od","period":"2023-11 weekday mean","coverage":"weekday OD station margins; coverage varies by station"},"geometry":{"type":"Point","coordinates":[126.917964,37.528016]}},{"type":"Feature","properties":{"station":"하계","station_en":"Hagye","line":"수도권 7호선","lines":["수도권 7호선"],"riders":39716,"boardings":20366,"alightings":19350,"kind":"metro","source":"seoul_weekday_od","period":"2023-11 weekday mean","coverage":"weekday OD station margins; coverage varies by station"},"geometry":{"type":"Point","coordinates":[127.068252,37.636018]}},{"type":"Feature","properties":{"station":"동래","station_en":"Dongnae","line":"부산 1호선","lines":["부산 1호선","부산 4호선"],"riders":40028,"boardings":18950,"alightings":21079,"kind":"metro","source":"busan_gates","period":"2026-07 Mon-Fri mean","coverage":"measured gates"},"geometry":{"type":"Point","coordinates":[129.077794,35.205237]}},{"type":"Feature","properties":{"station":"중앙","station_en":"Central","line":"수도권 4호선","lines":["수도권 4호선","수도권 수인분당선"],"riders":40122,"boardings":19554,"alightings":20568,"kind":"metro","source":"seoul_weekday_od","period":"2023-11 weekday mean","coverage":"weekday OD station margins; coverage varies by station"},"geometry":{"type":"Point","coordinates":[126.838529,37.31603]}},{"type":"Feature","properties":{"station":"이대","station_en":"Ewha Womans Univ.","line":"수도권 2호선","lines":["수도권 2호선"],"riders":40358,"boardings":19101,"alightings":21257,"kind":"metro","source":"seoul_weekday_od","period":"2023-11 weekday mean","coverage":"weekday OD station margins; coverage varies by station"},"geometry":{"type":"Point","coordinates":[126.945835,37.556773]}},{"type":"Feature","properties":{"station":"독산","station_en":"Doksan","line":"수도권 1호선","lines":["수도권 1호선"],"riders":40770,"boardings":20016,"alightings":20754,"kind":"metro","source":"seoul_weekday_od","period":"2023-11 weekday mean","coverage":"weekday OD station margins; coverage varies by station"},"geometry":{"type":"Point","coordinates":[126.889484,37.466074]}},{"type":"Feature","properties":{"station":"삼송","station_en":"Samsong","line":"수도권 3호선","lines":["수도권 3호선"],"riders":40963,"boardings":20930,"alightings":20033,"kind":"metro","source":"seoul_weekday_od","period":"2023-11 weekday mean","coverage":"weekday OD station margins; coverage varies by station"},"geometry":{"type":"Point","coordinates":[126.89548,37.653119]}},{"type":"Feature","properties":{"station":"상계","station_en":"Sanggye","line":"수도권 4호선","lines":["수도권 4호선"],"riders":41033,"boardings":21123,"alightings":19911,"kind":"metro","source":"seoul_weekday_od","period":"2023-11 weekday mean","coverage":"weekday OD station margins; coverage varies by station"},"geometry":{"type":"Point","coordinates":[127.073439,37.660765]}},{"type":"Feature","properties":{"station":"선정릉","station_en":"Seonjeongneung","line":"수도권 9호선","lines":["수도권 9호선","수도권 수인분당선"],"riders":41528,"boardings":20111,"alightings":21417,"kind":"metro","source":"seoul_weekday_od","period":"2023-11 weekday mean","coverage":"weekday OD station margins; coverage varies by station"},"geometry":{"type":"Point","coordinates":[127.043777,37.510492]}},{"type":"Feature","properties":{"station":"신설동","station_en":"Sinseol-dong","line":"수도권 1호선","lines":["수도권 1호선","수도권 2호선","수도권 우이신설선"],"riders":41688,"boardings":21219,"alightings":20469,"kind":"metro","source":"seoul_weekday_od","period":"2023-11 weekday mean","coverage":"weekday OD station margins; coverage varies by station"},"geometry":{"type":"Point","coordinates":[127.02394,37.575502]}},{"type":"Feature","properties":{"station":"압구정로데오","station_en":"Apgujeong Rodeo","line":"수도권 수인분당선","lines":["수도권 수인분당선"],"riders":41715,"boardings":19965,"alightings":21750,"kind":"metro","source":"seoul_weekday_od","period":"2023-11 weekday mean","coverage":"weekday OD station margins; coverage varies by station"},"geometry":{"type":"Point","coordinates":[127.040709,37.527813]}},{"type":"Feature","properties":{"station":"방배","station_en":"Bangbae","line":"수도권 2호선","lines":["수도권 2호선"],"riders":41783,"boardings":20501,"alightings":21282,"kind":"metro","source":"seoul_weekday_od","period":"2023-11 weekday mean","coverage":"weekday OD station margins; coverage varies by station"},"geometry":{"type":"Point","coordinates":[126.997707,37.481466]}},{"type":"Feature","properties":{"station":"신용산","station_en":"Sinyongsan","line":"수도권 4호선","lines":["수도권 4호선"],"riders":41859,"boardings":20260,"alightings":21599,"kind":"metro","source":"seoul_weekday_od","period":"2023-11 weekday mean","coverage":"weekday OD station margins; coverage varies by station"},"geometry":{"type":"Point","coordinates":[126.967857,37.529174]}},{"type":"Feature","properties":{"station":"장한평","station_en":"Janghanpyeong","line":"수도권 5호선","lines":["수도권 5호선"],"riders":42158,"boardings":21113,"alightings":21044,"kind":"metro","source":"seoul_weekday_od","period":"2023-11 weekday mean","coverage":"weekday OD station margins; coverage varies by station"},"geometry":{"type":"Point","coordinates":[127.064567,37.561491]}},{"type":"Feature","properties":{"station":"총신대입구","station_en":"Chongshin Univ.","line":"수도권 4호선","lines":["수도권 4호선"],"riders":42218,"boardings":20179,"alightings":22038,"kind":"metro","source":"seoul_weekday_od","period":"2023-11 weekday mean","coverage":"weekday OD station margins; coverage varies by station"},"geometry":{"type":"Point","coordinates":[126.982237,37.48678]}},{"type":"Feature","properties":{"station":"광명사거리","station_en":"Gwangmyeongsageori","line":"수도권 7호선","lines":["수도권 7호선"],"riders":43484,"boardings":21867,"alightings":21617,"kind":"metro","source":"seoul_weekday_od","period":"2023-11 weekday mean","coverage":"weekday OD station margins; coverage varies by station"},"geometry":{"type":"Point","coordinates":[126.85446,37.479421]}},{"type":"Feature","properties":{"station":"청담","station_en":"Cheongdam","line":"수도권 7호선","lines":["수도권 7호선"],"riders":44395,"boardings":20985,"alightings":23410,"kind":"metro","source":"seoul_weekday_od","period":"2023-11 weekday mean","coverage":"weekday OD station margins; coverage varies by station"},"geometry":{"type":"Point","coordinates":[127.051678,37.519091]}},{"type":"Feature","properties":{"station":"을지로4가","station_en":"Euljiro 4(sa)-ga","line":"수도권 2호선","lines":["수도권 2호선","수도권 5호선"],"riders":45394,"boardings":22563,"alightings":22831,"kind":"metro","source":"seoul_weekday_od","period":"2023-11 weekday mean","coverage":"weekday OD station margins; coverage varies by station"},"geometry":{"type":"Point","coordinates":[126.998169,37.566643]}},{"type":"Feature","properties":{"station":"센텀시티","station_en":"Centum City","line":"부산 2호선","lines":["부산 2호선"],"riders":45734,"boardings":23042,"alightings":22692,"kind":"metro","source":"busan_gates","period":"2026-07 Mon-Fri mean","coverage":"measured gates"},"geometry":{"type":"Point","coordinates":[129.131745,35.168827]}},{"type":"Feature","properties":{"station":"석계","station_en":"Seokgye","line":"수도권 1호선","lines":["수도권 1호선","수도권 6호선"],"riders":45807,"boardings":22157,"alightings":23650,"kind":"metro","source":"seoul_weekday_od","period":"2023-11 weekday mean","coverage":"weekday OD station margins; coverage varies by station"},"geometry":{"type":"Point","coordinates":[127.065839,37.614808]}},{"type":"Feature","properties":{"station":"사상","station_en":"Sasang","line":"부산 2호선","lines":["부산 2호선"],"riders":45992,"boardings":23240,"alightings":22752,"kind":"metro","source":"busan_gates","period":"2026-07 Mon-Fri mean","coverage":"measured gates"},"geometry":{"type":"Point","coordinates":[128.984621,35.162361]}},{"type":"Feature","properties":{"station":"불광","station_en":"Bulgwang","line":"수도권 3호선","lines":["수도권 3호선","수도권 6호선"],"riders":46103,"boardings":22385,"alightings":23718,"kind":"metro","source":"seoul_weekday_od","period":"2023-11 weekday mean","coverage":"weekday OD station margins; coverage varies by station"},"geometry":{"type":"Point","coordinates":[126.929631,37.610881]}},{"type":"Feature","properties":{"station":"구파발","station_en":"Gupabal","line":"수도권 3호선","lines":["수도권 3호선"],"riders":46569,"boardings":23616,"alightings":22953,"kind":"metro","source":"seoul_weekday_od","period":"2023-11 weekday mean","coverage":"weekday OD station margins; coverage varies by station"},"geometry":{"type":"Point","coordinates":[126.918805,37.636892]}},{"type":"Feature","properties":{"station":"개봉","station_en":"Gaebong","line":"수도권 1호선","lines":["수도권 1호선"],"riders":46750,"boardings":23537,"alightings":23213,"kind":"metro","source":"seoul_weekday_od","period":"2023-11 weekday mean","coverage":"weekday OD station margins; coverage varies by station"},"geometry":{"type":"Point","coordinates":[126.858754,37.494593]}},{"type":"Feature","properties":{"station":"철산","station_en":"Cheolsan","line":"수도권 7호선","lines":["수도권 7호선"],"riders":46892,"boardings":23172,"alightings":23720,"kind":"metro","source":"seoul_weekday_od","period":"2023-11 weekday mean","coverage":"weekday OD station margins; coverage varies by station"},"geometry":{"type":"Point","coordinates":[126.867597,37.476001]}},{"type":"Feature","properties":{"station":"오목교","station_en":"Omokgyo","line":"수도권 5호선","lines":["수도권 5호선"],"riders":47095,"boardings":22758,"alightings":24337,"kind":"metro","source":"seoul_weekday_od","period":"2023-11 weekday mean","coverage":"weekday OD station margins; coverage varies by station"},"geometry":{"type":"Point","coordinates":[126.875122,37.524565]}},{"type":"Feature","properties":{"station":"상봉","station_en":"Sangbong","line":"수도권 7호선","lines":["수도권 7호선","수도권 경의중앙선","수도권 경춘선"],"riders":47758,"boardings":24348,"alightings":23410,"kind":"metro","source":"seoul_weekday_od","period":"2023-11 weekday mean","coverage":"weekday OD station margins; coverage varies by station"},"geometry":{"type":"Point","coordinates":[127.085634,37.596715]}},{"type":"Feature","properties":{"station":"서대문","station_en":"Seodaemun","line":"수도권 5호선","lines":["수도권 5호선"],"riders":47794,"boardings":23777,"alightings":24017,"kind":"metro","source":"seoul_weekday_od","period":"2023-11 weekday mean","coverage":"weekday OD station margins; coverage varies by station"},"geometry":{"type":"Point","coordinates":[126.966635,37.565795]}},{"type":"Feature","properties":{"station":"가양","station_en":"Gayang","line":"수도권 9호선","lines":["수도권 9호선"],"riders":47920,"boardings":24182,"alightings":23738,"kind":"metro","source":"seoul_weekday_od","period":"2023-11 weekday mean","coverage":"weekday OD station margins; coverage varies by station"},"geometry":{"type":"Point","coordinates":[126.8551,37.561142]}},{"type":"Feature","properties":{"station":"봉은사","station_en":"Bongeunsa","line":"수도권 9호선","lines":["수도권 9호선"],"riders":48126,"boardings":23695,"alightings":24431,"kind":"metro","source":"seoul_weekday_od","period":"2023-11 weekday mean","coverage":"weekday OD station margins; coverage varies by station"},"geometry":{"type":"Point","coordinates":[127.060241,37.514187]}},{"type":"Feature","properties":{"station":"잠실새내","station_en":"Jamsilsaenae","line":"수도권 2호선","lines":["수도권 2호선"],"riders":48788,"boardings":24570,"alightings":24218,"kind":"metro","source":"seoul_weekday_od","period":"2023-11 weekday mean","coverage":"weekday OD station margins; coverage varies by station"},"geometry":{"type":"Point","coordinates":[127.085571,37.511588]}},{"type":"Feature","properties":{"station":"서초","station_en":"Seocho","line":"수도권 2호선","lines":["수도권 2호선"],"riders":48954,"boardings":24711,"alightings":24243,"kind":"metro","source":"seoul_weekday_od","period":"2023-11 weekday mean","coverage":"weekday OD station margins; coverage varies by station"},"geometry":{"type":"Point","coordinates":[127.007681,37.491775]}},{"type":"Feature","properties":{"station":"발산","station_en":"Balsan","line":"수도권 5호선","lines":["수도권 5호선"],"riders":49526,"boardings":24417,"alightings":25109,"kind":"metro","source":"seoul_weekday_od","period":"2023-11 weekday mean","coverage":"weekday OD station margins; coverage varies by station"},"geometry":{"type":"Point","coordinates":[126.837465,37.558495]}},{"type":"Feature","properties":{"station":"문래","station_en":"Mullae","line":"수도권 2호선","lines":["수도권 2호선"],"riders":49558,"boardings":24511,"alightings":25048,"kind":"metro","source":"seoul_weekday_od","period":"2023-11 weekday mean","coverage":"weekday OD station margins; coverage varies by station"},"geometry":{"type":"Point","coordinates":[126.894873,37.518384]}},{"type":"Feature","properties":{"station":"길음","station_en":"Gireum","line":"수도권 4호선","lines":["수도권 4호선"],"riders":49639,"boardings":24672,"alightings":24968,"kind":"metro","source":"seoul_weekday_od","period":"2023-11 weekday mean","coverage":"weekday OD station margins; coverage varies by station"},"geometry":{"type":"Point","coordinates":[127.024852,37.60316]}},{"type":"Feature","properties":{"station":"문정","station_en":"Munjeong","line":"수도권 8호선","lines":["수도권 8호선"],"riders":49743,"boardings":24289,"alightings":25454,"kind":"metro","source":"seoul_weekday_od","period":"2023-11 weekday mean","coverage":"weekday OD station margins; coverage varies by station"},"geometry":{"type":"Point","coordinates":[127.122518,37.485836]}},{"type":"Feature","properties":{"station":"논현","station_en":"Nonhyeon","line":"수도권 7호선","lines":["수도권 7호선","수도권 신분당선"],"riders":49896,"boardings":24686,"alightings":25210,"kind":"metro","source":"seoul_weekday_od","period":"2023-11 weekday mean","coverage":"weekday OD station margins; coverage varies by station"},"geometry":{"type":"Point","coordinates":[127.021364,37.510979]}},{"type":"Feature","properties":{"station":"회룡","station_en":"Hoeryong","line":"수도권 1호선","lines":["수도권 1호선","수도권 의정부경전철"],"riders":50036,"boardings":25071,"alightings":24964,"kind":"metro","source":"seoul_weekday_od","period":"2023-11 weekday mean","coverage":"weekday OD station margins; coverage varies by station"},"geometry":{"type":"Point","coordinates":[127.047363,37.724679]}},{"type":"Feature","properties":{"station":"봉천","station_en":"Bongcheon","line":"수도권 2호선","lines":["수도권 2호선"],"riders":50284,"boardings":25912,"alightings":24372,"kind":"metro","source":"seoul_weekday_od","period":"2023-11 weekday mean","coverage":"weekday OD station margins; coverage varies by station"},"geometry":{"type":"Point","coordinates":[126.941939,37.482389]}},{"type":"Feature","properties":{"station":"신당","station_en":"Sindang","line":"수도권 2호선","lines":["수도권 2호선","수도권 6호선"],"riders":50938,"boardings":24902,"alightings":26036,"kind":"metro","source":"seoul_weekday_od","period":"2023-11 weekday mean","coverage":"weekday OD station margins; coverage varies by station"},"geometry":{"type":"Point","coordinates":[127.016252,37.565384]}},{"type":"Feature","properties":{"station":"종로5가","station_en":"Jongno 5(o)-ga","line":"수도권 1호선","lines":["수도권 1호선"],"riders":51683,"boardings":26000,"alightings":25683,"kind":"metro","source":"seoul_weekday_od","period":"2023-11 weekday mean","coverage":"weekday OD station margins; coverage varies by station"},"geometry":{"type":"Point","coordinates":[127.002022,37.570987]}},{"type":"Feature","properties":{"station":"서현","station_en":"Seohyeon","line":"수도권 수인분당선","lines":["수도권 수인분당선"],"riders":51779,"boardings":25574,"alightings":26205,"kind":"metro","source":"seoul_weekday_od","period":"2023-11 weekday mean","coverage":"weekday OD station margins; coverage varies by station"},"geometry":{"type":"Point","coordinates":[127.123333,37.38491]}},{"type":"Feature","properties":{"station":"뚝섬","station_en":"Ttukseom","line":"수도권 2호선","lines":["수도권 2호선"],"riders":52524,"boardings":25332,"alightings":27192,"kind":"metro","source":"seoul_weekday_od","period":"2023-11 weekday mean","coverage":"weekday OD station margins; coverage varies by station"},"geometry":{"type":"Point","coordinates":[127.04741,37.547235]}},{"type":"Feature","properties":{"station":"부산역","station_en":"Busan Station","line":"부산 1호선","lines":["부산 1호선"],"riders":52552,"boardings":26381,"alightings":26170,"kind":"metro","source":"busan_gates","period":"2026-07 Mon-Fri mean","coverage":"measured gates"},"geometry":{"type":"Point","coordinates":[129.0397,35.115224]}},{"type":"Feature","properties":{"station":"구의","station_en":"Guui","line":"수도권 2호선","lines":["수도권 2호선"],"riders":52578,"boardings":26586,"alightings":25991,"kind":"metro","source":"seoul_weekday_od","period":"2023-11 weekday mean","coverage":"weekday OD station margins; coverage varies by station"},"geometry":{"type":"Point","coordinates":[127.086221,37.537168]}},{"type":"Feature","properties":{"station":"모란","station_en":"Moran","line":"수도권 8호선","lines":["수도권 8호선","수도권 수인분당선"],"riders":53626,"boardings":27216,"alightings":26409,"kind":"metro","source":"seoul_weekday_od","period":"2023-11 weekday mean","coverage":"weekday OD station margins; coverage varies by station"},"geometry":{"type":"Point","coordinates":[127.129119,37.432981]}},{"type":"Feature","properties":{"station":"마곡나루","station_en":"Magongnaru","line":"수도권 9호선","lines":["수도권 9호선","수도권 공항철도"],"riders":53682,"boardings":27247,"alightings":26435,"kind":"metro","source":"seoul_weekday_od","period":"2023-11 weekday mean","coverage":"weekday OD station margins; coverage varies by station"},"geometry":{"type":"Point","coordinates":[126.827917,37.566218]}},{"type":"Feature","properties":{"station":"신대방","station_en":"Sindaebang","line":"수도권 2호선","lines":["수도권 2호선"],"riders":53738,"boardings":27173,"alightings":26565,"kind":"metro","source":"seoul_weekday_od","period":"2023-11 weekday mean","coverage":"weekday OD station margins; coverage varies by station"},"geometry":{"type":"Point","coordinates":[126.913392,37.487595]}},{"type":"Feature","properties":{"station":"성신여대입구","station_en":"Sungshin Women's University","line":"수도권 4호선","lines":["수도권 4호선","수도권 우이신설선"],"riders":54129,"boardings":27442,"alightings":26687,"kind":"metro","source":"seoul_weekday_od","period":"2023-11 weekday mean","coverage":"weekday OD station margins; coverage varies by station"},"geometry":{"type":"Point","coordinates":[127.016476,37.592675]}},{"type":"Feature","properties":{"station":"학동","station_en":"Hak-dong","line":"수도권 7호선","lines":["수도권 7호선"],"riders":54242,"boardings":26417,"alightings":27825,"kind":"metro","source":"seoul_weekday_od","period":"2023-11 weekday mean","coverage":"weekday OD station margins; coverage varies by station"},"geometry":{"type":"Point","coordinates":[127.03075,37.513957]}},{"type":"Feature","properties":{"station":"안양","station_en":"Anyang","line":"수도권 1호선","lines":["수도권 1호선"],"riders":55069,"boardings":27427,"alightings":27642,"kind":"metro","source":"seoul_weekday_od","period":"2023-11 weekday mean","coverage":"weekday OD station margins; coverage varies by station"},"geometry":{"type":"Point","coordinates":[126.922883,37.40163]}},{"type":"Feature","properties":{"station":"인덕원","station_en":"Indeogwon","line":"수도권 4호선","lines":["수도권 4호선"],"riders":55135,"boardings":27143,"alightings":27992,"kind":"metro","source":"seoul_weekday_od","period":"2023-11 weekday mean","coverage":"weekday OD station margins; coverage varies by station"},"geometry":{"type":"Point","coordinates":[126.976966,37.401632]}},{"type":"Feature","properties":{"station":"군자","station_en":"Gunja","line":"수도권 5호선","lines":["수도권 5호선","수도권 7호선"],"riders":55314,"boardings":28665,"alightings":26650,"kind":"metro","source":"seoul_weekday_od","period":"2023-11 weekday mean","coverage":"weekday OD station margins; coverage varies by station"},"geometry":{"type":"Point","coordinates":[127.079558,37.557245]}},{"type":"Feature","properties":{"station":"주안","station_en":"Juan","line":"수도권 1호선","lines":["수도권 1호선","수도권 인천 2호선"],"riders":55522,"boardings":27465,"alightings":28057,"kind":"metro","source":"seoul_weekday_od","period":"2023-11 weekday mean","coverage":"weekday OD station margins; coverage varies by station"},"geometry":{"type":"Point","coordinates":[126.679829,37.465117]}},{"type":"Feature","properties":{"station":"경복궁","station_en":"Gyeongbokgung","line":"수도권 3호선","lines":["수도권 3호선"],"riders":55834,"boardings":27767,"alightings":28067,"kind":"metro","source":"seoul_weekday_od","period":"2023-11 weekday mean","coverage":"weekday OD station margins; coverage varies by station"},"geometry":{"type":"Point","coordinates":[126.973526,37.575787]}},{"type":"Feature","properties":{"station":"미아사거리","station_en":"Miasageori","line":"수도권 4호선","lines":["수도권 4호선"],"riders":56813,"boardings":28528,"alightings":28285,"kind":"metro","source":"seoul_weekday_od","period":"2023-11 weekday mean","coverage":"weekday OD station margins; coverage varies by station"},"geometry":{"type":"Point","coordinates":[127.030091,37.613185]}},{"type":"Feature","properties":{"station":"창동","station_en":"Chang-Dong","line":"수도권 1호선","lines":["수도권 1호선","수도권 4호선"],"riders":56825,"boardings":27581,"alightings":29244,"kind":"metro","source":"seoul_weekday_od","period":"2023-11 weekday mean","coverage":"weekday OD station margins; coverage varies by station"},"geometry":{"type":"Point","coordinates":[127.047699,37.653182]}},{"type":"Feature","properties":{"station":"야탑","station_en":"Yatap","line":"수도권 수인분당선","lines":["수도권 수인분당선"],"riders":57157,"boardings":27740,"alightings":29416,"kind":"metro","source":"seoul_weekday_od","period":"2023-11 weekday mean","coverage":"weekday OD station margins; coverage varies by station"},"geometry":{"type":"Point","coordinates":[127.128714,37.411298]}},{"type":"Feature","properties":{"station":"범계","station_en":"Beomgye","line":"수도권 4호선","lines":["수도권 4호선"],"riders":57185,"boardings":28520,"alightings":28665,"kind":"metro","source":"seoul_weekday_od","period":"2023-11 weekday mean","coverage":"weekday OD station margins; coverage varies by station"},"geometry":{"type":"Point","coordinates":[126.95091,37.389913]}},{"type":"Feature","properties":{"station":"정자","station_en":"Jeongja","line":"수도권 수인분당선","lines":["수도권 수인분당선","수도권 신분당선"],"riders":57634,"boardings":28601,"alightings":29033,"kind":"metro","source":"seoul_weekday_od","period":"2023-11 weekday mean","coverage":"weekday OD station margins; coverage varies by station"},"geometry":{"type":"Point","coordinates":[127.108275,37.366443]}},{"type":"Feature","properties":{"station":"낙성대","station_en":"Nakseongdae","line":"수도권 2호선","lines":["수도권 2호선"],"riders":58093,"boardings":29344,"alightings":28749,"kind":"metro","source":"seoul_weekday_od","period":"2023-11 weekday mean","coverage":"weekday OD station margins; coverage varies by station"},"geometry":{"type":"Point","coordinates":[126.963488,37.477062]}},{"type":"Feature","properties":{"station":"송내","station_en":"Songnae","line":"수도권 1호선","lines":["수도권 1호선"],"riders":58249,"boardings":29210,"alightings":29039,"kind":"metro","source":"seoul_weekday_od","period":"2023-11 weekday mean","coverage":"weekday OD station margins; coverage varies by station"},"geometry":{"type":"Point","coordinates":[126.752885,37.487704]}},{"type":"Feature","properties":{"station":"안국","station_en":"Anguk","line":"수도권 3호선","lines":["수도권 3호선"],"riders":58839,"boardings":28917,"alightings":29922,"kind":"metro","source":"seoul_weekday_od","period":"2023-11 weekday mean","coverage":"weekday OD station margins; coverage varies by station"},"geometry":{"type":"Point","coordinates":[126.986171,37.576828]}},{"type":"Feature","properties":{"station":"영등포구청","station_en":"Yeongdeungpo-gu Office","line":"수도권 2호선","lines":["수도권 2호선","수도권 5호선"],"riders":58879,"boardings":29057,"alightings":29823,"kind":"metro","source":"seoul_weekday_od","period":"2023-11 weekday mean","coverage":"weekday OD station margins; coverage varies by station"},"geometry":{"type":"Point","coordinates":[126.896337,37.524018]}},{"type":"Feature","properties":{"station":"회기","station_en":"Hoegi","line":"수도권 1호선","lines":["수도권 1호선","수도권 경의중앙선","수도권 경춘선"],"riders":59070,"boardings":30090,"alightings":28980,"kind":"metro","source":"seoul_weekday_od","period":"2023-11 weekday mean","coverage":"weekday OD station margins; coverage varies by station"},"geometry":{"type":"Point","coordinates":[127.057624,37.589497]}},{"type":"Feature","properties":{"station":"연산","station_en":"Yeonsan","line":"부산 1호선","lines":["부산 1호선","부산 3호선"],"riders":59770,"boardings":30000,"alightings":29770,"kind":"metro","source":"busan_gates","period":"2026-07 Mon-Fri mean","coverage":"measured gates"},"geometry":{"type":"Point","coordinates":[129.08153,35.186171]}},{"type":"Feature","properties":{"station":"강변","station_en":"Gangbyeon","line":"수도권 2호선","lines":["수도권 2호선"],"riders":60074,"boardings":31171,"alightings":28903,"kind":"metro","source":"seoul_weekday_od","period":"2023-11 weekday mean","coverage":"weekday OD station margins; coverage varies by station"},"geometry":{"type":"Point","coordinates":[127.094741,37.535111]}},{"type":"Feature","properties":{"station":"까치산","station_en":"Kkachisan","line":"수도권 2호선","lines":["수도권 2호선","수도권 5호선"],"riders":60163,"boardings":30555,"alightings":29609,"kind":"metro","source":"seoul_weekday_od","period":"2023-11 weekday mean","coverage":"weekday OD station margins; coverage varies by station"},"geometry":{"type":"Point","coordinates":[126.846526,37.532112]}},{"type":"Feature","properties":{"station":"역곡","station_en":"Yeokgok","line":"수도권 1호선","lines":["수도권 1호선"],"riders":60171,"boardings":30136,"alightings":30035,"kind":"metro","source":"seoul_weekday_od","period":"2023-11 weekday mean","coverage":"weekday OD station margins; coverage varies by station"},"geometry":{"type":"Point","coordinates":[126.811811,37.485219]}},{"type":"Feature","properties":{"station":"김포공항","station_en":"Gimpo Int'l Airport","line":"수도권 5호선","lines":["수도권 5호선","수도권 9호선","수도권 공항철도","수도권 김포골드라인","수도권 서해선"],"riders":60175,"boardings":32102,"alightings":28073,"kind":"metro","source":"seoul_weekday_od","period":"2023-11 weekday mean","coverage":"weekday OD station margins; coverage varies by station"},"geometry":{"type":"Point","coordinates":[126.802117,37.561941]}},{"type":"Feature","properties":{"station":"쌍문","station_en":"Ssangmun","line":"수도권 4호선","lines":["수도권 4호선"],"riders":60337,"boardings":31190,"alightings":29147,"kind":"metro","source":"seoul_weekday_od","period":"2023-11 weekday mean","coverage":"weekday OD station margins; coverage varies by station"},"geometry":{"type":"Point","coordinates":[127.034579,37.648403]}},{"type":"Feature","properties":{"station":"회현","station_en":"Hoehyeon","line":"수도권 4호선","lines":["수도권 4호선"],"riders":60452,"boardings":29538,"alightings":30914,"kind":"metro","source":"seoul_weekday_od","period":"2023-11 weekday mean","coverage":"weekday OD station margins; coverage varies by station"},"geometry":{"type":"Point","coordinates":[126.978417,37.558698]}},{"type":"Feature","properties":{"station":"화곡","station_en":"Hwagok","line":"수도권 5호선","lines":["수도권 5호선"],"riders":60787,"boardings":31342,"alightings":29445,"kind":"metro","source":"seoul_weekday_od","period":"2023-11 weekday mean","coverage":"weekday OD station margins; coverage varies by station"},"geometry":{"type":"Point","coordinates":[126.840397,37.541673]}},{"type":"Feature","properties":{"station":"금정","station_en":"Geumjeong","line":"수도권 1호선","lines":["수도권 1호선","수도권 4호선"],"riders":61475,"boardings":30431,"alightings":31044,"kind":"metro","source":"seoul_weekday_od","period":"2023-11 weekday mean","coverage":"weekday OD station margins; coverage varies by station"},"geometry":{"type":"Point","coordinates":[126.943397,37.372307]}},{"type":"Feature","properties":{"station":"강남구청","station_en":"Gangnam-gu Office","line":"수도권 7호선","lines":["수도권 7호선","수도권 수인분당선"],"riders":61613,"boardings":29051,"alightings":32562,"kind":"metro","source":"seoul_weekday_od","period":"2023-11 weekday mean","coverage":"weekday OD station margins; coverage varies by station"},"geometry":{"type":"Point","coordinates":[127.041355,37.516994]}},{"type":"Feature","properties":{"station":"미금","station_en":"Migeum","line":"수도권 수인분당선","lines":["수도권 수인분당선","수도권 신분당선"],"riders":62453,"boardings":30985,"alightings":31468,"kind":"metro","source":"seoul_weekday_od","period":"2023-11 weekday mean","coverage":"weekday OD station margins; coverage varies by station"},"geometry":{"type":"Point","coordinates":[127.108945,37.35]}},{"type":"Feature","properties":{"station":"남부터미널","station_en":"Nambu Bus Terminal","line":"수도권 3호선","lines":["수도권 3호선"],"riders":62834,"boardings":31011,"alightings":31823,"kind":"metro","source":"seoul_weekday_od","period":"2023-11 weekday mean","coverage":"weekday OD station margins; coverage varies by station"},"geometry":{"type":"Point","coordinates":[127.016345,37.484943]}},{"type":"Feature","properties":{"station":"동대문","station_en":"Dongdaemun","line":"수도권 1호선","lines":["수도권 1호선","수도권 4호선"],"riders":64865,"boardings":32190,"alightings":32675,"kind":"metro","source":"seoul_weekday_od","period":"2023-11 weekday mean","coverage":"weekday OD station margins; coverage varies by station"},"geometry":{"type":"Point","coordinates":[127.010509,37.571179]}},{"type":"Feature","properties":{"station":"반월당","station_en":"Banwoldang","line":"대구 1호선","lines":["대구 1호선","대구 2호선"],"riders":66066,"boardings":32739,"alightings":33327,"kind":"metro","source":"daegu_gates","period":"2026-06 Mon-Fri mean","coverage":"measured gates"},"geometry":{"type":"Point","coordinates":[128.593323,35.864741]}},{"type":"Feature","properties":{"station":"부천","station_en":"Bucheon","line":"수도권 1호선","lines":["수도권 1호선"],"riders":66493,"boardings":33275,"alightings":33218,"kind":"metro","source":"seoul_weekday_od","period":"2023-11 weekday mean","coverage":"weekday OD station margins; coverage varies by station"},"geometry":{"type":"Point","coordinates":[126.782735,37.48411]}},{"type":"Feature","properties":{"station":"대림","station_en":"Daerim","line":"수도권 2호선","lines":["수도권 2호선","수도권 7호선"],"riders":69051,"boardings":34076,"alightings":34975,"kind":"metro","source":"seoul_weekday_od","period":"2023-11 weekday mean","coverage":"weekday OD station margins; coverage varies by station"},"geometry":{"type":"Point","coordinates":[126.894932,37.493437]}},{"type":"Feature","properties":{"station":"압구정","station_en":"Apgujeong","line":"수도권 3호선","lines":["수도권 3호선"],"riders":69332,"boardings":33095,"alightings":36237,"kind":"metro","source":"seoul_weekday_od","period":"2023-11 weekday mean","coverage":"weekday OD station margins; coverage varies by station"},"geometry":{"type":"Point","coordinates":[127.028499,37.526185]}},{"type":"Feature","properties":{"station":"충무로","station_en":"Chungmuro","line":"수도권 3호선","lines":["수도권 3호선","수도권 4호선"],"riders":70961,"boardings":35023,"alightings":35938,"kind":"metro","source":"seoul_weekday_od","period":"2023-11 weekday mean","coverage":"weekday OD station margins; coverage varies by station"},"geometry":{"type":"Point","coordinates":[126.994109,37.561202]}},{"type":"Feature","properties":{"station":"연신내","station_en":"Yeonsinnae","line":"수도권 3호선","lines":["수도권 3호선","수도권 6호선"],"riders":71350,"boardings":36569,"alightings":34780,"kind":"metro","source":"seoul_weekday_od","period":"2023-11 weekday mean","coverage":"weekday OD station margins; coverage varies by station"},"geometry":{"type":"Point","coordinates":[126.920791,37.618927]}},{"type":"Feature","properties":{"station":"부평","station_en":"Bupyeong","line":"수도권 1호선","lines":["수도권 1호선","수도권 인천 1호선"],"riders":71617,"boardings":34954,"alightings":36663,"kind":"metro","source":"seoul_weekday_od","period":"2023-11 weekday mean","coverage":"weekday OD station margins; coverage varies by station"},"geometry":{"type":"Point","coordinates":[126.724147,37.48972]}},{"type":"Feature","properties":{"station":"수서","station_en":"Suseo","line":"수도권 3호선","lines":["수도권 3호선","수도권 수인분당선"],"riders":71645,"boardings":35367,"alightings":36278,"kind":"metro","source":"seoul_weekday_od","period":"2023-11 weekday mean","coverage":"weekday OD station margins; coverage varies by station"},"geometry":{"type":"Point","coordinates":[127.10184,37.487416]}},{"type":"Feature","properties":{"station":"명동","station_en":"Myeongdong","line":"수도권 4호선","lines":["수도권 4호선"],"riders":71766,"boardings":34627,"alightings":37138,"kind":"metro","source":"seoul_weekday_od","period":"2023-11 weekday mean","coverage":"weekday OD station margins; coverage varies by station"},"geometry":{"type":"Point","coordinates":[126.986376,37.560898]}},{"type":"Feature","properties":{"station":"디지털미디어시티","station_en":"Digital Media City","line":"수도권 6호선","lines":["수도권 6호선","수도권 경의중앙선","수도권 공항철도"],"riders":72314,"boardings":35891,"alightings":36423,"kind":"metro","source":"seoul_weekday_od","period":"2023-11 weekday mean","coverage":"weekday OD station margins; coverage varies by station"},"geometry":{"type":"Point","coordinates":[126.89987,37.577086]}},{"type":"Feature","properties":{"station":"수유","station_en":"Suyu","line":"수도권 4호선","lines":["수도권 4호선"],"riders":73083,"boardings":36480,"alightings":36603,"kind":"metro","source":"seoul_weekday_od","period":"2023-11 weekday mean","coverage":"weekday OD station margins; coverage varies by station"},"geometry":{"type":"Point","coordinates":[127.025723,37.637993]}},{"type":"Feature","properties":{"station":"천호","station_en":"Cheonho","line":"수도권 5호선","lines":["수도권 5호선","수도권 8호선"],"riders":73394,"boardings":35442,"alightings":37951,"kind":"metro","source":"seoul_weekday_od","period":"2023-11 weekday mean","coverage":"weekday OD station margins; coverage varies by station"},"geometry":{"type":"Point","coordinates":[127.123402,37.538522]}},{"type":"Feature","properties":{"station":"노량진","station_en":"Noryangjin","line":"수도권 1호선","lines":["수도권 1호선","수도권 9호선"],"riders":74123,"boardings":37222,"alightings":36901,"kind":"metro","source":"seoul_weekday_od","period":"2023-11 weekday mean","coverage":"weekday OD station margins; coverage varies by station"},"geometry":{"type":"Point","coordinates":[126.941806,37.513926]}},{"type":"Feature","properties":{"station":"광화문","station_en":"Gwanghwamun","line":"수도권 5호선","lines":["수도권 5호선"],"riders":75829,"boardings":36837,"alightings":38992,"kind":"metro","source":"seoul_weekday_od","period":"2023-11 weekday mean","coverage":"weekday OD station margins; coverage varies by station"},"geometry":{"type":"Point","coordinates":[126.976903,37.571616]}},{"type":"Feature","properties":{"station":"동대문역사문화공원","station_en":"Dongdaemun History & Culture Park Station","line":"수도권 2호선","lines":["수도권 2호선","수도권 4호선","수도권 5호선"],"riders":76216,"boardings":37512,"alightings":38705,"kind":"metro","source":"seoul_weekday_od","period":"2023-11 weekday mean","coverage":"weekday OD station margins; coverage varies by station"},"geometry":{"type":"Point","coordinates":[127.007476,37.56481]}},{"type":"Feature","properties":{"station":"왕십리","station_en":"Wangsimni","line":"수도권 2호선","lines":["수도권 2호선","수도권 5호선","수도권 경의중앙선","수도권 수인분당선"],"riders":76748,"boardings":39245,"alightings":37503,"kind":"metro","source":"seoul_weekday_od","period":"2023-11 weekday mean","coverage":"weekday OD station margins; coverage varies by station"},"geometry":{"type":"Point","coordinates":[127.037809,37.561502]}},{"type":"Feature","properties":{"station":"용산","station_en":"Yongsan","line":"수도권 1호선","lines":["수도권 1호선","수도권 경의중앙선"],"riders":77762,"boardings":38513,"alightings":39250,"kind":"metro","source":"seoul_weekday_od","period":"2023-11 weekday mean","coverage":"weekday OD station margins; coverage varies by station"},"geometry":{"type":"Point","coordinates":[126.964827,37.529953]}},{"type":"Feature","properties":{"station":"신사","station_en":"Sinsa","line":"수도권 3호선","lines":["수도권 3호선","수도권 신분당선"],"riders":78916,"boardings":38829,"alightings":40087,"kind":"metro","source":"seoul_weekday_od","period":"2023-11 weekday mean","coverage":"weekday OD station margins; coverage varies by station"},"geometry":{"type":"Point","coordinates":[127.019516,37.516109]}},{"type":"Feature","properties":{"station":"을지로3가","station_en":"Euljiro 3(sam)-ga","line":"수도권 2호선","lines":["수도권 2호선","수도권 3호선"],"riders":79515,"boardings":39731,"alightings":39784,"kind":"metro","source":"seoul_weekday_od","period":"2023-11 weekday mean","coverage":"weekday OD station margins; coverage varies by station"},"geometry":{"type":"Point","coordinates":[126.992531,37.566336]}},{"type":"Feature","properties":{"station":"청량리","station_en":"Cheongnyangni","line":"수도권 1호선","lines":["수도권 1호선","수도권 경의중앙선","수도권 경춘선","수도권 수인분당선"],"riders":79685,"boardings":39645,"alightings":40040,"kind":"metro","source":"seoul_weekday_od","period":"2023-11 weekday mean","coverage":"weekday OD station margins; coverage varies by station"},"geometry":{"type":"Point","coordinates":[127.04735,37.580441]}},{"type":"Feature","properties":{"station":"혜화","station_en":"Hyehwa","line":"수도권 4호선","lines":["수도권 4호선"],"riders":79920,"boardings":39971,"alightings":39949,"kind":"metro","source":"seoul_weekday_od","period":"2023-11 weekday mean","coverage":"weekday OD station margins; coverage varies by station"},"geometry":{"type":"Point","coordinates":[127.001953,37.582138]}},{"type":"Feature","properties":{"station":"영등포","station_en":"Yeongdeungpo","line":"수도권 1호선","lines":["수도권 1호선"],"riders":81631,"boardings":40258,"alightings":41373,"kind":"metro","source":"seoul_weekday_od","period":"2023-11 weekday mean","coverage":"weekday OD station margins; coverage varies by station"},"geometry":{"type":"Point","coordinates":[126.906935,37.515363]}},{"type":"Feature","properties":{"station":"판교","station_en":"Pangyo","line":"수도권 경강선","lines":["수도권 경강선","수도권 신분당선"],"riders":82074,"boardings":40800,"alightings":41274,"kind":"metro","source":"seoul_weekday_od","period":"2023-11 weekday mean","coverage":"weekday OD station margins; coverage varies by station"},"geometry":{"type":"Point","coordinates":[127.11136,37.394727]}},{"type":"Feature","properties":{"station":"당산","station_en":"Dangsan","line":"수도권 2호선","lines":["수도권 2호선","수도권 9호선"],"riders":85131,"boardings":40616,"alightings":44515,"kind":"metro","source":"seoul_weekday_od","period":"2023-11 weekday mean","coverage":"weekday OD station margins; coverage varies by station"},"geometry":{"type":"Point","coordinates":[126.902478,37.534596]}},{"type":"Feature","properties":{"station":"신촌","station_en":"Sinchon","line":"수도권 2호선","lines":["수도권 2호선","수도권 경의중앙선"],"riders":85187,"boardings":41996,"alightings":43191,"kind":"metro","source":"seoul_weekday_od","period":"2023-11 weekday mean","coverage":"weekday OD station margins; coverage varies by station"},"geometry":{"type":"Point","coordinates":[126.939633,37.557467]}},{"type":"Feature","properties":{"station":"종각","station_en":"Jonggak","line":"수도권 1호선","lines":["수도권 1호선"],"riders":85307,"boardings":42791,"alightings":42516,"kind":"metro","source":"seoul_weekday_od","period":"2023-11 weekday mean","coverage":"weekday OD station margins; coverage varies by station"},"geometry":{"type":"Point","coordinates":[126.983183,37.570175]}},{"type":"Feature","properties":{"station":"신논현","station_en":"Sinnonhyeon","line":"수도권 9호선","lines":["수도권 9호선","수도권 신분당선"],"riders":87075,"boardings":44000,"alightings":43074,"kind":"metro","source":"seoul_weekday_od","period":"2023-11 weekday mean","coverage":"weekday OD station margins; coverage varies by station"},"geometry":{"type":"Point","coordinates":[127.024531,37.504322]}},{"type":"Feature","properties":{"station":"노원","station_en":"Nowon","line":"수도권 4호선","lines":["수도권 4호선","수도권 7호선"],"riders":87379,"boardings":41594,"alightings":45786,"kind":"metro","source":"seoul_weekday_od","period":"2023-11 weekday mean","coverage":"weekday OD station margins; coverage varies by station"},"geometry":{"type":"Point","coordinates":[127.061987,37.655478]}},{"type":"Feature","properties":{"station":"성수","station_en":"Seongsu","line":"수도권 2호선","lines":["수도권 2호선"],"riders":90384,"boardings":43177,"alightings":47207,"kind":"metro","source":"seoul_weekday_od","period":"2023-11 weekday mean","coverage":"weekday OD station margins; coverage varies by station"},"geometry":{"type":"Point","coordinates":[127.056102,37.544569]}},{"type":"Feature","properties":{"station":"공덕","station_en":"Gongdeok","line":"수도권 5호선","lines":["수도권 5호선","수도권 6호선","수도권 경의중앙선","수도권 공항철도"],"riders":90493,"boardings":44982,"alightings":45510,"kind":"metro","source":"seoul_weekday_od","period":"2023-11 weekday mean","coverage":"weekday OD station margins; coverage varies by station"},"geometry":{"type":"Point","coordinates":[126.950806,37.543654]}},{"type":"Feature","properties":{"station":"수원","station_en":"Suwon","line":"수도권 1호선","lines":["수도권 1호선","수도권 수인분당선"],"riders":94109,"boardings":46303,"alightings":47806,"kind":"metro","source":"seoul_weekday_od","period":"2023-11 weekday mean","coverage":"weekday OD station margins; coverage varies by station"},"geometry":{"type":"Point","coordinates":[126.99991,37.26581]}},{"type":"Feature","properties":{"station":"합정","station_en":"Hapjeong","line":"수도권 2호선","lines":["수도권 2호선","수도권 6호선"],"riders":95011,"boardings":46327,"alightings":48684,"kind":"metro","source":"seoul_weekday_od","period":"2023-11 weekday mean","coverage":"weekday OD station margins; coverage varies by station"},"geometry":{"type":"Point","coordinates":[126.913656,37.549356]}},{"type":"Feature","properties":{"station":"서울대입구","station_en":"Seoul Nat'l Univ.","line":"수도권 2호선","lines":["수도권 2호선"],"riders":98166,"boardings":49793,"alightings":48372,"kind":"metro","source":"seoul_weekday_od","period":"2023-11 weekday mean","coverage":"weekday OD station margins; coverage varies by station"},"geometry":{"type":"Point","coordinates":[126.952715,37.481223]}},{"type":"Feature","properties":{"station":"종로3가","station_en":"Jongno 3(sam)-ga","line":"수도권 1호선","lines":["수도권 1호선","수도권 3호선","수도권 5호선"],"riders":101271,"boardings":51184,"alightings":50087,"kind":"metro","source":"seoul_weekday_od","period":"2023-11 weekday mean","coverage":"weekday OD station margins; coverage varies by station"},"geometry":{"type":"Point","coordinates":[126.9915,37.571493]}},{"type":"Feature","properties":{"station":"건대입구","station_en":"Konkuk Univ.","line":"수도권 2호선","lines":["수도권 2호선","수도권 7호선"],"riders":103619,"boardings":50616,"alightings":53003,"kind":"metro","source":"seoul_weekday_od","period":"2023-11 weekday mean","coverage":"weekday OD station margins; coverage varies by station"},"geometry":{"type":"Point","coordinates":[127.070864,37.540444]}},{"type":"Feature","properties":{"station":"을지로입구","station_en":"Euljiro 1(il)-ga","line":"수도권 2호선","lines":["수도권 2호선"],"riders":105988,"boardings":51971,"alightings":54018,"kind":"metro","source":"seoul_weekday_od","period":"2023-11 weekday mean","coverage":"weekday OD station margins; coverage varies by station"},"geometry":{"type":"Point","coordinates":[126.982617,37.565949]}},{"type":"Feature","properties":{"station":"교대","station_en":"Seoul Nat'l Univ. of Education","line":"수도권 2호선","lines":["수도권 2호선","수도권 3호선"],"riders":106836,"boardings":53524,"alightings":53312,"kind":"metro","source":"seoul_weekday_od","period":"2023-11 weekday mean","coverage":"weekday OD station margins; coverage varies by station"},"geometry":{"type":"Point","coordinates":[127.013702,37.493659]}},{"type":"Feature","properties":{"station":"양재","station_en":"Yangjae","line":"수도권 3호선","lines":["수도권 3호선","수도권 신분당선"],"riders":107546,"boardings":51170,"alightings":56376,"kind":"metro","source":"seoul_weekday_od","period":"2023-11 weekday mean","coverage":"weekday OD station margins; coverage varies by station"},"geometry":{"type":"Point","coordinates":[127.034497,37.484053]}},{"type":"Feature","properties":{"station":"신도림","station_en":"Sindorim","line":"수도권 1호선","lines":["수도권 1호선","수도권 2호선"],"riders":112499,"boardings":56838,"alightings":55661,"kind":"metro","source":"seoul_weekday_od","period":"2023-11 weekday mean","coverage":"weekday OD station margins; coverage varies by station"},"geometry":{"type":"Point","coordinates":[126.891446,37.509036]}},{"type":"Feature","properties":{"station":"신림","station_en":"Sillim","line":"수도권 2호선","lines":["수도권 2호선","수도권 신림선"],"riders":116200,"boardings":58987,"alightings":57213,"kind":"metro","source":"seoul_weekday_od","period":"2023-11 weekday mean","coverage":"weekday OD station margins; coverage varies by station"},"geometry":{"type":"Point","coordinates":[126.929645,37.484445]}},{"type":"Feature","properties":{"station":"시청","station_en":"City Hall","line":"수도권 1호선","lines":["수도권 1호선","수도권 2호선"],"riders":117134,"boardings":59285,"alightings":57849,"kind":"metro","source":"seoul_weekday_od","period":"2023-11 weekday mean","coverage":"weekday OD station margins; coverage varies by station"},"geometry":{"type":"Point","coordinates":[126.97595,37.564405]}},{"type":"Feature","properties":{"station":"구로디지털단지","station_en":"Guro Digital Complex","line":"수도권 2호선","lines":["수도권 2호선"],"riders":124821,"boardings":62562,"alightings":62259,"kind":"metro","source":"seoul_weekday_od","period":"2023-11 weekday mean","coverage":"weekday OD station margins; coverage varies by station"},"geometry":{"type":"Point","coordinates":[126.901592,37.485276]}},{"type":"Feature","properties":{"station":"역삼","station_en":"Yeoksam","line":"수도권 2호선","lines":["수도권 2호선"],"riders":125350,"boardings":58317,"alightings":67033,"kind":"metro","source":"seoul_weekday_od","period":"2023-11 weekday mean","coverage":"weekday OD station margins; coverage varies by station"},"geometry":{"type":"Point","coordinates":[127.03696,37.500822]}},{"type":"Feature","properties":{"station":"삼성","station_en":"Samseong","line":"수도권 2호선","lines":["수도권 2호선"],"riders":125622,"boardings":61969,"alightings":63653,"kind":"metro","source":"seoul_weekday_od","period":"2023-11 weekday mean","coverage":"weekday OD station margins; coverage varies by station"},"geometry":{"type":"Point","coordinates":[127.063143,37.50884]}},{"type":"Feature","properties":{"station":"여의도","station_en":"Yeouido","line":"수도권 5호선","lines":["수도권 5호선","수도권 9호선"],"riders":133462,"boardings":66467,"alightings":66995,"kind":"metro","source":"seoul_weekday_od","period":"2023-11 weekday mean","coverage":"weekday OD station margins; coverage varies by station"},"geometry":{"type":"Point","coordinates":[126.924302,37.521668]}},{"type":"Feature","properties":{"station":"서면","station_en":"Seomyeon","line":"부산 1호선","lines":["부산 1호선","부산 2호선"],"riders":135851,"boardings":65094,"alightings":70757,"kind":"metro","source":"busan_gates","period":"2026-07 Mon-Fri mean","coverage":"measured gates"},"geometry":{"type":"Point","coordinates":[129.05932,35.158011]}},{"type":"Feature","properties":{"station":"사당","station_en":"Sadang","line":"수도권 2호선","lines":["수도권 2호선","수도권 4호선"],"riders":137504,"boardings":68505,"alightings":69000,"kind":"metro","source":"seoul_weekday_od","period":"2023-11 weekday mean","coverage":"weekday OD station margins; coverage varies by station"},"geometry":{"type":"Point","coordinates":[126.981668,37.476583]}},{"type":"Feature","properties":{"station":"가산디지털단지","station_en":"Gasan Digital Complex","line":"수도권 1호선","lines":["수도권 1호선","수도권 7호선"],"riders":141648,"boardings":69227,"alightings":72421,"kind":"metro","source":"seoul_weekday_od","period":"2023-11 weekday mean","coverage":"weekday OD station margins; coverage varies by station"},"geometry":{"type":"Point","coordinates":[126.88288,37.480454]}},{"type":"Feature","properties":{"station":"고속터미널","station_en":"Express Bus Terminal","line":"수도권 3호선","lines":["수도권 3호선","수도권 7호선","수도권 9호선"],"riders":149724,"boardings":75022,"alightings":74703,"kind":"metro","source":"seoul_weekday_od","period":"2023-11 weekday mean","coverage":"weekday OD station margins; coverage varies by station"},"geometry":{"type":"Point","coordinates":[127.004922,37.505037]}},{"type":"Feature","properties":{"station":"선릉","station_en":"Seolleung","line":"수도권 2호선","lines":["수도권 2호선","수도권 수인분당선"],"riders":159579,"boardings":79557,"alightings":80022,"kind":"metro","source":"seoul_weekday_od","period":"2023-11 weekday mean","coverage":"weekday OD station margins; coverage varies by station"},"geometry":{"type":"Point","coordinates":[127.048951,37.504475]}},{"type":"Feature","properties":{"station":"홍대입구","station_en":"Hongik Univ.","line":"수도권 2호선","lines":["수도권 2호선","수도권 경의중앙선","수도권 공항철도"],"riders":164284,"boardings":79981,"alightings":84302,"kind":"metro","source":"seoul_weekday_od","period":"2023-11 weekday mean","coverage":"weekday OD station margins; coverage varies by station"},"geometry":{"type":"Point","coordinates":[126.925754,37.557108]}},{"type":"Feature","properties":{"station":"잠실","station_en":"Jamsil","line":"수도권 2호선","lines":["수도권 2호선","수도권 8호선"],"riders":190741,"boardings":93308,"alightings":97433,"kind":"metro","source":"seoul_weekday_od","period":"2023-11 weekday mean","coverage":"weekday OD station margins; coverage varies by station"},"geometry":{"type":"Point","coordinates":[127.100137,37.513217]}},{"type":"Feature","properties":{"station":"서울역","station_en":"Seoul Station","line":"수도권 1호선","lines":["수도권 1호선","수도권 4호선","수도권 경의중앙선","수도권 공항철도"],"riders":191276,"boardings":96245,"alightings":95031,"kind":"metro","source":"seoul_weekday_od","period":"2023-11 weekday mean","coverage":"weekday OD station margins; coverage varies by station"},"geometry":{"type":"Point","coordinates":[126.971826,37.553803]}},{"type":"Feature","properties":{"station":"강남","station_en":"Gangnam","line":"수도권 2호선","lines":["수도권 2호선","수도권 신분당선"],"riders":209650,"boardings":102762,"alightings":106888,"kind":"metro","source":"seoul_weekday_od","period":"2023-11 weekday mean","coverage":"weekday OD station margins; coverage varies by station"},"geometry":{"type":"Point","coordinates":[127.027912,37.497206]}}],"report":{"stations":887,"seoul":{"stations":625,"boardings":8416164.121611018,"alightings":8416164.121611018,"source":"seoulriders/data/od_hourly.npz and stations.json"},"busan":{"days":23,"gate_platforms":112,"boardings":951453.3043478262,"alightings":949643.6521739131,"destination_scale":1.0019056118258365,"stations":108},"daejeon":{"days":23,"boardings":110650.82608695653,"alightings":110251.82608695651,"destination_scale":1.0036189876772228,"stations":22},"gwangju":{"days":23,"boardings":51755.86956521739,"alightings":50262.565217391304,"destination_scale":1.0297100703349973,"stations":20},"daegu":{"days":22,"boardings":442378.63636363635,"alightings":438434.6818181819,"destination_scale":1.0089955350454918,"stations":91},"busan_gimhae":{"days":23,"boardings":51347.391304347824,"alightings":50939.130434782615,"destination_scale":1.0080146807784225,"stations":21}}}