{"type": "FeatureCollection", "year": 2023, "features": [{"type": "Feature", "properties": {"line": "강릉선", "from": "서원주", "to": "만종", "km": 5.373, "down": 2045965, "up": 2066133, "daily": 11266, "density": 11266}, "geometry": {"type": "LineString", "coordinates": [[127.83954, 37.348568], [127.839917, 37.348317], [127.841403, 37.347337], [127.841863, 37.34701], [127.842217, 37.346718], [127.843048, 37.346199], [127.843261, 37.346054], [127.843798, 37.3457], [127.84445, 37.345246], [127.845295, 37.344698], [127.845733, 37.344426], [127.845797, 37.344387], [127.846181, 37.344151], [127.847161, 37.343557], [127.847849, 37.343176], [127.84841, 37.342943], [127.849126, 37.342737], [127.849179, 37.342722], [127.849231, 37.342709], [127.849906, 37.342545], [127.850323, 37.342494], [127.850716, 37.342451], [127.851864, 37.342383], [127.853221, 37.342365], [127.853666, 37.342373], [127.85953, 37.342345], [127.860297, 37.342341], [127.863315, 37.342319], [127.863458, 37.342321], [127.863775, 37.342326], [127.864804, 37.34228], [127.8652, 37.342273], [127.867329, 37.342259], [127.868957, 37.342322], [127.869267, 37.342355], [127.869524, 37.342406], [127.870187, 37.342567], [127.873382, 37.343392], [127.874877, 37.343798], [127.876566, 37.344346], [127.877724, 37.344722], [127.879902, 37.34543], [127.88058, 37.34571], [127.882326, 37.346406], [127.885217, 37.347946], [127.885725, 37.3483], [127.886904, 37.349124], [127.887843, 37.349822], [127.890413, 37.351714], [127.890663, 37.351918], [127.891047, 37.352283], [127.892237, 37.35331], [127.892791, 37.353737], [127.893089, 37.353967]]}}, {"type": "Feature", "properties": {"line": "강릉선", "from": "만종", "to": "횡성", "km": 18.401, "down": 1728240, "up": 1723822, "daily": 9458, "density": 9458}, "geometry": {"type": "LineString", "coordinates": [[127.893089, 37.353967], [127.894122, 37.354764], [127.895239, 37.355652], [127.89599, 37.356239], [127.896361, 37.356534], [127.897055, 37.357083], [127.89831, 37.358036], [127.899168, 37.358636], [127.899434, 37.358801], [127.900179, 37.359242], [127.900914, 37.359604], [127.901578, 37.359907], [127.90367, 37.360775], [127.905584, 37.361571], [127.907276, 37.362295], [127.907881, 37.362542], [127.909729, 37.363298], [127.911488, 37.364011], [127.912552, 37.364457], [127.913298, 37.36477], [127.914505, 37.36528], [127.914698, 37.365367], [127.915318, 37.365645], [127.916567, 37.366247], [127.916846, 37.366404], [127.918001, 37.367055], [127.918461, 37.367349], [127.920473, 37.368708], [127.921879, 37.369648], [127.922925, 37.370535], [127.92391, 37.371961], [127.927153, 37.378843], [127.928063, 37.381166], [127.928365, 37.381937], [127.928549, 37.382415], [127.929561, 37.384793], [127.930228, 37.386363], [127.931547, 37.389464], [127.932444, 37.39161], [127.933964, 37.395249], [127.934252, 37.395935], [127.934452, 37.396399], [127.934658, 37.396823], [127.934915, 37.3973], [127.935205, 37.397802], [127.935519, 37.39832], [127.936096, 37.39928], [127.936642, 37.400086], [127.937001, 37.400569], [127.937566, 37.401217], [127.937718, 37.401398], [127.939512, 37.403542], [127.939773, 37.403856], [127.940018, 37.404122], [127.940248, 37.404361], [127.940514, 37.404627], [127.940727, 37.404846], [127.941723, 37.405711], [127.942358, 37.406248], [127.943825, 37.407435], [127.944069, 37.407657], [127.944377, 37.40794], [127.945208, 37.408695], [127.945433, 37.40889], [127.946399, 37.409728], [127.947829, 37.410969], [127.949022, 37.412004], [127.949525, 37.412441], [127.950867, 37.413595], [127.951537, 37.414177], [127.953158, 37.415576], [127.954027, 37.416334], [127.955501, 37.417621], [127.956137, 37.418177], [127.959147, 37.420842], [127.959893, 37.421519], [127.960301, 37.42187], [127.961333, 37.422728], [127.96275, 37.423972], [127.963564, 37.424521], [127.964093, 37.424878], [127.965409, 37.425821], [127.974357, 37.431027], [127.975512, 37.431805], [127.976541, 37.432666], [127.977688, 37.433671], [127.977983, 37.43391], [127.978706, 37.434495], [127.979038, 37.4348], [127.97983, 37.435658], [127.980472, 37.436543], [127.981345, 37.437602], [127.982219, 37.438851], [127.983203, 37.440654], [127.98338, 37.440973], [127.983629, 37.441453], [127.983713, 37.44163], [127.983777, 37.44182], [127.983823, 37.441958], [127.98434, 37.443472], [127.984433, 37.44375], [127.984554, 37.444106], [127.984609, 37.444289], [127.984651, 37.444489], [127.984745, 37.445002], [127.984801, 37.445302], [127.985006, 37.446409], [127.985424, 37.448669], [127.986448, 37.45377], [127.986511, 37.454035], [127.987325, 37.457335], [127.988111, 37.460396], [127.98833, 37.461209], [127.988701, 37.462456], [127.989052, 37.463394], [127.989438, 37.464281], [127.989917, 37.465241], [127.990425, 37.466036], [127.990986, 37.46674], [127.991532, 37.467424], [127.9921, 37.468145], [127.994738, 37.471326], [127.99527, 37.471967], [127.99551, 37.472186], [127.995882, 37.472512], [127.99629, 37.47287], [127.997777, 37.47412], [128.003028, 37.477663], [128.003421, 37.477914], [128.005577, 37.479457], [128.006472, 37.480127], [128.006613, 37.480232], [128.007018, 37.480496], [128.01046, 37.482829]]}}, {"type": "Feature", "properties": {"line": "강릉선", "from": "횡성", "to": "둔내", "km": 20.312, "down": 1642139, "up": 1639887, "daily": 8992, "density": 8992}, "geometry": {"type": "LineString", "coordinates": [[128.01046, 37.482829], [128.011458, 37.483505], [128.011734, 37.483685], [128.012268, 37.484051], [128.012782, 37.484403], [128.014878, 37.485731], [128.015207, 37.485934], [128.0188, 37.488437], [128.021889, 37.490548], [128.022519, 37.490966], [128.0252, 37.492748], [128.026712, 37.493775], [128.028605, 37.495066], [128.032696, 37.497853], [128.034427, 37.49906], [128.036256, 37.500271], [128.036726, 37.500587], [128.037131, 37.500858], [128.042442, 37.504349], [128.045541, 37.506001], [128.049822, 37.507872], [128.053319, 37.509113], [128.063029, 37.511567], [128.063368, 37.511662], [128.064582, 37.511979], [128.065547, 37.512223], [128.102165, 37.52263], [128.105489, 37.523554], [128.111002, 37.525086], [128.111998, 37.525374], [128.112937, 37.525647], [128.115178, 37.526113], [128.117852, 37.526511], [128.120536, 37.526649], [128.125142, 37.526512], [128.129726, 37.526299], [128.134913, 37.525839], [128.138793, 37.525452], [128.14175, 37.525075], [128.146665, 37.52438], [128.153772, 37.523157], [128.15882, 37.521614], [128.16479, 37.519798], [128.167506, 37.518811], [128.203305, 37.508027], [128.205031, 37.507677], [128.206162, 37.507627], [128.206317, 37.50762], [128.207271, 37.507685], [128.208207, 37.507839], [128.208559, 37.507902], [128.215479, 37.509137], [128.215919, 37.509216], [128.216347, 37.509292], [128.221259, 37.510071]]}}, {"type": "Feature", "properties": {"line": "강릉선", "from": "둔내", "to": "평창", "km": 19.994, "down": 1591370, "up": 1591331, "daily": 8720, "density": 8720}, "geometry": {"type": "LineString", "coordinates": [[128.221259, 37.510071], [128.221934, 37.510178], [128.225175, 37.510692], [128.226533, 37.510888], [128.226806, 37.510917], [128.228025, 37.51112], [128.240406, 37.512998], [128.240443, 37.513008], [128.240562, 37.51304], [128.242108, 37.513458], [128.242792, 37.513689], [128.244095, 37.514216], [128.246098, 37.515145], [128.248921, 37.516631], [128.25264, 37.518729], [128.27581, 37.53251], [128.300701, 37.547551], [128.30731, 37.5512], [128.315442, 37.553437], [128.327189, 37.55576], [128.327396, 37.555803], [128.328475, 37.556014], [128.33318, 37.556929], [128.338792, 37.55802], [128.340288, 37.558307], [128.341935, 37.558633], [128.342594, 37.558769], [128.344696, 37.559165], [128.344971, 37.559216], [128.345631, 37.559333], [128.345858, 37.559373], [128.346985, 37.559573], [128.347766, 37.559686], [128.350368, 37.560122], [128.351603, 37.560263], [128.352929, 37.56031], [128.355089, 37.56025], [128.355939, 37.560215], [128.356558, 37.560189], [128.360169, 37.560041], [128.36201, 37.559965], [128.36419, 37.559875], [128.366485, 37.559795], [128.367925, 37.559783], [128.369365, 37.559771], [128.372291, 37.559831], [128.376192, 37.560055], [128.380028, 37.560478], [128.386253, 37.561551], [128.388424, 37.561979], [128.393059, 37.56281], [128.394601, 37.563014], [128.39834, 37.563206], [128.398631, 37.563211], [128.401458, 37.563276], [128.40237, 37.563293], [128.426021, 37.562178], [128.426665, 37.562139], [128.430037, 37.561992]]}}, {"type": "Feature", "properties": {"line": "강릉선", "from": "평창", "to": "진부", "km": 16.277, "down": 1500690, "up": 1506204, "daily": 8238, "density": 8238}, "geometry": {"type": "LineString", "coordinates": [[128.430037, 37.561992], [128.434591, 37.561794], [128.434891, 37.561772], [128.436212, 37.561721], [128.436846, 37.561692], [128.4391, 37.561588], [128.442197, 37.561645], [128.457218, 37.562172], [128.45935, 37.56236], [128.461319, 37.562742], [128.463428, 37.563279], [128.465635, 37.563959], [128.467175, 37.56461], [128.468802, 37.565417], [128.476701, 37.570557], [128.491357, 37.580676], [128.499118, 37.585875], [128.513361, 37.595875], [128.514401, 37.596651], [128.520264, 37.601024], [128.521066, 37.601555], [128.523738, 37.603325], [128.524609, 37.603816], [128.526364, 37.604806], [128.531606, 37.607515], [128.532076, 37.60775], [128.534346, 37.608824], [128.535054, 37.609139], [128.538032, 37.610548], [128.540774, 37.611825], [128.546299, 37.614674], [128.546565, 37.614805], [128.546801, 37.61492], [128.547501, 37.615318], [128.548057, 37.615639], [128.548765, 37.616087], [128.550608, 37.617349], [128.551597, 37.618136], [128.552585, 37.618982], [128.554507, 37.62074], [128.555754, 37.622071], [128.55624, 37.622668], [128.55752, 37.624036], [128.558488, 37.625085], [128.562628, 37.629563], [128.563397, 37.630393], [128.563701, 37.63072], [128.564288, 37.631353], [128.566129, 37.63336], [128.567569, 37.634835], [128.568464, 37.635751], [128.56859, 37.63588], [128.570024, 37.637498], [128.571552, 37.639075], [128.572113, 37.639654], [128.572442, 37.639993], [128.572793, 37.640378], [128.573412, 37.641056], [128.574642, 37.642402], [128.574803, 37.64258]]}}, {"type": "Feature", "properties": {"line": "강릉선", "from": "진부", "to": "강릉", "km": 40.15, "down": 1357313, "up": 1363175, "daily": 7453, "density": 7453}, "geometry": {"type": "LineString", "coordinates": [[128.574803, 37.64258], [128.57549, 37.643341], [128.576989, 37.644993], [128.577218, 37.645255], [128.578897, 37.647115], [128.582398, 37.650824], [128.583732, 37.65221], [128.584293, 37.652832], [128.584854, 37.653453], [128.585585, 37.654209], [128.589841, 37.658155], [128.594705, 37.661459], [128.599362, 37.663922], [128.604694, 37.666131], [128.608546, 37.667201], [128.614918, 37.668339], [128.656761, 37.674827], [128.681373, 37.680159], [128.694183, 37.682842], [128.69806, 37.683639], [128.707, 37.685474], [128.709331, 37.685952], [128.710429, 37.686281], [128.719042, 37.688854], [128.77276, 37.706959], [128.794317, 37.715205], [128.811314, 37.722459], [128.811929, 37.722661], [128.812788, 37.722933], [128.813847, 37.723226], [128.815213, 37.723608], [128.81533, 37.723641], [128.817222, 37.72404], [128.822747, 37.7246], [128.827847, 37.724869], [128.83205, 37.724514], [128.83842, 37.723148], [128.839638, 37.722783], [128.840003, 37.722679], [128.851515, 37.720008], [128.855271, 37.719272], [128.858168, 37.719101], [128.86106, 37.719019], [128.862351, 37.719017], [128.863223, 37.71902], [128.863866, 37.719129], [128.864593, 37.71919], [128.86528, 37.719208], [128.86763, 37.719162], [128.874409, 37.719335], [128.876322, 37.719424], [128.881039, 37.719512], [128.883159, 37.719583], [128.883856, 37.719604], [128.884338, 37.719618], [128.885518, 37.719654], [128.887721, 37.719738], [128.894929, 37.720092], [128.897422, 37.720219], [128.898314, 37.720255], [128.898525, 37.720264], [128.898647, 37.720269], [128.899784, 37.720315], [128.899864, 37.720318], [128.900409, 37.720341], [128.900901, 37.720347], [128.901744, 37.720335], [128.902451, 37.720318], [128.902598, 37.720314], [128.9033, 37.720296], [128.904896, 37.720225], [128.906972, 37.720088], [128.907816, 37.720022], [128.908901, 37.719936], [128.91079, 37.719785], [128.912808, 37.719627], [128.913679, 37.719559], [128.914012, 37.719533], [128.916487, 37.719339], [128.917278, 37.719277], [128.918144, 37.719209], [128.919453, 37.719106], [128.920273, 37.719087], [128.92112, 37.719088], [128.921661, 37.719118], [128.922229, 37.719178], [128.922964, 37.719271], [128.923672, 37.719447], [128.924058, 37.719575], [128.924945, 37.719945], [128.925417, 37.720187], [128.925872, 37.720451], [128.926097, 37.720592], [128.926555, 37.720959], [128.927011, 37.72134], [128.927321, 37.721632], [128.927665, 37.722011], [128.928013, 37.722513], [128.928305, 37.722991], [128.92876, 37.724031], [128.928926, 37.724443], [128.929231, 37.7252], [128.929631, 37.726274], [128.929835, 37.726764], [128.930881, 37.729328], [128.931912, 37.731945], [128.932163, 37.732864], [128.932248, 37.733508], [128.932257, 37.734198], [128.932115, 37.735031], [128.931757, 37.735939], [128.931441, 37.736565], [128.93111, 37.737035], [128.930399, 37.73783], [128.929309, 37.738668], [128.928466, 37.739156], [128.924541, 37.740932], [128.92064, 37.742712], [128.920367, 37.742849], [128.919216, 37.74331], [128.918381, 37.743705], [128.917902, 37.743917], [128.917249, 37.744222], [128.916498, 37.744522], [128.915553, 37.744943], [128.915241, 37.745093], [128.914511, 37.745459], [128.913655, 37.745915], [128.912914, 37.746252], [128.912303, 37.74653], [128.912124, 37.746605], [128.911448, 37.746907], [128.911064, 37.747071], [128.910868, 37.747149], [128.910479, 37.747261], [128.910251, 37.747325], [128.909457, 37.74752], [128.908709, 37.747677], [128.907724, 37.7479], [128.907121, 37.748019], [128.906764, 37.74814], [128.906354, 37.748298], [128.906002, 37.748432], [128.905608, 37.748632], [128.905265, 37.748829], [128.905029, 37.748988], [128.904766, 37.749194], [128.904238, 37.749664], [128.903492, 37.750326], [128.902265, 37.751537], [128.900874, 37.752803], [128.900603, 37.753047], [128.900174, 37.753439], [128.900061, 37.753552], [128.899037, 37.754476], [128.898886, 37.75461], [128.897814, 37.755594], [128.897614, 37.755804], [128.897004, 37.756347], [128.896223, 37.757072], [128.89611, 37.757174], [128.895917, 37.757375], [128.895743, 37.757585], [128.895542, 37.757891], [128.895405, 37.758137], [128.89523, 37.758563], [128.895158, 37.758805], [128.895131, 37.758913], [128.895094, 37.75914], [128.89507, 37.75942], [128.895075, 37.759727], [128.895115, 37.760024], [128.895142, 37.760155], [128.895185, 37.760317], [128.895269, 37.760528], [128.895373, 37.760781], [128.895454, 37.760934], [128.895555, 37.761097], [128.895678, 37.761283], [128.895823, 37.761468], [128.896022, 37.761682], [128.896212, 37.761869], [128.896478, 37.7621], [128.896985, 37.762472], [128.897233, 37.762672], [128.897377, 37.762803], [128.897584, 37.762967], [128.897722, 37.763112], [128.898092, 37.7635], [128.898864, 37.76411], [128.899098, 37.764305]]}}, {"type": "Feature", "properties": {"line": "경부고속선", "from": "서울", "to": "광명", "km": 21.857, "down": 17553498, "up": 17532786, "daily": 96127, "density": 96127, "through": 9}, "geometry": {"type": "LineString", "coordinates": [[126.970458, 37.553774], [126.970473, 37.552352], [126.970487, 37.55135], [126.970476, 37.551222], [126.97047, 37.550956], [126.970468, 37.550744], [126.970478, 37.550513], [126.970496, 37.550347], [126.970538, 37.550114], [126.970601, 37.549855], [126.970674, 37.549611], [126.970755, 37.549292], [126.970856, 37.548981], [126.970876, 37.548918], [126.970943, 37.548699], [126.970997, 37.548484], [126.971044, 37.548218], [126.971068, 37.547988], [126.971086, 37.547704], [126.97109, 37.547413], [126.971092, 37.546769], [126.97109, 37.546569], [126.971096, 37.546142], [126.971096, 37.545481], [126.9711, 37.545187], [126.971102, 37.545078], [126.971107, 37.544866], [126.971113, 37.542821], [126.971111, 37.541886], [126.97111, 37.541709], [126.97111, 37.541606], [126.971115, 37.540942], [126.97112, 37.540536], [126.971127, 37.539943], [126.971119, 37.538395], [126.971078, 37.537744], [126.971039, 37.537302], [126.970988, 37.536881], [126.970943, 37.536513], [126.970877, 37.536167], [126.970838, 37.536008], [126.970728, 37.535623], [126.970619, 37.535353], [126.97048, 37.535075], [126.970346, 37.53485], [126.970229, 37.534675], [126.970038, 37.534432], [126.969925, 37.534304], [126.969838, 37.53421], [126.969733, 37.534111], [126.969622, 37.534016], [126.969155, 37.533657], [126.96873, 37.533359], [126.968448, 37.533147], [126.967986, 37.532807], [126.967842, 37.532705], [126.967553, 37.532489], [126.967175, 37.532241], [126.966657, 37.531841], [126.966095, 37.531439], [126.965731, 37.531174], [126.962754, 37.529012], [126.962389, 37.528725], [126.961796, 37.528183], [126.961498, 37.527901], [126.961066, 37.527541], [126.960986, 37.52747], [126.959983, 37.526571], [126.959006, 37.525903], [126.958745, 37.525725], [126.957752, 37.525005], [126.956931, 37.524384], [126.956246, 37.523792], [126.9478, 37.516378], [126.947264, 37.51592], [126.94672, 37.515503], [126.946419, 37.515297], [126.946143, 37.515135], [126.945577, 37.514917], [126.944843, 37.514741], [126.944316, 37.514651], [126.943602, 37.514579], [126.942442, 37.514462], [126.942009, 37.514413], [126.941026, 37.514303], [126.940155, 37.514182], [126.939805, 37.514127], [126.939487, 37.514083], [126.939024, 37.514019], [126.938528, 37.513959], [126.937934, 37.513903], [126.937386, 37.513894], [126.936814, 37.51392], [126.936167, 37.514023], [126.934877, 37.514302], [126.934289, 37.514414], [126.933808, 37.514476], [126.933331, 37.514504], [126.932655, 37.514475], [126.931815, 37.514362], [126.931344, 37.514258], [126.928921, 37.513661], [126.927421, 37.513254], [126.927058, 37.513189], [126.927027, 37.513184], [126.92683, 37.513153], [126.926604, 37.513134], [126.92649, 37.51313], [126.926259, 37.513123], [126.925878, 37.513127], [126.925432, 37.513153], [126.924969, 37.513205], [126.924534, 37.513285], [126.924083, 37.513403], [126.923597, 37.513567], [126.92306, 37.513783], [126.922672, 37.514], [126.922325, 37.514215], [126.921903, 37.514515], [126.920601, 37.515546], [126.920279, 37.515768], [126.919918, 37.515983], [126.919496, 37.516195], [126.918984, 37.51642], [126.918677, 37.51654], [126.918604, 37.516568], [126.918161, 37.516707], [126.917418, 37.51689], [126.916894, 37.517002], [126.916526, 37.517036], [126.915797, 37.517062], [126.915245, 37.517043], [126.914128, 37.516976], [126.913643, 37.516943], [126.913454, 37.51693], [126.911868, 37.516821], [126.911478, 37.516789], [126.911067, 37.516733], [126.910642, 37.516647], [126.910103, 37.516482], [126.909409, 37.516177], [126.908966, 37.515979], [126.908483, 37.51578], [126.906784, 37.515069], [126.906384, 37.514905], [126.905183, 37.514403], [126.90369, 37.513764], [126.902507, 37.513305], [126.901745, 37.513028], [126.901429, 37.512914], [126.900738, 37.51265], [126.90051, 37.512567], [126.899982, 37.512372], [126.899238, 37.512099], [126.897488, 37.511412], [126.896409, 37.510939], [126.89398, 37.509847], [126.892662, 37.509281], [126.892124, 37.509063], [126.891808, 37.508926], [126.891431, 37.508762], [126.89081, 37.508478], [126.89042, 37.508289], [126.889236, 37.507659], [126.888208, 37.507011], [126.886611, 37.506025], [126.884695, 37.504831], [126.884058, 37.504383], [126.883517, 37.503927], [126.882784, 37.503257], [126.881628, 37.5022], [126.881332, 37.501928], [126.881005, 37.501576], [126.88074, 37.501244], [126.880486, 37.50088], [126.880223, 37.500446], [126.879941, 37.499887], [126.879774, 37.499426], [126.879598, 37.49883], [126.879492, 37.498311], [126.879431, 37.497527], [126.879447, 37.496957], [126.879509, 37.496086], [126.879656, 37.494008], [126.879784, 37.492075], [126.879866, 37.490944], [126.879883, 37.490675], [126.879898, 37.490454], [126.880033, 37.488361], [126.880105, 37.487623], [126.880196, 37.487167], [126.880345, 37.486703], [126.880609, 37.486016], [126.882588, 37.481587], [126.883028, 37.480601], [126.883688, 37.479075], [126.88706, 37.471462], [126.88906, 37.466966], [126.889461, 37.466067], [126.889908, 37.465064], [126.890846, 37.462917], [126.891247, 37.461934], [126.891565, 37.461137], [126.89165, 37.460929], [126.891862, 37.460444], [126.892201, 37.459609], [126.893621, 37.456431], [126.893893, 37.455811], [126.894405, 37.454642], [126.894609, 37.454215], [126.895154, 37.452941], [126.895245, 37.452734], [126.895589, 37.451951], [126.896128, 37.450621], [126.897066, 37.448374], [126.897482, 37.44744], [126.898669, 37.444956], [126.899344, 37.443425], [126.900304, 37.441252], [126.900531, 37.440742], [126.897581, 37.439913], [126.897183, 37.43917], [126.89706, 37.438941], [126.889376, 37.42489], [126.888103, 37.422531], [126.886305, 37.419276], [126.885745, 37.418252], [126.885672, 37.418118], [126.885443, 37.417697], [126.884751, 37.416428], [126.884721, 37.416372]]}}, {"type": "Feature", "properties": {"line": "경부고속선", "from": "광명", "to": "천안아산", "km": 56.444, "down": 27704945, "up": 27707809, "daily": 151816, "density": 151816}, "geometry": {"type": "LineString", "coordinates": [[126.884721, 37.416372], [126.884046, 37.415137], [126.883727, 37.414551], [126.883201, 37.413516], [126.881667, 37.410777], [126.879994, 37.407785], [126.878843, 37.405672], [126.875753, 37.399792], [126.874592, 37.397587], [126.873646, 37.395854], [126.872232, 37.39329], [126.86931, 37.385938], [126.868224, 37.383224], [126.866747, 37.379493], [126.866711, 37.378992], [126.867271, 37.375335], [126.867915, 37.371105], [126.868375, 37.368142], [126.869074, 37.363048], [126.869284, 37.361415], [126.869727, 37.359305], [126.870182, 37.357153], [126.87067, 37.355496], [126.871405, 37.353073], [126.871984, 37.351338], [126.874083, 37.34603], [126.883051, 37.32629], [126.88333, 37.325694], [126.88682, 37.31807], [126.888485, 37.314571], [126.889454, 37.312469], [126.89039, 37.310366], [126.891277, 37.308352], [126.89208, 37.306661], [126.895262, 37.299654], [126.896557, 37.296803], [126.897432, 37.294767], [126.898188, 37.293051], [126.900316, 37.288313], [126.900674, 37.287558], [126.90141, 37.286007], [126.902005, 37.284794], [126.904377, 37.27949], [126.905088, 37.277791], [126.907807, 37.271689], [126.90956, 37.268041], [126.910183, 37.266615], [126.910702, 37.265478], [126.911941, 37.262985], [126.913671, 37.259622], [126.914209, 37.258667], [126.914834, 37.257721], [126.916091, 37.255787], [126.919326, 37.250848], [126.919974, 37.250006], [126.920624, 37.249168], [126.921435, 37.248151], [126.922046, 37.247384], [126.924417, 37.244147], [126.928516, 37.238759], [126.930235, 37.23653], [126.932088, 37.234071], [126.93261, 37.233373], [126.934754, 37.230485], [126.935481, 37.229441], [126.936376, 37.228019], [126.938387, 37.224537], [126.939656, 37.222006], [126.940807, 37.219361], [126.941279, 37.217969], [126.941742, 37.216591], [126.943168, 37.211468], [126.944493, 37.203733], [126.944633, 37.199117], [126.944636, 37.199018], [126.94481, 37.193305], [126.944932, 37.189641], [126.945092, 37.187339], [126.945177, 37.186087], [126.945476, 37.183537], [126.945903, 37.180793], [126.946446, 37.177911], [126.946575, 37.177239], [126.946936, 37.175541], [126.947059, 37.174855], [126.947947, 37.169801], [126.948204, 37.168306], [126.948412, 37.166838], [126.950809, 37.15467], [126.951015, 37.153713], [126.951102, 37.153282], [126.951271, 37.152215], [126.951489, 37.150608], [126.952623, 37.145104], [126.954083, 37.13753], [126.954775, 37.134183], [126.955388, 37.130699], [126.956008, 37.127257], [126.956266, 37.126177], [126.956539, 37.124534], [126.957021, 37.121623], [126.957386, 37.119964], [126.957708, 37.118341], [126.957761, 37.118074], [126.958895, 37.112356], [126.95917, 37.110971], [126.95924, 37.110617], [126.95948, 37.108875], [126.960893, 37.101803], [126.961198, 37.100145], [126.961804, 37.097473], [126.961996, 37.096707], [126.962378, 37.095286], [126.962736, 37.094123], [126.963243, 37.09252], [126.96385, 37.090777], [126.964951, 37.087906], [126.966209, 37.085166], [126.967523, 37.082653], [126.969036, 37.07989], [126.970808, 37.077183], [126.971507, 37.076153], [126.972909, 37.074236], [126.975176, 37.071323], [126.977023, 37.069163], [126.97805, 37.06804], [126.981051, 37.064951], [126.983654, 37.062307], [126.987652, 37.0584], [126.993637, 37.052472], [126.993894, 37.052219], [126.994227, 37.051891], [127.001227, 37.044814], [127.013183, 37.033013], [127.013499, 37.03273], [127.017728, 37.028497], [127.01954, 37.026674], [127.022372, 37.023829], [127.029023, 37.017227], [127.03751, 37.008838], [127.046696, 36.999687], [127.050561, 36.995796], [127.05362, 36.992636], [127.054017, 36.992222], [127.05478, 36.991292], [127.056185, 36.98965], [127.057645, 36.987736], [127.058385, 36.986776], [127.059576, 36.98505], [127.060611, 36.983429], [127.062099, 36.981026], [127.063562, 36.978363], [127.064152, 36.977087], [127.065172, 36.975019], [127.065367, 36.974621], [127.065827, 36.973592], [127.067017, 36.970525], [127.067714, 36.968451], [127.068642, 36.965273], [127.068797, 36.964478], [127.0692, 36.962553], [127.069363, 36.961774], [127.069697, 36.95992], [127.069892, 36.958641], [127.070004, 36.95774], [127.07025, 36.955605], [127.070461, 36.953315], [127.07047, 36.953215], [127.070499, 36.952871], [127.070633, 36.951475]]}}, {"type": "Feature", "properties": {"line": "경부고속선", "from": "광명", "to": "천안아산", "km": 17.751, "down": 35797455, "up": 35799689, "daily": 196157, "density": 196157, "junction": "평택지제", "join_line": "수서고속선"}, "geometry": {"type": "LineString", "coordinates": [[127.070633, 36.951475], [127.070666, 36.951135], [127.070879, 36.949191], [127.071214, 36.946021], [127.071281, 36.945386], [127.071657, 36.94151], [127.071984, 36.937792], [127.072292, 36.934585], [127.07241, 36.933267], [127.072634, 36.930904], [127.073356, 36.923332], [127.073573, 36.920927], [127.07374, 36.919068], [127.074343, 36.914202], [127.075096, 36.909861], [127.07574, 36.90655], [127.076285, 36.904037], [127.077325, 36.899882], [127.077564, 36.899135], [127.079237, 36.892721], [127.080355, 36.888339], [127.081494, 36.883875], [127.082022, 36.881619], [127.083089, 36.877763], [127.084241, 36.873191], [127.084865, 36.870741], [127.084945, 36.870415], [127.085193, 36.869304], [127.086535, 36.864178], [127.08927, 36.853652], [127.089961, 36.850991], [127.090982, 36.847102], [127.091747, 36.844029], [127.09179, 36.843864], [127.09348, 36.837275], [127.094227, 36.834408], [127.094666, 36.832746], [127.095694, 36.828776], [127.095962, 36.827673], [127.096488, 36.825593], [127.096785, 36.824454], [127.09774, 36.820748], [127.099412, 36.814453], [127.100147, 36.811422], [127.100324, 36.810695], [127.100922, 36.808231], [127.102026, 36.80394], [127.102472, 36.802207], [127.103347, 36.798898], [127.103981, 36.796525], [127.10453, 36.794385]]}}, {"type": "Feature", "properties": {"line": "경부고속선", "from": "천안아산", "to": "오송", "km": 28.67, "down": 35043933, "up": 35073196, "daily": 192102, "density": 192102}, "geometry": {"type": "LineString", "coordinates": [[127.10453, 36.794385], [127.105052, 36.792348], [127.106196, 36.787935], [127.106736, 36.785782], [127.107001, 36.784742], [127.107679, 36.782081], [127.10885, 36.777486], [127.110556, 36.770825], [127.111108, 36.76917], [127.111661, 36.767577], [127.111903, 36.766821], [127.112175, 36.766157], [127.112883, 36.764511], [127.113576, 36.762972], [127.114355, 36.761398], [127.115116, 36.75993], [127.11619, 36.758024], [127.116786, 36.757123], [127.117637, 36.755812], [127.118472, 36.754603], [127.119425, 36.753274], [127.12057, 36.751746], [127.12193, 36.750074], [127.124022, 36.747699], [127.125496, 36.746139], [127.127046, 36.744624], [127.129831, 36.742088], [127.132159, 36.740201], [127.134428, 36.738489], [127.138206, 36.735888], [127.14359, 36.732701], [127.156983, 36.725363], [127.157386, 36.725166], [127.158479, 36.724632], [127.173235, 36.716592], [127.175948, 36.715095], [127.189492, 36.707754], [127.189778, 36.7076], [127.192765, 36.70593], [127.196084, 36.704159], [127.201082, 36.70145], [127.206268, 36.698621], [127.212081, 36.695465], [127.212893, 36.695034], [127.213349, 36.694792], [127.214953, 36.693904], [127.217469, 36.692446], [127.218141, 36.692074], [127.255861, 36.671604], [127.262226, 36.668125], [127.262351, 36.668056], [127.269729, 36.664017], [127.276203, 36.660432], [127.276741, 36.660146], [127.278169, 36.659388], [127.283978, 36.656192], [127.286105, 36.654919], [127.292309, 36.651068], [127.294736, 36.649304], [127.295309, 36.648887], [127.29783, 36.646695], [127.298045, 36.646509], [127.298772, 36.645876], [127.304353, 36.641022], [127.305295, 36.640156], [127.305382, 36.640076], [127.306446, 36.639097], [127.309656, 36.63622], [127.310066, 36.635865], [127.313862, 36.632444], [127.319466, 36.627349], [127.320635, 36.626329], [127.323147, 36.624085], [127.324045, 36.623237], [127.327373, 36.620236]]}}, {"type": "Feature", "properties": {"line": "경부고속선", "from": "오송", "to": "대전", "km": 35.18, "down": 21570314, "up": 21466569, "daily": 117909, "density": 117909}, "geometry": {"type": "LineString", "coordinates": [[127.327373, 36.620236], [127.33198, 36.616082], [127.334562, 36.613776], [127.343625, 36.605721], [127.350423, 36.599636], [127.353903, 36.596529], [127.35575, 36.594846], [127.356137, 36.5945], [127.358175, 36.592667], [127.35919, 36.591749], [127.362373, 36.588899], [127.364162, 36.587298], [127.365913, 36.585726], [127.370865, 36.581178], [127.371363, 36.580708], [127.372088, 36.579984], [127.372293, 36.579779], [127.373224, 36.578808], [127.376523, 36.575233], [127.379083, 36.57172], [127.379344, 36.571367], [127.379886, 36.570607], [127.380418, 36.569806], [127.380845, 36.569142], [127.381482, 36.568118], [127.382272, 36.566747], [127.383053, 36.565339], [127.38415, 36.563154], [127.385182, 36.560922], [127.385798, 36.559343], [127.386382, 36.557774], [127.386625, 36.557047], [127.394175, 36.53146], [127.394465, 36.530491], [127.39526, 36.527837], [127.39537, 36.527469], [127.396892, 36.522497], [127.398269, 36.517523], [127.401679, 36.505673], [127.403058, 36.501178], [127.404082, 36.497751], [127.40588, 36.491643], [127.406434, 36.489683], [127.407318, 36.486679], [127.408375, 36.483036], [127.408864, 36.48141], [127.409492, 36.479231], [127.409563, 36.478987], [127.41009, 36.477215], [127.410982, 36.474118], [127.412776, 36.468012], [127.412819, 36.46787], [127.412848, 36.467772], [127.414338, 36.462694], [127.415567, 36.458359], [127.416118, 36.456067], [127.41637, 36.454922], [127.416571, 36.453776], [127.416793, 36.452366], [127.416984, 36.45091], [127.417145, 36.449552], [127.417278, 36.448054], [127.417347, 36.446932], [127.417389, 36.446001], [127.417377, 36.445154], [127.417118, 36.440726], [127.416822, 36.435177], [127.416627, 36.432269], [127.416588, 36.431485], [127.41653, 36.429974], [127.416492, 36.428966], [127.416449, 36.427724], [127.416387, 36.42633], [127.416315, 36.425275], [127.41611, 36.422908], [127.415723, 36.419165], [127.41546, 36.411828], [127.415148, 36.409303], [127.415049, 36.405747], [127.414781, 36.403798], [127.414535, 36.400089], [127.414321, 36.396362], [127.414283, 36.39295], [127.414278, 36.392821], [127.414269, 36.392619], [127.414267, 36.392445], [127.414257, 36.391669], [127.414255, 36.391482], [127.414209, 36.389475], [127.414, 36.386719], [127.414025, 36.38634], [127.414068, 36.386057], [127.414169, 36.38557], [127.414279, 36.385196], [127.414467, 36.384738], [127.414742, 36.384219], [127.414926, 36.383975], [127.415063, 36.383794], [127.415211, 36.383662], [127.415235, 36.383641], [127.415815, 36.383128], [127.416067, 36.382908], [127.416312, 36.382715], [127.416651, 36.382482], [127.417016, 36.382263], [127.417396, 36.382059], [127.418361, 36.381626], [127.420435, 36.380805], [127.420917, 36.380559], [127.421349, 36.38032], [127.421553, 36.38019], [127.421692, 36.380086], [127.421885, 36.379949], [127.421945, 36.379906], [127.422224, 36.379691], [127.422691, 36.37925], [127.423092, 36.378824], [127.423367, 36.378478], [127.423604, 36.37812], [127.423794, 36.377788], [127.423964, 36.377442], [127.424114, 36.377037], [127.424236, 36.376637], [127.424309, 36.376327], [127.424349, 36.376028], [127.424379, 36.375418], [127.424368, 36.374992], [127.424331, 36.374572], [127.424202, 36.373767], [127.424046, 36.372689], [127.423866, 36.371753], [127.423713, 36.370999], [127.423465, 36.369988], [127.42337, 36.36967], [127.423214, 36.369161], [127.423104, 36.368804], [127.422751, 36.367584], [127.422442, 36.366493], [127.422168, 36.365612], [127.421958, 36.365096], [127.42162, 36.364394], [127.420982, 36.363329], [127.420237, 36.362021], [127.419959, 36.361544], [127.41969, 36.361061], [127.419557, 36.360824], [127.419222, 36.360227], [127.418758, 36.359472], [127.418541, 36.359083], [127.418149, 36.358434], [127.417992, 36.358136], [127.417861, 36.357818], [127.417782, 36.357589], [127.417725, 36.357422], [127.417631, 36.357179], [127.41756, 36.356826], [127.417496, 36.356557], [127.417437, 36.356312], [127.417399, 36.355828], [127.417476, 36.355283], [127.417569, 36.354817], [127.417684, 36.35445], [127.417781, 36.354221], [127.41789, 36.354007], [127.418014, 36.353746], [127.418154, 36.353478], [127.418319, 36.35318], [127.418573, 36.352763], [127.419115, 36.351962], [127.419917, 36.350726], [127.420807, 36.349601], [127.422047, 36.348078], [127.422694, 36.347252], [127.422916, 36.347018], [127.423209, 36.346674], [127.423467, 36.346379], [127.423717, 36.346127], [127.423991, 36.345879], [127.424232, 36.34566], [127.424653, 36.34529], [127.425073, 36.344905], [127.425593, 36.344457], [127.426173, 36.343975], [127.426835, 36.343423], [127.427595, 36.342796], [127.428995, 36.341566], [127.429317, 36.341295], [127.429507, 36.341125], [127.42975, 36.340912], [127.429901, 36.340772], [127.430033, 36.340637], [127.430102, 36.340562], [127.430169, 36.340489], [127.430217, 36.340434], [127.430286, 36.340353], [127.430429, 36.340164], [127.430553, 36.339959], [127.430719, 36.339721], [127.430882, 36.339408], [127.431154, 36.338909], [127.431233, 36.338793], [127.431268, 36.33872], [127.431313, 36.338627], [127.431453, 36.338339], [127.431682, 36.337876], [127.432016, 36.337285], [127.432373, 36.33674], [127.432973, 36.335979], [127.433426, 36.335364], [127.4339, 36.334764], [127.434066, 36.334499], [127.434278, 36.334121], [127.435152, 36.332414]]}}, {"type": "Feature", "properties": {"line": "경부고속선", "from": "대전", "to": "김천(구미)", "km": 73.632, "down": 18937915, "up": 19002091, "daily": 103945, "density": 103945}, "geometry": {"type": "LineString", "coordinates": [[127.435152, 36.332414], [127.436114, 36.330537], [127.436266, 36.330242], [127.436562, 36.329515], [127.43692, 36.328242], [127.437195, 36.327233], [127.437584, 36.325996], [127.437788, 36.325585], [127.43801, 36.325075], [127.438222, 36.324692], [127.438463, 36.324161], [127.439006, 36.323065], [127.439235, 36.322596], [127.439381, 36.322257], [127.439595, 36.321959], [127.439765, 36.321776], [127.440221, 36.321286], [127.440774, 36.320848], [127.441119, 36.320606], [127.441612, 36.320321], [127.441885, 36.320177], [127.442471, 36.319948], [127.443018, 36.319766], [127.443481, 36.319652], [127.444128, 36.319542], [127.444875, 36.319465], [127.447034, 36.319389], [127.447729, 36.319341], [127.448408, 36.319244], [127.449058, 36.319095], [127.449415, 36.318981], [127.449931, 36.318786], [127.450565, 36.318523], [127.450917, 36.318314], [127.45143, 36.31797], [127.45165, 36.317796], [127.451988, 36.31749], [127.452323, 36.317194], [127.453177, 36.316352], [127.453562, 36.315998], [127.453831, 36.315772], [127.454079, 36.315572], [127.454452, 36.315277], [127.454739, 36.315091], [127.455027, 36.314943], [127.45538, 36.314769], [127.455666, 36.314636], [127.45617, 36.314464], [127.456523, 36.314351], [127.456856, 36.314278], [127.457147, 36.314206], [127.457318, 36.314178], [127.457693, 36.314121], [127.458042, 36.314083], [127.458398, 36.31406], [127.458786, 36.314071], [127.45911, 36.31408], [127.459437, 36.314099], [127.459845, 36.314157], [127.461037, 36.314372], [127.462547, 36.314718], [127.463249, 36.314887], [127.464123, 36.315066], [127.464376, 36.315114], [127.464672, 36.31518], [127.466395, 36.315359], [127.467316, 36.315401], [127.467794, 36.315396], [127.468409, 36.315376], [127.469097, 36.315318], [127.469448, 36.315277], [127.46992, 36.315216], [127.470739, 36.315116], [127.471805, 36.314883], [127.473036, 36.314502], [127.474256, 36.314002], [127.480788, 36.310941], [127.488438, 36.307033], [127.497278, 36.302571], [127.50172, 36.300272], [127.505711, 36.298291], [127.511365, 36.295429], [127.512706, 36.294703], [127.515624, 36.292982], [127.521884, 36.289094], [127.524269, 36.28752], [127.527627, 36.28492], [127.52784, 36.284769], [127.53115, 36.282833], [127.535719, 36.27969], [127.541266, 36.275746], [127.546094, 36.27258], [127.549527, 36.2704], [127.553165, 36.268367], [127.557006, 36.26656], [127.558239, 36.266067], [127.56266, 36.264691], [127.563679, 36.264388], [127.566372, 36.2638], [127.571793, 36.262603], [127.574433, 36.262141], [127.575599, 36.261951], [127.576051, 36.261877], [127.576193, 36.261854], [127.579125, 36.261375], [127.579579, 36.261299], [127.58389, 36.260563], [127.585497, 36.260325], [127.587016, 36.26008], [127.587768, 36.259952], [127.58854, 36.259808], [127.589222, 36.259673], [127.589856, 36.259532], [127.59186, 36.259119], [127.614072, 36.255262], [127.61662, 36.254877], [127.616883, 36.25484], [127.617882, 36.254672], [127.62714, 36.253067], [127.632615, 36.252007], [127.637306, 36.250962], [127.644255, 36.24922], [127.656672, 36.246057], [127.658619, 36.245566], [127.665838, 36.243702], [127.671622, 36.242219], [127.676607, 36.240884], [127.677953, 36.240485], [127.684348, 36.238312], [127.691934, 36.235098], [127.692276, 36.234953], [127.696997, 36.232953], [127.700721, 36.231067], [127.703948, 36.229261], [127.706305, 36.227863], [127.706475, 36.227772], [127.710413, 36.225243], [127.714832, 36.222257], [127.720792, 36.218119], [127.722955, 36.216701], [127.725077, 36.21527], [127.725752, 36.214811], [127.726242, 36.214479], [127.728491, 36.212952], [127.730233, 36.211751], [127.731604, 36.21084], [127.733881, 36.20931], [127.73475, 36.20874], [127.735798, 36.208095], [127.736707, 36.207542], [127.738981, 36.206123], [127.740534, 36.205138], [127.743399, 36.203527], [127.746471, 36.201859], [127.748982, 36.2005], [127.749517, 36.200198], [127.75507, 36.197179], [127.758474, 36.195317], [127.766598, 36.190905], [127.76689, 36.190776], [127.774708, 36.186406], [127.777013, 36.185189], [127.778691, 36.184303], [127.794621, 36.175557], [127.795317, 36.17518], [127.795932, 36.174852], [127.811822, 36.16619], [127.813941, 36.165125], [127.815751, 36.164115], [127.818256, 36.162807], [127.820314, 36.161592], [127.82216, 36.160625], [127.823203, 36.160016], [127.824381, 36.159379], [127.826903, 36.158028], [127.828717, 36.157463], [127.836543, 36.156043], [127.845155, 36.154247], [127.862062, 36.150746], [127.87499, 36.148074], [127.878628, 36.147466], [127.882254, 36.14691], [127.893569, 36.145411], [127.893784, 36.145471], [127.894698, 36.145421], [127.896709, 36.145309], [127.901083, 36.145066], [127.914006, 36.144348], [127.914055, 36.14435], [127.914106, 36.144351], [128.024697, 36.138933], [128.027365, 36.138809], [128.036014, 36.138655], [128.037171, 36.138631], [128.041492, 36.138533], [128.047135, 36.138429], [128.048151, 36.138388], [128.05222, 36.138152], [128.053884, 36.138027], [128.054006, 36.138018], [128.056595, 36.137797], [128.058259, 36.137608], [128.058383, 36.137593], [128.060331, 36.137372], [128.064633, 36.136721], [128.06556, 36.136581], [128.06915, 36.136038], [128.080495, 36.134324], [128.089986, 36.132918], [128.100328, 36.131341], [128.117742, 36.128695], [128.118624, 36.12856], [128.119993, 36.128352], [128.122044, 36.128048], [128.125992, 36.127477], [128.131413, 36.126568], [128.134858, 36.12602], [128.138587, 36.125275], [128.14117, 36.124691], [128.144958, 36.123704], [128.147824, 36.122928], [128.15673, 36.120252], [128.162861, 36.11843], [128.165554, 36.117593], [128.17019, 36.116202], [128.171457, 36.115819], [128.172337, 36.115552], [128.180698, 36.113046]]}}, {"type": "Feature", "properties": {"line": "경부고속선", "from": "김천(구미)", "to": "서대구", "km": 44.802, "down": 18313747, "up": 18376084, "daily": 100520, "density": 100520, "through": 1}, "geometry": {"type": "LineString", "coordinates": [[128.180698, 36.113046], [128.18885, 36.110602], [128.189706, 36.110343], [128.191187, 36.109894], [128.209293, 36.104512], [128.21624, 36.102409], [128.217367, 36.102067], [128.223071, 36.100339], [128.237056, 36.096136], [128.238889, 36.095574], [128.257, 36.090163], [128.259869, 36.089267], [128.262408, 36.088529], [128.26427, 36.087954], [128.264639, 36.08784], [128.265886, 36.087447], [128.282767, 36.08239], [128.290797, 36.07993], [128.298717, 36.077559], [128.314135, 36.071397], [128.31647, 36.070224], [128.317493, 36.06971], [128.318289, 36.06931], [128.32381, 36.066322], [128.325892, 36.065232], [128.327694, 36.064278], [128.328975, 36.063601], [128.329253, 36.063443], [128.332508, 36.06165], [128.333666, 36.060954], [128.336652, 36.05933], [128.340118, 36.057513], [128.344507, 36.055126], [128.344554, 36.055101], [128.349516, 36.052343], [128.355009, 36.049272], [128.359451, 36.046635], [128.362032, 36.045035], [128.363989, 36.043819], [128.368665, 36.040889], [128.369039, 36.040658], [128.373186, 36.038086], [128.37555, 36.03662], [128.379391, 36.034238], [128.397238, 36.023141], [128.400993, 36.020815], [128.403363, 36.019341], [128.404512, 36.018628], [128.422982, 36.007095], [128.424946, 36.005874], [128.428522, 36.003638], [128.435168, 35.999455], [128.439899, 35.996488], [128.444209, 35.993875], [128.446877, 35.992232], [128.454979, 35.987102], [128.473258, 35.975795], [128.474959, 35.974709], [128.478856, 35.972263], [128.480136, 35.971469], [128.484452, 35.968734], [128.490374, 35.965019], [128.492892, 35.963446], [128.494226, 35.962595], [128.495352, 35.961876], [128.496487, 35.961173], [128.497965, 35.960283], [128.498872, 35.959708], [128.499813, 35.959057], [128.500635, 35.958445], [128.50151, 35.95768], [128.50234, 35.956893], [128.503143, 35.956088], [128.503316, 35.955913], [128.503968, 35.955253], [128.504688, 35.954486], [128.50559, 35.953508], [128.506639, 35.952198], [128.507435, 35.951072], [128.508099, 35.949929], [128.50853, 35.949024], [128.508959, 35.947968], [128.509251, 35.947014], [128.509518, 35.945889], [128.509687, 35.944837], [128.509812, 35.943879], [128.509878, 35.942914], [128.509759, 35.932301], [128.509673, 35.930511], [128.509523, 35.928687], [128.508498, 35.91979], [128.508463, 35.91946], [128.508421, 35.919082], [128.508113, 35.917361], [128.507921, 35.915431], [128.507916, 35.914361], [128.507839, 35.913595], [128.507814, 35.913347], [128.506513, 35.901516], [128.506503, 35.900988], [128.506555, 35.900634], [128.506652, 35.899677], [128.506789, 35.898803], [128.506849, 35.898505], [128.506914, 35.898182], [128.507239, 35.89688], [128.507427, 35.896298], [128.507612, 35.895819], [128.508158, 35.894605], [128.50863, 35.89372], [128.509113, 35.892896], [128.509459, 35.892366], [128.509821, 35.891862], [128.510203, 35.891355], [128.510956, 35.890416], [128.511619, 35.889703], [128.512135, 35.889183], [128.512873, 35.888505], [128.514473, 35.887157], [128.515749, 35.886249], [128.516932, 35.88553], [128.518337, 35.884806], [128.519988, 35.884127], [128.520658, 35.883911], [128.521535, 35.883627], [128.523192, 35.883203], [128.524862, 35.882874], [128.526908, 35.882594], [128.531148, 35.882145], [128.533569, 35.88195], [128.535289, 35.88179], [128.536031, 35.881724], [128.537656, 35.881611], [128.538259, 35.881564], [128.53995, 35.88149], [128.541738, 35.881385]]}}, {"type": "Feature", "properties": {"line": "경부고속선", "from": "서대구", "to": "동대구", "km": 8.232, "down": 17798094, "up": 17844979, "daily": 97652, "density": 97652}, "geometry": {"type": "LineString", "coordinates": [[128.541738, 35.881385], [128.541745, 35.881385], [128.542908, 35.881314], [128.544777, 35.88122], [128.545812, 35.881162], [128.546503, 35.881127], [128.550346, 35.880932], [128.552254, 35.880838], [128.553722, 35.880751], [128.554236, 35.880732], [128.554598, 35.880734], [128.554752, 35.880736], [128.555252, 35.880774], [128.555474, 35.880797], [128.555986, 35.880859], [128.556298, 35.880909], [128.556574, 35.88096], [128.556848, 35.881015], [128.557229, 35.881105], [128.557436, 35.881158], [128.557634, 35.881214], [128.558073, 35.881346], [128.558763, 35.881583], [128.559543, 35.881844], [128.564376, 35.883488], [128.565877, 35.883992], [128.566271, 35.88409], [128.566779, 35.884187], [128.56725, 35.884248], [128.567772, 35.884287], [128.568052, 35.884294], [128.568417, 35.884293], [128.568742, 35.884275], [128.569082, 35.884239], [128.569462, 35.884183], [128.570042, 35.884067], [128.570399, 35.883981], [128.570812, 35.883855], [128.571176, 35.883713], [128.571649, 35.883495], [128.57194, 35.88333], [128.572308, 35.883097], [128.572509, 35.88296], [128.57266, 35.882852], [128.572893, 35.882673], [128.575088, 35.880783], [128.575315, 35.880605], [128.575563, 35.880432], [128.575848, 35.880261], [128.576157, 35.880107], [128.576496, 35.879954], [128.576779, 35.879827], [128.57716, 35.87969], [128.577496, 35.879591], [128.577848, 35.879498], [128.578157, 35.879427], [128.578508, 35.879348], [128.580458, 35.878968], [128.580915, 35.878878], [128.588131, 35.87747], [128.588517, 35.877395], [128.589726, 35.877145], [128.59004, 35.877088], [128.590594, 35.87699], [128.591203, 35.876913], [128.591651, 35.876842], [128.592156, 35.87676], [128.5923, 35.876731], [128.595267, 35.876139], [128.596271, 35.875934], [128.597452, 35.875694], [128.597754, 35.875637], [128.597992, 35.875574], [128.598233, 35.875503], [128.598651, 35.87538], [128.599467, 35.875149], [128.599869, 35.875042], [128.601195, 35.87467], [128.601495, 35.874586], [128.603167, 35.874116], [128.603596, 35.873995], [128.603978, 35.873902], [128.604352, 35.873825], [128.604743, 35.873768], [128.605027, 35.87374], [128.605313, 35.873728], [128.605703, 35.873724], [128.606012, 35.873734], [128.606267, 35.873755], [128.606553, 35.87379], [128.606831, 35.873829], [128.607108, 35.873877], [128.607377, 35.87393], [128.607673, 35.873993], [128.608834, 35.874305], [128.611084, 35.87493], [128.61622, 35.876349], [128.616688, 35.876473], [128.617212, 35.876612], [128.618687, 35.877004], [128.620012, 35.877363], [128.620979, 35.877624], [128.62123, 35.877691], [128.621358, 35.877727], [128.621455, 35.877752], [128.621941, 35.877878], [128.622456, 35.878009], [128.623124, 35.878123], [128.624278, 35.878339], [128.625964, 35.878584], [128.628311, 35.879171]]}}, {"type": "Feature", "properties": {"line": "경부고속선", "from": "동대구", "to": "경주", "km": 48.946, "down": 13314857, "up": 13363478, "daily": 73091, "density": 73091}, "geometry": {"type": "LineString", "coordinates": [[128.628311, 35.879171], [128.6301, 35.879618], [128.630242, 35.879651], [128.631194, 35.879915], [128.631654, 35.880088], [128.63227, 35.880301], [128.632961, 35.880553], [128.633624, 35.880757], [128.634135, 35.880886], [128.63459, 35.880997], [128.634701, 35.881024], [128.635111, 35.881121], [128.635647, 35.88125], [128.6362, 35.881372], [128.63644, 35.881425], [128.637262, 35.881597], [128.637631, 35.881638], [128.637921, 35.881656], [128.638277, 35.881658], [128.638657, 35.881642], [128.639055, 35.88161], [128.639682, 35.881518], [128.640246, 35.881379], [128.640653, 35.881252], [128.640925, 35.88115], [128.641353, 35.880953], [128.6416, 35.880832], [128.641962, 35.880638], [128.642174, 35.880497], [128.642441, 35.880297], [128.642662, 35.880128], [128.64297, 35.879838], [128.643101, 35.879692], [128.643226, 35.879555], [128.643354, 35.879416], [128.643532, 35.879174], [128.644444, 35.877904], [128.644913, 35.877262], [128.64515, 35.876926], [128.645377, 35.876613], [128.645576, 35.876359], [128.6458, 35.876073], [128.645936, 35.875918], [128.646056, 35.875795], [128.64618, 35.875678], [128.646399, 35.875488], [128.64664, 35.87529], [128.646846, 35.875128], [128.64709, 35.874969], [128.647275, 35.874847], [128.647587, 35.874655], [128.647777, 35.874554], [128.647976, 35.874462], [128.648203, 35.874375], [128.648321, 35.874332], [128.648417, 35.874288], [128.648696, 35.874188], [128.649002, 35.874105], [128.649262, 35.874028], [128.649614, 35.873947], [128.650058, 35.873869], [128.65058, 35.87379], [128.651297, 35.873673], [128.652225, 35.873499], [128.652559, 35.873441], [128.653011, 35.873341], [128.653399, 35.873238], [128.65411, 35.87305], [128.654452, 35.872958], [128.654966, 35.8728], [128.655574, 35.872602], [128.655844, 35.872514], [128.656991, 35.87216], [128.658459, 35.87169], [128.660154, 35.871164], [128.661194, 35.870778], [128.663261, 35.86989], [128.664056, 35.869545], [128.665801, 35.868773], [128.666194, 35.868589], [128.668715, 35.867562], [128.671033, 35.86653], [128.671854, 35.866162], [128.672664, 35.865722], [128.673404, 35.865296], [128.674176, 35.86477], [128.674772, 35.864287], [128.675389, 35.863762], [128.675893, 35.863232], [128.676376, 35.862687], [128.677835, 35.860809], [128.678655, 35.859788], [128.679261, 35.859152], [128.679787, 35.858648], [128.680471, 35.85811], [128.680632, 35.85799], [128.680892, 35.857796], [128.681033, 35.857702], [128.681134, 35.857635], [128.681647, 35.857293], [128.682205, 35.856959], [128.682812, 35.856657], [128.683514, 35.856359], [128.684272, 35.856053], [128.685008, 35.855805], [128.685694, 35.855625], [128.686445, 35.855458], [128.687302, 35.855315], [128.687784, 35.855245], [128.688306, 35.855199], [128.688361, 35.855196], [128.688776, 35.855174], [128.700776, 35.854723], [128.706668, 35.8545], [128.712247, 35.854288], [128.712387, 35.854282], [128.715604, 35.854154], [128.716379, 35.854118], [128.724478, 35.853791], [128.734365, 35.853393], [128.738474, 35.853227], [128.738901, 35.853208], [128.740459, 35.853144], [128.742474, 35.853086], [128.747649, 35.852886], [128.759519, 35.852383], [128.788033, 35.851174], [128.799501, 35.850688], [128.819568, 35.84986], [128.830644, 35.849394], [128.832904, 35.849299], [128.841772, 35.848936], [128.846924, 35.848714], [128.856044, 35.848323], [128.856977, 35.848286], [128.858351, 35.848232], [128.866601, 35.847905], [128.876964, 35.847994], [128.886186, 35.848509], [128.887426, 35.848666], [128.889727, 35.848892], [128.890379, 35.848948], [128.890784, 35.848974], [128.891655, 35.849033], [128.892183, 35.849074], [128.892425, 35.849102], [128.893621, 35.849217], [128.894315, 35.849276], [128.895081, 35.849358], [128.898285, 35.849701], [128.899637, 35.849857], [128.90167, 35.850093], [128.902491, 35.850153], [128.90297, 35.850203], [128.907185, 35.850631], [128.908239, 35.850756], [128.908459, 35.850783], [128.908998, 35.850833], [128.917069, 35.851712], [128.917506, 35.851757], [128.918063, 35.851813], [128.919659, 35.851981], [128.92274, 35.852316], [128.925386, 35.852591], [128.926652, 35.85273], [128.936111, 35.853586], [128.938855, 35.853827], [128.950997, 35.855258], [128.961151, 35.856305], [128.970878, 35.857231], [128.977269, 35.857521], [128.980066, 35.857579], [128.983749, 35.857401], [128.987979, 35.857322], [128.988608, 35.857287], [128.989663, 35.857227], [128.992914, 35.856957], [128.997833, 35.856361], [129.001394, 35.855803], [129.00246, 35.855636], [129.003176, 35.855524], [129.007125, 35.854753], [129.02769, 35.850274], [129.045629, 35.845557], [129.062726, 35.839643], [129.074592, 35.834212], [129.076333, 35.833394], [129.07883, 35.832254], [129.079212, 35.832093], [129.086519, 35.828182], [129.097562, 35.821814], [129.09827, 35.82146], [129.100556, 35.820228], [129.103955, 35.818284], [129.10871, 35.815534], [129.130528, 35.803302], [129.131309, 35.802874], [129.133259, 35.801585], [129.135685, 35.800162], [129.136633, 35.799606], [129.136998, 35.799392], [129.13811, 35.79874], [129.13895, 35.798254]]}}, {"type": "Feature", "properties": {"line": "경부고속선", "from": "경주", "to": "울산", "km": 29.945, "down": 11769540, "up": 11820665, "daily": 64631, "density": 64631}, "geometry": {"type": "LineString", "coordinates": [[129.13895, 35.798254], [129.139563, 35.7979], [129.140727, 35.79722], [129.141164, 35.796988], [129.143257, 35.79597], [129.144242, 35.795438], [129.145085, 35.794938], [129.147246, 35.79368], [129.147531, 35.793508], [129.155565, 35.78886], [129.161743, 35.784875], [129.165337, 35.782185], [129.167622, 35.780352], [129.170669, 35.777497], [129.170963, 35.777203], [129.172086, 35.776078], [129.172184, 35.775973], [129.17252, 35.775615], [129.173109, 35.774988], [129.174119, 35.773887], [129.175914, 35.771801], [129.177722, 35.76944], [129.179364, 35.766986], [129.181369, 35.763696], [129.182116, 35.762351], [129.182825, 35.760905], [129.183683, 35.759085], [129.184531, 35.757092], [129.185196, 35.755385], [129.185861, 35.753452], [129.186333, 35.751916], [129.186891, 35.749873], [129.187363, 35.747714], [129.18775, 35.745598], [129.187846, 35.74505], [129.188049, 35.743265], [129.188435, 35.738562], [129.18845, 35.737323], [129.188279, 35.733067], [129.188254, 35.73284], [129.18805, 35.730863], [129.187967, 35.72912], [129.185132, 35.708469], [129.184971, 35.707249], [129.184864, 35.706473], [129.184745, 35.70548], [129.184606, 35.704321], [129.184434, 35.703041], [129.184335, 35.702315], [129.184299, 35.702062], [129.180432, 35.672193], [129.180111, 35.669613], [129.179853, 35.668053], [129.179746, 35.667469], [129.179542, 35.666257], [129.179122, 35.66421], [129.179038, 35.663886], [129.178855, 35.663146], [129.178158, 35.660731], [129.177332, 35.658238], [129.177031, 35.657436], [129.176752, 35.656704], [129.175358, 35.653461], [129.175218, 35.653182], [129.17465, 35.65204], [129.174564, 35.651891], [129.174017, 35.650854], [129.173813, 35.650488], [129.172405, 35.648082], [129.171377, 35.646373], [129.170905, 35.64564], [129.170669, 35.645318], [129.166838, 35.63946], [129.166088, 35.638308], [129.161943, 35.632007], [129.161601, 35.631603], [129.160668, 35.630179], [129.158943, 35.627434], [129.157559, 35.62521], [129.156625, 35.623614], [129.155509, 35.621486], [129.155102, 35.620675], [129.154318, 35.618966], [129.154018, 35.61832], [129.15287, 35.61539], [129.15037, 35.608351], [129.149469, 35.605778], [129.148568, 35.603178], [129.146712, 35.597926], [129.144866, 35.592692], [129.144545, 35.591767], [129.144308, 35.591087], [129.14374, 35.589455], [129.142967, 35.587222], [129.142098, 35.584744], [129.141026, 35.581288], [129.140603, 35.579357], [129.140162, 35.577494], [129.14014, 35.577387], [129.14006, 35.576916], [129.140034, 35.576762], [129.139468, 35.573456], [129.139452, 35.573313], [129.139338, 35.572215], [129.139255, 35.570972], [129.139184, 35.570007], [129.138609, 35.561786], [129.138603, 35.561658], [129.138453, 35.559937], [129.138362, 35.558647], [129.138287, 35.557366], [129.138119, 35.554111], [129.138032, 35.552504], [129.137955, 35.551313]]}}, {"type": "Feature", "properties": {"line": "경부고속선", "from": "울산", "to": "부산", "km": 51.798, "down": 9611754, "up": 9691214, "daily": 52885, "density": 52885, "through": 2}, "geometry": {"type": "LineString", "coordinates": [[129.137955, 35.551313], [129.137789, 35.548729], [129.137736, 35.54793], [129.137618, 35.546487], [129.137422, 35.543294], [129.137358, 35.541836], [129.137365, 35.54159], [129.137368, 35.541319], [129.136906, 35.534767], [129.136734, 35.531999], [129.136648, 35.530524], [129.136584, 35.529563], [129.136363, 35.525851], [129.136342, 35.525556], [129.136305, 35.525032], [129.13624, 35.523888], [129.136101, 35.521714], [129.135929, 35.518989], [129.135586, 35.513584], [129.135522, 35.512378], [129.135414, 35.510745], [129.135404, 35.510518], [129.135307, 35.508728], [129.135296, 35.508422], [129.134985, 35.50361], [129.134921, 35.502658], [129.134792, 35.500431], [129.134728, 35.499452], [129.128831, 35.403497], [129.127365, 35.379798], [129.127335, 35.379376], [129.127169, 35.376752], [129.127132, 35.376257], [129.12564, 35.352018], [129.125351, 35.347213], [129.125233, 35.345358], [129.125136, 35.343809], [129.124921, 35.341429], [129.124707, 35.339696], [129.124428, 35.33784], [129.123816, 35.334847], [129.123488, 35.33354], [129.122646, 35.330792], [129.122086, 35.329195], [129.121848, 35.328526], [129.121598, 35.327844], [129.120878, 35.325957], [129.120629, 35.325387], [129.120068, 35.324148], [129.11947, 35.322922], [129.118863, 35.321735], [129.118553, 35.321147], [129.118224, 35.320551], [129.117711, 35.319655], [129.116696, 35.317975], [129.115975, 35.31684], [129.115674, 35.316393], [129.115367, 35.315941], [129.114864, 35.315229], [129.114398, 35.314576], [129.113865, 35.313865], [129.113388, 35.313233], [129.112876, 35.312581], [129.112382, 35.311966], [129.111627, 35.311042], [129.100641, 35.298347], [129.100092, 35.297701], [129.097119, 35.294278], [129.096959, 35.294104], [129.095847, 35.29286], [129.095385, 35.292344], [129.095088, 35.292012], [129.094847, 35.291745], [129.094608, 35.291483], [129.094074, 35.290852], [129.093846, 35.290572], [129.093572, 35.290232], [129.093103, 35.289653], [129.087413, 35.283087], [129.085263, 35.280659], [129.083221, 35.278233], [129.079332, 35.273612], [129.073828, 35.26673], [129.069758, 35.26158], [129.068961, 35.260513], [129.067698, 35.258822], [129.065701, 35.255971], [129.064068, 35.253384], [129.06294, 35.251349], [129.061903, 35.249141], [129.060693, 35.246448], [129.059299, 35.243038], [129.054503, 35.230806], [129.053378, 35.227551], [129.052594, 35.225139], [129.051691, 35.222037], [129.050933, 35.218945], [129.050508, 35.216688], [129.050247, 35.214056], [129.05018, 35.212247], [129.050248, 35.210358], [129.050438, 35.208768], [129.051118, 35.204875], [129.052099, 35.201419], [129.052136, 35.201305], [129.054829, 35.193018], [129.055253, 35.191942], [129.055869, 35.190743], [129.056821, 35.18906], [129.057688, 35.187671], [129.058219, 35.186889], [129.058747, 35.186113], [129.063718, 35.179436], [129.064666, 35.178161], [129.06515, 35.177446], [129.065558, 35.176771], [129.065935, 35.176049], [129.066271, 35.175322], [129.06653, 35.174645], [129.066694, 35.174076], [129.066859, 35.17313], [129.066922, 35.172472], [129.066876, 35.170079], [129.066846, 35.169744], [129.066769, 35.16939], [129.066578, 35.16879], [129.066476, 35.16856], [129.066262, 35.168185], [129.066018, 35.167825], [129.065765, 35.16752], [129.065578, 35.167332], [129.065363, 35.167143], [129.065028, 35.166882], [129.06477, 35.166713], [129.064402, 35.166521], [129.062874, 35.165928], [129.061256, 35.165186], [129.057359, 35.163251], [129.056134, 35.162608], [129.055203, 35.162106], [129.054548, 35.161701], [129.054127, 35.161389], [129.053649, 35.160967], [129.053365, 35.160666], [129.053166, 35.160403], [129.052894, 35.159953], [129.052749, 35.159567], [129.05266, 35.15919], [129.052612, 35.158784], [129.052619, 35.158502], [129.052641, 35.158262], [129.05269, 35.158021], [129.052791, 35.157658], [129.05296, 35.157182], [129.054776, 35.154125], [129.055709, 35.15255], [129.056611, 35.15101], [129.056884, 35.150546], [129.057035, 35.150203], [129.057158, 35.14976], [129.057208, 35.149528], [129.05726, 35.149221], [129.0573, 35.147703], [129.057319, 35.145367], [129.057322, 35.14511], [129.057392, 35.137954], [129.057385, 35.13738], [129.057338, 35.136789], [129.057102, 35.135861], [129.056686, 35.134918], [129.056048, 35.134017], [129.055734, 35.133663], [129.054323, 35.132404], [129.053301, 35.131493], [129.052823, 35.131067], [129.052013, 35.130338], [129.051542, 35.129919], [129.050044, 35.128639], [129.049905, 35.128515], [129.049184, 35.127872], [129.048541, 35.127318], [129.048333, 35.127133], [129.048068, 35.126865], [129.047725, 35.126481], [129.047703, 35.126453], [129.04761, 35.126332], [129.047526, 35.126208], [129.047465, 35.126111], [129.0474, 35.126012], [129.047304, 35.125834], [129.047239, 35.125718], [129.047159, 35.125551], [129.046669, 35.124492], [129.046403, 35.123895], [129.046282, 35.123623], [129.045962, 35.122926], [129.045863, 35.122708], [129.045348, 35.121554], [129.045167, 35.121154], [129.04493, 35.12063], [129.044791, 35.12029], [129.044657, 35.120005], [129.044589, 35.119852], [129.044509, 35.119689], [129.044402, 35.119453], [129.044291, 35.119205], [129.044215, 35.119036], [129.044113, 35.118837], [129.044091, 35.118786], [129.044007, 35.118654], [129.04388, 35.118429], [129.043814, 35.118314], [129.043632, 35.117991], [129.043415, 35.117579], [129.04334, 35.117427], [129.043262, 35.117277], [129.042907, 35.116488], [129.042143, 35.114787]]}}, {"type": "Feature", "properties": {"line": "경부선", "from": "부산", "to": "사상", "km": 11.391, "down": 1400669, "up": 1375202, "daily": 7605, "density": 7605, "through": 3}, "geometry": {"type": "LineString", "coordinates": [[129.042105, 35.114797], [129.043222, 35.117289], [129.043533, 35.117954], [129.043589, 35.118057], [129.043814, 35.118509], [129.043935, 35.118783], [129.044034, 35.119003], [129.044264, 35.119508], [129.044399, 35.119781], [129.04456, 35.120144], [129.044613, 35.120264], [129.044831, 35.120752], [129.044919, 35.120949], [129.045201, 35.12158], [129.045877, 35.123077], [129.045924, 35.123183], [129.045999, 35.12336], [129.046306, 35.124009], [129.046587, 35.124626], [129.046898, 35.125313], [129.0471, 35.125733], [129.047239, 35.126002], [129.047298, 35.1261], [129.047408, 35.126282], [129.047505, 35.126435], [129.047663, 35.126644], [129.047837, 35.126842], [129.047942, 35.126966], [129.048095, 35.127115], [129.048137, 35.127158], [129.048256, 35.127265], [129.048444, 35.127438], [129.048671, 35.127631], [129.048913, 35.127846], [129.049195, 35.128098], [129.049576, 35.128429], [129.049776, 35.128603], [129.050308, 35.129068], [129.050715, 35.129439], [129.051185, 35.129842], [129.051574, 35.13018], [129.052132, 35.130676], [129.052332, 35.13085], [129.052844, 35.131309], [129.053104, 35.131517], [129.053346, 35.131723], [129.053649, 35.131993], [129.053843, 35.132175], [129.054165, 35.132441], [129.054304, 35.132573], [129.054729, 35.132933], [129.054803, 35.132996], [129.05494, 35.133112], [129.055322, 35.133434], [129.055358, 35.133464], [129.055694, 35.133769], [129.055989, 35.134056], [129.056332, 35.134433], [129.056407, 35.134521], [129.056469, 35.13462], [129.056549, 35.134754], [129.056665, 35.134927], [129.056812, 35.135223], [129.056992, 35.135611], [129.057124, 35.136014], [129.057209, 35.136335], [129.057322, 35.1368], [129.057357, 35.137063], [129.057365, 35.137304], [129.057373, 35.13757], [129.05733, 35.139595], [129.057315, 35.140556], [129.057303, 35.141036], [129.057255, 35.142777], [129.057236, 35.143762], [129.057212, 35.144663], [129.057188, 35.14508], [129.057188, 35.14508], [129.057158, 35.145286], [129.057123, 35.145426], [129.057051, 35.145694], [129.056962, 35.145944], [129.056834, 35.146223], [129.056698, 35.146473], [129.056635, 35.146563], [129.056445, 35.146824], [129.056225, 35.147084], [129.05575, 35.147563], [129.054868, 35.148409], [129.054264, 35.148997], [129.053364, 35.149873], [129.052687, 35.150521], [129.051281, 35.151863], [129.049015, 35.15405], [129.04755, 35.15546], [129.046692, 35.156287], [129.046411, 35.156539], [129.046231, 35.156679], [129.04614, 35.156743], [129.046032, 35.156819], [129.045804, 35.156958], [129.045512, 35.157113], [129.045407, 35.157164], [129.04526, 35.157223], [129.044941, 35.157347], [129.044689, 35.157429], [129.044418, 35.157491], [129.044225, 35.157536], [129.043903, 35.157583], [129.04371, 35.157607], [129.043476, 35.157618], [129.043197, 35.157629], [129.042857, 35.157615], [129.042713, 35.157611], [129.042372, 35.157601], [129.04136, 35.157482], [129.040802, 35.157414], [129.038836, 35.157131], [129.038788, 35.157124], [129.038649, 35.157104], [129.038471, 35.157078], [129.037986, 35.157012], [129.037789, 35.156983], [129.037677, 35.156966], [129.036173, 35.15674], [129.033246, 35.156304], [129.03162, 35.156065], [129.030886, 35.155975], [129.030144, 35.155884], [129.029867, 35.155844], [129.029438, 35.15577], [129.028389, 35.155576], [129.027907, 35.155461], [129.02671, 35.155172], [129.025216, 35.154826], [129.02498, 35.154788], [129.023744, 35.154483], [129.019181, 35.153402], [129.017717, 35.153053], [129.016698, 35.152847], [129.015142, 35.152595], [129.014442, 35.152538], [129.014193, 35.152524], [129.012685, 35.152516], [129.010571, 35.152489], [129.009566, 35.15247], [129.009308, 35.152472], [129.008994, 35.152461], [129.008391, 35.152427], [129.008228, 35.152412], [129.007677, 35.152325], [129.00749, 35.152295], [129.007176, 35.152228], [129.004706, 35.151657], [129.004445, 35.151604], [129.004081, 35.151535], [129.003695, 35.151504], [129.002855, 35.151487], [129.002597, 35.151503], [129.002238, 35.151529], [129.002029, 35.151549], [129.001339, 35.151669], [129.001058, 35.15173], [129.000022, 35.152005], [128.999198, 35.152222], [128.998405, 35.152431], [128.99717, 35.152815], [128.996541, 35.153068], [128.996232, 35.153233], [128.995927, 35.153419], [128.995457, 35.153737], [128.994832, 35.154211], [128.994414, 35.154533], [128.994009, 35.15486], [128.993593, 35.155193], [128.993137, 35.155522], [128.992727, 35.155886], [128.992225, 35.156279], [128.991984, 35.156476], [128.991748, 35.156691], [128.991576, 35.156858], [128.991437, 35.156998], [128.991284, 35.157152], [128.991195, 35.15727], [128.990954, 35.15757], [128.990804, 35.157785], [128.990713, 35.157948], [128.990595, 35.158166], [128.990493, 35.158382], [128.990356, 35.158687], [128.990192, 35.159119], [128.990085, 35.159437], [128.9899, 35.159956], [128.989715, 35.1605], [128.989613, 35.160781], [128.989026, 35.162491]]}}, {"type": "Feature", "properties": {"line": "경부선", "from": "사상", "to": "구포", "km": 5.002, "down": 1392948, "up": 1364732, "daily": 7555, "density": 7555}, "geometry": {"type": "LineString", "coordinates": [[128.989026, 35.162491], [128.988682, 35.163491], [128.988607, 35.163728], [128.988489, 35.164015], [128.988387, 35.164339], [128.988299, 35.164585], [128.988137, 35.165135], [128.987993, 35.16548], [128.987784, 35.166063], [128.987607, 35.166581], [128.987497, 35.166912], [128.987408, 35.167175], [128.987323, 35.167452], [128.987255, 35.167677], [128.987233, 35.167726], [128.987188, 35.167996], [128.987158, 35.168191], [128.987153, 35.168428], [128.987155, 35.168682], [128.987182, 35.169101], [128.987217, 35.16943], [128.987284, 35.169906], [128.987415, 35.170721], [128.987646, 35.172094], [128.987729, 35.172585], [128.987928, 35.173916], [128.98804, 35.174762], [128.988048, 35.174837], [128.988091, 35.175608], [128.988102, 35.175784], [128.98811, 35.176139], [128.988153, 35.177847], [128.988159, 35.178457], [128.988159, 35.178506], [128.988183, 35.180885], [128.988185, 35.181561], [128.988209, 35.182288], [128.988228, 35.182586], [128.988239, 35.182803], [128.988263, 35.183124], [128.988306, 35.183387], [128.988432, 35.18381], [128.988533, 35.184266], [128.988915, 35.186019], [128.988949, 35.186149], [128.989074, 35.186748], [128.989167, 35.187171], [128.989471, 35.188689], [128.989492, 35.188786], [128.990567, 35.193689], [128.990615, 35.193897], [128.991117, 35.196331], [128.991388, 35.197521], [128.991511, 35.198115], [128.991709, 35.198965], [128.991809, 35.199319], [128.991884, 35.199537], [128.991939, 35.199711], [128.992003, 35.199871], [128.992107, 35.200093], [128.992227, 35.200339], [128.992333, 35.20052], [128.992481, 35.20074], [128.992651, 35.200954], [128.99276, 35.20109], [128.992894, 35.201261], [128.99308, 35.20145], [128.993241, 35.201628], [128.99334, 35.20172], [128.993721, 35.202086], [128.993987, 35.202323], [128.994164, 35.202463], [128.994424, 35.202687], [128.995251, 35.203469], [128.997045, 35.205057], [128.997318, 35.205295]]}}, {"type": "Feature", "properties": {"line": "경부선", "from": "구포", "to": "화명", "km": 3.468, "down": 2041594, "up": 1984895, "daily": 11031, "density": 11031}, "geometry": {"type": "LineString", "coordinates": [[128.997318, 35.205295], [128.997891, 35.205793], [128.998623, 35.206432], [128.998847, 35.206603], [128.999327, 35.207013], [128.999605, 35.20728], [129.000448, 35.208021], [129.000497, 35.208066], [129.00072, 35.20827], [129.001435, 35.208924], [129.001683, 35.209145], [129.002128, 35.20967], [129.002275, 35.209887], [129.002475, 35.210208], [129.002617, 35.210457], [129.002662, 35.210531], [129.002839, 35.21094], [129.002931, 35.211155], [129.003105, 35.211707], [129.003306, 35.212425], [129.003467, 35.213243], [129.003922, 35.215069], [129.004487, 35.217349], [129.004683, 35.218123], [129.005209, 35.220928], [129.007038, 35.23116], [129.007611, 35.234274], [129.007645, 35.234455]]}}, {"type": "Feature", "properties": {"line": "경부선", "from": "화명", "to": "물금", "km": 9.392, "down": 2026744, "up": 1981950, "daily": 10983, "density": 10983}, "geometry": {"type": "LineString", "coordinates": [[129.007645, 35.234455], [129.007704, 35.234767], [129.008156, 35.237234], [129.008311, 35.238044], [129.008361, 35.238311], [129.008508, 35.239179], [129.008602, 35.239741], [129.009109, 35.242417], [129.009231, 35.243166], [129.009324, 35.243845], [129.009388, 35.244414], [129.009447, 35.245036], [129.009585, 35.246282], [129.009621, 35.246607], [129.009962, 35.249739], [129.009994, 35.250044], [129.010021, 35.250307], [129.010042, 35.250534], [129.010059, 35.250786], [129.010069, 35.251198], [129.010067, 35.252236], [129.010053, 35.253163], [129.010056, 35.253318], [129.010069, 35.253497], [129.010077, 35.253627], [129.010088, 35.253742], [129.010118, 35.253951], [129.010139, 35.254061], [129.010166, 35.254188], [129.010209, 35.254348], [129.010294, 35.254603], [129.010359, 35.254818], [129.010461, 35.255077], [129.010654, 35.255499], [129.010812, 35.255824], [129.01126, 35.256737], [129.015026, 35.264369], [129.015345, 35.26499], [129.015562, 35.265401], [129.015938, 35.266068], [129.016243, 35.266662], [129.017225, 35.268448], [129.01747, 35.268892], [129.017529, 35.269015], [129.01767, 35.269338], [129.017805, 35.269661], [129.017853, 35.269798], [129.017925, 35.270042], [129.017971, 35.270232], [129.018022, 35.270454], [129.018065, 35.270771], [129.018087, 35.271082], [129.018087, 35.271292], [129.018081, 35.271476], [129.01806, 35.271643], [129.018019, 35.271884], [129.017987, 35.272098], [129.017912, 35.272424], [129.017703, 35.273097], [129.017531, 35.273642], [129.016967, 35.275347], [129.016931, 35.275458], [129.015914, 35.278534], [129.015522, 35.27974], [129.01497, 35.281623], [129.014652, 35.282722], [129.014615, 35.282838], [129.014543, 35.283099], [129.014313, 35.283913], [129.014152, 35.28438], [129.014044, 35.284632], [129.013897, 35.284942], [129.013711, 35.285289], [129.013428, 35.285739], [129.013311, 35.285915], [129.01311, 35.286173], [129.012907, 35.286409], [129.012709, 35.286663], [129.012384, 35.286994], [129.012204, 35.287177], [129.011856, 35.287489], [129.011406, 35.2879], [129.010908, 35.288328], [129.010126, 35.288985], [129.0082, 35.29041], [129.007258, 35.291119], [129.005593, 35.292552], [129.003969, 35.294002], [129.002509, 35.295312], [128.999839, 35.29768], [128.99895, 35.298307], [128.998443, 35.29865], [128.990268, 35.30365], [128.988215, 35.304916], [128.986635, 35.30588], [128.985836, 35.306372], [128.985395, 35.306645]]}}, {"type": "Feature", "properties": {"line": "경부선", "from": "물금", "to": "원동", "km": 9.21, "down": 2090557, "up": 2073417, "daily": 11408, "density": 11408}, "geometry": {"type": "LineString", "coordinates": [[128.985395, 35.306645], [128.98384, 35.307609], [128.982351, 35.308539], [128.979001, 35.310678], [128.977944, 35.311682], [128.977008, 35.312798], [128.976169, 35.313843], [128.975353, 35.31498], [128.974674, 35.315891], [128.974402, 35.316428], [128.974177, 35.318389], [128.9743, 35.321001], [128.974579, 35.322432], [128.974755, 35.323768], [128.974859, 35.324348], [128.974891, 35.325155], [128.97475, 35.326206], [128.974511, 35.327245], [128.974313, 35.32818], [128.974157, 35.328612], [128.973872, 35.329451], [128.973703, 35.32974], [128.973286, 35.330508], [128.972521, 35.331495], [128.971669, 35.332256], [128.970967, 35.332804], [128.970585, 35.333078], [128.96937, 35.333839], [128.967982, 35.334356], [128.950335, 35.339834], [128.949286, 35.340154], [128.944942, 35.341449], [128.943771, 35.34196], [128.942388, 35.343122], [128.941486, 35.343958], [128.940242, 35.345146], [128.938707, 35.346435], [128.937854, 35.347465], [128.936083, 35.349137], [128.93523, 35.349848], [128.933332, 35.351318], [128.929908, 35.353895], [128.928905, 35.354735], [128.927976, 35.355645], [128.926931, 35.35694], [128.925933, 35.358091], [128.924453, 35.359491], [128.922713, 35.360927], [128.920894, 35.362435], [128.920853, 35.362469]]}}, {"type": "Feature", "properties": {"line": "경부선", "from": "원동", "to": "삼랑진", "km": 9.085, "down": 2090008, "up": 2072005, "daily": 11403, "density": 11403}, "geometry": {"type": "LineString", "coordinates": [[128.920853, 35.362469], [128.919137, 35.363898], [128.91824, 35.364678], [128.916771, 35.36587], [128.916143, 35.366494], [128.915063, 35.367311], [128.914239, 35.367745], [128.913663, 35.367972], [128.912291, 35.368338], [128.911368, 35.368463], [128.908978, 35.368856], [128.902854, 35.369842], [128.886936, 35.372295], [128.885202, 35.372608], [128.884363, 35.372843], [128.883535, 35.37314], [128.882205, 35.373878], [128.881585, 35.374347], [128.880196, 35.375549], [128.877519, 35.377954], [128.876885, 35.37845], [128.876333, 35.37909], [128.875586, 35.380165], [128.874978, 35.38172], [128.874438, 35.38366], [128.873541, 35.386745], [128.87319, 35.387636], [128.872435, 35.389387], [128.871041, 35.391929], [128.870477, 35.392967], [128.869838, 35.394109], [128.869434, 35.394817], [128.868999, 35.395409], [128.868518, 35.395921], [128.86745, 35.396942], [128.866362, 35.39796], [128.865877, 35.398388], [128.865234, 35.398862], [128.864133, 35.399471], [128.863931, 35.39957], [128.86369, 35.399668], [128.86354, 35.399724], [128.861838, 35.400235], [128.861046, 35.40038], [128.860521, 35.400436], [128.860106, 35.400462], [128.859749, 35.400466], [128.859135, 35.400464], [128.858432, 35.400426], [128.855339, 35.400114], [128.853681, 35.400008], [128.851717, 35.399845], [128.850336, 35.399725], [128.84989, 35.399689], [128.848158, 35.39954], [128.846349, 35.399376], [128.843855, 35.399154]]}}, {"type": "Feature", "properties": {"line": "경부선", "from": "삼랑진", "to": "밀양", "km": 12.534, "down": 4792257, "up": 4765265, "daily": 26185, "density": 26185}, "geometry": {"type": "LineString", "coordinates": [[128.843855, 35.399154], [128.84381, 35.39915], [128.842441, 35.399018], [128.840767, 35.398874], [128.840274, 35.398832], [128.84007, 35.398815], [128.839301, 35.398757], [128.838532, 35.398738], [128.837847, 35.398781], [128.837211, 35.398879], [128.83665, 35.399009], [128.836132, 35.399174], [128.834823, 35.399686], [128.833922, 35.40003], [128.833234, 35.40024], [128.832081, 35.400442], [128.831213, 35.400459], [128.827273, 35.400551], [128.825804, 35.400672], [128.824939, 35.400782], [128.822753, 35.401092], [128.821944, 35.401203], [128.819978, 35.401501], [128.818787, 35.401779], [128.817589, 35.402141], [128.816601, 35.402532], [128.815076, 35.403132], [128.812894, 35.404096], [128.811581, 35.404604], [128.811577, 35.404605], [128.810626, 35.404985], [128.809876, 35.405347], [128.809257, 35.405595], [128.808258, 35.406057], [128.807997, 35.406174], [128.806885, 35.406669], [128.805882, 35.407115], [128.804926, 35.4075], [128.803831, 35.407978], [128.803134, 35.408315], [128.802021, 35.409015], [128.801289, 35.409557], [128.799865, 35.410842], [128.799218, 35.411368], [128.798599, 35.412011], [128.798171, 35.412618], [128.797829, 35.413129], [128.797419, 35.414249], [128.797398, 35.415901], [128.797452, 35.419674], [128.797604, 35.423104], [128.797728, 35.425332], [128.7979, 35.426156], [128.798056, 35.426504], [128.798862, 35.427512], [128.799344, 35.428671], [128.799951, 35.429866], [128.800426, 35.431003], [128.800578, 35.431946], [128.80053, 35.432971], [128.800412, 35.433843], [128.800372, 35.434373], [128.800332, 35.43488], [128.800177, 35.435972], [128.79995, 35.437074], [128.799549, 35.438193], [128.799312, 35.438691], [128.799218, 35.438882], [128.79906, 35.439176], [128.798891, 35.439503], [128.798378, 35.440342], [128.795863, 35.443772], [128.793265, 35.447215], [128.790721, 35.450602], [128.789125, 35.452752], [128.786397, 35.456451], [128.786108, 35.456923], [128.785826, 35.457548], [128.785598, 35.458409], [128.785536, 35.458824], [128.785641, 35.460229], [128.785729, 35.461046], [128.785807, 35.461677], [128.785901, 35.463056], [128.785724, 35.463905], [128.785501, 35.464648], [128.784949, 35.465642], [128.784252, 35.466533], [128.783838, 35.466955], [128.781068, 35.469229], [128.780075, 35.470022], [128.778251, 35.47111], [128.774803, 35.472963], [128.773619, 35.473653], [128.771401, 35.47483]]}}, {"type": "Feature", "properties": {"line": "경부선", "from": "밀양", "to": "상동", "km": 9.468, "down": 4529040, "up": 4504945, "daily": 24751, "density": 24751}, "geometry": {"type": "LineString", "coordinates": [[128.771401, 35.47483], [128.768763, 35.476231], [128.768382, 35.476468], [128.767457, 35.476952], [128.76705, 35.477193], [128.766907, 35.477279], [128.766042, 35.477806], [128.7656, 35.478171], [128.765041, 35.478735], [128.76459, 35.479331], [128.764321, 35.479776], [128.764076, 35.480302], [128.763925, 35.480813], [128.763869, 35.481166], [128.763827, 35.481572], [128.763914, 35.48266], [128.764053, 35.483553], [128.764124, 35.484094], [128.764497, 35.486879], [128.764873, 35.489458], [128.764899, 35.490097], [128.764914, 35.490678], [128.764888, 35.491401], [128.764726, 35.494481], [128.764687, 35.494934], [128.764586, 35.49608], [128.764576, 35.496823], [128.764604, 35.497405], [128.764645, 35.497827], [128.764725, 35.498305], [128.764958, 35.499666], [128.765854, 35.505763], [128.766477, 35.508729], [128.766654, 35.509716], [128.766893, 35.511436], [128.767236, 35.513306], [128.767288, 35.513827], [128.76729, 35.513837], [128.767313, 35.514376], [128.767324, 35.51466], [128.767287, 35.515215], [128.767223, 35.5158], [128.767097, 35.516518], [128.766904, 35.51733], [128.766704, 35.518288], [128.766651, 35.518632], [128.766584, 35.51911], [128.76654, 35.519734], [128.766526, 35.520432], [128.766635, 35.524128], [128.766781, 35.527897], [128.766757, 35.528435], [128.766679, 35.52901], [128.766506, 35.529465], [128.766333, 35.529938], [128.763538, 35.536516], [128.759784, 35.54545], [128.759572, 35.54607], [128.759293, 35.547236], [128.759271, 35.547818], [128.759258, 35.54804], [128.759272, 35.548433], [128.759247, 35.548736], [128.759385, 35.549772], [128.75982, 35.552369], [128.760058, 35.553774], [128.760357, 35.555573], [128.760381, 35.555719]]}}, {"type": "Feature", "properties": {"line": "경부선", "from": "상동", "to": "청도", "km": 10.283, "down": 4517442, "up": 4493709, "daily": 24688, "density": 24688}, "geometry": {"type": "LineString", "coordinates": [[128.760381, 35.555719], [128.76071, 35.557702], [128.760896, 35.558843], [128.76095, 35.559175], [128.761214, 35.560742], [128.761337, 35.561471], [128.76155, 35.562888], [128.761609, 35.56334], [128.761636, 35.563726], [128.761663, 35.564317], [128.761671, 35.564629], [128.761674, 35.564991], [128.761646, 35.565562], [128.761609, 35.56611], [128.76156, 35.566606], [128.761497, 35.567082], [128.760804, 35.571111], [128.760736, 35.571502], [128.760401, 35.573386], [128.760388, 35.573453], [128.759763, 35.579738], [128.759386, 35.583992], [128.759381, 35.58436], [128.759457, 35.585349], [128.759598, 35.586289], [128.759662, 35.586638], [128.759736, 35.586987], [128.759899, 35.587677], [128.760051, 35.588253], [128.7602, 35.588739], [128.760451, 35.589525], [128.760642, 35.590069], [128.760805, 35.590483], [128.760998, 35.590942], [128.761243, 35.591508], [128.761474, 35.591993], [128.761602, 35.592261], [128.761831, 35.592703], [128.761999, 35.59304], [128.762221, 35.593443], [128.762444, 35.593831], [128.762579, 35.594067], [128.762806, 35.594414], [128.763041, 35.594782], [128.763282, 35.595157], [128.763503, 35.595497], [128.763864, 35.596038], [128.764366, 35.59681], [128.764661, 35.597259], [128.765043, 35.597841], [128.765186, 35.598056], [128.765241, 35.598139], [128.765353, 35.598307], [128.765551, 35.598607], [128.765707, 35.598848], [128.766079, 35.599423], [128.766343, 35.599842], [128.767114, 35.601108], [128.767311, 35.601453], [128.767506, 35.60179], [128.767512, 35.6018], [128.76769, 35.60218], [128.767808, 35.602504], [128.7679, 35.602789], [128.767964, 35.603032], [128.768022, 35.603322], [128.768045, 35.603585], [128.768072, 35.603874], [128.768079, 35.604205], [128.768028, 35.606118], [128.768008, 35.606393], [128.767972, 35.606764], [128.767911, 35.607137], [128.767839, 35.607457], [128.767747, 35.607806], [128.767636, 35.608167], [128.767506, 35.608522], [128.767325, 35.608932], [128.767142, 35.609312], [128.766934, 35.609687], [128.766736, 35.610008], [128.766502, 35.610344], [128.766264, 35.610653], [128.765994, 35.610971], [128.765745, 35.611257], [128.765546, 35.611465], [128.765384, 35.611635], [128.765084, 35.61195], [128.764459, 35.612603], [128.764085, 35.612992], [128.763532, 35.613547], [128.763238, 35.613884], [128.763011, 35.614175], [128.762827, 35.614426], [128.762627, 35.614779], [128.762468, 35.615097], [128.762316, 35.615487], [128.762226, 35.615772], [128.762159, 35.616054], [128.76212, 35.616303], [128.762091, 35.61657], [128.762072, 35.616837], [128.762067, 35.61711], [128.762067, 35.617316], [128.762087, 35.617796], [128.762177, 35.620625], [128.762237, 35.622131], [128.76225, 35.622493], [128.762244, 35.622865], [128.762229, 35.623186], [128.762198, 35.623451], [128.762156, 35.6237], [128.76209, 35.623991], [128.762021, 35.624225], [128.761916, 35.624529], [128.761156, 35.626357], [128.761025, 35.626638], [128.760901, 35.626868], [128.760748, 35.627134], [128.760586, 35.627382], [128.760414, 35.62763], [128.760212, 35.627896], [128.759952, 35.628228], [128.759645, 35.628599], [128.759533, 35.628735], [128.758813, 35.629599], [128.758504, 35.629974], [128.758153, 35.630372], [128.757854, 35.630686], [128.75758, 35.630955], [128.757322, 35.63118], [128.757097, 35.63136], [128.756882, 35.631523], [128.756665, 35.631672], [128.756419, 35.631825], [128.756187, 35.631978], [128.755842, 35.632172], [128.755287, 35.632447], [128.754604, 35.632753], [128.754482, 35.632808], [128.754035, 35.633009], [128.751539, 35.634107], [128.751155, 35.634293], [128.751097, 35.634324], [128.75067, 35.634553], [128.750245, 35.634835], [128.750006, 35.635012], [128.749748, 35.635229], [128.749585, 35.635384], [128.74938, 35.635594], [128.749219, 35.635771], [128.749038, 35.635987], [128.748792, 35.636305], [128.748533, 35.63665], [128.748344, 35.636905], [128.747827, 35.637602], [128.747564, 35.637939], [128.746973, 35.638746], [128.746146, 35.639845]]}}, {"type": "Feature", "properties": {"line": "경부선", "from": "청도", "to": "남성현", "km": 8.587, "down": 4706862, "up": 4677508, "daily": 25711, "density": 25711}, "geometry": {"type": "LineString", "coordinates": [[128.746146, 35.639845], [128.74553, 35.640662], [128.745055, 35.641289], [128.744575, 35.641913], [128.744359, 35.642204], [128.744285, 35.642303], [128.744189, 35.642433], [128.743902, 35.642831], [128.743709, 35.643128], [128.743475, 35.643527], [128.743269, 35.643935], [128.743175, 35.644303], [128.743073, 35.644732], [128.743003, 35.645234], [128.742998, 35.645776], [128.7431, 35.647712], [128.743352, 35.651805], [128.743361, 35.651935], [128.743438, 35.653074], [128.74392, 35.659403], [128.744103, 35.6618], [128.74413, 35.662475], [128.744049, 35.663299], [128.743792, 35.664118], [128.743601, 35.664516], [128.7434, 35.664859], [128.743203, 35.665143], [128.743019, 35.665387], [128.742824, 35.665611], [128.742598, 35.665839], [128.7424, 35.666026], [128.742187, 35.666192], [128.741791, 35.666487], [128.741453, 35.666698], [128.740986, 35.666949], [128.740579, 35.667144], [128.739949, 35.667399], [128.739348, 35.667565], [128.738823, 35.667687], [128.738013, 35.667835], [128.735116, 35.668384], [128.73452, 35.668515], [128.7337, 35.66875], [128.73312, 35.668942], [128.732541, 35.66919], [128.731865, 35.669534], [128.73127, 35.669879], [128.728925, 35.671334], [128.728485, 35.671674], [128.727965, 35.672106], [128.724226, 35.675313], [128.723829, 35.675705], [128.723421, 35.676193], [128.723153, 35.676598], [128.722901, 35.677091], [128.722735, 35.677501], [128.722601, 35.677945], [128.72251, 35.678398], [128.722177, 35.68042], [128.722032, 35.680969], [128.721796, 35.681522], [128.721437, 35.682115], [128.72119, 35.682481], [128.720525, 35.68344], [128.720213, 35.683827], [128.719951, 35.684124], [128.719743, 35.684347], [128.718533, 35.685515], [128.718352, 35.685688], [128.71821, 35.685831], [128.718028, 35.686022], [128.717806, 35.686262], [128.717544, 35.68658], [128.717391, 35.68678], [128.717245, 35.686978], [128.717095, 35.687198], [128.716959, 35.687414], [128.716818, 35.687647], [128.71667, 35.687919], [128.716551, 35.68815], [128.716409, 35.688462], [128.716295, 35.688743], [128.716194, 35.689004], [128.716113, 35.689246], [128.716047, 35.68947], [128.715989, 35.689692], [128.715943, 35.68989], [128.715901, 35.690118], [128.71575, 35.691138], [128.71559, 35.692091], [128.715286, 35.693984], [128.715122, 35.694969], [128.715079, 35.695202], [128.715042, 35.695395], [128.714967, 35.69575], [128.714892, 35.696097], [128.714758, 35.696622], [128.71467, 35.696968], [128.71441, 35.697962], [128.714254, 35.698576], [128.714176, 35.698891], [128.714071, 35.699322], [128.713957, 35.699868], [128.713928, 35.700038], [128.713897, 35.700238], [128.713879, 35.700401], [128.713869, 35.700598], [128.713867, 35.700755], [128.713876, 35.70098], [128.71389, 35.701177], [128.71391, 35.701352], [128.713942, 35.701539], [128.713989, 35.701748], [128.714041, 35.701959], [128.714115, 35.702192], [128.714161, 35.702324], [128.714243, 35.702528], [128.714335, 35.70273], [128.714357, 35.702774], [128.714414, 35.70289], [128.714506, 35.703058], [128.714605, 35.703221], [128.714707, 35.703376], [128.714827, 35.703546], [128.714964, 35.703717], [128.715093, 35.703879], [128.715247, 35.704041], [128.715423, 35.704221], [128.715574, 35.704361], [128.715702, 35.704475], [128.715845, 35.704595], [128.715987, 35.704705], [128.716125, 35.704805], [128.716195, 35.704854]]}}, {"type": "Feature", "properties": {"line": "경부선", "from": "남성현", "to": "경산", "km": 14.579, "down": 4708384, "up": 4678796, "daily": 25718, "density": 25718}, "geometry": {"type": "LineString", "coordinates": [[128.716195, 35.704854], [128.716296, 35.704926], [128.716456, 35.705027], [128.71668, 35.705163], [128.716949, 35.705323], [128.717128, 35.70542], [128.717915, 35.70584], [128.718264, 35.706026], [128.718744, 35.706284], [128.7191, 35.70648], [128.719342, 35.706624], [128.719652, 35.706836], [128.719907, 35.707022], [128.720093, 35.707169], [128.720348, 35.7074], [128.720609, 35.707658], [128.720801, 35.707877], [128.720971, 35.708087], [128.721119, 35.70829], [128.72126, 35.708503], [128.721399, 35.708748], [128.721553, 35.709043], [128.721711, 35.709386], [128.722239, 35.710591], [128.730664, 35.729834], [128.730902, 35.730334], [128.731146, 35.730826], [128.731319, 35.731154], [128.7315, 35.731487], [128.731645, 35.731735], [128.731811, 35.731965], [128.73199, 35.732173], [128.732223, 35.732406], [128.732495, 35.73268], [128.7327, 35.732925], [128.732868, 35.733161], [128.73302, 35.733416], [128.73314, 35.733638], [128.733632, 35.734781], [128.733783, 35.735112], [128.733895, 35.735343], [128.734036, 35.735649], [128.73416, 35.735958], [128.734261, 35.736256], [128.734318, 35.736468], [128.734394, 35.736793], [128.734462, 35.737125], [128.734506, 35.737405], [128.734537, 35.73766], [128.734574, 35.73804], [128.734608, 35.738436], [128.734616, 35.738546], [128.734753, 35.740409], [128.734814, 35.741124], [128.734827, 35.741283], [128.734908, 35.742356], [128.734946, 35.742901], [128.734972, 35.743156], [128.735008, 35.743495], [128.735064, 35.743883], [128.73512, 35.744212], [128.735188, 35.744549], [128.735275, 35.744938], [128.73536, 35.74525], [128.735648, 35.746223], [128.735839, 35.746863], [128.735947, 35.747253], [128.736037, 35.747645], [128.736077, 35.747886], [128.736114, 35.748111], [128.736144, 35.748346], [128.736161, 35.748543], [128.73617, 35.748823], [128.73617, 35.749141], [128.736152, 35.749407], [128.736118, 35.749692], [128.736079, 35.74993], [128.736028, 35.750194], [128.735945, 35.750526], [128.735847, 35.750845], [128.735749, 35.751109], [128.735658, 35.751336], [128.735552, 35.751558], [128.735405, 35.751845], [128.735225, 35.752159], [128.735036, 35.752438], [128.734883, 35.752653], [128.734717, 35.752865], [128.734541, 35.753073], [128.734449, 35.753177], [128.734045, 35.753605], [128.733557, 35.754076], [128.732991, 35.754512], [128.732403, 35.754892], [128.726917, 35.758091], [128.72633, 35.758476], [128.726156, 35.758597], [128.725956, 35.758762], [128.725753, 35.758944], [128.725454, 35.759234], [128.725241, 35.759462], [128.724982, 35.759759], [128.724741, 35.760051], [128.724685, 35.760121], [128.724429, 35.760446], [128.723839, 35.761196], [128.723093, 35.76215], [128.72298, 35.7623], [128.722516, 35.762886], [128.720056, 35.766018], [128.719727, 35.766447], [128.719415, 35.766869], [128.719177, 35.767258], [128.718973, 35.767637], [128.718777, 35.768057], [128.718635, 35.768418], [128.718555, 35.768667], [128.718484, 35.768913], [128.718418, 35.769169], [128.718356, 35.769444], [128.718273, 35.769806], [128.718163, 35.770299], [128.71813, 35.770449], [128.71773, 35.772258], [128.716994, 35.775564], [128.716648, 35.777135], [128.716493, 35.777839], [128.716431, 35.778128], [128.716075, 35.779733], [128.715987, 35.780158], [128.715944, 35.780465], [128.715913, 35.780795], [128.715905, 35.781085], [128.715916, 35.781421], [128.715944, 35.78185], [128.715994, 35.782221], [128.716146, 35.783246], [128.716366, 35.784579], [128.716417, 35.784893], [128.716466, 35.785124], [128.716519, 35.785338], [128.716575, 35.785537], [128.716634, 35.785722], [128.716701, 35.785902], [128.716793, 35.786131], [128.716884, 35.786316], [128.717007, 35.78654], [128.717174, 35.786811], [128.717351, 35.787062], [128.717575, 35.787338], [128.71779, 35.787573], [128.717972, 35.787758], [128.718211, 35.787974], [128.718449, 35.788163], [128.718675, 35.788324], [128.718918, 35.788484], [128.719193, 35.788653], [128.719483, 35.78882], [128.719759, 35.788964], [128.720076, 35.789129], [128.722938, 35.790599], [128.72461, 35.791527], [128.725285, 35.791814], [128.725653, 35.792005], [128.725951, 35.792196], [128.726233, 35.792363], [128.726509, 35.79254], [128.726852, 35.792734], [128.727182, 35.792975], [128.727563, 35.79328], [128.7278, 35.793492], [128.728183, 35.79385], [128.731948, 35.797672], [128.732216, 35.797944], [128.732627, 35.798401], [128.732772, 35.798573], [128.732917, 35.798762], [128.73308, 35.798994], [128.733282, 35.799335], [128.733422, 35.799598], [128.733533, 35.799849], [128.733598, 35.800028], [128.733663, 35.800233], [128.73373, 35.80048], [128.733785, 35.800732], [128.733827, 35.800973], [128.733852, 35.801234], [128.733865, 35.801457], [128.733862, 35.80168], [128.733846, 35.801907], [128.733823, 35.802141], [128.733796, 35.802358], [128.733296, 35.80557], [128.733242, 35.805872], [128.733192, 35.806184], [128.73312, 35.806504], [128.733017, 35.806865], [128.732914, 35.807191], [128.732736, 35.807572], [128.732605, 35.807901], [128.73243, 35.808308], [128.729124, 35.815715], [128.729002, 35.81598], [128.728991, 35.816004], [128.728688, 35.816673], [128.728184, 35.817784], [128.727512, 35.8193]]}}, {"type": "Feature", "properties": {"line": "경부선", "from": "경산", "to": "동대구", "km": 12.475, "down": 4869286, "up": 4874956, "daily": 26697, "density": 26697}, "geometry": {"type": "LineString", "coordinates": [[128.727512, 35.8193], [128.726842, 35.820813], [128.725609, 35.823532], [128.725539, 35.823685], [128.725503, 35.823765], [128.725413, 35.823952], [128.72533, 35.824132], [128.725151, 35.824529], [128.72407, 35.826914], [128.72386, 35.82737], [128.723673, 35.827786], [128.723529, 35.828115], [128.723419, 35.828382], [128.723301, 35.828685], [128.723206, 35.828949], [128.723108, 35.829247], [128.723023, 35.829531], [128.722957, 35.82979], [128.722873, 35.830144], [128.722775, 35.830625], [128.72262, 35.831442], [128.72233, 35.832907], [128.722201, 35.833565], [128.722134, 35.833855], [128.72205, 35.834164], [128.721973, 35.834432], [128.721875, 35.83473], [128.721768, 35.835033], [128.72169, 35.835239], [128.721491, 35.835667], [128.721302, 35.836047], [128.721105, 35.836422], [128.720268, 35.8379], [128.719881, 35.838588], [128.719401, 35.83943], [128.719095, 35.83997], [128.7176, 35.842631], [128.717457, 35.842875], [128.717309, 35.843119], [128.717138, 35.843391], [128.716933, 35.843671], [128.716685, 35.843999], [128.716431, 35.844299], [128.716115, 35.844624], [128.715818, 35.844903], [128.715482, 35.845179], [128.71519, 35.845402], [128.714694, 35.845755], [128.714056, 35.846174], [128.711109, 35.848107], [128.710731, 35.84836], [128.710637, 35.848423], [128.709472, 35.8492], [128.708313, 35.849965], [128.707369, 35.850594], [128.706744, 35.850958], [128.70618, 35.85122], [128.705864, 35.85134], [128.705571, 35.851452], [128.705209, 35.851547], [128.704824, 35.85164], [128.704022, 35.851769], [128.702611, 35.85197], [128.70108, 35.852176], [128.699494, 35.852411], [128.698242, 35.852588], [128.697508, 35.852692], [128.696394, 35.852839], [128.688712, 35.853989], [128.687964, 35.854124], [128.685475, 35.854449], [128.684522, 35.854562], [128.683987, 35.854678], [128.68351, 35.854782], [128.682956, 35.85496], [128.68269, 35.855072], [128.682311, 35.855237], [128.682085, 35.855344], [128.681889, 35.855444], [128.681726, 35.855545], [128.681475, 35.8557], [128.6813, 35.855825], [128.681147, 35.85594], [128.680652, 35.856336], [128.680156, 35.856863], [128.679743, 35.857377], [128.679507, 35.857679], [128.679244, 35.858015], [128.679081, 35.858221], [128.678362, 35.859192], [128.677234, 35.860629], [128.676576, 35.86147], [128.676127, 35.862082], [128.675809, 35.862516], [128.67504, 35.86346], [128.674397, 35.864112], [128.674048, 35.86445], [128.673524, 35.864869], [128.672894, 35.865297], [128.672312, 35.865654], [128.671931, 35.865856], [128.671544, 35.86604], [128.671154, 35.866214], [128.670096, 35.866667], [128.668841, 35.867224], [128.667964, 35.867583], [128.667448, 35.867792], [128.664991, 35.868871], [128.66485, 35.868929], [128.663827, 35.869348], [128.660938, 35.870593], [128.659132, 35.871357], [128.657523, 35.871942], [128.656924, 35.872124], [128.656616, 35.872224], [128.655574, 35.872552], [128.654925, 35.872765], [128.654112, 35.873006], [128.653375, 35.873208], [128.652974, 35.873308], [128.652672, 35.873375], [128.652356, 35.873431], [128.651291, 35.873637], [128.650696, 35.873737], [128.650185, 35.873822], [128.649804, 35.873886], [128.64953, 35.873942], [128.649322, 35.873986], [128.649111, 35.87404], [128.648892, 35.874107], [128.648702, 35.874163], [128.648416, 35.874263], [128.648189, 35.87435], [128.647914, 35.874465], [128.647728, 35.874549], [128.647491, 35.874674], [128.647213, 35.874848], [128.646963, 35.875023], [128.646754, 35.875163], [128.646537, 35.875334], [128.646381, 35.875468], [128.646187, 35.875632], [128.646008, 35.875807], [128.645866, 35.875964], [128.645732, 35.876102], [128.645608, 35.876261], [128.645461, 35.876449], [128.645305, 35.876673], [128.644383, 35.87794], [128.643929, 35.878559], [128.64346, 35.879201], [128.643215, 35.879505], [128.642956, 35.879779], [128.642738, 35.879995], [128.642487, 35.880183], [128.642155, 35.880451], [128.641968, 35.880578], [128.641622, 35.880769], [128.641241, 35.880956], [128.640963, 35.881069], [128.640712, 35.881166], [128.640425, 35.881272], [128.640041, 35.881384], [128.639695, 35.88147], [128.639376, 35.88153], [128.638955, 35.881574], [128.638315, 35.881622], [128.637964, 35.881618], [128.637637, 35.881597], [128.637261, 35.881539], [128.636493, 35.881401], [128.635753, 35.881228], [128.635561, 35.881183], [128.635352, 35.881134], [128.634913, 35.881025], [128.634474, 35.880899], [128.634168, 35.880788], [128.633999, 35.880725], [128.633809, 35.880645], [128.63368, 35.880589], [128.633587, 35.880549], [128.63345, 35.880492], [128.63304, 35.880328], [128.632405, 35.880048], [128.631601, 35.879732], [128.631393, 35.879652], [128.631176, 35.879587], [128.630868, 35.879488], [128.630312, 35.879342], [128.628458, 35.878825]]}}, {"type": "Feature", "properties": {"line": "경부선", "from": "동대구", "to": "대구", "km": 3.051, "down": 3941977, "up": 3973075, "daily": 21685, "density": 21685}, "geometry": {"type": "LineString", "coordinates": [[128.628458, 35.878825], [128.627955, 35.878685], [128.626121, 35.87823], [128.625728, 35.878132], [128.625501, 35.878094], [128.624904, 35.878008], [128.623477, 35.877892], [128.62274, 35.877807], [128.622151, 35.877744], [128.621792, 35.87769], [128.621454, 35.877626], [128.620961, 35.877515], [128.620855, 35.877488], [128.619597, 35.877164], [128.61947, 35.877131], [128.619043, 35.877021], [128.616285, 35.876289], [128.615205, 35.875944], [128.61112, 35.874854], [128.608862, 35.874237], [128.607701, 35.873924], [128.607397, 35.873864], [128.607127, 35.873811], [128.606846, 35.873763], [128.606567, 35.873724], [128.606269, 35.873687], [128.606018, 35.873667], [128.605704, 35.873656], [128.605311, 35.873661], [128.60502, 35.873673], [128.60473, 35.873702], [128.604334, 35.873759], [128.603956, 35.873837], [128.60357, 35.873931], [128.603139, 35.874053], [128.601494, 35.874515], [128.601199, 35.874598], [128.599842, 35.874979], [128.599428, 35.87508], [128.599031, 35.875192], [128.598605, 35.875308], [128.598195, 35.875409], [128.597722, 35.875508], [128.597414, 35.875569], [128.596008, 35.875844]]}}, {"type": "Feature", "properties": {"line": "경부선", "from": "대구", "to": "신동", "km": 17.459, "down": 4660702, "up": 4690667, "daily": 25620, "density": 25620, "through": 1}, "geometry": {"type": "LineString", "coordinates": [[128.596008, 35.875844], [128.595227, 35.875997], [128.592257, 35.876582], [128.591492, 35.87673], [128.589708, 35.877082], [128.588497, 35.877329], [128.588109, 35.877405], [128.580964, 35.878799], [128.580503, 35.878889], [128.578487, 35.879283], [128.578135, 35.879362], [128.577823, 35.879434], [128.577469, 35.879527], [128.577129, 35.879627], [128.576742, 35.879767], [128.576455, 35.879895], [128.576115, 35.880049], [128.575801, 35.880206], [128.575511, 35.880379], [128.575259, 35.880555], [128.575029, 35.880736], [128.572834, 35.882625], [128.572602, 35.882804], [128.572466, 35.882908], [128.57213, 35.883135], [128.571794, 35.883341], [128.571443, 35.883526], [128.571124, 35.883668], [128.570801, 35.883791], [128.570498, 35.883891], [128.57022, 35.883969], [128.569697, 35.884079], [128.569097, 35.884181], [128.568695, 35.884219], [128.568329, 35.884237], [128.568002, 35.884239], [128.567668, 35.884226], [128.567304, 35.884198], [128.566883, 35.884143], [128.566519, 35.884079], [128.566197, 35.884009], [128.565903, 35.883931], [128.565688, 35.883863], [128.564422, 35.883441], [128.562417, 35.882754], [128.558204, 35.881326], [128.557747, 35.881177], [128.557554, 35.881116], [128.557344, 35.881055], [128.557163, 35.881008], [128.556997, 35.880969], [128.556836, 35.880935], [128.556478, 35.880867], [128.55611, 35.880808], [128.555739, 35.880755], [128.555267, 35.880696], [128.555024, 35.880675], [128.554725, 35.880656], [128.554218, 35.880652], [128.553695, 35.880666], [128.549408, 35.880873], [128.548919, 35.880899], [128.547404, 35.880981], [128.546389, 35.881029], [128.546092, 35.881041], [128.545457, 35.881079], [128.54345, 35.881182], [128.542033, 35.881257], [128.540884, 35.881326], [128.540503, 35.881347], [128.540197, 35.881362], [128.539717, 35.881385], [128.538183, 35.881464], [128.536736, 35.88154], [128.535936, 35.881596], [128.535692, 35.881615], [128.535619, 35.88162], [128.535512, 35.881637], [128.535312, 35.881668], [128.535012, 35.881729], [128.534531, 35.881845], [128.534191, 35.881922], [128.534009, 35.88197], [128.533708, 35.882066], [128.533148, 35.882269], [128.53284, 35.882429], [128.530455, 35.883972], [128.5264, 35.886736], [128.524431, 35.887961], [128.52361, 35.888335], [128.522409, 35.888735], [128.519837, 35.889404], [128.517473, 35.890021], [128.516722, 35.89016], [128.515757, 35.89023], [128.514605, 35.890154], [128.513517, 35.889963], [128.512862, 35.889771], [128.512302, 35.889587], [128.510307, 35.88903], [128.509084, 35.888874], [128.507955, 35.888818], [128.507312, 35.888837], [128.506951, 35.888865], [128.506697, 35.888904], [128.506432, 35.888943], [128.506012, 35.889037], [128.505643, 35.889142], [128.505274, 35.889262], [128.504936, 35.889379], [128.504058, 35.889798], [128.503712, 35.889975], [128.503235, 35.890299], [128.502727, 35.890715], [128.502333, 35.891095], [128.502062, 35.891411], [128.501718, 35.891888], [128.501466, 35.892297], [128.501277, 35.89268], [128.50115, 35.893001], [128.501052, 35.893297], [128.500746, 35.89447], [128.500587, 35.895064], [128.500431, 35.895628], [128.500164, 35.896725], [128.499999, 35.897364], [128.499554, 35.899091], [128.499202, 35.900535], [128.49914, 35.900803], [128.498977, 35.901502], [128.498808, 35.902154], [128.49866, 35.902625], [128.498549, 35.90293], [128.498408, 35.903236], [128.498281, 35.903487], [128.498161, 35.903693], [128.497939, 35.904025], [128.497774, 35.904232], [128.497696, 35.904324], [128.497508, 35.904586], [128.495728, 35.906867], [128.494876, 35.908253], [128.494704, 35.908508], [128.493265, 35.910892], [128.49281, 35.911645], [128.492497, 35.912181], [128.492276, 35.912609], [128.492073, 35.913063], [128.491872, 35.913528], [128.491498, 35.914341], [128.491158, 35.915091], [128.49052, 35.916502], [128.490468, 35.916613], [128.490198, 35.917227], [128.489568, 35.918624], [128.489139, 35.919332], [128.488602, 35.920024], [128.488225, 35.920461], [128.487545, 35.921174], [128.486349, 35.92253], [128.485902, 35.923091], [128.485694, 35.923401], [128.48547, 35.923796], [128.485288, 35.924243], [128.485162, 35.924687], [128.485096, 35.925032], [128.485062, 35.925456], [128.485106, 35.926458], [128.48517, 35.926838], [128.485258, 35.927217], [128.485701, 35.928768], [128.486032, 35.929918], [128.486065, 35.930033], [128.486235, 35.93055], [128.488078, 35.937075], [128.488135, 35.93727], [128.48822, 35.937537], [128.488312, 35.937769], [128.48841, 35.938013], [128.48856, 35.938384], [128.488704, 35.9387], [128.488874, 35.939041], [128.489416, 35.94002], [128.48956, 35.940261], [128.490215, 35.941567], [128.490523, 35.942212], [128.491014, 35.943166], [128.491709, 35.944519], [128.491974, 35.945047], [128.492408, 35.945872], [128.492684, 35.946404], [128.493158, 35.94728], [128.494024, 35.948754], [128.494641, 35.94988], [128.494847, 35.950274], [128.494975, 35.950542], [128.495066, 35.950775], [128.495111, 35.950916], [128.495146, 35.951052], [128.495178, 35.951197], [128.495205, 35.951386], [128.495217, 35.951573], [128.495226, 35.951709], [128.495224, 35.951913], [128.495192, 35.952196], [128.495152, 35.952435], [128.495077, 35.952717], [128.494985, 35.95296], [128.494831, 35.953259], [128.49471, 35.95346], [128.494574, 35.953648], [128.494397, 35.953862], [128.494263, 35.95401], [128.494117, 35.954156], [128.493899, 35.954346], [128.493712, 35.954485], [128.493464, 35.95465], [128.493245, 35.954778], [128.492962, 35.95492], [128.492594, 35.955068], [128.492163, 35.955196], [128.491726, 35.95529], [128.491356, 35.955343], [128.491068, 35.955371], [128.490814, 35.955386], [128.490291, 35.955399], [128.486112, 35.955436]]}}, {"type": "Feature", "properties": {"line": "경부선", "from": "신동", "to": "왜관", "km": 9.813, "down": 4660537, "up": 4689380, "daily": 25616, "density": 25616}, "geometry": {"type": "LineString", "coordinates": [[128.486112, 35.955436], [128.483715, 35.955458], [128.48315, 35.955463], [128.482983, 35.955464], [128.482599, 35.955471], [128.482188, 35.955472], [128.481776, 35.955477], [128.481418, 35.95549], [128.481119, 35.955502], [128.480836, 35.955524], [128.480425, 35.955577], [128.480145, 35.95562], [128.479977, 35.955653], [128.479662, 35.955726], [128.479254, 35.95584], [128.478968, 35.955936], [128.478696, 35.956044], [128.47829, 35.956225], [128.477949, 35.956399], [128.47765, 35.956571], [128.477377, 35.956749], [128.477076, 35.956972], [128.476833, 35.957166], [128.476608, 35.957369], [128.476382, 35.957601], [128.476162, 35.957851], [128.475959, 35.958098], [128.475833, 35.958268], [128.475693, 35.958478], [128.475565, 35.958695], [128.475467, 35.95889], [128.475378, 35.959085], [128.475268, 35.959342], [128.474647, 35.960975], [128.474553, 35.961193], [128.474472, 35.961375], [128.474382, 35.961562], [128.474283, 35.961739], [128.474143, 35.961972], [128.474044, 35.962122], [128.47388, 35.96235], [128.473765, 35.962494], [128.473636, 35.962645], [128.473498, 35.962798], [128.473363, 35.962935], [128.473163, 35.963118], [128.472974, 35.963277], [128.47277, 35.963437], [128.472544, 35.963605], [128.472266, 35.963785], [128.471952, 35.963967], [128.471696, 35.9641], [128.471442, 35.964225], [128.471166, 35.964339], [128.470904, 35.964431], [128.470687, 35.964502], [128.470391, 35.96459], [128.469913, 35.964709], [128.46952, 35.964793], [128.469199, 35.964852], [128.46696, 35.965245], [128.466409, 35.96533], [128.466166, 35.965362], [128.465899, 35.965388], [128.465636, 35.965405], [128.465269, 35.965421], [128.464872, 35.965425], [128.464605, 35.965418], [128.464309, 35.965409], [128.46402, 35.965388], [128.463724, 35.965355], [128.46345, 35.965319], [128.463089, 35.965258], [128.462824, 35.965206], [128.46253, 35.965141], [128.461051, 35.964757], [128.456079, 35.963386], [128.455452, 35.963213], [128.45504, 35.963107], [128.454721, 35.963034], [128.454371, 35.962975], [128.454108, 35.962938], [128.453886, 35.962912], [128.453656, 35.962889], [128.453288, 35.962876], [128.452997, 35.962875], [128.452797, 35.962879], [128.452472, 35.962899], [128.452116, 35.962935], [128.451797, 35.962975], [128.451443, 35.963042], [128.451162, 35.963104], [128.450845, 35.963192], [128.450534, 35.96329], [128.450352, 35.963354], [128.45005, 35.963478], [128.449801, 35.963588], [128.449626, 35.963673], [128.449463, 35.963757], [128.449269, 35.963866], [128.449101, 35.963966], [128.448916, 35.964082], [128.448707, 35.964221], [128.448508, 35.964358], [128.447487, 35.965061], [128.44727, 35.965218], [128.447036, 35.965381], [128.446805, 35.965548], [128.446566, 35.965719], [128.446279, 35.966006], [128.446021, 35.9663], [128.445131, 35.967395], [128.444627, 35.967948], [128.444218, 35.968295], [128.443884, 35.968545], [128.44353, 35.968795], [128.442978, 35.969105], [128.442413, 35.969348], [128.440722, 35.969991], [128.439008, 35.970641], [128.437895, 35.971058], [128.437189, 35.971315], [128.435948, 35.971835], [128.434937, 35.972336], [128.433918, 35.972849], [128.433351, 35.973118], [128.431689, 35.973743], [128.430063, 35.974288], [128.428553, 35.974813], [128.427665, 35.975204], [128.427038, 35.97549], [128.425603, 35.976339], [128.424658, 35.976947], [128.423441, 35.977726], [128.422869, 35.978023], [128.422325, 35.978219], [128.421679, 35.978434], [128.421059, 35.978562], [128.419965, 35.978742], [128.418098, 35.979063], [128.41643, 35.979348], [128.413942, 35.979751], [128.411583, 35.980131], [128.410372, 35.980339], [128.409373, 35.980527], [128.407717, 35.98081], [128.406952, 35.980925], [128.40633, 35.98102], [128.406068, 35.981081], [128.405769, 35.981162], [128.405462, 35.981257], [128.405226, 35.981339], [128.405076, 35.981422], [128.40477, 35.981543], [128.4046, 35.981594], [128.404303, 35.981731], [128.404053, 35.981861], [128.40383, 35.981985], [128.403677, 35.982079], [128.40342, 35.98224], [128.403172, 35.982417], [128.402945, 35.982592], [128.40263, 35.982852], [128.402479, 35.982992], [128.4023, 35.983165], [128.40214, 35.983329], [128.401995, 35.983488], [128.401874, 35.983633], [128.40169, 35.983877], [128.401518, 35.984117], [128.401394, 35.984305], [128.401273, 35.984507], [128.401173, 35.984686], [128.401089, 35.984859], [128.401022, 35.985001], [128.400971, 35.985117], [128.400907, 35.985273], [128.400845, 35.98545], [128.400763, 35.985693], [128.400696, 35.985931], [128.400647, 35.98616], [128.400617, 35.986354], [128.400588, 35.98657], [128.400567, 35.986767], [128.400551, 35.987004], [128.400542, 35.987229], [128.400532, 35.987613], [128.400516, 35.988301], [128.400508, 35.9891], [128.400498, 35.989688], [128.400464, 35.992001], [128.400463, 35.992048]]}}, {"type": "Feature", "properties": {"line": "경부선", "from": "왜관", "to": "약목", "km": 6.492, "down": 4318242, "up": 4355502, "daily": 23764, "density": 23764}, "geometry": {"type": "LineString", "coordinates": [[128.400463, 35.992048], [128.400448, 35.992809], [128.400447, 35.993097], [128.400443, 35.99333], [128.400442, 35.993389], [128.40044, 35.993739], [128.40042, 35.994867], [128.400427, 35.995264], [128.400404, 35.995933], [128.400401, 35.996288], [128.400388, 35.996549], [128.400365, 35.996762], [128.400332, 35.996992], [128.400292, 35.9972], [128.40023, 35.997436], [128.40017, 35.997635], [128.400095, 35.997824], [128.400027, 35.998002], [128.399947, 35.998171], [128.399862, 35.998339], [128.399742, 35.99856], [128.399626, 35.998733], [128.399548, 35.99884], [128.39937, 35.999049], [128.399112, 35.999359], [128.398855, 35.999626], [128.39856, 35.9999], [128.398231, 36.000163], [128.397919, 36.000384], [128.397521, 36.000637], [128.397195, 36.000814], [128.396616, 36.001112], [128.391638, 36.003464], [128.39112, 36.003694], [128.39063, 36.003962], [128.390254, 36.004186], [128.389988, 36.004382], [128.389687, 36.00463], [128.389406, 36.004889], [128.389144, 36.005169], [128.388888, 36.005486], [128.388632, 36.00584], [128.388471, 36.006094], [128.388347, 36.006325], [128.388162, 36.006753], [128.388049, 36.007098], [128.387957, 36.007484], [128.387911, 36.007762], [128.387878, 36.008002], [128.387871, 36.008274], [128.387884, 36.008696], [128.387922, 36.009042], [128.387956, 36.009377], [128.388028, 36.009678], [128.388121, 36.009947], [128.388234, 36.010224], [128.388394, 36.010622], [128.388588, 36.011063], [128.388857, 36.011687], [128.389016, 36.01203], [128.38914, 36.012354], [128.389223, 36.012643], [128.389281, 36.012934], [128.389321, 36.013208], [128.389367, 36.01363], [128.389385, 36.014046], [128.389374, 36.014346], [128.389328, 36.01467], [128.389226, 36.015099], [128.389116, 36.015439], [128.388992, 36.01575], [128.388873, 36.015997], [128.388684, 36.016343], [128.38849, 36.016619], [128.388257, 36.016923], [128.388014, 36.017218], [128.387134, 36.018168], [128.385127, 36.020317], [128.382335, 36.023313], [128.380081, 36.025707], [128.379819, 36.025966], [128.379618, 36.026155], [128.379366, 36.02638], [128.378957, 36.026741], [128.378477, 36.027138], [128.378067, 36.027454], [128.37391, 36.030507], [128.370686, 36.032892], [128.369679, 36.033605], [128.369188, 36.033971], [128.368742, 36.034304], [128.368483, 36.034503], [128.368053, 36.034817], [128.367836, 36.034978], [128.367586, 36.035162], [128.365396, 36.036775], [128.364329, 36.037557]]}}, {"type": "Feature", "properties": {"line": "경부선", "from": "약목", "to": "구미", "km": 12.919, "down": 4293041, "up": 4322359, "daily": 23604, "density": 23604, "through": 2}, "geometry": {"type": "LineString", "coordinates": [[128.364329, 36.037557], [128.362479, 36.038913], [128.361433, 36.039684], [128.361227, 36.039827], [128.360679, 36.040231], [128.360503, 36.04036], [128.360111, 36.040638], [128.359763, 36.040876], [128.359487, 36.041043], [128.359178, 36.041214], [128.358882, 36.04136], [128.358504, 36.041533], [128.358206, 36.041648], [128.35775, 36.041807], [128.357299, 36.04195], [128.356902, 36.042064], [128.356586, 36.042162], [128.351944, 36.043593], [128.351529, 36.043735], [128.351141, 36.043883], [128.350808, 36.044023], [128.350511, 36.044155], [128.350194, 36.044309], [128.349879, 36.044487], [128.349558, 36.044676], [128.34921, 36.044909], [128.348964, 36.045086], [128.348649, 36.045338], [128.348273, 36.045673], [128.347938, 36.046003], [128.347686, 36.04629], [128.347433, 36.046613], [128.347179, 36.04696], [128.346968, 36.047305], [128.346795, 36.047609], [128.3466, 36.04802], [128.346295, 36.048574], [128.3462, 36.048888], [128.346146, 36.04911], [128.346075, 36.04947], [128.346, 36.050012], [128.345937, 36.050528], [128.345831, 36.051455], [128.34575, 36.052179], [128.345646, 36.053084], [128.345569, 36.053711], [128.345503, 36.054354], [128.345438, 36.054878], [128.345347, 36.05567], [128.345294, 36.056095], [128.345255, 36.056405], [128.345166, 36.057206], [128.345079, 36.057925], [128.345038, 36.058361], [128.345022, 36.058712], [128.34502, 36.059049], [128.345034, 36.059372], [128.345052, 36.059621], [128.345088, 36.059912], [128.345144, 36.060198], [128.345213, 36.060534], [128.345281, 36.060808], [128.345349, 36.061039], [128.345436, 36.061267], [128.345566, 36.061484], [128.345709, 36.061802], [128.345858, 36.062101], [128.346057, 36.062469], [128.346344, 36.062914], [128.346592, 36.063258], [128.346887, 36.063614], [128.347177, 36.063931], [128.347465, 36.064227], [128.347799, 36.064539], [128.348183, 36.064873], [128.348634, 36.065188], [128.348983, 36.065401], [128.349392, 36.065658], [128.349845, 36.065908], [128.350264, 36.066116], [128.35079, 36.066361], [128.351395, 36.06665], [128.352396, 36.067119], [128.353218, 36.067506], [128.35361, 36.06773], [128.354128, 36.068065], [128.354416, 36.068268], [128.354767, 36.068533], [128.355084, 36.06882], [128.355363, 36.069091], [128.355639, 36.069377], [128.355848, 36.069629], [128.356116, 36.069965], [128.356373, 36.070313], [128.356503, 36.070517], [128.356682, 36.070836], [128.356869, 36.071214], [128.357027, 36.071594], [128.357148, 36.071916], [128.357256, 36.072255], [128.357379, 36.072722], [128.357444, 36.073015], [128.357489, 36.073326], [128.357526, 36.073668], [128.357552, 36.074009], [128.357557, 36.074259], [128.357543, 36.074477], [128.357504, 36.074839], [128.357442, 36.075419], [128.3574, 36.075815], [128.357338, 36.076316], [128.357283, 36.076767], [128.357229, 36.077246], [128.357166, 36.077643], [128.357093, 36.077978], [128.356993, 36.078394], [128.356842, 36.078855], [128.356702, 36.079228], [128.356428, 36.079859], [128.356026, 36.080687], [128.355073, 36.082681], [128.354725, 36.083382], [128.354453, 36.083977], [128.354243, 36.084372], [128.354042, 36.084802], [128.353926, 36.085072], [128.353701, 36.085548], [128.353471, 36.086046], [128.353077, 36.086924], [128.352876, 36.087393], [128.352753, 36.087718], [128.352641, 36.088054], [128.352602, 36.088265], [128.352544, 36.088548], [128.352489, 36.088975], [128.352476, 36.089248], [128.352496, 36.089541], [128.352511, 36.089725], [128.35255, 36.089987], [128.352569, 36.0902], [128.352637, 36.09048], [128.352679, 36.090647], [128.352781, 36.090977], [128.352952, 36.091459], [128.353129, 36.091876], [128.353614, 36.092959], [128.354252, 36.094442], [128.354472, 36.094945], [128.354726, 36.095537], [128.354838, 36.095787], [128.354935, 36.095963], [128.355118, 36.096295], [128.355366, 36.096731], [128.355475, 36.096909], [128.355614, 36.097151], [128.35634, 36.098404], [128.356435, 36.098567], [128.356695, 36.099021], [128.357052, 36.099607], [128.357107, 36.099698], [128.357194, 36.099832], [128.357756, 36.100797], [128.357925, 36.101066], [128.358244, 36.101538], [128.358518, 36.102013], [128.358688, 36.102335], [128.358823, 36.10266], [128.358883, 36.102889], [128.358945, 36.103192], [128.359011, 36.103467], [128.359044, 36.103773], [128.359057, 36.104321], [128.359052, 36.10452], [128.359031, 36.104726], [128.358982, 36.105009], [128.35892, 36.10527], [128.358821, 36.105614], [128.358731, 36.10589], [128.358624, 36.106145], [128.358304, 36.106868], [128.35798, 36.107568], [128.357832, 36.107914], [128.357627, 36.108512], [128.357258, 36.109796], [128.357101, 36.110426], [128.357007, 36.110765], [128.356905, 36.111114], [128.356809, 36.111403], [128.356707, 36.111666], [128.356615, 36.111903], [128.356441, 36.112242], [128.356139, 36.112748], [128.355385, 36.113967], [128.354815, 36.11491], [128.354167, 36.115938], [128.353801, 36.116476], [128.353228, 36.117409], [128.352937, 36.117928], [128.352552, 36.118543], [128.352346, 36.118858], [128.352162, 36.119095], [128.351951, 36.119346], [128.351781, 36.119529], [128.351559, 36.119784], [128.351415, 36.119967], [128.351214, 36.120149], [128.350955, 36.120365], [128.350783, 36.120498], [128.350265, 36.120857], [128.350082, 36.120981], [128.349681, 36.121237], [128.349046, 36.121545], [128.348701, 36.121712], [128.348215, 36.121908], [128.347684, 36.122087], [128.346416, 36.122438], [128.345105, 36.122761], [128.343441, 36.123244], [128.342833, 36.123452], [128.342225, 36.123676], [128.340793, 36.124251], [128.339117, 36.124931], [128.337868, 36.125461], [128.337423, 36.125645], [128.33621, 36.126156], [128.335708, 36.126372], [128.33552, 36.126457], [128.3341, 36.127005], [128.332146, 36.127785], [128.331199, 36.128172], [128.331007, 36.128252]]}}, {"type": "Feature", "properties": {"line": "경부선", "from": "구미", "to": "김천", "km": 22.871, "down": 3546302, "up": 3553220, "daily": 19451, "density": 19451}, "geometry": {"type": "LineString", "coordinates": [[128.331007, 36.128252], [128.3302, 36.128587], [128.329847, 36.128734], [128.329297, 36.12896], [128.328089, 36.129452], [128.327374, 36.129732], [128.327333, 36.129748], [128.326972, 36.129891], [128.32577, 36.130366], [128.324842, 36.130754], [128.324444, 36.130918], [128.323268, 36.131413], [128.323189, 36.131449], [128.322785, 36.131619], [128.322442, 36.13176], [128.322098, 36.131899], [128.32178, 36.132025], [128.321442, 36.132163], [128.320402, 36.132589], [128.319012, 36.133151], [128.317628, 36.133715], [128.316466, 36.134181], [128.315859, 36.13443], [128.315194, 36.134703], [128.314177, 36.135115], [128.313493, 36.135399], [128.312858, 36.135649], [128.312111, 36.135931], [128.311573, 36.136108], [128.310749, 36.136386], [128.309908, 36.136664], [128.309117, 36.13692], [128.308498, 36.137121], [128.308469, 36.13713], [128.307959, 36.1373], [128.307169, 36.137596], [128.306719, 36.137773], [128.306345, 36.137963], [128.306213, 36.138034], [128.305691, 36.138318], [128.305269, 36.138572], [128.30439, 36.139095], [128.303578, 36.139562], [128.302822, 36.139904], [128.302646, 36.139971], [128.302455, 36.140039], [128.302283, 36.140096], [128.302158, 36.140135], [128.302036, 36.140172], [128.301931, 36.140197], [128.30179, 36.140226], [128.301594, 36.140261], [128.300608, 36.140439], [128.299061, 36.140702], [128.298148, 36.140849], [128.297455, 36.141005], [128.296982, 36.141132], [128.296523, 36.141302], [128.295947, 36.141563], [128.295645, 36.141705], [128.295244, 36.141912], [128.294706, 36.142167], [128.293886, 36.142603], [128.292708, 36.14321], [128.292336, 36.143407], [128.291353, 36.143915], [128.290021, 36.144603], [128.288749, 36.145258], [128.287961, 36.145681], [128.287709, 36.145816], [128.287428, 36.145977], [128.286971, 36.146256], [128.286558, 36.146507], [128.286046, 36.14682], [128.285202, 36.147331], [128.28404, 36.148058], [128.282479, 36.149], [128.280522, 36.150204], [128.278424, 36.151507], [128.278262, 36.1516], [128.278094, 36.151705], [128.277136, 36.152274], [128.276298, 36.152806], [128.275299, 36.153336], [128.274347, 36.153735], [128.273232, 36.154126], [128.271179, 36.154863], [128.269691, 36.155402], [128.268965, 36.155681], [128.268097, 36.156007], [128.267384, 36.156254], [128.266888, 36.156415], [128.26648, 36.156529], [128.265955, 36.156669], [128.265355, 36.156813], [128.264646, 36.156971], [128.263464, 36.157188], [128.261973, 36.157461], [128.259022, 36.158009], [128.25761, 36.158272], [128.256856, 36.158402], [128.256505, 36.15846], [128.256145, 36.15852], [128.255233, 36.158714], [128.254424, 36.158853], [128.254042, 36.158915], [128.252632, 36.159192], [128.251903, 36.159318], [128.25138, 36.159367], [128.250465, 36.159366], [128.249538, 36.159267], [128.248909, 36.159126], [128.248366, 36.158944], [128.246965, 36.158502], [128.246716, 36.158421], [128.245845, 36.158138], [128.245184, 36.157926], [128.244202, 36.157607], [128.243175, 36.157296], [128.242047, 36.156937], [128.241689, 36.156813], [128.241093, 36.156631], [128.240093, 36.156294], [128.239455, 36.156074], [128.238706, 36.155856], [128.237763, 36.155562], [128.236997, 36.155327], [128.236506, 36.155217], [128.235935, 36.155116], [128.235309, 36.155023], [128.233599, 36.155083], [128.233346, 36.155112], [128.231609, 36.155355], [128.230587, 36.155487], [128.229667, 36.155615], [128.228923, 36.155693], [128.227184, 36.155891], [128.226253, 36.156004], [128.225113, 36.156143], [128.223783, 36.156304], [128.222505, 36.156457], [128.221594, 36.156571], [128.220768, 36.156676], [128.219997, 36.15677], [128.21904, 36.156867], [128.218251, 36.156914], [128.217489, 36.156915], [128.216849, 36.156911], [128.215352, 36.156863], [128.214188, 36.156818], [128.212742, 36.156751], [128.211318, 36.156715], [128.210112, 36.156679], [128.208523, 36.156623], [128.20748, 36.156581], [128.206439, 36.156529], [128.205549, 36.15646], [128.2049, 36.156385], [128.204311, 36.156274], [128.203649, 36.156069], [128.203107, 36.155862], [128.202329, 36.155507], [128.201433, 36.155038], [128.200657, 36.154655], [128.200539, 36.154596], [128.199794, 36.154221], [128.198849, 36.153745], [128.19791, 36.153279], [128.196135, 36.1524], [128.194816, 36.15171], [128.193222, 36.150942], [128.192173, 36.150401], [128.191431, 36.15004], [128.190789, 36.149643], [128.190161, 36.149209], [128.189289, 36.148447], [128.188803, 36.147921], [128.18768, 36.146378], [128.187123, 36.145584], [128.186263, 36.144364], [128.185541, 36.143361], [128.185038, 36.142649], [128.184658, 36.142114], [128.184152, 36.141377], [128.183699, 36.140667], [128.183474, 36.140249], [128.183287, 36.139697], [128.183167, 36.139238], [128.183103, 36.138687], [128.183047, 36.137709], [128.182979, 36.136534], [128.182943, 36.135725], [128.182906, 36.134891], [128.182874, 36.134301], [128.182725, 36.133507], [128.182501, 36.13283], [128.18226, 36.132377], [128.181918, 36.131853], [128.181656, 36.131522], [128.181181, 36.131032], [128.180586, 36.130551], [128.180088, 36.130255], [128.179056, 36.129752], [128.178055, 36.129359], [128.177312, 36.129088], [128.176266, 36.128706], [128.17555, 36.128428], [128.174686, 36.12809], [128.173698, 36.127728], [128.172854, 36.127414], [128.171975, 36.127043], [128.171446, 36.126795], [128.170801, 36.12635], [128.170372, 36.126007], [128.169943, 36.125626], [128.169524, 36.125181], [128.169166, 36.124803], [128.168809, 36.124404], [128.168556, 36.124164], [128.168277, 36.123925], [128.167872, 36.12363], [128.16713, 36.123177], [128.165957, 36.122671], [128.16401, 36.121947], [128.162694, 36.121461], [128.161619, 36.121047], [128.16065, 36.12069], [128.159353, 36.120217], [128.158532, 36.11996], [128.157636, 36.119721], [128.156817, 36.119584], [128.155927, 36.119517], [128.155247, 36.119521], [128.154158, 36.119594], [128.153064, 36.11973], [128.152119, 36.119864], [128.151344, 36.119966], [128.150515, 36.120064], [128.149568, 36.120112], [128.148717, 36.120082], [128.14798, 36.119986], [128.146953, 36.119727], [128.145761, 36.119267], [128.144296, 36.118707], [128.142188, 36.117872], [128.140357, 36.117197], [128.139571, 36.116869], [128.138422, 36.116396], [128.137712, 36.116042], [128.137389, 36.115886], [128.137057, 36.115773], [128.136536, 36.115555], [128.136027, 36.11535], [128.135152, 36.115134], [128.134547, 36.11508], [128.134294, 36.115061], [128.133591, 36.115044], [128.132998, 36.115081], [128.132396, 36.115169], [128.132059, 36.115241], [128.131773, 36.115311], [128.131475, 36.115405], [128.1306, 36.115709], [128.127789, 36.116827], [128.127143, 36.117075], [128.125547, 36.117754], [128.123312, 36.118807], [128.121459, 36.119682], [128.119869, 36.120433], [128.119404, 36.120652], [128.118798, 36.120984], [128.118554, 36.121133], [128.118315, 36.121303], [128.117022, 36.122202], [128.115773, 36.123104], [128.114918, 36.123744]]}}, {"type": "Feature", "properties": {"line": "경부선", "from": "김천", "to": "추풍령", "km": 19.22, "down": 3441068, "up": 3443933, "daily": 18863, "density": 18863}, "geometry": {"type": "LineString", "coordinates": [[128.114918, 36.123744], [128.114116, 36.124344], [128.113173, 36.125018], [128.111816, 36.126014], [128.110766, 36.126809], [128.110098, 36.127302], [128.109094, 36.128001], [128.108426, 36.128449], [128.108119, 36.128629], [128.107916, 36.12874], [128.107608, 36.128888], [128.107223, 36.129038], [128.106411, 36.12931], [128.105963, 36.129407], [128.105518, 36.129492], [128.105121, 36.12954], [128.104572, 36.129585], [128.104191, 36.129596], [128.103676, 36.129579], [128.103255, 36.129534], [128.102638, 36.129417], [128.10187, 36.129202], [128.101421, 36.129075], [128.10098, 36.12895], [128.09993, 36.128595], [128.098382, 36.128115], [128.09637, 36.127507], [128.094677, 36.126982], [128.093293, 36.126548], [128.091864, 36.12611], [128.089768, 36.125466], [128.088528, 36.125078], [128.085996, 36.124296], [128.085487, 36.124126], [128.084439, 36.123765], [128.082179, 36.122992], [128.080498, 36.122406], [128.079396, 36.122059], [128.078939, 36.121903], [128.078389, 36.12175], [128.077706, 36.121612], [128.076456, 36.121364], [128.074746, 36.121059], [128.073349, 36.120862], [128.07163, 36.120623], [128.070349, 36.120445], [128.069211, 36.120337], [128.068099, 36.120334], [128.067076, 36.120433], [128.066237, 36.120564], [128.065413, 36.120795], [128.064186, 36.121239], [128.062893, 36.121765], [128.062189, 36.122042], [128.061649, 36.122206], [128.060902, 36.122416], [128.059977, 36.12254], [128.059191, 36.12255], [128.058279, 36.122486], [128.057542, 36.122353], [128.056574, 36.122063], [128.055829, 36.121745], [128.054747, 36.121175], [128.053696, 36.120595], [128.052753, 36.120087], [128.052132, 36.11982], [128.051576, 36.119566], [128.050893, 36.119346], [128.050032, 36.119199], [128.049136, 36.119161], [128.048378, 36.11923], [128.048088, 36.119283], [128.047839, 36.119325], [128.047742, 36.119346], [128.04704, 36.119558], [128.046268, 36.11994], [128.045677, 36.120286], [128.04502, 36.120717], [128.044462, 36.121177], [128.044217, 36.121364], [128.042791, 36.122456], [128.041562, 36.12343], [128.040118, 36.124552], [128.039223, 36.125236], [128.038287, 36.125963], [128.03796, 36.126222], [128.037546, 36.12655], [128.03704, 36.126907], [128.036618, 36.127132], [128.036358, 36.12727], [128.036168, 36.127373], [128.03585, 36.127513], [128.035579, 36.127623], [128.035115, 36.127761], [128.034769, 36.127843], [128.03438, 36.127894], [128.034052, 36.127916], [128.033666, 36.127948], [128.033314, 36.127959], [128.033102, 36.127963], [128.032801, 36.127942], [128.031614, 36.127824], [128.031059, 36.127775], [128.030597, 36.127739], [128.029963, 36.127685], [128.02934, 36.127665], [128.028777, 36.127694], [128.028152, 36.127769], [128.027767, 36.127875], [128.02722, 36.128043], [128.026681, 36.128261], [128.026145, 36.128519], [128.025747, 36.12877], [128.025235, 36.129175], [128.024807, 36.129555], [128.024437, 36.129977], [128.024268, 36.130161], [128.023869, 36.13063], [128.022922, 36.131729], [128.022249, 36.132451], [128.021652, 36.132933], [128.02139, 36.133142], [128.020597, 36.133601], [128.019892, 36.133927], [128.018963, 36.134388], [128.018002, 36.134904], [128.017415, 36.135351], [128.016877, 36.135832], [128.016334, 36.136443], [128.015978, 36.137055], [128.015196, 36.138464], [128.014751, 36.139589], [128.014544, 36.140589], [128.01347, 36.14599], [128.013219, 36.147318], [128.01303, 36.147818], [128.012833, 36.148221], [128.012296, 36.149178], [128.011898, 36.150022], [128.011709, 36.150539], [128.011633, 36.150985], [128.011598, 36.151477], [128.011719, 36.152257], [128.01188, 36.153095], [128.012005, 36.153819], [128.01207, 36.154382], [128.012085, 36.154968], [128.01202, 36.155792], [128.012017, 36.155836], [128.011593, 36.158639], [128.011563, 36.158832], [128.011543, 36.15896], [128.011449, 36.159403], [128.011399, 36.159976], [128.011285, 36.160707], [128.011062, 36.161574], [128.010734, 36.162162], [128.010368, 36.162697], [128.009925, 36.163185], [128.009617, 36.163464], [128.009449, 36.163613], [128.008793, 36.164094], [128.008358, 36.164395], [128.008112, 36.164569], [128.007529, 36.165069], [128.007102, 36.165434], [128.006629, 36.165923], [128.006348, 36.166309], [128.006145, 36.166713], [128.005983, 36.167116], [128.005873, 36.167494], [128.005825, 36.167796], [128.005797, 36.168602], [128.005868, 36.169112], [128.006008, 36.169567], [128.006154, 36.169966], [128.006459, 36.170826], [128.006774, 36.171665], [128.006956, 36.172348], [128.007104, 36.173211], [128.007071, 36.174367], [128.006977, 36.175508], [128.006941, 36.176161], [128.006967, 36.176812], [128.007052, 36.17733], [128.007193, 36.177955], [128.007444, 36.178847], [128.00765, 36.179835], [128.008141, 36.181629], [128.008224, 36.181915], [128.008388, 36.182805], [128.008399, 36.183217], [128.00835, 36.183729], [128.008137, 36.184775], [128.007871, 36.185971], [128.007763, 36.186665], [128.007496, 36.187793], [128.007284, 36.188425], [128.006943, 36.189156], [128.006578, 36.189799], [128.006148, 36.190638], [128.00569, 36.191506], [128.005524, 36.191943], [128.005421, 36.192302], [128.005308, 36.19276], [128.005273, 36.193337], [128.005164, 36.194438], [128.005088, 36.195332], [128.005044, 36.195987], [128.004957, 36.196825], [128.004871, 36.197898], [128.004782, 36.199047], [128.004685, 36.200049], [128.004567, 36.200996], [128.004531, 36.201791], [128.004401, 36.202435], [128.004259, 36.202983], [128.003975, 36.203571], [128.003553, 36.204421], [128.003082, 36.205302], [128.002775, 36.205904], [128.002582, 36.206304], [128.002372, 36.206752], [128.002148, 36.207182], [128.001885, 36.207605], [128.001619, 36.208064], [128.001121, 36.208864], [128.000626, 36.209346], [128.000311, 36.209613], [128.000032, 36.209838], [127.999858, 36.20998], [127.999657, 36.210143], [127.999222, 36.210494], [127.997117, 36.212192], [127.996375, 36.212796]]}}, {"type": "Feature", "properties": {"line": "경부선", "from": "추풍령", "to": "황간", "km": 8.302, "down": 3443615, "up": 3448652, "daily": 18883, "density": 18883}, "geometry": {"type": "LineString", "coordinates": [[127.996375, 36.212796], [127.995521, 36.21349], [127.993771, 36.214906], [127.993644, 36.215008], [127.993448, 36.215166], [127.993221, 36.215348], [127.993194, 36.215369], [127.992965, 36.21555], [127.992759, 36.215714], [127.99256, 36.21586], [127.992348, 36.216009], [127.992127, 36.216155], [127.991936, 36.216267], [127.99176, 36.216365], [127.991477, 36.216507], [127.991153, 36.216642], [127.99087, 36.216744], [127.990518, 36.216856], [127.990157, 36.216938], [127.989814, 36.216999], [127.989538, 36.217037], [127.989272, 36.217064], [127.98896, 36.217084], [127.988657, 36.217081], [127.988343, 36.217071], [127.98804, 36.217047], [127.987661, 36.217], [127.987361, 36.216945], [127.987115, 36.216885], [127.986798, 36.216794], [127.986472, 36.216689], [127.986085, 36.21654], [127.985664, 36.216368], [127.980734, 36.214299], [127.980491, 36.214208], [127.980336, 36.214155], [127.980063, 36.214063], [127.979819, 36.213991], [127.979581, 36.21393], [127.979314, 36.213869], [127.979055, 36.213817], [127.978787, 36.213774], [127.978533, 36.213741], [127.978339, 36.213724], [127.978163, 36.213713], [127.977888, 36.2137], [127.977604, 36.213695], [127.975129, 36.213735], [127.974978, 36.213751], [127.974621, 36.213762], [127.974115, 36.213776], [127.973742, 36.213787], [127.972179, 36.21383], [127.970063, 36.213853], [127.969274, 36.21379], [127.96829, 36.21363], [127.967136, 36.21325], [127.966718, 36.213071], [127.966332, 36.212906], [127.966147, 36.212827], [127.964975, 36.212357], [127.964138, 36.212122], [127.96337, 36.211991], [127.962814, 36.211896], [127.962535, 36.211852], [127.961456, 36.211681], [127.960247, 36.211491], [127.959897, 36.211446], [127.95834, 36.211193], [127.956879, 36.210973], [127.955857, 36.210851], [127.955272, 36.210808], [127.954607, 36.21078], [127.954006, 36.210787], [127.952754, 36.210812], [127.951326, 36.210878], [127.950122, 36.210917], [127.949115, 36.210957], [127.947995, 36.211041], [127.946955, 36.211138], [127.946001, 36.211254], [127.945177, 36.211387], [127.943155, 36.211759], [127.942192, 36.211984], [127.941264, 36.212236], [127.940235, 36.21258], [127.939461, 36.212878], [127.938555, 36.213261], [127.93774, 36.213608], [127.937011, 36.213914], [127.936724, 36.214047], [127.936368, 36.214222], [127.935872, 36.214466], [127.935299, 36.214772], [127.934343, 36.215314], [127.931663, 36.216954], [127.927463, 36.219571], [127.925628, 36.220745], [127.924166, 36.221691], [127.922842, 36.222513], [127.921734, 36.223179], [127.920678, 36.223717], [127.919909, 36.223988], [127.918939, 36.224169], [127.91768, 36.224285], [127.91642, 36.224285], [127.915752, 36.224286], [127.915508, 36.224295], [127.915379, 36.224297], [127.914417, 36.224304], [127.912249, 36.224303]]}}, {"type": "Feature", "properties": {"line": "경부선", "from": "황간", "to": "영동", "km": 14.413, "down": 3455249, "up": 3460281, "daily": 18947, "density": 18947}, "geometry": {"type": "LineString", "coordinates": [[127.912249, 36.224303], [127.911744, 36.224303], [127.909318, 36.224305], [127.907841, 36.224272], [127.907492, 36.224276], [127.906923, 36.224281], [127.905841, 36.224287], [127.905065, 36.224383], [127.903659, 36.224709], [127.902383, 36.225014], [127.901521, 36.225134], [127.900397, 36.225162], [127.899327, 36.225055], [127.89814, 36.224729], [127.897704, 36.224562], [127.890145, 36.221655], [127.889482, 36.221403], [127.88883, 36.221103], [127.888103, 36.220693], [127.88717, 36.220157], [127.886146, 36.219639], [127.885396, 36.21933], [127.88462, 36.219005], [127.883548, 36.218566], [127.883044, 36.218311], [127.882351, 36.217856], [127.881624, 36.217216], [127.881086, 36.21656], [127.880734, 36.216034], [127.880475, 36.215324], [127.880338, 36.215087], [127.879875, 36.214247], [127.879569, 36.213634], [127.879479, 36.213425], [127.879321, 36.213145], [127.879123, 36.212859], [127.878947, 36.212571], [127.878708, 36.212214], [127.878408, 36.211753], [127.878182, 36.211407], [127.877804, 36.210868], [127.877437, 36.210338], [127.876962, 36.209615], [127.876201, 36.208524], [127.875707, 36.20781], [127.874875, 36.206583], [127.874277, 36.205746], [127.873494, 36.204488], [127.8731, 36.203757], [127.872625, 36.202817], [127.8723, 36.202252], [127.872013, 36.201863], [127.871584, 36.201374], [127.870839, 36.200746], [127.8696, 36.199919], [127.868572, 36.199237], [127.867719, 36.19862], [127.866845, 36.19793], [127.865866, 36.197116], [127.864637, 36.196252], [127.863243, 36.195387], [127.861907, 36.194712], [127.857723, 36.192772], [127.85709, 36.192409], [127.856516, 36.192034], [127.856112, 36.191637], [127.855767, 36.191213], [127.855228, 36.190446], [127.854657, 36.189707], [127.854157, 36.189233], [127.853677, 36.188859], [127.853103, 36.188537], [127.852281, 36.188153], [127.85158, 36.187835], [127.850932, 36.187535], [127.850232, 36.187174], [127.849695, 36.186838], [127.849228, 36.186475], [127.84871, 36.186046], [127.848145, 36.185524], [127.8474, 36.184902], [127.846781, 36.184435], [127.84593, 36.18396], [127.844741, 36.183392], [127.843978, 36.183046], [127.843152, 36.182727], [127.842289, 36.182473], [127.840621, 36.182081], [127.839149, 36.181742], [127.837203, 36.181287], [127.835476, 36.180892], [127.834249, 36.180663], [127.833136, 36.18051], [127.832066, 36.180312], [127.831047, 36.17998], [127.829908, 36.17942], [127.828535, 36.178576], [127.827652, 36.178069], [127.826875, 36.177761], [127.825871, 36.177495], [127.824689, 36.177341], [127.823364, 36.177239], [127.82245, 36.177089], [127.821485, 36.176822], [127.820674, 36.176494], [127.819936, 36.176091], [127.819614, 36.175873], [127.819315, 36.175646], [127.819046, 36.175399], [127.818679, 36.175005], [127.818267, 36.174502], [127.817951, 36.173991], [127.817703, 36.173447], [127.817439, 36.172705], [127.817223, 36.172004], [127.817011, 36.17132], [127.816849, 36.170819], [127.816602, 36.17022], [127.816325, 36.169716], [127.815935, 36.169185], [127.815419, 36.168656], [127.814768, 36.168112], [127.814659, 36.168045], [127.814186, 36.16775], [127.81403, 36.167667], [127.813698, 36.167501], [127.81347, 36.167394], [127.812916, 36.16718], [127.812269, 36.16699], [127.811813, 36.166894], [127.811267, 36.16682], [127.810685, 36.16677], [127.810254, 36.166764], [127.809908, 36.166784], [127.809269, 36.166845], [127.808728, 36.166945], [127.808218, 36.167063], [127.807742, 36.167218], [127.807125, 36.167453], [127.806477, 36.167778], [127.805374, 36.168434], [127.804275, 36.16911], [127.803025, 36.169858], [127.80207, 36.170374], [127.801394, 36.170642], [127.800743, 36.170828], [127.800458, 36.170887], [127.80015, 36.170949], [127.799927, 36.170989], [127.799762, 36.171007], [127.799582, 36.171019], [127.799399, 36.171036], [127.798814, 36.171058], [127.797968, 36.171006], [127.797258, 36.170906], [127.796763, 36.170805], [127.79575, 36.170592], [127.795139, 36.170469], [127.794468, 36.170361], [127.793856, 36.170316], [127.793173, 36.170323], [127.792588, 36.170394], [127.792472, 36.170417], [127.792008, 36.170511], [127.791513, 36.170657], [127.791226, 36.170742], [127.790402, 36.171043], [127.790223, 36.171104], [127.790037, 36.171174], [127.789417, 36.171386], [127.789076, 36.1715], [127.788255, 36.171792], [127.785803, 36.172646]]}}, {"type": "Feature", "properties": {"line": "경부선", "from": "영동", "to": "각계", "km": 7.147, "down": 3737013, "up": 3735557, "daily": 20473, "density": 20473}, "geometry": {"type": "LineString", "coordinates": [[127.785803, 36.172646], [127.783005, 36.173621], [127.782726, 36.173701], [127.782536, 36.173767], [127.78214, 36.173901], [127.781984, 36.173953], [127.781206, 36.174278], [127.781092, 36.174321], [127.780929, 36.174383], [127.780126, 36.174773], [127.779893, 36.174912], [127.779465, 36.175215], [127.779184, 36.175442], [127.778973, 36.175675], [127.778862, 36.175793], [127.778686, 36.17603], [127.778363, 36.176523], [127.778127, 36.176929], [127.777561, 36.177937], [127.777226, 36.178438], [127.776819, 36.178933], [127.776184, 36.179527], [127.775898, 36.179743], [127.775257, 36.180141], [127.774478, 36.180499], [127.77379, 36.180753], [127.772963, 36.180953], [127.771929, 36.181167], [127.771176, 36.181331], [127.770257, 36.181568], [127.769739, 36.181787], [127.769295, 36.181998], [127.768727, 36.18233], [127.768138, 36.182749], [127.767538, 36.18325], [127.766514, 36.184119], [127.766445, 36.184177], [127.765752, 36.184817], [127.765577, 36.185015], [127.765332, 36.185292], [127.764982, 36.185826], [127.764723, 36.186346], [127.764531, 36.186846], [127.764378, 36.187326], [127.764229, 36.187839], [127.764083, 36.188303], [127.763893, 36.188782], [127.763639, 36.189307], [127.76339, 36.189707], [127.762717, 36.190606], [127.762083, 36.191429], [127.761616, 36.192034], [127.761219, 36.192538], [127.760787, 36.19304], [127.760395, 36.193435], [127.759996, 36.193766], [127.75962, 36.194039], [127.758976, 36.194449], [127.758058, 36.195009], [127.757326, 36.19545], [127.756581, 36.195905], [127.755892, 36.196287], [127.755422, 36.196542], [127.754962, 36.196745], [127.754526, 36.196908], [127.754191, 36.196999], [127.753658, 36.197125], [127.753153, 36.197203], [127.752286, 36.197288], [127.75117, 36.197352], [127.750321, 36.197425], [127.749706, 36.197512], [127.749339, 36.197579], [127.748679, 36.197736], [127.748082, 36.197921], [127.74737, 36.198201], [127.747074, 36.19835], [127.746659, 36.198559], [127.746086, 36.198907], [127.745654, 36.19923], [127.745441, 36.199389], [127.744916, 36.199866], [127.744317, 36.200565], [127.744106, 36.200893], [127.74363, 36.201593], [127.743037, 36.202413], [127.74264, 36.202919], [127.742326, 36.203242], [127.741986, 36.203565], [127.741491, 36.203949], [127.74095, 36.204285], [127.740651, 36.204436], [127.740481, 36.204518], [127.740037, 36.204701], [127.739487, 36.204894], [127.738868, 36.205038], [127.738226, 36.205122], [127.737613, 36.205154], [127.737109, 36.205103], [127.735946, 36.205003], [127.734892, 36.204987], [127.734219, 36.205029], [127.733798, 36.205075], [127.73341, 36.205147], [127.732989, 36.205252], [127.732549, 36.205405], [127.732114, 36.205596], [127.731766, 36.205779], [127.731017, 36.206202], [127.730009, 36.206734], [127.729336, 36.207057], [127.728751, 36.207303], [127.727798, 36.207642], [127.727228, 36.207816], [127.72669, 36.207935], [127.726241, 36.208019], [127.725444, 36.208148]]}}, {"type": "Feature", "properties": {"line": "경부선", "from": "각계", "to": "심천", "km": 3.837, "down": 3736807, "up": 3735557, "daily": 20472, "density": 20472}, "geometry": {"type": "LineString", "coordinates": [[127.725444, 36.208148], [127.724856, 36.208244], [127.723505, 36.208453], [127.722958, 36.208595], [127.722429, 36.208769], [127.721971, 36.208959], [127.721516, 36.209194], [127.721021, 36.209503], [127.720652, 36.209826], [127.720148, 36.210351], [127.719817, 36.210816], [127.719593, 36.211243], [127.719429, 36.21165], [127.719276, 36.212184], [127.719005, 36.213931], [127.718957, 36.214549], [127.718959, 36.214943], [127.71898, 36.215394], [127.71906, 36.215863], [127.719155, 36.216214], [127.71929, 36.216551], [127.719581, 36.217206], [127.719904, 36.217817], [127.720215, 36.218404], [127.720667, 36.219213], [127.720975, 36.219694], [127.721288, 36.220079], [127.72187, 36.220788], [127.722492, 36.221522], [127.723114, 36.222221], [127.724098, 36.223308], [127.724931, 36.2243], [127.725475, 36.225029], [127.725717, 36.225389], [127.725921, 36.225779], [127.726079, 36.226183], [127.726212, 36.226594], [127.726275, 36.226982], [127.726324, 36.2274], [127.726336, 36.227758], [127.726315, 36.228134], [127.726278, 36.228406], [127.726218, 36.228687], [127.726143, 36.22897], [127.725976, 36.229488], [127.725311, 36.231429], [127.725172, 36.231831], [127.725052, 36.232138], [127.724841, 36.232579], [127.724628, 36.232916], [127.724352, 36.233278], [127.724041, 36.233624], [127.722765, 36.234885], [127.721003, 36.236594], [127.720774, 36.236817]]}}, {"type": "Feature", "properties": {"line": "경부선", "from": "심천", "to": "지탄", "km": 4.362, "down": 3738927, "up": 3736933, "daily": 20482, "density": 20482}, "geometry": {"type": "LineString", "coordinates": [[127.720774, 36.236817], [127.719167, 36.238383], [127.718366, 36.239116], [127.716636, 36.240516], [127.716323, 36.240764], [127.716245, 36.240826], [127.714862, 36.241919], [127.71439, 36.242251], [127.713944, 36.242514], [127.713414, 36.242755], [127.712844, 36.24295], [127.712291, 36.243113], [127.711649, 36.243236], [127.711137, 36.243312], [127.710665, 36.24335], [127.710146, 36.243363], [127.709176, 36.243285], [127.707489, 36.243166], [127.705928, 36.243124], [127.704526, 36.243145], [127.703395, 36.243182], [127.702525, 36.243175], [127.701869, 36.243124], [127.700821, 36.242966], [127.699741, 36.242736], [127.698906, 36.242558], [127.698313, 36.242472], [127.697856, 36.242458], [127.697352, 36.242472], [127.696923, 36.242507], [127.696427, 36.242569], [127.695938, 36.242662], [127.694536, 36.242943], [127.693594, 36.243154], [127.692895, 36.243312], [127.692339, 36.24341], [127.691734, 36.243491], [127.691182, 36.243531], [127.690802, 36.243524], [127.690332, 36.243493], [127.689572, 36.243426], [127.688959, 36.24335], [127.687243, 36.243066], [127.685593, 36.242799], [127.683359, 36.242439], [127.68154, 36.242151], [127.679599, 36.241859], [127.678306, 36.241722], [127.676962, 36.241689], [127.675893, 36.241729]]}}, {"type": "Feature", "properties": {"line": "경부선", "from": "지탄", "to": "이원", "km": 5.431, "down": 3738753, "up": 3736933, "daily": 20481, "density": 20481}, "geometry": {"type": "LineString", "coordinates": [[127.675893, 36.241729], [127.675882, 36.241729], [127.674877, 36.241805], [127.673881, 36.241954], [127.673181, 36.242084], [127.67247, 36.242247], [127.671667, 36.242449], [127.665889, 36.243921], [127.663502, 36.244529], [127.662725, 36.24475], [127.662212, 36.244919], [127.661541, 36.245172], [127.660994, 36.245421], [127.660522, 36.245678], [127.659727, 36.246187], [127.657971, 36.247385], [127.657378, 36.247773], [127.656869, 36.248068], [127.656267, 36.248374], [127.655605, 36.248667], [127.655063, 36.248866], [127.654338, 36.249075], [127.653471, 36.249287], [127.652645, 36.249438], [127.651801, 36.249538], [127.6512, 36.249575], [127.650082, 36.249595], [127.647166, 36.249524], [127.644387, 36.249445], [127.643725, 36.249389], [127.643046, 36.249282], [127.642199, 36.249068], [127.641244, 36.248811], [127.639977, 36.248476], [127.639038, 36.248179], [127.637815, 36.247763], [127.635462, 36.247132], [127.634907, 36.247009], [127.633444, 36.246589], [127.632897, 36.246407], [127.629767, 36.24563], [127.626981, 36.245186], [127.62639, 36.245098], [127.624556, 36.244833], [127.62259, 36.244545], [127.618654, 36.243977]]}}, {"type": "Feature", "properties": {"line": "경부선", "from": "이원", "to": "옥천", "km": 8.295, "down": 3739891, "up": 3741453, "daily": 20497, "density": 20497}, "geometry": {"type": "LineString", "coordinates": [[127.618654, 36.243977], [127.618648, 36.243976], [127.615965, 36.243603], [127.613702, 36.243291], [127.612835, 36.243229], [127.612589, 36.243227], [127.612259, 36.243226], [127.612134, 36.243224], [127.611949, 36.243226], [127.611742, 36.243238], [127.611581, 36.243254], [127.611188, 36.243303], [127.610463, 36.243452], [127.609666, 36.243679], [127.609075, 36.243932], [127.608203, 36.244429], [127.607362, 36.244933], [127.603429, 36.247579], [127.601596, 36.24882], [127.60062, 36.249613], [127.600147, 36.250007], [127.599264, 36.250694], [127.598745, 36.25105], [127.597486, 36.251925], [127.596963, 36.252275], [127.591477, 36.256464], [127.590764, 36.257008], [127.58997, 36.257723], [127.589354, 36.258432], [127.58894, 36.258998], [127.588606, 36.25957], [127.58825, 36.260341], [127.588046, 36.260928], [127.588025, 36.261022], [127.58789, 36.261628], [127.587723, 36.262712], [127.587502, 36.264514], [127.58727, 36.266326], [127.587037, 36.267916], [127.586929, 36.268694], [127.586786, 36.269428], [127.58665, 36.269912], [127.586472, 36.270402], [127.586282, 36.270811], [127.586057, 36.271202], [127.585565, 36.27192], [127.584953, 36.272623], [127.584687, 36.272905], [127.5846, 36.272997], [127.583721, 36.273928], [127.582306, 36.275352], [127.582218, 36.27544], [127.579276, 36.278399], [127.577963, 36.279695], [127.576783, 36.280802], [127.575449, 36.282159], [127.57311, 36.284581], [127.572924, 36.284767], [127.571877, 36.285846], [127.57125, 36.286504], [127.569695, 36.28813], [127.568866, 36.288956], [127.568435, 36.289447], [127.56799, 36.290062], [127.567682, 36.290584], [127.567409, 36.291177], [127.567196, 36.291736], [127.566726, 36.293139], [127.566166, 36.294897], [127.565865, 36.295594], [127.5652, 36.29766], [127.565183, 36.297715]]}}, {"type": "Feature", "properties": {"line": "경부선", "from": "옥천", "to": "대전", "km": 16.344, "down": 3825384, "up": 3840820, "daily": 21003, "density": 21003}, "geometry": {"type": "LineString", "coordinates": [[127.565183, 36.297715], [127.564678, 36.299353], [127.56423, 36.300964], [127.564147, 36.301334], [127.563687, 36.302788], [127.563295, 36.304063], [127.562967, 36.305124], [127.56278, 36.305619], [127.562575, 36.306059], [127.562258, 36.306569], [127.561785, 36.307201], [127.561457, 36.307535], [127.561337, 36.307655], [127.560802, 36.308192], [127.559491, 36.309526], [127.55881, 36.310152], [127.558233, 36.310738], [127.558149, 36.31082], [127.556443, 36.312474], [127.556381, 36.31254], [127.556317, 36.312607], [127.555501, 36.313409], [127.554297, 36.314722], [127.553087, 36.315967], [127.551662, 36.317388], [127.551223, 36.317782], [127.550663, 36.318286], [127.550081, 36.318855], [127.548955, 36.319948], [127.547841, 36.321037], [127.547145, 36.321693], [127.546508, 36.322324], [127.544264, 36.324462], [127.543859, 36.324828], [127.543301, 36.325364], [127.543172, 36.325487], [127.542708, 36.325869], [127.542265, 36.326236], [127.540843, 36.327258], [127.539252, 36.32825], [127.537666, 36.329216], [127.536239, 36.330126], [127.534825, 36.331032], [127.53464, 36.33114], [127.53265, 36.332344], [127.53158, 36.332992], [127.530973, 36.333328], [127.530351, 36.333634], [127.529388, 36.334061], [127.527794, 36.334676], [127.526226, 36.335285], [127.523452, 36.336344], [127.522837, 36.336576], [127.522347, 36.33673], [127.521733, 36.33687], [127.521174, 36.336956], [127.519869, 36.337071], [127.519146, 36.337116], [127.517746, 36.337283], [127.516645, 36.337514], [127.515962, 36.337657], [127.515197, 36.337805], [127.514487, 36.337891], [127.513756, 36.337957], [127.51247, 36.338008], [127.511037, 36.338074], [127.509288, 36.33813], [127.497496, 36.338588], [127.496961, 36.338605], [127.495855, 36.3386], [127.494846, 36.33842], [127.494114, 36.338206], [127.49364, 36.338028], [127.491222, 36.336837], [127.490412, 36.336455], [127.489424, 36.336029], [127.488263, 36.335556], [127.487129, 36.335137], [127.485381, 36.334473], [127.484501, 36.334138], [127.481766, 36.333216], [127.47915, 36.332188], [127.478118, 36.331535], [127.477358, 36.330766], [127.476788, 36.329956], [127.476297, 36.329208], [127.475809, 36.328413], [127.475323, 36.327503], [127.473545, 36.322497], [127.47259, 36.319816], [127.472273, 36.319066], [127.471811, 36.318287], [127.471221, 36.317614], [127.470532, 36.317026], [127.469821, 36.316553], [127.469241, 36.316284], [127.468557, 36.316031], [127.467604, 36.315768], [127.464976, 36.315142], [127.463513, 36.314833], [127.462609, 36.314611], [127.461648, 36.314376], [127.46074, 36.314162], [127.460109, 36.31403], [127.459466, 36.313943], [127.459097, 36.313924], [127.458401, 36.313906], [127.457932, 36.313925], [127.457489, 36.313965], [127.457184, 36.314022], [127.456443, 36.314204], [127.456097, 36.314305], [127.455713, 36.314455], [127.455229, 36.314666], [127.454937, 36.314837], [127.454598, 36.315017], [127.454406, 36.315126], [127.454055, 36.315386], [127.453559, 36.31582], [127.452755, 36.316577], [127.452157, 36.317154], [127.451847, 36.317425], [127.451492, 36.317733], [127.451295, 36.317884], [127.451039, 36.318062], [127.450608, 36.318303], [127.450045, 36.318573], [127.449701, 36.318729], [127.449372, 36.31884], [127.449054, 36.318956], [127.448693, 36.319039], [127.448328, 36.319118], [127.447905, 36.319174], [127.447559, 36.319213], [127.447158, 36.319259], [127.444989, 36.319327], [127.444479, 36.319358], [127.444038, 36.319401], [127.443415, 36.319531], [127.442946, 36.31964], [127.44251, 36.319776], [127.442158, 36.319891], [127.441681, 36.320118], [127.440804, 36.320618], [127.440318, 36.320982], [127.43995, 36.321323], [127.439638, 36.321657], [127.439215, 36.322196], [127.439072, 36.322526], [127.438897, 36.323034], [127.43833, 36.324117], [127.43819, 36.324387], [127.437731, 36.325286], [127.437507, 36.325742], [127.437315, 36.326138], [127.436933, 36.326901], [127.436699, 36.327329], [127.436291, 36.328196], [127.436191, 36.328483], [127.435994, 36.328895], [127.435354, 36.330303], [127.435062, 36.330894], [127.434415, 36.332169]]}}, {"type": "Feature", "properties": {"line": "경부선", "from": "대전", "to": "신탄진", "km": 4.778, "down": 4195654, "up": 4186337, "daily": 22964, "density": 22964}, "geometry": {"type": "LineString", "coordinates": [[127.434415, 36.332169], [127.433432, 36.334105], [127.433046, 36.334857], [127.432727, 36.335459], [127.432471, 36.336013], [127.432301, 36.336363], [127.431941, 36.337037], [127.431696, 36.337514], [127.431544, 36.337803], [127.431444, 36.337992], [127.431179, 36.338572], [127.431027, 36.338867], [127.430644, 36.339432], [127.430451, 36.339783], [127.430235, 36.340127], [127.430012, 36.340406], [127.429889, 36.340533], [127.429702, 36.340732], [127.429423, 36.340984], [127.429214, 36.341172], [127.42889, 36.341456], [127.427452, 36.342658], [127.426778, 36.343239], [127.425556, 36.344233], [127.425082, 36.344637], [127.42463, 36.345059], [127.424257, 36.345394], [127.423862, 36.345792], [127.423635, 36.346009], [127.42307, 36.346626], [127.422506, 36.347271], [127.421863, 36.348039], [127.420729, 36.34946], [127.41982, 36.350693], [127.419016, 36.351928], [127.418691, 36.352407], [127.418367, 36.352886], [127.418007, 36.353444], [127.417827, 36.353744], [127.417708, 36.353959], [127.417445, 36.354391], [127.41738, 36.354536], [127.417297, 36.354776], [127.417215, 36.35508], [127.417161, 36.355393], [127.417099, 36.355772], [127.417093, 36.356034], [127.417128, 36.356315], [127.417208, 36.356758], [127.417296, 36.357146], [127.417559, 36.358081], [127.417667, 36.35844], [127.417867, 36.359073], [127.417961, 36.359392], [127.41802, 36.359609], [127.418162, 36.360134], [127.418295, 36.360575], [127.418462, 36.361112], [127.418533, 36.361376], [127.41873, 36.362108], [127.419025, 36.363087], [127.41907, 36.363298], [127.419437, 36.364439], [127.419678, 36.365037], [127.419945, 36.365879], [127.420151, 36.36652], [127.420383, 36.36726], [127.420635, 36.36815], [127.421374, 36.370496]]}}, {"type": "Feature", "properties": {"line": "경부선", "from": "대전", "to": "신탄진", "km": 9.715, "down": 4380749, "up": 4371386, "daily": 23978, "density": 23978, "junction": "서대전", "join_line": "호남선"}, "geometry": {"type": "LineString", "coordinates": [[127.421374, 36.370496], [127.421809, 36.371957], [127.421927, 36.372438], [127.421971, 36.372795], [127.422057, 36.373163], [127.422116, 36.373362], [127.422529, 36.374744], [127.422935, 36.376151], [127.423077, 36.376671], [127.423128, 36.377134], [127.423119, 36.377408], [127.423113, 36.377598], [127.42302, 36.378044], [127.422855, 36.37849], [127.422701, 36.378785], [127.422449, 36.379172], [127.422099, 36.379583], [127.421903, 36.379776], [127.421683, 36.37997], [127.421524, 36.380113], [127.421362, 36.380234], [127.420848, 36.380586], [127.420484, 36.380804], [127.420107, 36.380981], [127.419451, 36.381289], [127.418736, 36.381584], [127.417948, 36.381866], [127.417447, 36.382113], [127.416779, 36.38257], [127.416269, 36.38304], [127.415987, 36.3834], [127.414996, 36.384947], [127.4148, 36.385518], [127.414717, 36.385987], [127.414732, 36.386781], [127.414833, 36.387667], [127.414967, 36.388895], [127.415587, 36.393933], [127.415669, 36.394307], [127.415773, 36.394672], [127.415896, 36.394973], [127.416066, 36.395312], [127.416321, 36.395716], [127.416571, 36.396099], [127.417007, 36.39667], [127.418006, 36.39798], [127.418719, 36.398831], [127.419179, 36.39951], [127.419544, 36.40008], [127.419888, 36.400585], [127.421254, 36.402381], [127.422606, 36.404157], [127.422794, 36.404362], [127.422977, 36.404561], [127.423402, 36.405023], [127.424133, 36.405928], [127.424237, 36.406056], [127.424677, 36.406672], [127.424929, 36.407047], [127.425267, 36.407785], [127.425447, 36.408349], [127.425605, 36.408854], [127.425844, 36.409601], [127.42604, 36.410199], [127.426265, 36.410909], [127.426367, 36.411315], [127.42641, 36.411651], [127.426418, 36.411913], [127.42641, 36.412418], [127.426362, 36.412847], [127.426271, 36.413223], [127.426201, 36.413508], [127.426093, 36.413819], [127.425997, 36.414065], [127.425847, 36.414328], [127.42541, 36.414978], [127.424726, 36.415822], [127.42416, 36.416476], [127.423765, 36.416972], [127.422896, 36.417969], [127.422178, 36.418669], [127.421593, 36.419256], [127.421035, 36.419951], [127.420729, 36.420426], [127.420523, 36.420831], [127.420386, 36.421198], [127.420227, 36.421759], [127.420174, 36.42234], [127.420238, 36.423475], [127.420474, 36.424313], [127.421005, 36.425763], [127.422194, 36.42933], [127.422765, 36.430278], [127.423181, 36.430901], [127.42395, 36.431998], [127.424685, 36.433062], [127.425117, 36.433703], [127.425562, 36.434443], [127.425879, 36.435053], [127.426088, 36.435586], [127.426311, 36.436283], [127.426579, 36.437106], [127.426756, 36.437643], [127.427204, 36.438944], [127.427402, 36.439557], [127.427534, 36.440129], [127.427684, 36.440575], [127.427909, 36.441177], [127.428094, 36.441706], [127.428301, 36.442295], [127.42836, 36.44248], [127.428412, 36.442642], [127.428446, 36.442746], [127.428628, 36.443238], [127.428811, 36.443788], [127.428969, 36.444306], [127.429078, 36.444969], [127.429134, 36.445562], [127.429057, 36.446074], [127.42894, 36.446556], [127.428781, 36.447169], [127.428681, 36.44748], [127.42863, 36.447594], [127.428606, 36.447647], [127.42834, 36.448259], [127.428176, 36.44889], [127.42801, 36.449609]]}}, {"type": "Feature", "properties": {"line": "경부선", "from": "신탄진", "to": "부강", "km": 12.104, "down": 4565948, "up": 4570874, "daily": 25032, "density": 25032}, "geometry": {"type": "LineString", "coordinates": [[127.42801, 36.449609], [127.4278, 36.450522], [127.42775, 36.450739], [127.427675, 36.451018], [127.427153, 36.453239], [127.427041, 36.45389], [127.426997, 36.45414], [127.426969, 36.454306], [127.426707, 36.455135], [127.426021, 36.457802], [127.425736, 36.458826], [127.425535, 36.4595], [127.425371, 36.459977], [127.42521, 36.460448], [127.424858, 36.461155], [127.423968, 36.462608], [127.423573, 36.463221], [127.422688, 36.464721], [127.422501, 36.465061], [127.421712, 36.466438], [127.421266, 36.467317], [127.421072, 36.467897], [127.42096, 36.46859], [127.42099, 36.469527], [127.421109, 36.470188], [127.421857, 36.473019], [127.422186, 36.474282], [127.42231, 36.474938], [127.422384, 36.476008], [127.422387, 36.476975], [127.422347, 36.477944], [127.422303, 36.478864], [127.422256, 36.480382], [127.422165, 36.483142], [127.422139, 36.483998], [127.422104, 36.485014], [127.422013, 36.485664], [127.421875, 36.48615], [127.421649, 36.486644], [127.421347, 36.487057], [127.421044, 36.487376], [127.420528, 36.4878], [127.420002, 36.488119], [127.419463, 36.488347], [127.418781, 36.488544], [127.41717, 36.488837], [127.415554, 36.489133], [127.412277, 36.489721], [127.40873, 36.49035], [127.406271, 36.490784], [127.405236, 36.491009], [127.404073, 36.49139], [127.402126, 36.492283], [127.401054, 36.492759], [127.396884, 36.494616], [127.394989, 36.495459], [127.394237, 36.495928], [127.393231, 36.496738], [127.393064, 36.496888], [127.392579, 36.497324], [127.392238, 36.497631], [127.389725, 36.499863], [127.388726, 36.500915], [127.388081, 36.501649], [127.387888, 36.501858], [127.387272, 36.502526], [127.387111, 36.502744], [127.387033, 36.50285], [127.386654, 36.5034], [127.386311, 36.504254], [127.386291, 36.504334], [127.385751, 36.50645], [127.385134, 36.50921], [127.384898, 36.510128], [127.384587, 36.510957], [127.384109, 36.511834], [127.383663, 36.512431], [127.383196, 36.512966], [127.381941, 36.514054], [127.380599, 36.515181], [127.380052, 36.515674], [127.379443, 36.516316], [127.379216, 36.516596], [127.377511, 36.518673], [127.376771, 36.519578], [127.375958, 36.520348], [127.375498, 36.520759], [127.374912, 36.52131], [127.374389, 36.521977], [127.374057, 36.522682], [127.373835, 36.523454], [127.373681, 36.524732], [127.373341, 36.527367], [127.373304, 36.527889], [127.373233, 36.528337], [127.373109, 36.528922], [127.37288, 36.529511], [127.372502, 36.530048], [127.372177, 36.530378], [127.371624, 36.530797], [127.370865, 36.53117], [127.370415, 36.531344], [127.369927, 36.531476], [127.368628, 36.531752], [127.368084, 36.531887], [127.367956, 36.531919], [127.36708, 36.532093], [127.365015, 36.532531]]}}, {"type": "Feature", "properties": {"line": "경부선", "from": "부강", "to": "조치원", "km": 10.402, "down": 4585011, "up": 4591700, "daily": 25142, "density": 25142}, "geometry": {"type": "LineString", "coordinates": [[127.365015, 36.532531], [127.362453, 36.533075], [127.360776, 36.533441], [127.360379, 36.533519], [127.359713, 36.533665], [127.358349, 36.533962], [127.35756, 36.534128], [127.357326, 36.534178], [127.355418, 36.534579], [127.354133, 36.534829], [127.353602, 36.534968], [127.351216, 36.535474], [127.34985, 36.535764], [127.348537, 36.53603], [127.346776, 36.536432], [127.345343, 36.536975], [127.344496, 36.537365], [127.339661, 36.539774], [127.33887, 36.540226], [127.337891, 36.540958], [127.336014, 36.542479], [127.334153, 36.544099], [127.33359, 36.544629], [127.333209, 36.545055], [127.332823, 36.545538], [127.332464, 36.546046], [127.331767, 36.547084], [127.329353, 36.550548], [127.326572, 36.55453], [127.326003, 36.555375], [127.322484, 36.560495], [127.32162, 36.561693], [127.319083, 36.565381], [127.31667, 36.568852], [127.313693, 36.573185], [127.312154, 36.575399], [127.31106, 36.576863], [127.310561, 36.577509], [127.309998, 36.57828], [127.309623, 36.578939], [127.309371, 36.579486], [127.309103, 36.580205], [127.309003, 36.580464], [127.307596, 36.584124], [127.307081, 36.585485], [127.306825, 36.586348], [127.306652, 36.586705], [127.306568, 36.586924], [127.306233, 36.587656], [127.306052, 36.587982], [127.305837, 36.588298], [127.305649, 36.588543], [127.305247, 36.589021], [127.304939, 36.589285], [127.30451, 36.589666], [127.304074, 36.590039], [127.303266, 36.590722], [127.29947, 36.594084], [127.298838, 36.594628], [127.298194, 36.595195], [127.297959, 36.595414], [127.297767, 36.595593], [127.297548, 36.595809], [127.297386, 36.595987], [127.297264, 36.596139], [127.297206, 36.596219], [127.297143, 36.596304], [127.297038, 36.596449], [127.296924, 36.596632], [127.296813, 36.596814], [127.296715, 36.596994], [127.296632, 36.59717], [127.296553, 36.597345], [127.296485, 36.597532], [127.296419, 36.597727], [127.29636, 36.597924], [127.296291, 36.59817], [127.296208, 36.598548], [127.296087, 36.599166], [127.295998, 36.599649], [127.295913, 36.600047], [127.295724, 36.600999]]}}, {"type": "Feature", "properties": {"line": "경부선", "from": "조치원", "to": "전의", "km": 14.561, "down": 5225200, "up": 5224019, "daily": 28628, "density": 28628}, "geometry": {"type": "LineString", "coordinates": [[127.295724, 36.600999], [127.295143, 36.603927], [127.295104, 36.604153], [127.295035, 36.604509], [127.294843, 36.605492], [127.29468, 36.606333], [127.294608, 36.606673], [127.294554, 36.60693], [127.294296, 36.608315], [127.294172, 36.608989], [127.293914, 36.610707], [127.293622, 36.613016], [127.293612, 36.613077], [127.293578, 36.613296], [127.293571, 36.613417], [127.293004, 36.616849], [127.29207, 36.620501], [127.291351, 36.623471], [127.291146, 36.624316], [127.290639, 36.626437], [127.289283, 36.632096], [127.28915, 36.632672], [127.28912, 36.632802], [127.289076, 36.632933], [127.288862, 36.633484], [127.2887, 36.633889], [127.288558, 36.634135], [127.288488, 36.63426], [127.288368, 36.634434], [127.288228, 36.634627], [127.287801, 36.635121], [127.287606, 36.635313], [127.287462, 36.635447], [127.287007, 36.635802], [127.286727, 36.635991], [127.286375, 36.63622], [127.284318, 36.63755], [127.283092, 36.638312], [127.282111, 36.638902], [127.281153, 36.639529], [127.279437, 36.640666], [127.278732, 36.641181], [127.278117, 36.641687], [127.27576, 36.644222], [127.274008, 36.646156], [127.272713, 36.647622], [127.271467, 36.648964], [127.27066, 36.649617], [127.270466, 36.649772], [127.270294, 36.649916], [127.269596, 36.650499], [127.264074, 36.654868], [127.263801, 36.655084], [127.262434, 36.65616], [127.261828, 36.65674], [127.261239, 36.657386], [127.258575, 36.660273], [127.25714, 36.661784], [127.255691, 36.663078], [127.255046, 36.663677], [127.254334, 36.664163], [127.252866, 36.664735], [127.251924, 36.664968], [127.251031, 36.665115], [127.248412, 36.665207], [127.246957, 36.66536], [127.246346, 36.66541], [127.245834, 36.665421], [127.245301, 36.665416], [127.245196, 36.665414], [127.244641, 36.665373], [127.244167, 36.665338], [127.243041, 36.665105], [127.240129, 36.664416], [127.239048, 36.664119], [127.238, 36.663733], [127.236019, 36.66272], [127.231867, 36.660423], [127.228672, 36.658686], [127.228275, 36.65847], [127.227857, 36.658278], [127.227269, 36.658109], [127.226665, 36.657967], [127.226095, 36.657819], [127.22559, 36.657721], [127.22504, 36.657622], [127.224504, 36.657525], [127.224174, 36.657489], [127.223786, 36.657474], [127.223364, 36.657479], [127.223037, 36.657504], [127.221645, 36.657696], [127.221152, 36.65778], [127.220312, 36.658108], [127.219454, 36.658691], [127.218599, 36.659469], [127.217882, 36.660163], [127.217594, 36.660609], [127.217305, 36.661183], [127.217092, 36.661804], [127.216212, 36.664735], [127.216199, 36.664777], [127.215287, 36.667912], [127.215138, 36.668423], [127.214797, 36.669583], [127.214538, 36.670388], [127.214256, 36.670989], [127.214041, 36.671357], [127.213547, 36.672022], [127.213143, 36.672418], [127.21044, 36.674772], [127.209074, 36.675897], [127.208241, 36.676424], [127.206868, 36.676972], [127.206686, 36.677039], [127.206607, 36.677065], [127.206418, 36.677126], [127.20631, 36.677166], [127.205154, 36.677537], [127.203072, 36.678194], [127.202332, 36.678428]]}}, {"type": "Feature", "properties": {"line": "경부선", "from": "전의", "to": "천안", "km": 18.314, "down": 5241102, "up": 5242856, "daily": 28723, "density": 28723}, "geometry": {"type": "LineString", "coordinates": [[127.202332, 36.678428], [127.201306, 36.678753], [127.198885, 36.679511], [127.198413, 36.67966], [127.196943, 36.680126], [127.196252, 36.680262], [127.195271, 36.680359], [127.194455, 36.680353], [127.194016, 36.680349], [127.193458, 36.680308], [127.190597, 36.680101], [127.188685, 36.679939], [127.186569, 36.679778], [127.185788, 36.679785], [127.185153, 36.67981], [127.18466, 36.679865], [127.184102, 36.679973], [127.183546, 36.68012], [127.182971, 36.680319], [127.181432, 36.68091], [127.178408, 36.68208], [127.168697, 36.686259], [127.167503, 36.686752], [127.167117, 36.686921], [127.166734, 36.687131], [127.166387, 36.687316], [127.165954, 36.687624], [127.164927, 36.688597], [127.162729, 36.69096], [127.162589, 36.691124], [127.160048, 36.694034], [127.158345, 36.695861], [127.156887, 36.697483], [127.155997, 36.698615], [127.155015, 36.700104], [127.154266, 36.701241], [127.153171, 36.702951], [127.152556, 36.70392], [127.152345, 36.704279], [127.152211, 36.704511], [127.152119, 36.704691], [127.152026, 36.704885], [127.151949, 36.705071], [127.151893, 36.705226], [127.151834, 36.705402], [127.151779, 36.705602], [127.151729, 36.705823], [127.151698, 36.706011], [127.151666, 36.706267], [127.151655, 36.706436], [127.151648, 36.706662], [127.15165, 36.706949], [127.151656, 36.707107], [127.151674, 36.7073], [127.15169, 36.70742], [127.151719, 36.707577], [127.151755, 36.70773], [127.151804, 36.707918], [127.151844, 36.708061], [127.1519, 36.708253], [127.151951, 36.708406], [127.152019, 36.708598], [127.152117, 36.708861], [127.153397, 36.712339], [127.153504, 36.712619], [127.153571, 36.712788], [127.153903, 36.713682], [127.15412, 36.714267], [127.15424, 36.714616], [127.15426, 36.714677], [127.154428, 36.715167], [127.156306, 36.720516], [127.156316, 36.720546], [127.156615, 36.721389], [127.156693, 36.721609], [127.156808, 36.721934], [127.157005, 36.722503], [127.157082, 36.722739], [127.157142, 36.722945], [127.157191, 36.723141], [127.157226, 36.723291], [127.157257, 36.723481], [127.157281, 36.723662], [127.157303, 36.72384], [127.157295, 36.724449], [127.157291, 36.724767], [127.15703, 36.725633], [127.157013, 36.725687], [127.156903, 36.726036], [127.156837, 36.726185], [127.156734, 36.726457], [127.156602, 36.726672], [127.156336, 36.727025], [127.15577, 36.727637], [127.155273, 36.728086], [127.15459, 36.728647], [127.153629, 36.729414], [127.153307, 36.729655], [127.152227, 36.730539], [127.14958, 36.732617], [127.146811, 36.734805], [127.146621, 36.734966], [127.144053, 36.737034], [127.143643, 36.737404], [127.143276, 36.737833], [127.142896, 36.738374], [127.142433, 36.739289], [127.140719, 36.743174], [127.140529, 36.744159], [127.140527, 36.745132], [127.140567, 36.746948], [127.140519, 36.747456], [127.140267, 36.749184], [127.14025, 36.749953], [127.140288, 36.750434], [127.140414, 36.750942], [127.140503, 36.751232], [127.140597, 36.751468], [127.140816, 36.751889], [127.14101, 36.752246], [127.141447, 36.752979], [127.142074, 36.75406], [127.142375, 36.754793], [127.142506, 36.755317], [127.142621, 36.756047], [127.142626, 36.756517], [127.14261, 36.757058], [127.142442, 36.760365], [127.142412, 36.760992], [127.142364, 36.761454], [127.142276, 36.761931], [127.142174, 36.762382], [127.142016, 36.762974], [127.141667, 36.763983], [127.14139, 36.764901], [127.141302, 36.765198], [127.141185, 36.765577], [127.141111, 36.765838], [127.140911, 36.766608], [127.140799, 36.767168], [127.140698, 36.767896], [127.140661, 36.76995], [127.140698, 36.770625], [127.140891, 36.772322], [127.141106, 36.773495], [127.141222, 36.77423], [127.141254, 36.774392], [127.141342, 36.77495], [127.141415, 36.775494], [127.141433, 36.775609], [127.141515, 36.77595], [127.141551, 36.776086], [127.141817, 36.776865], [127.141991, 36.777314], [127.142608, 36.77881], [127.143032, 36.779872], [127.14341, 36.780722], [127.143823, 36.781721], [127.144405, 36.783115], [127.144456, 36.783222], [127.145374, 36.785393], [127.145432, 36.785539], [127.145783, 36.786422], [127.146057, 36.78715], [127.146412, 36.78794], [127.146474, 36.788086], [127.146876, 36.789137], [127.147063, 36.789655], [127.147181, 36.790013], [127.147283, 36.790477], [127.147353, 36.790887], [127.147449, 36.791749], [127.147487, 36.793254], [127.147497, 36.793535], [127.147528, 36.793999], [127.147578, 36.795314], [127.147562, 36.795935], [127.147385, 36.796878], [127.147276, 36.797268], [127.146817, 36.798873], [127.145999, 36.80173], [127.145819, 36.802604], [127.145719, 36.803744], [127.145962, 36.804897], [127.146317, 36.806736], [127.146347, 36.806893], [127.146526, 36.80782], [127.146914, 36.809726], [127.147022, 36.810257]]}}, {"type": "Feature", "properties": {"line": "경부선", "from": "천안", "to": "성환", "km": 12.137, "down": 6790686, "up": 6815078, "daily": 37276, "density": 37276, "through": 2}, "geometry": {"type": "LineString", "coordinates": [[127.147022, 36.810257], [127.147243, 36.811346], [127.1476, 36.813195], [127.147696, 36.813597], [127.14779, 36.814116], [127.148032, 36.815318], [127.148179, 36.816009], [127.148316, 36.816809], [127.148493, 36.817647], [127.14872, 36.818778], [127.149187, 36.821091], [127.149367, 36.822031], [127.149484, 36.822814], [127.149509, 36.823178], [127.149519, 36.823372], [127.149597, 36.824449], [127.149557, 36.825929], [127.149468, 36.827199], [127.149293, 36.829273], [127.149231, 36.829981], [127.149021, 36.832319], [127.148986, 36.832736], [127.148909, 36.833651], [127.148769, 36.835329], [127.14867, 36.83637], [127.148557, 36.837349], [127.148447, 36.838081], [127.148418, 36.838332], [127.148243, 36.839489], [127.148192, 36.839827], [127.14816, 36.84006], [127.14804, 36.84076], [127.147924, 36.841357], [127.147773, 36.842005], [127.147552, 36.843083], [127.14738, 36.84388], [127.147351, 36.844033], [127.146964, 36.845861], [127.146944, 36.845956], [127.146893, 36.846191], [127.146765, 36.846791], [127.146506, 36.847934], [127.146295, 36.849055], [127.145843, 36.851132], [127.145541, 36.852638], [127.145439, 36.853145], [127.145362, 36.853498], [127.145341, 36.853881], [127.145269, 36.854619], [127.145267, 36.85481], [127.145261, 36.85507], [127.145267, 36.855436], [127.145326, 36.855786], [127.145442, 36.856313], [127.145604, 36.857065], [127.145807, 36.857841], [127.145848, 36.858066], [127.145889, 36.858243], [127.146014, 36.858804], [127.146288, 36.859736], [127.146461, 36.860467], [127.146682, 36.861456], [127.146749, 36.861891], [127.146777, 36.862455], [127.146784, 36.862751], [127.146763, 36.863149], [127.146728, 36.863613], [127.146615, 36.86429], [127.146497, 36.864802], [127.146367, 36.865255], [127.146211, 36.865725], [127.145985, 36.866255], [127.145779, 36.866729], [127.145304, 36.867736], [127.145238, 36.867878], [127.144245, 36.869976], [127.143889, 36.87073], [127.142755, 36.873133], [127.142169, 36.874329], [127.141476, 36.875865], [127.140839, 36.877209], [127.138422, 36.882246], [127.137299, 36.884594], [127.136083, 36.887141], [127.135679, 36.888007], [127.135275, 36.888899], [127.134393, 36.890733], [127.132758, 36.894176], [127.132122, 36.895535], [127.131441, 36.896995], [127.131031, 36.897884], [127.130787, 36.898419], [127.130414, 36.899249], [127.129943, 36.900235], [127.129632, 36.900892], [127.129245, 36.901734], [127.128845, 36.902604], [127.128561, 36.903181], [127.128269, 36.903815], [127.128093, 36.904231], [127.127963, 36.904574], [127.127813, 36.904998], [127.127692, 36.90547], [127.127656, 36.905672], [127.127553, 36.906196], [127.127523, 36.906647], [127.127482, 36.907095], [127.127421, 36.907943], [127.127403, 36.908319], [127.12733, 36.909391], [127.127329, 36.909409], [127.127325, 36.909502], [127.127291, 36.909872], [127.12728, 36.910044], [127.12722, 36.910931], [127.127206, 36.911104], [127.12713, 36.912086], [127.126976, 36.914172], [127.126907, 36.91527], [127.12686, 36.915981]]}}, {"type": "Feature", "properties": {"line": "경부선", "from": "성환", "to": "평택", "km": 9.494, "down": 6811232, "up": 6826006, "daily": 37362, "density": 37362}, "geometry": {"type": "LineString", "coordinates": [[127.12686, 36.915981], [127.126858, 36.916018], [127.126755, 36.917269], [127.126576, 36.919742], [127.126506, 36.920716], [127.126021, 36.92706], [127.126013, 36.927163], [127.125971, 36.927803], [127.125801, 36.929932], [127.125454, 36.934681], [127.125284, 36.937235], [127.125274, 36.937375], [127.125227, 36.938083], [127.124862, 36.943025], [127.124795, 36.944142], [127.1247, 36.945719], [127.124606, 36.946726], [127.124482, 36.947754], [127.124349, 36.948337], [127.124169, 36.948891], [127.123934, 36.949493], [127.123754, 36.949859], [127.123527, 36.950265], [127.122965, 36.951096], [127.12242, 36.951732], [127.121719, 36.952544], [127.120924, 36.953394], [127.119347, 36.955059], [127.118361, 36.956086], [127.118228, 36.956221], [127.115964, 36.958597], [127.114055, 36.960591], [127.113255, 36.961497], [127.112019, 36.962736], [127.111629, 36.963203], [127.110652, 36.964241], [127.10992, 36.964984], [127.109222, 36.965744], [127.108606, 36.966362], [127.10578, 36.969352], [127.104764, 36.970329], [127.103486, 36.971733], [127.102249, 36.973035], [127.099667, 36.97565], [127.099248, 36.9761], [127.098967, 36.976401], [127.097187, 36.97831], [127.094558, 36.981075], [127.094051, 36.981652], [127.093825, 36.9819], [127.092986, 36.982781], [127.092611, 36.983175], [127.091353, 36.984474], [127.091261, 36.984571], [127.090501, 36.985373], [127.090283, 36.985602], [127.090219, 36.985669], [127.087371, 36.988639], [127.086379, 36.989681], [127.085297, 36.99081]]}}, {"type": "Feature", "properties": {"line": "경부선", "from": "평택", "to": "서정리", "km": 8.392, "down": 7593653, "up": 7647196, "daily": 41756, "density": 41756}, "geometry": {"type": "LineString", "coordinates": [[127.085297, 36.99081], [127.084359, 36.991788], [127.083663, 36.992521], [127.081073, 36.995216], [127.080658, 36.995648], [127.080505, 36.995806], [127.079602, 36.996762], [127.079506, 36.996864], [127.078442, 36.997987], [127.077365, 36.999078], [127.075187, 37.001367], [127.073011, 37.00367], [127.072568, 37.004279], [127.072399, 37.004567], [127.072261, 37.004859], [127.072155, 37.005078], [127.072065, 37.00533], [127.071988, 37.005629], [127.071869, 37.006168], [127.07156, 37.008549], [127.071062, 37.013035], [127.070825, 37.015292], [127.070815, 37.015389], [127.070565, 37.017528], [127.070497, 37.018192], [127.070253, 37.020348], [127.070003, 37.022537], [127.069781, 37.024608], [127.069755, 37.024835], [127.069485, 37.026935], [127.069189, 37.029584], [127.069149, 37.029943], [127.068785, 37.033453], [127.068704, 37.034206], [127.068591, 37.034889], [127.068488, 37.0353], [127.068371, 37.035655], [127.068244, 37.035991], [127.068087, 37.03633], [127.067901, 37.036672], [127.067698, 37.037003], [127.067489, 37.037316], [127.067242, 37.03764], [127.067003, 37.037927], [127.066725, 37.038221], [127.066422, 37.038501], [127.066119, 37.038756], [127.065903, 37.038924], [127.06538, 37.039304], [127.065077, 37.039495], [127.06299, 37.040803], [127.061745, 37.04158], [127.055023, 37.045884], [127.054507, 37.046284], [127.053973, 37.046771], [127.053739, 37.047014], [127.053437, 37.047365], [127.052933, 37.048097], [127.052667, 37.048661], [127.052431, 37.049358], [127.052276, 37.050169], [127.052239, 37.05074], [127.052251, 37.051194], [127.052329, 37.051821], [127.052565, 37.053711], [127.052674, 37.054827], [127.052743, 37.055498], [127.052854, 37.056462], [127.052924, 37.057079]]}}, {"type": "Feature", "properties": {"line": "경부선", "from": "서정리", "to": "오산", "km": 9.979, "down": 7621101, "up": 7665967, "daily": 41882, "density": 41882, "through": 2}, "geometry": {"type": "LineString", "coordinates": [[127.052924, 37.057079], [127.053015, 37.057873], [127.053098, 37.058744], [127.053228, 37.059725], [127.053357, 37.06091], [127.053444, 37.061717], [127.053473, 37.061983], [127.053723, 37.064118], [127.054172, 37.068464], [127.054342, 37.069802], [127.054495, 37.071226], [127.054569, 37.072278], [127.054516, 37.073527], [127.054428, 37.074455], [127.05435, 37.075355], [127.054258, 37.076407], [127.054183, 37.077619], [127.054143, 37.078202], [127.05413, 37.078919], [127.054164, 37.079574], [127.054264, 37.080253], [127.054489, 37.081127], [127.054818, 37.081951], [127.055217, 37.08288], [127.056247, 37.085375], [127.05654, 37.08606], [127.056902, 37.086907], [127.057158, 37.087509], [127.057415, 37.088111], [127.057687, 37.088749], [127.05846, 37.090547], [127.058651, 37.090995], [127.058702, 37.091115], [127.058894, 37.091579], [127.059071, 37.091991], [127.059222, 37.092362], [127.059962, 37.094102], [127.060237, 37.094749], [127.060367, 37.09509], [127.060465, 37.095407], [127.060548, 37.09575], [127.06063, 37.096098], [127.06073, 37.096738], [127.060759, 37.097106], [127.060805, 37.097378], [127.060958, 37.098635], [127.061071, 37.099717], [127.061156, 37.100455], [127.061362, 37.102046], [127.061444, 37.102644], [127.061513, 37.103257], [127.061629, 37.104151], [127.061673, 37.104448], [127.062061, 37.107555], [127.062248, 37.108988], [127.062372, 37.109994], [127.062605, 37.111893], [127.062792, 37.113361], [127.062935, 37.114569], [127.062965, 37.114868], [127.063552, 37.119502], [127.063853, 37.121812], [127.063937, 37.122523], [127.063966, 37.122812], [127.064059, 37.12358], [127.064113, 37.124202], [127.064713, 37.129228], [127.065041, 37.131749], [127.06521, 37.133003], [127.065379, 37.13424], [127.0656, 37.136617], [127.065831, 37.138211], [127.065878, 37.138606], [127.0659, 37.138781], [127.066018, 37.139686], [127.066041, 37.139861], [127.066234, 37.141417], [127.06635, 37.142525], [127.066733, 37.14556]]}}, {"type": "Feature", "properties": {"line": "경부선", "from": "오산", "to": "수원", "km": 14.982, "down": 7667894, "up": 7705417, "daily": 42119, "density": 42119, "through": 4}, "geometry": {"type": "LineString", "coordinates": [[127.066733, 37.14556], [127.066844, 37.146437], [127.06703, 37.148044], [127.067247, 37.149578], [127.067347, 37.150594], [127.06735, 37.15111], [127.067303, 37.151652], [127.066919, 37.153622], [127.066812, 37.154108], [127.066514, 37.155287], [127.065409, 37.159761], [127.064788, 37.162296], [127.064179, 37.164833], [127.063896, 37.16586], [127.06367, 37.166928], [127.063413, 37.167983], [127.063367, 37.168177], [127.063092, 37.169296], [127.062835, 37.170342], [127.062508, 37.171318], [127.062133, 37.172147], [127.062074, 37.172276], [127.061281, 37.173467], [127.06031, 37.174666], [127.05976, 37.175184], [127.059227, 37.175579], [127.057895, 37.176565], [127.056938, 37.177165], [127.055884, 37.177827], [127.055012, 37.178385], [127.053523, 37.179336], [127.05115, 37.18085], [127.048773, 37.182355], [127.048154, 37.182709], [127.047543, 37.183116], [127.046953, 37.183497], [127.046656, 37.183688], [127.046369, 37.183896], [127.045754, 37.184441], [127.045436, 37.184717], [127.045135, 37.185009], [127.044649, 37.185525], [127.044183, 37.186042], [127.044012, 37.186266], [127.043669, 37.186735], [127.043402, 37.187138], [127.043252, 37.187363], [127.043248, 37.187368], [127.0429, 37.188002], [127.042772, 37.188239], [127.042594, 37.188599], [127.041968, 37.189861], [127.041337, 37.191101], [127.040593, 37.192481], [127.037923, 37.197594], [127.037085, 37.199174], [127.036247, 37.200791], [127.035723, 37.201797], [127.035557, 37.202116], [127.035416, 37.202387], [127.035214, 37.202739], [127.033635, 37.205815], [127.033102, 37.206825], [127.032698, 37.207589], [127.03044, 37.211959], [127.030264, 37.212271], [127.029781, 37.213245], [127.028277, 37.216082], [127.026501, 37.219527], [127.026198, 37.220119], [127.026175, 37.220159], [127.02496, 37.222515], [127.023585, 37.225158], [127.023507, 37.225308], [127.02317, 37.225955], [127.02314, 37.226014], [127.022956, 37.226349], [127.019158, 37.233644], [127.019029, 37.23389], [127.01884, 37.234255], [127.017794, 37.23623], [127.017488, 37.236832], [127.016565, 37.2386], [127.015951, 37.239741], [127.01422, 37.243117], [127.013706, 37.24411], [127.013208, 37.245073], [127.012171, 37.247026], [127.01166, 37.247984], [127.010486, 37.250211], [127.009972, 37.250944], [127.009462, 37.251516], [127.008999, 37.252063], [127.008856, 37.252234], [127.006605, 37.25475], [127.006206, 37.255224], [127.005391, 37.256578], [127.004364, 37.258287], [127.004068, 37.258799], [127.004035, 37.258861], [127.00366, 37.259478], [127.003485, 37.259804], [127.003295, 37.26016], [127.003083, 37.260555], [127.002915, 37.260844], [127.002623, 37.26133], [127.002032, 37.262272], [127.001833, 37.262586], [127.001209, 37.263571], [126.999886, 37.265801]]}}, {"type": "Feature", "properties": {"line": "경부선", "from": "수원", "to": "안양", "km": 17.801, "down": 7133581, "up": 7113136, "daily": 39032, "density": 39032, "through": 7}, "geometry": {"type": "LineString", "coordinates": [[126.999886, 37.265801], [126.999726, 37.26607], [126.998672, 37.267847], [126.99808, 37.2689], [126.997882, 37.269238], [126.99766, 37.269654], [126.997418, 37.270135], [126.99729, 37.270382], [126.996872, 37.271206], [126.996572, 37.271742], [126.996111, 37.272626], [126.995514, 37.27369], [126.995259, 37.274145], [126.994402, 37.275589], [126.993273, 37.277521], [126.992254, 37.279276], [126.991547, 37.280546], [126.990784, 37.281776], [126.990102, 37.282969], [126.989574, 37.2839], [126.988967, 37.284973], [126.988359, 37.286012], [126.987689, 37.287084], [126.987243, 37.287698], [126.986828, 37.288202], [126.986321, 37.288777], [126.985947, 37.289203], [126.984881, 37.290408], [126.984766, 37.290535], [126.983341, 37.29211], [126.981857, 37.293769], [126.981255, 37.294492], [126.980428, 37.295434], [126.979132, 37.296881], [126.978175, 37.297943], [126.977862, 37.298227], [126.977546, 37.298506], [126.977086, 37.298831], [126.976475, 37.299159], [126.975881, 37.299406], [126.975177, 37.299678], [126.974315, 37.299877], [126.973523, 37.299994], [126.972978, 37.300057], [126.972104, 37.300169], [126.971177, 37.300279], [126.969807, 37.300442], [126.969654, 37.300461], [126.967122, 37.300702], [126.965209, 37.300937], [126.963757, 37.301133], [126.963262, 37.301219], [126.962654, 37.3014], [126.962092, 37.301618], [126.96167, 37.30182], [126.960981, 37.302208], [126.958841, 37.303762], [126.953851, 37.30738], [126.953283, 37.307922], [126.952781, 37.308523], [126.951711, 37.310189], [126.950742, 37.311706], [126.950588, 37.311946], [126.949234, 37.314068], [126.948826, 37.314748], [126.948651, 37.315124], [126.948503, 37.315526], [126.948393, 37.315841], [126.948325, 37.316337], [126.94812, 37.319243], [126.948014, 37.320997], [126.947992, 37.321359], [126.947982, 37.321515], [126.947798, 37.323907], [126.947799, 37.324748], [126.947867, 37.32632], [126.947957, 37.328463], [126.948043, 37.330501], [126.948204, 37.333463], [126.948291, 37.336188], [126.948332, 37.33982], [126.948334, 37.342403], [126.948329, 37.343432], [126.948325, 37.344335], [126.948342, 37.346005], [126.948337, 37.347719], [126.948358, 37.350453], [126.948373, 37.35118], [126.948427, 37.353101], [126.94844, 37.353575], [126.948479, 37.354953], [126.948485, 37.355186], [126.948539, 37.358112], [126.948584, 37.360002], [126.948572, 37.360445], [126.948539, 37.360721], [126.948506, 37.360979], [126.948404, 37.361403], [126.948297, 37.361746], [126.947754, 37.362956], [126.946707, 37.365254], [126.945826, 37.367164], [126.944681, 37.369528], [126.943797, 37.371384], [126.943371, 37.3723], [126.94291, 37.373292], [126.941913, 37.375296], [126.941561, 37.375997], [126.941201, 37.37667], [126.94095, 37.377102], [126.940195, 37.377947], [126.939815, 37.378383], [126.938561, 37.379559], [126.937976, 37.380105], [126.937464, 37.380633], [126.937217, 37.380929], [126.936738, 37.381625], [126.936373, 37.382337], [126.93593, 37.383443], [126.935584, 37.384388], [126.935107, 37.385692], [126.934472, 37.387335], [126.933788, 37.389161], [126.933203, 37.390738], [126.932966, 37.391319], [126.932697, 37.391778], [126.932222, 37.392431], [126.931372, 37.393251], [126.929506, 37.39475], [126.928462, 37.395566], [126.927232, 37.396543], [126.926489, 37.397297], [126.925207, 37.398803], [126.924746, 37.399345], [126.923412, 37.400951], [126.92287, 37.401624]]}}, {"type": "Feature", "properties": {"line": "경부선", "from": "안양", "to": "영등포", "km": 14.746, "down": 7060612, "up": 7071050, "daily": 38717, "density": 38717, "through": 7}, "geometry": {"type": "LineString", "coordinates": [[126.92287, 37.401624], [126.922345, 37.402274], [126.922039, 37.402651], [126.921071, 37.40385], [126.919873, 37.405301], [126.919331, 37.406005], [126.91883, 37.406635], [126.916724, 37.409281], [126.915864, 37.410356], [126.913785, 37.412968], [126.913689, 37.413095], [126.913576, 37.41324], [126.911277, 37.416059], [126.911101, 37.416277], [126.910083, 37.417543], [126.909553, 37.418199], [126.909135, 37.418714], [126.907595, 37.420607], [126.907034, 37.421385], [126.905943, 37.423367], [126.905174, 37.424764], [126.904614, 37.425808], [126.904096, 37.426781], [126.903937, 37.427159], [126.903763, 37.427661], [126.903663, 37.428009], [126.903563, 37.428488], [126.903206, 37.430275], [126.902485, 37.434082], [126.902288, 37.435131], [126.902266, 37.435251], [126.902047, 37.436419], [126.901909, 37.437135], [126.90176, 37.437723], [126.901562, 37.438341], [126.901206, 37.439228], [126.900304, 37.441252], [126.899344, 37.443425], [126.898669, 37.444956], [126.897482, 37.44744], [126.897066, 37.448374], [126.896128, 37.450621], [126.895589, 37.451951], [126.895245, 37.452734], [126.895154, 37.452941], [126.894609, 37.454215], [126.894405, 37.454642], [126.893893, 37.455811], [126.893621, 37.456431], [126.892201, 37.459609], [126.891862, 37.460444], [126.89165, 37.460929], [126.891565, 37.461137], [126.891247, 37.461934], [126.890846, 37.462917], [126.889908, 37.465064], [126.889461, 37.466067], [126.88906, 37.466966], [126.88706, 37.471462], [126.883688, 37.479075], [126.883028, 37.480601], [126.882588, 37.481587], [126.880609, 37.486016], [126.880345, 37.486703], [126.880196, 37.487167], [126.880105, 37.487623], [126.880033, 37.488361], [126.879898, 37.490454], [126.879883, 37.490675], [126.879866, 37.490944], [126.879784, 37.492075], [126.879656, 37.494008], [126.879509, 37.496086], [126.879447, 37.496957], [126.879431, 37.497527], [126.879492, 37.498311], [126.879598, 37.49883], [126.879774, 37.499426], [126.879941, 37.499887], [126.880223, 37.500446], [126.880486, 37.50088], [126.88074, 37.501244], [126.881005, 37.501576], [126.881332, 37.501928], [126.881628, 37.5022], [126.882784, 37.503257], [126.883517, 37.503927], [126.884058, 37.504383], [126.884695, 37.504831], [126.886611, 37.506025], [126.888208, 37.507011], [126.889236, 37.507659], [126.89042, 37.508289], [126.89081, 37.508478], [126.891431, 37.508762], [126.891808, 37.508926], [126.892124, 37.509063], [126.892662, 37.509281], [126.89398, 37.509847], [126.896409, 37.510939], [126.897488, 37.511412], [126.899238, 37.512099], [126.899982, 37.512372], [126.90051, 37.512567], [126.900738, 37.51265], [126.901429, 37.512914], [126.901745, 37.513028], [126.902507, 37.513305], [126.90369, 37.513764], [126.905183, 37.514403], [126.906384, 37.514905], [126.906784, 37.515069], [126.907055, 37.515182]]}}, {"type": "Feature", "properties": {"line": "경부선", "from": "영등포", "to": "용산", "km": 6.012, "down": 3795483, "up": 3792096, "daily": 20788, "density": 20788, "through": 3}, "geometry": {"type": "LineString", "coordinates": [[126.907055, 37.515182], [126.908483, 37.51578], [126.908966, 37.515979], [126.909409, 37.516177], [126.910103, 37.516482], [126.910642, 37.516647], [126.911067, 37.516733], [126.911478, 37.516789], [126.911868, 37.516821], [126.913454, 37.51693], [126.913643, 37.516943], [126.914128, 37.516976], [126.915245, 37.517043], [126.915797, 37.517062], [126.916526, 37.517036], [126.916894, 37.517002], [126.917418, 37.51689], [126.918161, 37.516707], [126.918604, 37.516568], [126.918677, 37.51654], [126.918984, 37.51642], [126.919496, 37.516195], [126.919918, 37.515983], [126.920279, 37.515768], [126.920601, 37.515546], [126.921903, 37.514515], [126.922325, 37.514215], [126.922672, 37.514], [126.92306, 37.513783], [126.923597, 37.513567], [126.924083, 37.513403], [126.924534, 37.513285], [126.924969, 37.513205], [126.925432, 37.513153], [126.925878, 37.513127], [126.926259, 37.513123], [126.92649, 37.51313], [126.926604, 37.513134], [126.92683, 37.513153], [126.927027, 37.513184], [126.927058, 37.513189], [126.927421, 37.513254], [126.928921, 37.513661], [126.931344, 37.514258], [126.931815, 37.514362], [126.932655, 37.514475], [126.933331, 37.514504], [126.933808, 37.514476], [126.934289, 37.514414], [126.934877, 37.514302], [126.936167, 37.514023], [126.936814, 37.51392], [126.937386, 37.513894], [126.937934, 37.513903], [126.938528, 37.513959], [126.939024, 37.514019], [126.939487, 37.514083], [126.939805, 37.514127], [126.940155, 37.514182], [126.941026, 37.514303], [126.942009, 37.514413], [126.942442, 37.514462], [126.943602, 37.514579], [126.944316, 37.514651], [126.944843, 37.514741], [126.945577, 37.514917], [126.946143, 37.515135], [126.946419, 37.515297], [126.94672, 37.515503], [126.947264, 37.51592], [126.9478, 37.516378], [126.956246, 37.523792], [126.956931, 37.524384], [126.957752, 37.525005], [126.958745, 37.525725], [126.959006, 37.525903], [126.959983, 37.526571], [126.960986, 37.52747], [126.961066, 37.527541], [126.961498, 37.527901], [126.961796, 37.528183], [126.962389, 37.528725], [126.962754, 37.529012], [126.964472, 37.53026]]}}, {"type": "Feature", "properties": {"line": "경부선", "from": "용산", "to": "서울", "km": 2.854, "down": 2181126, "up": 2137951, "daily": 11833, "density": 11833, "through": 1}, "geometry": {"type": "LineString", "coordinates": [[126.964472, 37.53026], [126.965731, 37.531174], [126.966095, 37.531439], [126.966657, 37.531841], [126.967175, 37.532241], [126.967553, 37.532489], [126.967842, 37.532705], [126.967986, 37.532807], [126.968448, 37.533147], [126.96873, 37.533359], [126.969155, 37.533657], [126.969622, 37.534016], [126.969733, 37.534111], [126.969838, 37.53421], [126.969925, 37.534304], [126.970038, 37.534432], [126.970229, 37.534675], [126.970346, 37.53485], [126.97048, 37.535075], [126.970619, 37.535353], [126.970728, 37.535623], [126.970838, 37.536008], [126.970877, 37.536167], [126.970943, 37.536513], [126.970988, 37.536881], [126.971039, 37.537302], [126.971078, 37.537744], [126.971119, 37.538395], [126.971127, 37.539943], [126.97112, 37.540536], [126.971115, 37.540942], [126.97111, 37.541606], [126.97111, 37.541709], [126.971111, 37.541886], [126.971113, 37.542821], [126.971107, 37.544866], [126.971102, 37.545078], [126.9711, 37.545187], [126.971096, 37.545481], [126.971096, 37.546142], [126.97109, 37.546569], [126.971092, 37.546769], [126.97109, 37.547413], [126.971086, 37.547704], [126.971068, 37.547988], [126.971044, 37.548218], [126.970997, 37.548484], [126.970943, 37.548699], [126.970876, 37.548918], [126.970856, 37.548981], [126.970755, 37.549292], [126.970674, 37.549611], [126.970601, 37.549855], [126.970538, 37.550114], [126.970496, 37.550347], [126.970478, 37.550513], [126.970468, 37.550744], [126.97047, 37.550956], [126.970476, 37.551222], [126.970487, 37.55135], [126.970473, 37.552352], [126.970458, 37.553774]]}}, {"type": "Feature", "properties": {"line": "경북선", "from": "김천", "to": "옥산", "km": 19.939, "down": 42956, "up": 58311, "daily": 277, "density": 277}, "geometry": {"type": "LineString", "coordinates": [[128.114122, 36.124796], [128.112621, 36.125863], [128.112204, 36.126154], [128.110609, 36.127289], [128.110215, 36.127595], [128.109841, 36.127981], [128.109587, 36.128386], [128.109437, 36.128794], [128.109351, 36.129166], [128.109319, 36.129478], [128.10933, 36.12979], [128.109378, 36.130041], [128.109453, 36.130241], [128.109514, 36.130362], [128.109555, 36.130444], [128.109673, 36.130648], [128.109786, 36.130805], [128.110295, 36.131311], [128.110885, 36.131818], [128.111535, 36.132368], [128.112502, 36.133123], [128.112886, 36.133439], [128.113428, 36.133894], [128.113632, 36.13411], [128.113884, 36.134409], [128.113991, 36.13456], [128.114061, 36.134695], [128.114109, 36.13482], [128.114163, 36.134968], [128.114217, 36.135162], [128.114249, 36.13537], [128.114345, 36.13638], [128.11442, 36.137532], [128.114506, 36.138355], [128.114539, 36.138533], [128.114582, 36.138685], [128.11471, 36.139014], [128.114823, 36.139227], [128.115011, 36.139516], [128.11544, 36.140102], [128.116201, 36.141011], [128.116468, 36.141378], [128.116696, 36.141755], [128.117197, 36.142775], [128.118964, 36.146317], [128.119243, 36.146829], [128.119473, 36.147341], [128.120628, 36.148786], [128.120892, 36.149122], [128.123685, 36.152402], [128.123902, 36.152668], [128.124626, 36.153516], [128.124911, 36.153946], [128.12507, 36.154293], [128.126134, 36.157124], [128.126432, 36.158007], [128.126591, 36.158631], [128.126928, 36.160237], [128.127023, 36.160844], [128.127038, 36.161171], [128.127044, 36.161561], [128.126939, 36.164708], [128.12691, 36.164987], [128.126822, 36.165292], [128.126694, 36.165634], [128.126524, 36.165889], [128.126297, 36.166197], [128.126054, 36.166447], [128.12575, 36.166688], [128.125436, 36.166865], [128.125064, 36.167031], [128.124756, 36.167142], [128.124117, 36.16733], [128.121894, 36.167895], [128.120801, 36.16818], [128.120248, 36.168298], [128.119815, 36.168356], [128.117707, 36.16862], [128.11721, 36.168694], [128.116777, 36.168804], [128.116323, 36.168978], [128.115959, 36.169174], [128.115688, 36.169368], [128.115372, 36.169636], [128.115143, 36.169882], [128.114928, 36.170213], [128.114795, 36.170482], [128.11469, 36.170837], [128.114638, 36.171185], [128.114662, 36.171607], [128.114726, 36.171937], [128.114815, 36.172225], [128.115059, 36.172811], [128.115189, 36.173073], [128.115279, 36.173305], [128.115327, 36.173498], [128.115388, 36.17383], [128.115446, 36.174278], [128.115483, 36.174594], [128.115525, 36.174868], [128.115621, 36.17518], [128.115713, 36.175382], [128.115814, 36.175559], [128.115918, 36.175726], [128.116062, 36.175891], [128.116242, 36.176092], [128.116632, 36.176521], [128.116976, 36.176895], [128.118155, 36.178207], [128.118253, 36.178311], [128.119458, 36.179636], [128.119638, 36.179902], [128.119772, 36.180144], [128.119905, 36.180534], [128.119949, 36.180762], [128.119969, 36.180993], [128.119949, 36.181238], [128.11992, 36.181508], [128.119855, 36.181766], [128.119003, 36.184019], [128.118839, 36.184364], [128.118664, 36.184623], [128.118477, 36.184844], [128.118289, 36.185036], [128.117964, 36.185279], [128.117682, 36.18545], [128.117295, 36.185633], [128.116921, 36.185777], [128.116117, 36.186056], [128.115658, 36.186261], [128.115303, 36.186478], [128.114993, 36.186724], [128.114591, 36.18716], [128.112228, 36.190121], [128.111966, 36.190514], [128.111759, 36.190901], [128.111559, 36.191352], [128.111393, 36.191828], [128.111366, 36.191898], [128.111223, 36.192296], [128.111179, 36.192416], [128.110927, 36.193082], [128.110726, 36.193525], [128.11059, 36.193798], [128.110436, 36.194063], [128.110234, 36.194303], [128.109991, 36.194558], [128.109763, 36.194765], [128.10948, 36.194993], [128.108618, 36.195658], [128.108368, 36.195891], [128.108144, 36.196126], [128.107904, 36.196472], [128.107785, 36.196716], [128.107678, 36.196982], [128.107625, 36.197263], [128.107584, 36.197607], [128.107568, 36.198655], [128.107571, 36.198888], [128.107573, 36.199294], [128.107582, 36.201245], [128.107579, 36.201701], [128.107538, 36.202047], [128.10746, 36.202485], [128.107356, 36.202832], [128.106946, 36.204106], [128.10674, 36.204749], [128.106699, 36.204892], [128.106496, 36.20556], [128.106433, 36.205832], [128.106383, 36.206089], [128.10636, 36.206356], [128.10635, 36.206564], [128.10637, 36.206798], [128.106459, 36.207552], [128.10647, 36.207776], [128.106467, 36.207962], [128.106429, 36.208206], [128.106387, 36.208396], [128.106316, 36.208617], [128.106223, 36.208849], [128.10491, 36.211852], [128.10359, 36.214891], [128.102564, 36.217203], [128.102389, 36.217661], [128.102131, 36.218598], [128.101947, 36.219258], [128.101904, 36.219423], [128.101397, 36.221357], [128.101274, 36.221697], [128.101118, 36.221992], [128.100955, 36.222303], [128.100753, 36.222624], [128.100556, 36.222898], [128.100081, 36.223497], [128.099755, 36.223909], [128.099547, 36.224226], [128.099418, 36.224463], [128.099289, 36.224762], [128.099054, 36.225443], [128.098757, 36.226399], [128.098704, 36.226613], [128.098656, 36.226826], [128.098623, 36.227073], [128.098538, 36.229059], [128.098538, 36.229177], [128.098469, 36.230664], [128.098434, 36.231184], [128.098394, 36.231465], [128.098336, 36.231728], [128.098258, 36.231968], [128.098166, 36.232227], [128.097929, 36.232883], [128.097545, 36.233964], [128.097115, 36.235249], [128.096627, 36.236667], [128.096324, 36.237559], [128.096043, 36.238574], [128.095905, 36.239071], [128.095236, 36.241004], [128.094932, 36.241749], [128.094806, 36.242048], [128.094089, 36.243366], [128.09393, 36.243715], [128.09383, 36.244013], [128.09373, 36.244393], [128.093681, 36.244722], [128.093603, 36.245667], [128.093587, 36.246078], [128.093603, 36.246443], [128.093651, 36.246781], [128.0937, 36.247096], [128.093882, 36.248326], [128.094808, 36.254306], [128.094842, 36.254795], [128.09484, 36.25507], [128.094827, 36.255555], [128.094781, 36.256627], [128.094803, 36.258175], [128.094786, 36.258518], [128.094731, 36.258893], [128.094662, 36.259236], [128.094368, 36.260705], [128.094301, 36.260984], [128.094233, 36.261195], [128.094136, 36.261404], [128.094023, 36.261617], [128.093913, 36.261807], [128.093773, 36.262027], [128.092744, 36.263621], [128.092557, 36.263954], [128.092392, 36.264285], [128.092282, 36.264552], [128.091596, 36.265995], [128.091456, 36.266283], [128.091273, 36.266577], [128.090653, 36.267494], [128.088131, 36.271293], [128.088002, 36.271543], [128.087901, 36.271784], [128.087855, 36.271969], [128.0878, 36.272238], [128.087787, 36.272451], [128.087797, 36.27268], [128.087834, 36.272913], [128.087906, 36.273182], [128.087999, 36.273418], [128.088117, 36.273666], [128.089143, 36.275505], [128.089277, 36.27576], [128.089471, 36.27611], [128.089895, 36.276886], [128.091091, 36.27904], [128.091413, 36.279589], [128.091569, 36.279807], [128.091861, 36.280131], [128.09209, 36.280381], [128.092337, 36.280611], [128.092782, 36.28104], [128.093902, 36.282112], [128.094576, 36.282766]]}}, {"type": "Feature", "properties": {"line": "경북선", "from": "옥산", "to": "청리", "km": 7.112, "down": 49257, "up": 64386, "daily": 311, "density": 311}, "geometry": {"type": "LineString", "coordinates": [[128.094576, 36.282766], [128.096422, 36.284557], [128.096586, 36.284714], [128.097285, 36.285384], [128.097699, 36.285782], [128.098386, 36.28644], [128.099701, 36.287698], [128.100134, 36.288209], [128.100302, 36.288485], [128.100435, 36.288716], [128.100685, 36.289317], [128.100841, 36.289689], [128.101414, 36.290981], [128.102596, 36.293756], [128.103132, 36.295046], [128.103219, 36.29534], [128.103453, 36.296645], [128.104129, 36.300688], [128.104665, 36.303559], [128.104768, 36.303965], [128.104881, 36.30425], [128.105039, 36.304569], [128.105275, 36.304888], [128.109008, 36.308927], [128.11029, 36.310291], [128.11047, 36.310486], [128.111046, 36.311118], [128.11165, 36.311745], [128.112076, 36.312324], [128.113258, 36.314281], [128.117824, 36.321523], [128.11822, 36.322073], [128.119729, 36.324019], [128.119894, 36.32423], [128.120839, 36.325407], [128.121477, 36.326267], [128.121749, 36.326828], [128.121825, 36.327065], [128.121895, 36.327357], [128.121953, 36.327804], [128.121992, 36.329109], [128.121995, 36.329592], [128.122074, 36.330085], [128.12215, 36.330395], [128.122292, 36.330763], [128.122422, 36.330968], [128.122534, 36.331154], [128.122725, 36.331392], [128.123239, 36.332015], [128.124355, 36.333252], [128.124514, 36.333455], [128.125151, 36.334294], [128.125463, 36.334727], [128.126133, 36.335649], [128.127193, 36.337185], [128.127301, 36.337322], [128.127363, 36.337416], [128.127993, 36.338385], [128.128589, 36.339222]]}}, {"type": "Feature", "properties": {"line": "경북선", "from": "청리", "to": "함창", "km": 28.763, "down": 51575, "up": 66178, "daily": 323, "density": 323, "through": 1}, "geometry": {"type": "LineString", "coordinates": [[128.128589, 36.339222], [128.12885, 36.339588], [128.129517, 36.340542], [128.130048, 36.341328], [128.130513, 36.341859], [128.131788, 36.343664], [128.131846, 36.343756], [128.131868, 36.34379], [128.132308, 36.344422], [128.132389, 36.344533], [128.132894, 36.345233], [128.13586, 36.349439], [128.137277, 36.351402], [128.139363, 36.353968], [128.139537, 36.354113], [128.141293, 36.356253], [128.143398, 36.358746], [128.146528, 36.362489], [128.147381, 36.36351], [128.147874, 36.364083], [128.148554, 36.364881], [128.148948, 36.365363], [128.149759, 36.366352], [128.150207, 36.366883], [128.15066, 36.367426], [128.151202, 36.368081], [128.1533, 36.370546], [128.153578, 36.370928], [128.153836, 36.371288], [128.154064, 36.371679], [128.154219, 36.372025], [128.154335, 36.372387], [128.15446, 36.372713], [128.15455, 36.373115], [128.154847, 36.374934], [128.155144, 36.376704], [128.155171, 36.377018], [128.155214, 36.377392], [128.155193, 36.377655], [128.155033, 36.378065], [128.154871, 36.378377], [128.154626, 36.37869], [128.154372, 36.378962], [128.154099, 36.379217], [128.153634, 36.379608], [128.152701, 36.380386], [128.152451, 36.380646], [128.152294, 36.380883], [128.152178, 36.381072], [128.152074, 36.381289], [128.15198, 36.381581], [128.151935, 36.381879], [128.151916, 36.38219], [128.151937, 36.382417], [128.151961, 36.382533], [128.152087, 36.382965], [128.152442, 36.383639], [128.154235, 36.387289], [128.154992, 36.38869], [128.157753, 36.393453], [128.15787, 36.393673], [128.158404, 36.394536], [128.159256, 36.396009], [128.159842, 36.397057], [128.160846, 36.398718], [128.161046, 36.399125], [128.161213, 36.399493], [128.161317, 36.399782], [128.161396, 36.400111], [128.161527, 36.400826], [128.162082, 36.404657], [128.162084, 36.404663], [128.162314, 36.406181], [128.162373, 36.406495], [128.162403, 36.406752], [128.162502, 36.407025], [128.162604, 36.407322], [128.162741, 36.407569], [128.162918, 36.407925], [128.163407, 36.408988], [128.163537, 36.409358], [128.163968, 36.410145], [128.164972, 36.411983], [128.165479, 36.41276], [128.165637, 36.413017], [128.1659, 36.413443], [128.166241, 36.413988], [128.166515, 36.414628], [128.166768, 36.415096], [128.166869, 36.41527], [128.166969, 36.415466], [128.16705, 36.415675], [128.16714, 36.415965], [128.167152, 36.416011], [128.167192, 36.41617], [128.167222, 36.41637], [128.167238, 36.416603], [128.167242, 36.416829], [128.167215, 36.417146], [128.166949, 36.418844], [128.166942, 36.418903], [128.166902, 36.419172], [128.166886, 36.419781], [128.16687, 36.42014], [128.166893, 36.420636], [128.167053, 36.42117], [128.167176, 36.421522], [128.167375, 36.422015], [128.167787, 36.423038], [128.16831, 36.424454], [128.168324, 36.424488], [128.168946, 36.426156], [128.169073, 36.426474], [128.169207, 36.426974], [128.1693, 36.4274], [128.169316, 36.427622], [128.169297, 36.42787], [128.169246, 36.428315], [128.16907, 36.428852], [128.168824, 36.42918], [128.168684, 36.429479], [128.168305, 36.429929], [128.167749, 36.430555], [128.161898, 36.437025], [128.161663, 36.437326], [128.161471, 36.43763], [128.161269, 36.438005], [128.161021, 36.438519], [128.160357, 36.440682], [128.159695, 36.442729], [128.159613, 36.443176], [128.159552, 36.443524], [128.159549, 36.444018], [128.159579, 36.444197], [128.159618, 36.444346], [128.159734, 36.44467], [128.160163, 36.44575], [128.160819, 36.447275], [128.160875, 36.447389], [128.162011, 36.449976], [128.162105, 36.450243], [128.162278, 36.450638], [128.163558, 36.45356], [128.163956, 36.454479], [128.165309, 36.457605], [128.165985, 36.459233], [128.16602, 36.459323], [128.166478, 36.460496], [128.167365, 36.462691], [128.168149, 36.464611], [128.16819, 36.464715], [128.168718, 36.466031], [128.16917, 36.467207], [128.16976, 36.468686], [128.171714, 36.473552], [128.17374, 36.478497], [128.174131, 36.479549], [128.174335, 36.480251], [128.174603, 36.481303], [128.174644, 36.481466], [128.175585, 36.485659], [128.175723, 36.486366], [128.175808, 36.486777], [128.176114, 36.488139], [128.176953, 36.492455], [128.176965, 36.492535], [128.177773, 36.496502], [128.177759, 36.496552], [128.17787, 36.4971], [128.177911, 36.497469], [128.177919, 36.49788], [128.17782, 36.501322], [128.177789, 36.501599], [128.177717, 36.501846], [128.17765, 36.502065], [128.177528, 36.502289], [128.177447, 36.502466], [128.177208, 36.502747], [128.177043, 36.502946], [128.176846, 36.503111], [128.176684, 36.503256], [128.176448, 36.503403], [128.176043, 36.503623], [128.175122, 36.504003], [128.17391, 36.504506], [128.173295, 36.504796], [128.170632, 36.506303], [128.166959, 36.508381], [128.16533, 36.509338], [128.165015, 36.509525], [128.164783, 36.509676], [128.164513, 36.509914], [128.164345, 36.510084], [128.164192, 36.510262], [128.164042, 36.510508], [128.163923, 36.510763], [128.163815, 36.511055], [128.163754, 36.511287], [128.163719, 36.511548], [128.163696, 36.511981], [128.163688, 36.512825], [128.163628, 36.514174], [128.163576, 36.514496], [128.163509, 36.514743], [128.163401, 36.515046], [128.163282, 36.515293], [128.163124, 36.515533], [128.162899, 36.515905], [128.16273, 36.516165], [128.161613, 36.51795], [128.161496, 36.518097], [128.160751, 36.519332], [128.160618, 36.519605], [128.160523, 36.519881], [128.16046, 36.520138], [128.160414, 36.52039], [128.160384, 36.520664], [128.160373, 36.520952], [128.160376, 36.521251], [128.16041, 36.52186], [128.160497, 36.523613], [128.160498, 36.523635], [128.160805, 36.530495], [128.160812, 36.530789], [128.1608, 36.53107], [128.160733, 36.531425], [128.160634, 36.531771], [128.160526, 36.532049], [128.160371, 36.532469], [128.158651, 36.53543], [128.158491, 36.535685], [128.158282, 36.535992], [128.158053, 36.53627], [128.157759, 36.536578], [128.157386, 36.536969], [128.15597, 36.538271], [128.155549, 36.538648], [128.155249, 36.538959], [128.154698, 36.539582], [128.154655, 36.539631], [128.153183, 36.54129], [128.152952, 36.541679], [128.152812, 36.542041], [128.152724, 36.542425], [128.15272, 36.542825], [128.152763, 36.543335], [128.152875, 36.545136], [128.152905, 36.545761], [128.152931, 36.546061], [128.152959, 36.546288], [128.15306, 36.546544], [128.153204, 36.546836], [128.153368, 36.547086], [128.153556, 36.547298], [128.153786, 36.547536], [128.154104, 36.547797], [128.155064, 36.548649], [128.155377, 36.548914], [128.157122, 36.550444], [128.157204, 36.550519], [128.158548, 36.551738], [128.158611, 36.551807], [128.158968, 36.552199], [128.159843, 36.55337], [128.16106, 36.555135], [128.161123, 36.555222], [128.161793, 36.556153], [128.162913, 36.557831], [128.163551, 36.558726], [128.163748, 36.558975], [128.16389, 36.559154], [128.16409, 36.559383], [128.164935, 36.560204], [128.165499, 36.560769], [128.167555, 36.562906], [128.168736, 36.564039], [128.169352, 36.564668], [128.170407, 36.565707], [128.171261, 36.566556], [128.171613, 36.566909], [128.172123, 36.567375], [128.172654, 36.567894], [128.173156, 36.568387], [128.173782, 36.569028], [128.174582, 36.56982]]}}, {"type": "Feature", "properties": {"line": "경북선", "from": "함창", "to": "점촌", "km": 4.125, "down": 54621, "up": 68663, "daily": 338, "density": 338}, "geometry": {"type": "LineString", "coordinates": [[128.174582, 36.56982], [128.17493, 36.570164], [128.177181, 36.572407], [128.177786, 36.573019], [128.178077, 36.573341], [128.178308, 36.573592], [128.178596, 36.573992], [128.181776, 36.578693], [128.181825, 36.578766], [128.182677, 36.580039], [128.182855, 36.580259], [128.183044, 36.580442], [128.183243, 36.580609], [128.183529, 36.580827], [128.183772, 36.580926], [128.184039, 36.581055], [128.187183, 36.582346], [128.187778, 36.582585], [128.188262, 36.582736], [128.188902, 36.58287], [128.190826, 36.583266], [128.191042, 36.583315], [128.192851, 36.583684], [128.193328, 36.58378], [128.19377, 36.583915], [128.194111, 36.584049], [128.1945, 36.584281], [128.195025, 36.584563], [128.19543, 36.584849], [128.195774, 36.585141], [128.196179, 36.585567], [128.197765, 36.587277], [128.198554, 36.58814], [128.199232, 36.589048], [128.200449, 36.590712], [128.201041, 36.591508], [128.201603, 36.592329], [128.202149, 36.593115], [128.202371, 36.593442], [128.202549, 36.59384], [128.203079, 36.594592], [128.203344, 36.595], [128.204072, 36.596054], [128.204184, 36.596216]]}}, {"type": "Feature", "properties": {"line": "경북선", "from": "점촌", "to": "용궁", "km": 6.992, "down": 66828, "up": 80465, "daily": 404, "density": 404}, "geometry": {"type": "LineString", "coordinates": [[128.204184, 36.596216], [128.205404, 36.597984], [128.206662, 36.599528], [128.2069, 36.599876], [128.208276, 36.601747], [128.208464, 36.601982], [128.208593, 36.60216], [128.208839, 36.602382], [128.20908, 36.602605], [128.209422, 36.602831], [128.209881, 36.603079], [128.210381, 36.603389], [128.211766, 36.604155], [128.212103, 36.604289], [128.212445, 36.604385], [128.212779, 36.604464], [128.213241, 36.604569], [128.213612, 36.604632], [128.216878, 36.605236], [128.219691, 36.605782], [128.220163, 36.605872], [128.220894, 36.606012], [128.22122, 36.606059], [128.221583, 36.60609], [128.221916, 36.606098], [128.222335, 36.606077], [128.222675, 36.60605], [128.222904, 36.60602], [128.223254, 36.605955], [128.22589, 36.605278], [128.226293, 36.605199], [128.226689, 36.60515], [128.227032, 36.605134], [128.227394, 36.60513], [128.227744, 36.605159], [128.22813, 36.605198], [128.228421, 36.605235], [128.228729, 36.605298], [128.229148, 36.605435], [128.229441, 36.605551], [128.229811, 36.605696], [128.23017, 36.605924], [128.230665, 36.606268], [128.231227, 36.606683], [128.232347, 36.607516], [128.232747, 36.607882], [128.233019, 36.608114], [128.233189, 36.608309], [128.233836, 36.609133], [128.234033, 36.609344], [128.234228, 36.609512], [128.234422, 36.609671], [128.234625, 36.6098], [128.234823, 36.609928], [128.234935, 36.609982], [128.235072, 36.610049], [128.235288, 36.610129], [128.235612, 36.610234], [128.235956, 36.610289], [128.236053, 36.610343], [128.236366, 36.610362], [128.23681, 36.61037], [128.241509, 36.610227], [128.244466, 36.610115], [128.24491, 36.610082], [128.246959, 36.609881], [128.247226, 36.60985], [128.251042, 36.60941], [128.251187, 36.609396], [128.251824, 36.609335], [128.252267, 36.60932], [128.25273, 36.609332], [128.258495, 36.609845], [128.259313, 36.60993], [128.262003, 36.610192], [128.262703, 36.610201], [128.263085, 36.610184], [128.26362, 36.610106], [128.264164, 36.60996], [128.26471, 36.609768], [128.267176, 36.60887], [128.273111, 36.60667], [128.273281, 36.60662]]}}, {"type": "Feature", "properties": {"line": "경북선", "from": "용궁", "to": "개포", "km": 6.388, "down": 67994, "up": 81963, "daily": 411, "density": 411}, "geometry": {"type": "LineString", "coordinates": [[128.273281, 36.60662], [128.27409, 36.606384], [128.275195, 36.605967], [128.275603, 36.605859], [128.275922, 36.605792], [128.276326, 36.605738], [128.276688, 36.6057], [128.27766, 36.605703], [128.278028, 36.605722], [128.282839, 36.605758], [128.284035, 36.605788], [128.284367, 36.605814], [128.284653, 36.605857], [128.284833, 36.605866], [128.285245, 36.60593], [128.285493, 36.606007], [128.285713, 36.606078], [128.285993, 36.606186], [128.286189, 36.606288], [128.286406, 36.606408], [128.286606, 36.606526], [128.28682, 36.606661], [128.287042, 36.60685], [128.287271, 36.607081], [128.287516, 36.607318], [128.287752, 36.607636], [128.288012, 36.608061], [128.288139, 36.608346], [128.288316, 36.608954], [128.288332, 36.609053], [128.288788, 36.611987], [128.288796, 36.612018], [128.288909, 36.612445], [128.289663, 36.614845], [128.290644, 36.618026], [128.291195, 36.619795], [128.291268, 36.620031], [128.291361, 36.620273], [128.291501, 36.620558], [128.291633, 36.620786], [128.291821, 36.621009], [128.29203, 36.621224], [128.29228, 36.621424], [128.292605, 36.621635], [128.292831, 36.621783], [128.293119, 36.621919], [128.293461, 36.622013], [128.29379, 36.622106], [128.300571, 36.623397], [128.301039, 36.623488], [128.309412, 36.625119], [128.314747, 36.6261], [128.31481, 36.626116], [128.315293, 36.626211], [128.315652, 36.626272], [128.315949, 36.626326], [128.316233, 36.626362], [128.316542, 36.62636], [128.316848, 36.626332], [128.317118, 36.626289], [128.317471, 36.626221], [128.317803, 36.626119], [128.318084, 36.626013], [128.319883, 36.625195], [128.320215, 36.625074], [128.320547, 36.624942], [128.320849, 36.624884], [128.321192, 36.624848], [128.321569, 36.624833], [128.321884, 36.624857], [128.32218, 36.624905], [128.322469, 36.624964], [128.322801, 36.62506], [128.32329, 36.625214], [128.324495, 36.625617], [128.325933, 36.626102], [128.32677, 36.626416], [128.328515, 36.627031]]}}, {"type": "Feature", "properties": {"line": "경북선", "from": "개포", "to": "예천", "km": 11.671, "down": 75353, "up": 87375, "daily": 446, "density": 446}, "geometry": {"type": "LineString", "coordinates": [[128.328515, 36.627031], [128.329832, 36.627495], [128.330362, 36.627673], [128.33085, 36.62783], [128.331299, 36.627981], [128.331649, 36.628137], [128.331951, 36.6283], [128.332209, 36.628478], [128.332508, 36.628713], [128.332777, 36.628952], [128.332999, 36.629223], [128.335034, 36.632124], [128.335535, 36.632877], [128.33587, 36.633249], [128.336234, 36.63354], [128.33691, 36.633928], [128.337157, 36.634051], [128.337448, 36.634176], [128.337758, 36.634276], [128.338021, 36.634337], [128.338337, 36.634394], [128.338665, 36.634442], [128.339002, 36.634464], [128.33933, 36.634475], [128.344205, 36.634444], [128.34428, 36.634441], [128.344549, 36.634437], [128.349091, 36.634398], [128.349496, 36.634408], [128.349912, 36.634448], [128.350301, 36.634508], [128.350724, 36.634584], [128.351103, 36.634683], [128.351462, 36.634784], [128.351844, 36.634919], [128.352249, 36.635085], [128.352662, 36.635282], [128.356903, 36.637305], [128.357185, 36.637422], [128.357591, 36.637569], [128.357975, 36.637675], [128.358505, 36.637794], [128.359277, 36.637899], [128.363812, 36.638496], [128.364175, 36.638508], [128.364546, 36.638505], [128.364876, 36.638479], [128.365171, 36.638437], [128.365523, 36.638368], [128.365865, 36.63827], [128.366227, 36.638145], [128.366553, 36.638], [128.366815, 36.637865], [128.367069, 36.637712], [128.367316, 36.637545], [128.367529, 36.637365], [128.367712, 36.637208], [128.368886, 36.636147], [128.368981, 36.636049], [128.370279, 36.634802], [128.370478, 36.634632], [128.370674, 36.634465], [128.370848, 36.634313], [128.371091, 36.634167], [128.371373, 36.633991], [128.371628, 36.633859], [128.371923, 36.633739], [128.372231, 36.633635], [128.373097, 36.633394], [128.37473, 36.632939], [128.375299, 36.632764], [128.375646, 36.632679], [128.376002, 36.63263], [128.376366, 36.632588], [128.376702, 36.632573], [128.377064, 36.632585], [128.377435, 36.632621], [128.377809, 36.632678], [128.378169, 36.632764], [128.378563, 36.632883], [128.381051, 36.633777], [128.382272, 36.634231], [128.382614, 36.634338], [128.383049, 36.634451], [128.383408, 36.634522], [128.38382, 36.634568], [128.38426, 36.634597], [128.384697, 36.634601], [128.385294, 36.634591], [128.385341, 36.634589], [128.387516, 36.63448], [128.389828, 36.634338], [128.39033, 36.634292], [128.390691, 36.634255], [128.392124, 36.634048], [128.392442, 36.634016], [128.392938, 36.633971], [128.393364, 36.633937], [128.393788, 36.63388], [128.395052, 36.633683], [128.397778, 36.633277], [128.398008, 36.633238], [128.398561, 36.633149], [128.399006, 36.63311], [128.399446, 36.633089], [128.399722, 36.633096], [128.400154, 36.633125], [128.400355, 36.633141], [128.403426, 36.633378], [128.403887, 36.633405], [128.404236, 36.633418], [128.404507, 36.633415], [128.404539, 36.633415], [128.404915, 36.633387], [128.405287, 36.633341], [128.405618, 36.63328], [128.405923, 36.6332], [128.406282, 36.633094], [128.408526, 36.632338], [128.409305, 36.632079], [128.409619, 36.632], [128.40996, 36.631949], [128.410341, 36.631918], [128.410759, 36.631928], [128.411112, 36.63196], [128.411414, 36.632012], [128.41242, 36.632241], [128.412801, 36.632325], [128.413168, 36.632361], [128.413504, 36.632379], [128.413804, 36.632374], [128.414115, 36.632341], [128.414393, 36.632294], [128.415359, 36.632087], [128.415684, 36.632038], [128.416046, 36.632008], [128.416355, 36.632008], [128.416706, 36.632027], [128.417018, 36.632078], [128.417312, 36.632148], [128.41759, 36.632236], [128.418354, 36.632521], [128.418904, 36.632752], [128.42224, 36.634107], [128.422519, 36.634213], [128.423276, 36.634544], [128.423669, 36.634749], [128.427534, 36.637067], [128.427666, 36.637145], [128.427724, 36.637179], [128.429934, 36.638468], [128.432941, 36.640257], [128.43324, 36.640444], [128.433509, 36.640654], [128.433704, 36.640834], [128.433915, 36.641053], [128.436146, 36.643674], [128.436506, 36.644043], [128.436935, 36.644357], [128.437321, 36.644594], [128.438116, 36.644949], [128.442066, 36.64656], [128.443738, 36.647247]]}}, {"type": "Feature", "properties": {"line": "경북선", "from": "예천", "to": "영주", "km": 30.011, "down": 80577, "up": 91916, "daily": 473, "density": 473, "through": 1}, "geometry": {"type": "LineString", "coordinates": [[128.443738, 36.647247], [128.444333, 36.647492], [128.44499, 36.647694], [128.445368, 36.647808], [128.446837, 36.648426], [128.447492, 36.648657], [128.447927, 36.648789], [128.450013, 36.649354], [128.45059, 36.649507], [128.451309, 36.649603], [128.452052, 36.649594], [128.452436, 36.649548], [128.45293, 36.649431], [128.453402, 36.649302], [128.453735, 36.649142], [128.454096, 36.648936], [128.454104, 36.648931], [128.454159, 36.648896], [128.455194, 36.648227], [128.455995, 36.647694], [128.456854, 36.647131], [128.456876, 36.647116], [128.456978, 36.647045], [128.457609, 36.646608], [128.458254, 36.646178], [128.458559, 36.645944], [128.458871, 36.645665], [128.459136, 36.645371], [128.45943, 36.64499], [128.459627, 36.64469], [128.459795, 36.644336], [128.460016, 36.643954], [128.460253, 36.643608], [128.460539, 36.643277], [128.460914, 36.642947], [128.460983, 36.642902], [128.461022, 36.642877], [128.461067, 36.642848], [128.461163, 36.642785], [128.461343, 36.642668], [128.461824, 36.642417], [128.462241, 36.642255], [128.462738, 36.642135], [128.469294, 36.640788], [128.469604, 36.640712], [128.469939, 36.640586], [128.470213, 36.640461], [128.470542, 36.640275], [128.470824, 36.640077], [128.472003, 36.639246], [128.472403, 36.639016], [128.472662, 36.638911], [128.472952, 36.638816], [128.473355, 36.638737], [128.473684, 36.638708], [128.474024, 36.638705], [128.474376, 36.638748], [128.474735, 36.638827], [128.475068, 36.638939], [128.47558, 36.639137], [128.478424, 36.640283], [128.482312, 36.641849], [128.482779, 36.642086], [128.484581, 36.643132], [128.484964, 36.643354], [128.488259, 36.645311], [128.491075, 36.646985], [128.491544, 36.647314], [128.49185, 36.64756], [128.492244, 36.647928], [128.492617, 36.648347], [128.493037, 36.648982], [128.493261, 36.649416], [128.49442, 36.651887], [128.49462, 36.652167], [128.494884, 36.652423], [128.495149, 36.652626], [128.496993, 36.653972], [128.497378, 36.654285], [128.49774, 36.654641], [128.498938, 36.656028], [128.499144, 36.656231], [128.499419, 36.656423], [128.499683, 36.656565], [128.499944, 36.656672], [128.50028, 36.656782], [128.500667, 36.656852], [128.501088, 36.656882], [128.501673, 36.656885], [128.503658, 36.656877], [128.504019, 36.656849], [128.50435, 36.656787], [128.504639, 36.6567], [128.505022, 36.656542], [128.507291, 36.655379], [128.507659, 36.655253], [128.508038, 36.655183], [128.508434, 36.655145], [128.508848, 36.655161], [128.509242, 36.655219], [128.509655, 36.655325], [128.509988, 36.655458], [128.51028, 36.655621], [128.510591, 36.655846], [128.510822, 36.65608], [128.511031, 36.656341], [128.511209, 36.65668], [128.511315, 36.657018], [128.511352, 36.657295], [128.51135, 36.657626], [128.511266, 36.659685], [128.511272, 36.659979], [128.511305, 36.660237], [128.511377, 36.660486], [128.511469, 36.660717], [128.51163, 36.660978], [128.511806, 36.6612], [128.511948, 36.661322], [128.512415, 36.661718], [128.512843, 36.662061], [128.51337, 36.662478], [128.513491, 36.662575], [128.513796, 36.662802], [128.514088, 36.663005], [128.514469, 36.663206], [128.514582, 36.663271], [128.515911, 36.663952], [128.516223, 36.664185], [128.516496, 36.664428], [128.516775, 36.664741], [128.516969, 36.665093], [128.517102, 36.665377], [128.517181, 36.665681], [128.517189, 36.66588], [128.517211, 36.666115], [128.517277, 36.668369], [128.517234, 36.669086], [128.5172, 36.669531], [128.517152, 36.66978], [128.516834, 36.671353], [128.516525, 36.673069], [128.516462, 36.673429], [128.516436, 36.673807], [128.51647, 36.674192], [128.516562, 36.674628], [128.516676, 36.674933], [128.516853, 36.675271], [128.517082, 36.675596], [128.517359, 36.675913], [128.51768, 36.676239], [128.518367, 36.676791], [128.518978, 36.677294], [128.519909, 36.67799], [128.520754, 36.678688], [128.521114, 36.679036], [128.521369, 36.679351], [128.521612, 36.67973], [128.522648, 36.68187], [128.523382, 36.683461], [128.523868, 36.684449], [128.524044, 36.684758], [128.524251, 36.685026], [128.524497, 36.685277], [128.524845, 36.685567], [128.525158, 36.685756], [128.525394, 36.685872], [128.525712, 36.685984], [128.526015, 36.686065], [128.526537, 36.686176], [128.529501, 36.686445], [128.529961, 36.686513], [128.530247, 36.686583], [128.530677, 36.68671], [128.531058, 36.686918], [128.531331, 36.687113], [128.5316, 36.687387], [128.531871, 36.687752], [128.532619, 36.688972], [128.532794, 36.689309], [128.532894, 36.689688], [128.532938, 36.69002], [128.532944, 36.690599], [128.532955, 36.690878], [128.532966, 36.691157], [128.532989, 36.691906], [128.533027, 36.692318], [128.533113, 36.692644], [128.533272, 36.692977], [128.533473, 36.693295], [128.533746, 36.693593], [128.534211, 36.693988], [128.536993, 36.696214], [128.538931, 36.697777], [128.539398, 36.698062], [128.539785, 36.69825], [128.54051, 36.698492], [128.540784, 36.698603], [128.542883, 36.699447], [128.543347, 36.699676], [128.545308, 36.700818], [128.545641, 36.700992], [128.546017, 36.701125], [128.546401, 36.701216], [128.546786, 36.701273], [128.547216, 36.701287], [128.548714, 36.701299], [128.550768, 36.701308], [128.551204, 36.701325], [128.551764, 36.701412], [128.552176, 36.701515], [128.554653, 36.70238], [128.555177, 36.702642], [128.55561, 36.70291], [128.556003, 36.70324], [128.556352, 36.70362], [128.556634, 36.704012], [128.556798, 36.704317], [128.557005, 36.70492], [128.55736, 36.70635], [128.557531, 36.706984], [128.557698, 36.707555], [128.557866, 36.707889], [128.558703, 36.709208], [128.558919, 36.709602], [128.559107, 36.709999], [128.559308, 36.7105], [128.559438, 36.711127], [128.559489, 36.711755], [128.559606, 36.71271], [128.559675, 36.713606], [128.559832, 36.715436], [128.559964, 36.716982], [128.560017, 36.717592], [128.560206, 36.719358], [128.560227, 36.719463], [128.560253, 36.719562], [128.560292, 36.719922], [128.560433, 36.720362], [128.560651, 36.720798], [128.560802, 36.721036], [128.560984, 36.721336], [128.561277, 36.721677], [128.561649, 36.72204], [128.562054, 36.722377], [128.563475, 36.723365], [128.564765, 36.724292], [128.565337, 36.724724], [128.565764, 36.725115], [128.567025, 36.726447], [128.56749, 36.726925], [128.568302, 36.727766], [128.568584, 36.728115], [128.568722, 36.728328], [128.568965, 36.728765], [128.569436, 36.729693], [128.571877, 36.734921], [128.571976, 36.735202], [128.572072, 36.735899], [128.572097, 36.736981], [128.572112, 36.737433], [128.57217, 36.738021], [128.572928, 36.741907], [128.573051, 36.742337], [128.573228, 36.742738], [128.573406, 36.743062], [128.573658, 36.743441], [128.574667, 36.744807], [128.576174, 36.746862], [128.576336, 36.747175], [128.576471, 36.747531], [128.576533, 36.747861], [128.57654, 36.748192], [128.576487, 36.748505], [128.57641, 36.74877], [128.576367, 36.748897], [128.575299, 36.751236], [128.575181, 36.751582], [128.575126, 36.751951], [128.575141, 36.752312], [128.575221, 36.752734], [128.575731, 36.754923], [128.575902, 36.755352], [128.576066, 36.755623], [128.576347, 36.755953], [128.576571, 36.75615], [128.576855, 36.756365], [128.577832, 36.756904], [128.578427, 36.757292], [128.578893, 36.757683], [128.579225, 36.758101], [128.579489, 36.758508], [128.579682, 36.758913], [128.579785, 36.759278], [128.580162, 36.761169], [128.580311, 36.761618], [128.580426, 36.761967], [128.580622, 36.762348], [128.580862, 36.762708], [128.581205, 36.763224], [128.582441, 36.76476], [128.582817, 36.76532], [128.582975, 36.765643], [128.583182, 36.76615], [128.583255, 36.766585], [128.583287, 36.767085], [128.58328, 36.773013], [128.58329, 36.773843], [128.583325, 36.774202], [128.583556, 36.774976], [128.583869, 36.775515], [128.584131, 36.775885], [128.584386, 36.77614], [128.584687, 36.776419], [128.584946, 36.776626], [128.585504, 36.776995], [128.588886, 36.779044], [128.589562, 36.779528], [128.59078, 36.780799], [128.591682, 36.781292], [128.592304, 36.781603], [128.592482, 36.781694], [128.59441, 36.782655], [128.59492, 36.782888], [128.595448, 36.783085], [128.596204, 36.783282], [128.601767, 36.784454], [128.602279, 36.78463], [128.602704, 36.78485], [128.603183, 36.785194], [128.607904, 36.789172], [128.612689, 36.793195], [128.613008, 36.793467], [128.613485, 36.793807], [128.614116, 36.794162], [128.615982, 36.795021], [128.616528, 36.795287], [128.617308, 36.795546], [128.619064, 36.795923], [128.621555, 36.79634], [128.623552, 36.796688], [128.624186, 36.796864], [128.624781, 36.7971], [128.625333, 36.797408], [128.625835, 36.797786], [128.626707, 36.798621], [128.627648, 36.799433], [128.628821, 36.800531], [128.629073, 36.800883], [128.629321, 36.801367], [128.629433, 36.801728], [128.629485, 36.802181], [128.629464, 36.802446], [128.629411, 36.802717], [128.629188, 36.803341], [128.629136, 36.803492], [128.628727, 36.804591], [128.62857, 36.804954], [128.628218, 36.805739], [128.627866, 36.806581], [128.627719, 36.806897], [128.627599, 36.807107], [128.627415, 36.80743], [128.627032, 36.808012], [128.62492, 36.811758]]}}, {"type": "Feature", "properties": {"line": "경원선", "from": "용산", "to": "서빙고", "km": 3.519, "down": 4192102, "up": 4192102, "daily": 22970, "density": 22970, "level": "passing", "intercity_trains": 44, "through": 1}, "geometry": {"type": "LineString", "coordinates": [[126.966368, 37.530562], [126.963453, 37.528468], [126.963254, 37.528354], [126.962974, 37.528199], [126.96267, 37.528011], [126.962415, 37.527848], [126.962345, 37.527807], [126.962084, 37.527624], [126.961819, 37.527437], [126.961626, 37.527278], [126.961435, 37.527103], [126.961273, 37.526902], [126.961222, 37.526827], [126.961169, 37.526763], [126.961134, 37.52672], [126.961008, 37.526505], [126.96096, 37.526416], [126.960904, 37.526317], [126.960887, 37.526276], [126.960797, 37.526017], [126.960736, 37.525759], [126.960716, 37.525503], [126.96071, 37.525307], [126.960729, 37.525078], [126.960739, 37.525013], [126.960795, 37.52475], [126.960863, 37.524504], [126.960902, 37.524373], [126.960949, 37.524225], [126.960997, 37.524111], [126.961085, 37.523943], [126.961225, 37.523707], [126.961256, 37.523663], [126.9614, 37.52348], [126.961533, 37.523326], [126.961713, 37.523127], [126.961772, 37.523067], [126.962028, 37.522863], [126.962308, 37.522665], [126.96254, 37.522562], [126.962733, 37.522485], [126.96297, 37.522394], [126.963178, 37.522328], [126.963626, 37.522218], [126.963874, 37.522161], [126.964137, 37.52213], [126.964381, 37.522111], [126.964604, 37.522101], [126.964785, 37.522095], [126.965187, 37.52209], [126.965501, 37.522095], [126.965789, 37.522112], [126.965996, 37.522131], [126.967544, 37.522385], [126.968901, 37.522641], [126.969514, 37.522743], [126.969812, 37.522786], [126.970118, 37.522822], [126.97047, 37.522846], [126.970744, 37.522855], [126.97105, 37.522854], [126.971365, 37.522841], [126.971707, 37.522807], [126.971835, 37.522785], [126.97227, 37.522708], [126.972544, 37.52265], [126.972787, 37.522591], [126.973225, 37.522465], [126.973356, 37.522424], [126.973697, 37.522317], [126.975477, 37.521742], [126.975653, 37.521685], [126.976145, 37.52153], [126.977951, 37.520948], [126.981868, 37.519736], [126.982224, 37.519633], [126.982396, 37.519588], [126.982548, 37.519554], [126.982757, 37.519517], [126.983021, 37.51948], [126.983289, 37.519452], [126.983623, 37.519427], [126.98393, 37.519416], [126.984136, 37.519416], [126.98462, 37.519429], [126.985236, 37.51945], [126.985641, 37.519456], [126.985862, 37.519465], [126.986385, 37.519482], [126.987282, 37.519517], [126.988319, 37.519558]]}}, {"type": "Feature", "properties": {"line": "경원선", "from": "서빙고", "to": "청량리", "km": 9.425, "down": 4192102, "up": 4192102, "daily": 22970, "density": 22970, "level": "passing", "intercity_trains": 44, "through": 4}, "geometry": {"type": "LineString", "coordinates": [[126.988319, 37.519558], [126.989808, 37.519616], [126.990495, 37.519642], [126.991224, 37.519667], [126.991865, 37.519689], [126.992741, 37.519713], [126.993272, 37.519737], [126.99357, 37.51976], [126.993761, 37.519785], [126.993904, 37.519805], [126.994348, 37.519885], [126.994669, 37.519959], [126.994975, 37.520052], [126.995207, 37.520136], [126.99925, 37.521771], [126.999616, 37.521926], [127.00001, 37.522098], [127.000355, 37.522278], [127.000635, 37.522453], [127.000989, 37.522719], [127.001329, 37.523006], [127.001483, 37.523159], [127.001688, 37.523406], [127.001828, 37.523596], [127.002159, 37.524168], [127.00241, 37.524572], [127.002555, 37.524787], [127.002802, 37.525138], [127.002923, 37.525298], [127.003082, 37.525483], [127.003271, 37.525681], [127.003482, 37.525879], [127.003727, 37.526085], [127.003965, 37.526272], [127.004184, 37.526429], [127.006692, 37.528245], [127.006889, 37.528374], [127.007148, 37.52853], [127.007449, 37.528696], [127.007795, 37.528861], [127.008169, 37.529013], [127.008534, 37.52915], [127.009257, 37.529421], [127.00999, 37.529697], [127.010181, 37.529778], [127.010343, 37.529853], [127.010461, 37.529914], [127.010578, 37.529977], [127.010687, 37.530042], [127.010908, 37.530181], [127.011153, 37.530358], [127.011335, 37.530511], [127.011507, 37.53067], [127.011676, 37.530841], [127.01191, 37.531099], [127.012054, 37.531299], [127.013053, 37.532956], [127.013843, 37.534195], [127.016301, 37.538191], [127.016574, 37.53861], [127.016754, 37.538872], [127.016933, 37.539102], [127.017152, 37.539326], [127.017357, 37.539515], [127.017571, 37.539688], [127.017729, 37.539816], [127.017896, 37.539934], [127.01804, 37.540035], [127.018375, 37.540248], [127.019778, 37.541141], [127.020514, 37.541605], [127.020908, 37.541857], [127.021189, 37.542042], [127.021894, 37.542538], [127.023813, 37.543967], [127.02408, 37.54415], [127.024375, 37.544322], [127.024683, 37.544481], [127.024999, 37.544616], [127.025303, 37.544724], [127.025824, 37.544885], [127.026475, 37.545085], [127.026947, 37.545231], [127.027485, 37.545395], [127.027926, 37.545541], [127.028286, 37.545673], [127.028689, 37.545836], [127.028995, 37.545968], [127.0319, 37.547386], [127.032113, 37.547498], [127.032244, 37.547569], [127.032464, 37.547694], [127.032669, 37.547823], [127.032872, 37.547959], [127.033091, 37.548128], [127.033289, 37.548312], [127.033459, 37.54848], [127.033618, 37.548651], [127.033828, 37.548917], [127.034153, 37.549388], [127.034262, 37.549548], [127.03475, 37.550267], [127.034836, 37.550394], [127.034937, 37.550533], [127.035084, 37.550707], [127.035277, 37.550908], [127.035551, 37.551168], [127.03573, 37.551317], [127.035958, 37.551485], [127.036163, 37.551624], [127.037378, 37.552375], [127.037988, 37.552775], [127.038187, 37.552926], [127.038417, 37.553124], [127.038624, 37.553329], [127.03884, 37.553576], [127.038965, 37.553737], [127.039076, 37.553898], [127.039177, 37.554063], [127.039292, 37.554278], [127.03938, 37.554469], [127.039454, 37.554677], [127.039508, 37.554874], [127.039536, 37.555015], [127.039569, 37.555228], [127.039583, 37.55545], [127.039585, 37.555641], [127.039571, 37.555842], [127.039555, 37.556026], [127.039532, 37.556211], [127.03946, 37.556593], [127.039304, 37.557338], [127.039182, 37.55792], [127.039067, 37.558516], [127.038984, 37.559073], [127.038951, 37.559321], [127.038916, 37.559546], [127.038881, 37.559771], [127.038851, 37.559968], [127.038818, 37.560163], [127.038701, 37.560721], [127.038581, 37.561333], [127.038551, 37.561483], [127.038533, 37.561573], [127.038303, 37.562732], [127.038287, 37.562808], [127.038185, 37.56325], [127.038124, 37.563563], [127.038003, 37.564099], [127.037893, 37.564559], [127.037816, 37.564931], [127.037708, 37.565477], [127.03768, 37.565751], [127.037694, 37.56612], [127.037713, 37.566365], [127.037775, 37.566658], [127.037876, 37.566964], [127.037968, 37.567178], [127.03805, 37.567312], [127.038152, 37.567461], [127.038327, 37.567726], [127.038638, 37.568147], [127.03926, 37.568945], [127.039664, 37.569463], [127.039794, 37.56963], [127.039878, 37.569742], [127.040869, 37.571019], [127.041094, 37.571326], [127.041254, 37.571539], [127.041836, 37.572292], [127.04198, 37.572478], [127.042378, 37.572991], [127.043289, 37.574173], [127.043699, 37.574719], [127.043819, 37.574874], [127.043939, 37.57503], [127.044039, 37.575158], [127.044506, 37.575776], [127.044928, 37.576327], [127.045254, 37.576752], [127.045554, 37.577145], [127.045672, 37.577301], [127.045935, 37.577673], [127.046112, 37.577946], [127.047051, 37.579177], [127.047312, 37.579533], [127.04735, 37.579583], [127.047643, 37.579969], [127.0481, 37.580579], [127.048129, 37.580616], [127.048152, 37.580646]]}}, {"type": "Feature", "properties": {"line": "경원선", "from": "청량리", "to": "광운대", "km": 5.475, "down": 0, "up": 0, "daily": 0, "density": 0, "service": "commuter", "commuter_trains": 165, "through": 4}, "geometry": {"type": "LineString", "coordinates": [[127.048152, 37.580646], [127.04817, 37.58067], [127.049158, 37.581958], [127.049177, 37.581987], [127.049434, 37.582271], [127.049714, 37.582608], [127.049859, 37.582794], [127.04999, 37.582956], [127.050113, 37.583118], [127.050148, 37.583164], [127.050311, 37.58337], [127.050423, 37.58351], [127.050471, 37.583572], [127.050676, 37.583834], [127.050802, 37.584001], [127.050867, 37.584085], [127.051036, 37.584301], [127.051168, 37.584466], [127.051176, 37.584475], [127.051268, 37.58459], [127.051363, 37.584736], [127.051425, 37.584832], [127.051499, 37.584946], [127.051558, 37.585035], [127.051599, 37.585086], [127.051742, 37.585265], [127.051762, 37.585291], [127.052022, 37.58562], [127.052046, 37.585655], [127.052178, 37.585844], [127.052267, 37.585973], [127.052433, 37.586185], [127.052546, 37.586303], [127.05282, 37.586581], [127.053049, 37.586792], [127.053117, 37.586855], [127.053413, 37.587104], [127.053735, 37.587359], [127.05405, 37.587585], [127.054385, 37.587812], [127.054846, 37.588101], [127.055257, 37.588354], [127.055623, 37.588571], [127.055997, 37.588785], [127.056354, 37.588995], [127.056604, 37.589131], [127.057522, 37.589618], [127.05826, 37.59001], [127.058634, 37.590215], [127.058714, 37.590259], [127.058874, 37.590348], [127.059154, 37.590508], [127.059422, 37.59068], [127.059621, 37.590822], [127.059895, 37.591036], [127.060143, 37.591263], [127.060218, 37.591325], [127.060234, 37.591341], [127.060321, 37.591433], [127.0604, 37.591525], [127.060554, 37.591717], [127.060752, 37.59197], [127.06098, 37.592293], [127.061265, 37.592721], [127.062249, 37.594139], [127.06283, 37.595003], [127.063004, 37.595258], [127.063733, 37.596311], [127.064203, 37.59699], [127.064423, 37.597308], [127.064874, 37.597927], [127.065243, 37.598427], [127.065568, 37.598871], [127.065923, 37.599392], [127.066294, 37.599922], [127.066503, 37.600225], [127.066691, 37.600522], [127.066791, 37.60069], [127.066957, 37.60098], [127.067051, 37.601165], [127.067076, 37.601216], [127.067188, 37.601467], [127.067264, 37.601645], [127.067293, 37.601713], [127.067438, 37.602089], [127.067525, 37.602332], [127.067578, 37.602506], [127.06762, 37.602666], [127.067653, 37.602817], [127.067684, 37.602978], [127.067694, 37.603047], [127.067706, 37.603149], [127.067736, 37.603418], [127.067768, 37.603795], [127.067785, 37.604092], [127.067788, 37.604147], [127.067791, 37.604472], [127.067793, 37.604956], [127.067758, 37.605921], [127.067715, 37.607704], [127.067681, 37.609025], [127.067666, 37.609319], [127.067637, 37.609617], [127.067605, 37.609845], [127.067561, 37.610088], [127.067515, 37.610296], [127.067488, 37.610396], [127.067364, 37.610886], [127.06726, 37.611288], [127.067159, 37.611578], [127.06704, 37.611859], [127.066733, 37.612534], [127.066265, 37.613589], [127.066165, 37.613811], [127.066067, 37.614026], [127.065729, 37.614777], [127.065703, 37.614835], [127.065558, 37.615159], [127.065335, 37.615731], [127.065312, 37.615791], [127.065255, 37.615938], [127.065104, 37.616336], [127.064927, 37.616745], [127.064807, 37.617025], [127.064646, 37.617376], [127.064615, 37.617445], [127.064512, 37.617666], [127.064346, 37.618023], [127.063918, 37.61891], [127.063759, 37.619219], [127.063674, 37.619402], [127.063599, 37.619597], [127.063493, 37.619884], [127.063345, 37.620244], [127.063192, 37.620555], [127.063064, 37.620776], [127.062981, 37.620909], [127.062788, 37.621232], [127.062643, 37.621523], [127.062635, 37.62154], [127.061948, 37.623073], [127.061693, 37.623664]]}}, {"type": "Feature", "properties": {"line": "경원선", "from": "광운대", "to": "의정부", "km": 13.083, "down": 0, "up": 0, "daily": 0, "density": 0, "service": "commuter", "commuter_trains": 92, "through": 8}, "geometry": {"type": "LineString", "coordinates": [[127.061693, 37.623664], [127.061597, 37.623886], [127.06122, 37.624762], [127.061042, 37.625176], [127.060937, 37.625428], [127.060755, 37.625832], [127.06071, 37.625926], [127.060585, 37.626254], [127.060449, 37.626611], [127.060324, 37.626885], [127.060231, 37.627103], [127.060066, 37.627502], [127.05987, 37.627938], [127.059673, 37.62838], [127.059587, 37.628561], [127.059485, 37.628789], [127.059405, 37.628991], [127.059235, 37.629402], [127.059144, 37.629638], [127.059044, 37.629923], [127.058996, 37.630096], [127.05893, 37.630387], [127.058877, 37.630659], [127.058822, 37.631021], [127.058797, 37.63128], [127.058796, 37.631555], [127.058789, 37.631905], [127.058792, 37.632029], [127.058796, 37.632126], [127.05884, 37.633064], [127.058869, 37.633669], [127.058882, 37.633919], [127.05889, 37.634112], [127.05888, 37.634219], [127.058875, 37.634269], [127.058858, 37.634375], [127.058817, 37.634638], [127.058776, 37.634931], [127.058716, 37.635211], [127.058622, 37.63553], [127.058529, 37.635779], [127.058464, 37.635945], [127.058411, 37.636052], [127.05834, 37.636194], [127.058274, 37.636316], [127.058212, 37.636432], [127.058115, 37.636611], [127.058001, 37.636769], [127.057606, 37.637257], [127.057126, 37.637741], [127.056641, 37.638156], [127.056246, 37.638473], [127.056041, 37.638642], [127.05561, 37.638974], [127.054904, 37.639555], [127.054803, 37.639636], [127.054543, 37.639854], [127.054125, 37.640252], [127.053866, 37.640504], [127.053642, 37.640729], [127.0535, 37.640877], [127.053345, 37.641052], [127.053158, 37.641283], [127.052948, 37.641543], [127.052757, 37.641778], [127.052543, 37.642105], [127.05244, 37.642267], [127.05234, 37.642434], [127.052272, 37.642561], [127.052165, 37.642781], [127.051886, 37.643406], [127.051836, 37.643523], [127.051775, 37.643673], [127.05137, 37.64462], [127.05111, 37.645229], [127.050967, 37.645566], [127.050908, 37.645699], [127.050688, 37.64622], [127.049866, 37.648175], [127.049484, 37.649066], [127.049033, 37.650057], [127.048865, 37.650432], [127.048676, 37.650886], [127.048594, 37.651064], [127.048454, 37.651416], [127.048221, 37.651936], [127.048124, 37.652162], [127.048048, 37.652331], [127.047936, 37.652587], [127.047621, 37.653305], [127.047266, 37.654123], [127.046875, 37.655093], [127.046713, 37.655456], [127.046589, 37.655751], [127.046425, 37.656153], [127.046274, 37.656524], [127.046028, 37.65714], [127.045947, 37.657311], [127.045853, 37.657524], [127.045726, 37.657812], [127.045606, 37.658092], [127.045393, 37.658597], [127.045308, 37.658847], [127.045168, 37.659266], [127.045123, 37.659428], [127.045034, 37.659767], [127.044876, 37.660457], [127.044827, 37.660767], [127.044799, 37.66106], [127.044764, 37.661564], [127.044732, 37.661897], [127.044721, 37.66207], [127.044702, 37.662241], [127.044547, 37.664063], [127.044432, 37.665872], [127.044419, 37.666027], [127.044413, 37.666085], [127.044277, 37.667689], [127.044214, 37.668439], [127.044197, 37.668641], [127.044172, 37.668895], [127.044117, 37.66946], [127.044103, 37.669703], [127.044104, 37.669781], [127.044104, 37.670144], [127.04412, 37.670539], [127.044166, 37.671144], [127.044256, 37.671832], [127.044366, 37.672513], [127.045265, 37.677771], [127.045306, 37.677997], [127.045516, 37.679107], [127.045533, 37.679209], [127.045637, 37.679855], [127.045734, 37.680451], [127.046228, 37.683301], [127.04628, 37.683643], [127.046317, 37.68404], [127.046346, 37.684323], [127.046354, 37.685091], [127.046332, 37.685676], [127.04632, 37.685816], [127.046312, 37.685921], [127.046274, 37.686265], [127.046209, 37.687016], [127.046189, 37.687308], [127.046173, 37.688323], [127.046154, 37.688564], [127.046141, 37.688766], [127.046114, 37.689076], [127.046069, 37.689652], [127.046053, 37.689835], [127.045997, 37.690471], [127.045951, 37.690985], [127.045823, 37.692367], [127.045737, 37.693359], [127.045697, 37.694028], [127.045672, 37.694443], [127.045589, 37.695288], [127.045568, 37.695652], [127.045562, 37.696022], [127.045586, 37.696435], [127.045611, 37.696673], [127.045648, 37.696985], [127.04574, 37.697485], [127.046002, 37.698825], [127.046196, 37.699735], [127.046762, 37.70261], [127.047635, 37.706604], [127.047693, 37.707026], [127.047726, 37.707523], [127.047717, 37.708008], [127.047684, 37.7085], [127.047654, 37.708784], [127.04762, 37.708993], [127.047543, 37.70939], [127.047386, 37.7102], [127.047376, 37.71025], [127.047187, 37.711224], [127.047153, 37.711403], [127.047125, 37.711547], [127.04678, 37.713389], [127.046588, 37.71451], [127.04653, 37.714845], [127.046517, 37.714925], [127.046466, 37.715244], [127.046402, 37.715676], [127.046383, 37.715912], [127.046375, 37.716139], [127.046372, 37.716944], [127.04638, 37.717256], [127.046394, 37.717525], [127.046427, 37.717829], [127.046432, 37.71787], [127.04646, 37.718097], [127.046543, 37.718693], [127.04685, 37.720769], [127.046857, 37.720816], [127.046976, 37.72162], [127.047046, 37.722116], [127.04714, 37.722831], [127.047231, 37.723742], [127.047247, 37.724], [127.047256, 37.724162], [127.04726, 37.724246], [127.047269, 37.724413], [127.047272, 37.724457], [127.047281, 37.724627], [127.047287, 37.72473], [127.047293, 37.72487], [127.047311, 37.725435], [127.047321, 37.725623], [127.047321, 37.725884], [127.047328, 37.726003], [127.04732, 37.726585], [127.047278, 37.727463], [127.047236, 37.728123], [127.047212, 37.72849], [127.047203, 37.728631], [127.047191, 37.728759], [127.047178, 37.728895], [127.047165, 37.729026], [127.047162, 37.729062], [127.047144, 37.72926], [127.047131, 37.729399], [127.047117, 37.729552], [127.047091, 37.729755], [127.046997, 37.730497], [127.046968, 37.730728], [127.046829, 37.73184], [127.046757, 37.732421], [127.04674, 37.732539], [127.046696, 37.732897], [127.046681, 37.733008], [127.046652, 37.733232], [127.046644, 37.733282], [127.046622, 37.733421], [127.046524, 37.73427], [127.046252, 37.736401], [127.046242, 37.736473], [127.046107, 37.737498], [127.046082, 37.737706]]}}, {"type": "Feature", "properties": {"line": "경원선", "from": "의정부", "to": "동두천", "km": 21.835, "down": 0, "up": 0, "daily": 0, "density": 0, "service": "commuter", "commuter_trains": 92, "through": 8}, "geometry": {"type": "LineString", "coordinates": [[127.046082, 37.737706], [127.045943, 37.738839], [127.045928, 37.738954], [127.045927, 37.738985], [127.045906, 37.739486], [127.045895, 37.739806], [127.045876, 37.740042], [127.045853, 37.740266], [127.045794, 37.740712], [127.045767, 37.740909], [127.045393, 37.743775], [127.045161, 37.745547], [127.045051, 37.746181], [127.044986, 37.74649], [127.044937, 37.746725], [127.044841, 37.747056], [127.044713, 37.747473], [127.044544, 37.747977], [127.044413, 37.748333], [127.044221, 37.748857], [127.04411, 37.7491], [127.044061, 37.74922], [127.044022, 37.749308], [127.04397, 37.749433], [127.043902, 37.749588], [127.043807, 37.749806], [127.043716, 37.750011], [127.043569, 37.750346], [127.043409, 37.75071], [127.043394, 37.750746], [127.043321, 37.75092], [127.04317, 37.751279], [127.043152, 37.751321], [127.042779, 37.752208], [127.042648, 37.752537], [127.042448, 37.753095], [127.042286, 37.753766], [127.042227, 37.754216], [127.042193, 37.754684], [127.042232, 37.757643], [127.042273, 37.758438], [127.042273, 37.758455], [127.042309, 37.759442], [127.04234, 37.760297], [127.042342, 37.760359], [127.042343, 37.760368], [127.042369, 37.760565], [127.042399, 37.76084], [127.042439, 37.761093], [127.042499, 37.761416], [127.042576, 37.761774], [127.042649, 37.762062], [127.043109, 37.763569], [127.043969, 37.766321], [127.044056, 37.766628], [127.044115, 37.766921], [127.044155, 37.767142], [127.044195, 37.767427], [127.044234, 37.767723], [127.044263, 37.768009], [127.044281, 37.768248], [127.044359, 37.769254], [127.044398, 37.76986], [127.044416, 37.770139], [127.044461, 37.770616], [127.044466, 37.770667], [127.044498, 37.771003], [127.044592, 37.772543], [127.044645, 37.773252], [127.044727, 37.774202], [127.044792, 37.774958], [127.044809, 37.775137], [127.044818, 37.775242], [127.044871, 37.775847], [127.044881, 37.776002], [127.044904, 37.776623], [127.044919, 37.77681], [127.044961, 37.777344], [127.044963, 37.77737], [127.044991, 37.777668], [127.045024, 37.777946], [127.045071, 37.778308], [127.045129, 37.778652], [127.04519, 37.778893], [127.045295, 37.77922], [127.045395, 37.779486], [127.045501, 37.779706], [127.045623, 37.779929], [127.045837, 37.780258], [127.046186, 37.780715], [127.046512, 37.781065], [127.046764, 37.781311], [127.048334, 37.78276], [127.049143, 37.783507], [127.049375, 37.783735], [127.049545, 37.783917], [127.04973, 37.784127], [127.049859, 37.784296], [127.049985, 37.784471], [127.050094, 37.78464], [127.050216, 37.784842], [127.050337, 37.785078], [127.050454, 37.785331], [127.050549, 37.785595], [127.050606, 37.785772], [127.050663, 37.785983], [127.0507, 37.786155], [127.050727, 37.786291], [127.050753, 37.786445], [127.050846, 37.787012], [127.05094, 37.7876], [127.050969, 37.787775], [127.051088, 37.788604], [127.051123, 37.788946], [127.051141, 37.78926], [127.051141, 37.78956], [127.051119, 37.78985], [127.051083, 37.790134], [127.051021, 37.790466], [127.050949, 37.790771], [127.050872, 37.791061], [127.050353, 37.792841], [127.050151, 37.793581], [127.050009, 37.794157], [127.049886, 37.79459], [127.049824, 37.794793], [127.049706, 37.795181], [127.049494, 37.795885], [127.049377, 37.796307], [127.049288, 37.796694], [127.049212, 37.797063], [127.049165, 37.79741], [127.049131, 37.7978], [127.049131, 37.798123], [127.049152, 37.798416], [127.049192, 37.798737], [127.049253, 37.799074], [127.04933, 37.799371], [127.049426, 37.799673], [127.049968, 37.801328], [127.050139, 37.801848], [127.050196, 37.802022], [127.050398, 37.802658], [127.050497, 37.802995], [127.050564, 37.803292], [127.050634, 37.803703], [127.050679, 37.804019], [127.050706, 37.804298], [127.050714, 37.804722], [127.050706, 37.805064], [127.050685, 37.805352], [127.050644, 37.80565], [127.050567, 37.806107], [127.050332, 37.807324], [127.050274, 37.80763], [127.050239, 37.807845], [127.050211, 37.808093], [127.050198, 37.80826], [127.050184, 37.808501], [127.050194, 37.808802], [127.050217, 37.809114], [127.050253, 37.809421], [127.050398, 37.809944], [127.050684, 37.81062], [127.051017, 37.811207], [127.051658, 37.811943], [127.054549, 37.814861], [127.055073, 37.815542], [127.055434, 37.816054], [127.05584, 37.816816], [127.056249, 37.817675], [127.05633, 37.817863], [127.056636, 37.81864], [127.057001, 37.819569], [127.057054, 37.819714], [127.057127, 37.8199], [127.057193, 37.820067], [127.057826, 37.821582], [127.058363, 37.822857], [127.058514, 37.823217], [127.058768, 37.823691], [127.059197, 37.824362], [127.05988, 37.825244], [127.061525, 37.827123], [127.06202, 37.827835], [127.062331, 37.828408], [127.062566, 37.828979], [127.062776, 37.829717], [127.062884, 37.830511], [127.062896, 37.83125], [127.06275, 37.832609], [127.062502, 37.834921], [127.062254, 37.836888], [127.062193, 37.837367], [127.061995, 37.838936], [127.061966, 37.839171], [127.061942, 37.839414], [127.061518, 37.843443], [127.061458, 37.844009], [127.061448, 37.844106], [127.06124, 37.845759], [127.061185, 37.84626], [127.061114, 37.84687], [127.060849, 37.849151], [127.060667, 37.850637], [127.060593, 37.852277], [127.060606, 37.853268], [127.060745, 37.856981], [127.060957, 37.861582], [127.061153, 37.864813], [127.061242, 37.866361], [127.061248, 37.867381], [127.061223, 37.867759], [127.061108, 37.868317], [127.060808, 37.869295], [127.060374, 37.870458], [127.059182, 37.873613], [127.05896, 37.874196], [127.058301, 37.87533], [127.058117, 37.875627], [127.058064, 37.875699], [127.056356, 37.878026], [127.055782, 37.878912], [127.055425, 37.879708], [127.05527, 37.880153], [127.055167, 37.880598], [127.055067, 37.881094], [127.055049, 37.88147], [127.055046, 37.882247], [127.055049, 37.882418], [127.055362, 37.886702], [127.055581, 37.889724], [127.055653, 37.890675], [127.055732, 37.891736], [127.055777, 37.892271], [127.055853, 37.893177], [127.055874, 37.893442], [127.055961, 37.894573], [127.055989, 37.894915], [127.056006, 37.89511], [127.056023, 37.895319], [127.05611, 37.896462], [127.056258, 37.89848], [127.056299, 37.899205], [127.05635, 37.899826], [127.056506, 37.90173], [127.056511, 37.90181], [127.05656, 37.902599], [127.056584, 37.903109], [127.056669, 37.904063], [127.056686, 37.90425], [127.056735, 37.904801], [127.057212, 37.911484], [127.057286, 37.912514], [127.057278, 37.913641], [127.057225, 37.914151], [127.057191, 37.914473], [127.057116, 37.914935], [127.057043, 37.915322], [127.056517, 37.918235], [127.055962, 37.92136], [127.055795, 37.922325], [127.055577, 37.923429], [127.055483, 37.923902], [127.055459, 37.924024], [127.05541, 37.924315], [127.055335, 37.924713], [127.055138, 37.925784], [127.054973, 37.926685], [127.054754, 37.927823]]}}, {"type": "Feature", "properties": {"line": "경원선", "from": "동두천", "to": "신탄리", "km": 35.329, "down": 0, "up": 0, "daily": 0, "density": 0, "service": "commuter", "commuter_trains": 38, "through": 6}, "geometry": {"type": "LineString", "coordinates": [[127.054754, 37.927823], [127.054635, 37.92844], [127.054581, 37.928819], [127.054467, 37.929599], [127.054283, 37.930554], [127.054242, 37.930785], [127.054197, 37.931041], [127.054153, 37.931268], [127.05407, 37.931702], [127.05404, 37.931859], [127.053962, 37.932262], [127.053872, 37.93278], [127.053781, 37.933235], [127.053677, 37.933842], [127.05363, 37.934182], [127.053605, 37.934651], [127.053635, 37.935207], [127.053662, 37.935409], [127.053676, 37.935512], [127.053682, 37.93554], [127.053704, 37.935649], [127.053735, 37.935803], [127.053832, 37.936146], [127.053933, 37.93641], [127.054135, 37.936932], [127.054443, 37.937598], [127.054668, 37.938102], [127.054799, 37.938382], [127.055073, 37.939007], [127.055191, 37.939245], [127.055199, 37.939262], [127.055533, 37.939965], [127.055987, 37.940717], [127.056257, 37.941087], [127.056455, 37.94136], [127.056714, 37.941682], [127.05714, 37.942148], [127.05772, 37.94278], [127.058042, 37.943131], [127.058907, 37.944047], [127.059275, 37.944483], [127.059402, 37.944654], [127.059843, 37.945184], [127.060123, 37.945568], [127.060191, 37.945701], [127.060195, 37.945708], [127.060387, 37.946212], [127.060539, 37.946572], [127.060656, 37.946975], [127.060694, 37.947185], [127.060705, 37.947266], [127.060721, 37.947383], [127.060747, 37.947547], [127.06079, 37.947977], [127.060793, 37.948003], [127.060901, 37.948867], [127.060946, 37.94911], [127.061061, 37.949982], [127.061139, 37.950527], [127.06116, 37.950706], [127.061224, 37.951289], [127.061395, 37.952553], [127.061468, 37.953097], [127.061535, 37.953518], [127.061657, 37.954478], [127.061751, 37.955295], [127.061844, 37.955952], [127.061919, 37.95652], [127.062005, 37.957223], [127.062064, 37.957977], [127.062087, 37.958251], [127.06211, 37.958532], [127.062098, 37.958927], [127.062062, 37.959313], [127.062014, 37.959558], [127.06197, 37.959784], [127.061877, 37.96029], [127.061738, 37.960809], [127.061691, 37.96104], [127.061593, 37.961447], [127.061281, 37.962311], [127.060736, 37.9635], [127.060409, 37.964196], [127.06005, 37.965165], [127.05976, 37.965954], [127.059532, 37.966676], [127.059431, 37.967108], [127.059379, 37.967405], [127.0593, 37.968039], [127.059275, 37.968361], [127.059255, 37.968643], [127.059214, 37.969], [127.059136, 37.969355], [127.058824, 37.970501], [127.058525, 37.971739], [127.05833, 37.97239], [127.057925, 37.973821], [127.057769, 37.974872], [127.057681, 37.97579], [127.057708, 37.976675], [127.057811, 37.977419], [127.058156, 37.978623], [127.058804, 37.980083], [127.059657, 37.981776], [127.06097, 37.983771], [127.062911, 37.986006], [127.064728, 37.987803], [127.067068, 37.989646], [127.068793, 37.99081], [127.069279, 37.99116], [127.070037, 37.991758], [127.070906, 37.99236], [127.071107, 37.9925], [127.071463, 37.99274], [127.072046, 37.993152], [127.072388, 37.993371], [127.073105, 37.993894], [127.073484, 37.994218], [127.073675, 37.994404], [127.07379, 37.994519], [127.073961, 37.99472], [127.07414, 37.994927], [127.074305, 37.995151], [127.074316, 37.995166], [127.07455, 37.995478], [127.074774, 37.995834], [127.074825, 37.995928], [127.074907, 37.996093], [127.07507, 37.996409], [127.075253, 37.996806], [127.075343, 37.997185], [127.075432, 37.997625], [127.075463, 37.9979], [127.075519, 37.998316], [127.075594, 37.99891], [127.07563, 37.999246], [127.075662, 37.999504], [127.075663, 37.999754], [127.075663, 37.999921], [127.07575, 38.000953], [127.075768, 38.001373], [127.07576, 38.001712], [127.075751, 38.001899], [127.07573, 38.00201], [127.075708, 38.002286], [127.075613, 38.00277], [127.075323, 38.0039], [127.075019, 38.005323], [127.074657, 38.007068], [127.074452, 38.007875], [127.074394, 38.008256], [127.074357, 38.008468], [127.074316, 38.009236], [127.074304, 38.00956], [127.074299, 38.009909], [127.074365, 38.01063], [127.074374, 38.011002], [127.074579, 38.012654], [127.074601, 38.012825], [127.074629, 38.013022], [127.074707, 38.014422], [127.074703, 38.014665], [127.074707, 38.014989], [127.074732, 38.015625], [127.074739, 38.015787], [127.074821, 38.016694], [127.074822, 38.017443], [127.074812, 38.017876], [127.074794, 38.018197], [127.074791, 38.01822], [127.074743, 38.018458], [127.074701, 38.018667], [127.074672, 38.018794], [127.074624, 38.018989], [127.074576, 38.019184], [127.07444, 38.019621], [127.074149, 38.020254], [127.073983, 38.02058], [127.073543, 38.021394], [127.073471, 38.021528], [127.073387, 38.021683], [127.072992, 38.022448], [127.072661, 38.023049], [127.072383, 38.023564], [127.072253, 38.023816], [127.071825, 38.024585], [127.071821, 38.024593], [127.071782, 38.024667], [127.071445, 38.025275], [127.071138, 38.025851], [127.070766, 38.02653], [127.070581, 38.026871], [127.070428, 38.027153], [127.070341, 38.027288], [127.070154, 38.027626], [127.069935, 38.027984], [127.069618, 38.028562], [127.069476, 38.028868], [127.069365, 38.029104], [127.069043, 38.029795], [127.068933, 38.030079], [127.068728, 38.03059], [127.06869, 38.030713], [127.068512, 38.03125], [127.068224, 38.032238], [127.067975, 38.033195], [127.067867, 38.033699], [127.067741, 38.034282], [127.067562, 38.035071], [127.067421, 38.035732], [127.067171, 38.036966], [127.0671, 38.037264], [127.06707, 38.037389], [127.067049, 38.037473], [127.066736, 38.038713], [127.066347, 38.040315], [127.066029, 38.041754], [127.065609, 38.043611], [127.065498, 38.044425], [127.065388, 38.045979], [127.065431, 38.047147], [127.065521, 38.047774], [127.065607, 38.048364], [127.065983, 38.050151], [127.066102, 38.050681], [127.066128, 38.050794], [127.066244, 38.051311], [127.06643, 38.052275], [127.066671, 38.053529], [127.066954, 38.054817], [127.067216, 38.056216], [127.067502, 38.057864], [127.067526, 38.057964], [127.067552, 38.058059], [127.067562, 38.058094], [127.067821, 38.059527], [127.068045, 38.060524], [127.068431, 38.062664], [127.068552, 38.063174], [127.069139, 38.066141], [127.06962, 38.067938], [127.069951, 38.068865], [127.070259, 38.069611], [127.070855, 38.070742], [127.071354, 38.071524], [127.072658, 38.07354], [127.073485, 38.075133], [127.073529, 38.07522], [127.073697, 38.075811], [127.073721, 38.075895], [127.073756, 38.076018], [127.073864, 38.076677], [127.073784, 38.077664], [127.073017, 38.081153], [127.072508, 38.083591], [127.072337, 38.084363], [127.07219, 38.085095], [127.072144, 38.085322], [127.071806, 38.086863], [127.07171, 38.087617], [127.07161, 38.088442], [127.071609, 38.08874], [127.071676, 38.089279], [127.071861, 38.090345], [127.072383, 38.09313], [127.072498, 38.093941], [127.072955, 38.096319], [127.072998, 38.096746], [127.073023, 38.0969], [127.073075, 38.097204], [127.073094, 38.097315], [127.073164, 38.097674], [127.073174, 38.097739], [127.073251, 38.098107], [127.073335, 38.098617], [127.07337, 38.098825], [127.073415, 38.099061], [127.073487, 38.099534], [127.073569, 38.099975], [127.073658, 38.100441], [127.073683, 38.100585], [127.073708, 38.100729], [127.073767, 38.101074], [127.073905, 38.101757], [127.073996, 38.102267], [127.074035, 38.102437], [127.074074, 38.102625], [127.07417, 38.103112], [127.074211, 38.103351], [127.074286, 38.103778], [127.074359, 38.104178], [127.074412, 38.104432], [127.074641, 38.105787], [127.074708, 38.106183], [127.074844, 38.106824], [127.07487, 38.107006], [127.074872, 38.107022], [127.074876, 38.107047], [127.074883, 38.107098], [127.074886, 38.107129], [127.074928, 38.107545], [127.074899, 38.108889], [127.074755, 38.11099], [127.074652, 38.113093], [127.07464, 38.113197], [127.074519, 38.11424], [127.074405, 38.116014], [127.074459, 38.116613], [127.074555, 38.117137], [127.074569, 38.117179], [127.07466, 38.117463], [127.074819, 38.117962], [127.075446, 38.119272], [127.076111, 38.121011], [127.076294, 38.121534], [127.07639, 38.122108], [127.076358, 38.123298], [127.076154, 38.124412], [127.076026, 38.124944], [127.075671, 38.126413], [127.075628, 38.12686], [127.075618, 38.12751], [127.075682, 38.12805], [127.075729, 38.128291], [127.07586, 38.128681], [127.076079, 38.129164], [127.076938, 38.1305], [127.078058, 38.131999], [127.078436, 38.132515], [127.079093, 38.133412], [127.079666, 38.134194], [127.080051, 38.1347], [127.081053, 38.135821], [127.081888, 38.136452], [127.082136, 38.136639], [127.087311, 38.140404], [127.089415, 38.141968], [127.090516, 38.142842], [127.09205, 38.143938], [127.092977, 38.144742], [127.093739, 38.145299], [127.094131, 38.145626], [127.094582, 38.146141], [127.094893, 38.146816], [127.095215, 38.147769], [127.095316, 38.14853], [127.095198, 38.149391], [127.095035, 38.14986], [127.09494, 38.150133], [127.09376, 38.15204], [127.09346, 38.152411], [127.093331, 38.152707], [127.093095, 38.153609], [127.092862, 38.154345], [127.092419, 38.155744], [127.092065, 38.156706], [127.091861, 38.157423], [127.091786, 38.158148], [127.091818, 38.158663], [127.091936, 38.159422], [127.092247, 38.16019], [127.092762, 38.161109], [127.093545, 38.161919], [127.094464, 38.162609], [127.097097, 38.164593], [127.099983, 38.166719], [127.100733, 38.16733], [127.101277, 38.167771], [127.101726, 38.16815], [127.102317, 38.168649], [127.102693, 38.169146], [127.103169, 38.170152], [127.104178, 38.172902], [127.105562, 38.176756], [127.10615, 38.178366], [127.107064, 38.180863], [127.107669, 38.182567], [127.107857, 38.183191], [127.107907, 38.183331], [127.108073, 38.183801], [127.108217, 38.184226], [127.108476, 38.185], [127.108487, 38.185034], [127.108883, 38.186168], [127.109091, 38.186727], [127.109422, 38.187509], [127.10957, 38.187851], [127.109907, 38.188917], [127.110407, 38.190112], [127.111023, 38.190957], [127.111802, 38.191689], [127.1129, 38.192484], [127.115379, 38.194044], [127.115889, 38.194438], [127.116298, 38.194782], [127.116323, 38.194808], [127.116407, 38.194896], [127.116592, 38.19509], [127.117331, 38.195865], [127.119348, 38.198169], [127.119412, 38.19823], [127.119939, 38.198832], [127.119992, 38.198891], [127.120782, 38.199785], [127.121091, 38.200097], [127.121355, 38.200334], [127.12178, 38.200631], [127.122123, 38.200819], [127.1226, 38.201029], [127.123025, 38.20117], [127.12355, 38.201293], [127.124116, 38.201365], [127.124604, 38.201379], [127.125045, 38.201375], [127.126645, 38.201292], [127.128914, 38.201209], [127.129772, 38.201344], [127.130603, 38.201531], [127.131257, 38.201843], [127.131794, 38.20218], [127.13262, 38.202914], [127.133538, 38.204413], [127.134111, 38.205493], [127.134326, 38.206429], [127.134422, 38.207314], [127.134562, 38.208613], [127.134669, 38.209026], [127.134873, 38.209506], [127.135255, 38.210044], [127.135824, 38.210651], [127.135877, 38.210685], [127.136702, 38.21123], [127.13681, 38.211309], [127.136976, 38.211392], [127.137024, 38.211416], [127.137039, 38.211423], [127.137566, 38.211689], [127.139026, 38.212554], [127.139462, 38.212807]]}}, {"type": "Feature", "properties": {"line": "경원선", "from": "신탄리", "to": "백마고지", "km": 5.63, "down": 0, "up": 0, "daily": 0, "density": 0, "service": "none", "commuter_trains": 0}, "geometry": {"type": "LineString", "coordinates": [[127.139462, 38.212807], [127.139572, 38.212871], [127.140461, 38.213384], [127.141519, 38.214008], [127.141908, 38.214265], [127.142288, 38.214499], [127.142636, 38.214714], [127.14396, 38.215508], [127.145512, 38.216307], [127.146949, 38.217285], [127.147876, 38.218256], [127.148649, 38.219386], [127.150204, 38.221864], [127.151327, 38.223776], [127.15205, 38.225168], [127.152335, 38.225891], [127.152747, 38.226879], [127.15338, 38.227958], [127.154352, 38.229768], [127.156234, 38.23277], [127.156906, 38.234058], [127.157688, 38.235557], [127.158036, 38.236225], [127.158524, 38.237755], [127.158817, 38.238887], [127.159123, 38.240333], [127.15919, 38.241129], [127.159292, 38.24134], [127.159933, 38.245317], [127.159961, 38.245462], [127.160068, 38.245967], [127.160193, 38.246286], [127.160345, 38.24668], [127.160354, 38.246705], [127.160622, 38.247399], [127.161226, 38.248626], [127.161349, 38.248991], [127.16154, 38.24939], [127.161687, 38.249675], [127.161812, 38.249864], [127.162284, 38.250639], [127.162582, 38.251277], [127.162781, 38.25172], [127.163554, 38.253082], [127.163959, 38.253794], [127.164516, 38.254802], [127.165093, 38.25591], [127.165764, 38.2571], [127.165855, 38.257249], [127.165968, 38.257434]]}}, {"type": "Feature", "properties": {"line": "경의선", "from": "서울", "to": "능곡", "km": 16.528, "down": 1044552, "up": 1044552, "daily": 5724, "density": 5724, "level": "passing", "intercity_trains": 23, "through": 7}, "geometry": {"type": "LineString", "coordinates": [[126.970507, 37.553774], [126.970494, 37.556172], [126.970506, 37.556288], [126.970548, 37.556469], [126.970593, 37.556591], [126.970763, 37.556984], [126.970928, 37.557335], [126.971037, 37.557607], [126.971096, 37.557903], [126.971112, 37.558098], [126.971112, 37.558152], [126.971158, 37.558594], [126.971168, 37.558848], [126.971156, 37.559013], [126.971145, 37.55909], [126.971111, 37.559222], [126.971063, 37.559358], [126.970899, 37.55974], [126.970792, 37.559928], [126.970564, 37.560297], [126.970523, 37.560356], [126.970333, 37.560625], [126.970177, 37.560816], [126.969995, 37.560999], [126.969721, 37.561199], [126.969359, 37.561424], [126.969074, 37.561607], [126.968859, 37.561719], [126.968558, 37.56186], [126.968454, 37.561903], [126.96788, 37.562128], [126.967579, 37.562226], [126.967277, 37.562302], [126.966677, 37.562405], [126.966246, 37.562444], [126.96574, 37.562477], [126.964891, 37.562471], [126.963187, 37.562417], [126.962663, 37.562392], [126.962143, 37.562351], [126.961634, 37.562293], [126.95813, 37.561836], [126.957724, 37.561798], [126.956677, 37.561708], [126.955919, 37.561616], [126.955795, 37.561601], [126.955099, 37.561517], [126.954257, 37.561415], [126.95327, 37.561283], [126.952541, 37.561161], [126.947248, 37.560106], [126.946941, 37.560036], [126.946505, 37.559986], [126.946055, 37.559963], [126.943861, 37.559892], [126.9429, 37.559865], [126.942355, 37.559852], [126.941264, 37.559826], [126.940611, 37.55981], [126.94049, 37.559809], [126.940393, 37.559798], [126.940222, 37.559795], [126.937103, 37.559704], [126.936714, 37.55969], [126.936594, 37.559685], [126.935535, 37.559641], [126.934994, 37.559642], [126.934583, 37.559643], [126.934266, 37.55966], [126.934036, 37.559686], [126.933782, 37.559726], [126.933481, 37.559785], [126.932865, 37.559956], [126.932393, 37.56015], [126.931981, 37.560363], [126.931668, 37.560555], [126.93147, 37.560701], [126.930693, 37.561302], [126.929788, 37.562067], [126.929361, 37.562449], [126.928871, 37.562853], [126.928406, 37.563238], [126.928123, 37.563476], [126.926944, 37.56443], [126.926661, 37.564646], [126.92638, 37.564842], [126.926097, 37.565033], [126.925816, 37.565205], [126.925344, 37.565442], [126.924958, 37.565608], [126.924629, 37.565739], [126.924398, 37.565811], [126.924151, 37.565886], [126.92392, 37.565951], [126.923645, 37.566013], [126.923323, 37.566068], [126.922783, 37.566167], [126.921934, 37.566333], [126.921171, 37.566457], [126.920727, 37.566527], [126.920395, 37.5666], [126.920101, 37.566668], [126.919668, 37.566779], [126.919289, 37.566893], [126.918973, 37.566996], [126.918649, 37.567117], [126.918381, 37.567227], [126.918179, 37.567313], [126.917924, 37.567425], [126.917514, 37.567617], [126.917258, 37.567733], [126.916287, 37.568171], [126.915684, 37.568449], [126.915093, 37.56872], [126.913867, 37.569284], [126.911799, 37.570245], [126.910112, 37.57099], [126.909782, 37.571136], [126.909331, 37.571368], [126.908907, 37.571626], [126.90848, 37.571904], [126.90805, 37.572194], [126.907709, 37.572425], [126.907416, 37.572631], [126.906724, 37.573139], [126.905785, 37.573781], [126.904301, 37.574842], [126.903816, 37.575189], [126.902659, 37.576019], [126.902242, 37.576323], [126.902171, 37.576375], [126.901658, 37.576721], [126.90141, 37.57689], [126.900891, 37.577244], [126.900152, 37.577743], [126.899223, 37.578369], [126.898317, 37.579021], [126.897159, 37.579882], [126.896618, 37.58026], [126.896482, 37.580351], [126.895686, 37.580883], [126.895198, 37.58121], [126.894641, 37.581586], [126.893737, 37.582186], [126.893285, 37.582476], [126.892827, 37.582758], [126.892283, 37.583084], [126.891106, 37.583789], [126.890209, 37.584351], [126.88955, 37.584804], [126.889122, 37.585105], [126.888811, 37.585346], [126.887162, 37.586736], [126.886813, 37.587029], [126.885851, 37.587871], [126.884574, 37.588959], [126.884013, 37.589446], [126.883577, 37.589803], [126.882138, 37.591047], [126.880824, 37.592177], [126.875879, 37.59644], [126.874007, 37.598065], [126.871629, 37.600131], [126.869211, 37.602246], [126.869087, 37.602353], [126.868561, 37.602809], [126.868504, 37.602858], [126.867757, 37.603506], [126.867044, 37.604094], [126.865489, 37.605429], [126.864999, 37.605821], [126.864401, 37.606276], [126.863859, 37.606628], [126.863317, 37.60692], [126.862766, 37.607157], [126.862033, 37.607438], [126.860789, 37.607906], [126.859936, 37.608223], [126.859025, 37.608621], [126.857713, 37.609231], [126.856622, 37.609753], [126.856327, 37.609911], [126.855171, 37.610582], [126.854575, 37.610941], [126.853881, 37.611337], [126.853537, 37.611523], [126.853183, 37.611696], [126.852842, 37.611857], [126.852403, 37.612027], [126.851907, 37.612176], [126.851337, 37.612316], [126.85072, 37.612409], [126.850084, 37.612471], [126.849394, 37.612486], [126.847296, 37.612435], [126.846253, 37.612411], [126.845628, 37.61238], [126.844714, 37.612313], [126.844526, 37.6123], [126.844463, 37.612295], [126.843526, 37.612261], [126.834183, 37.612147], [126.834056, 37.612146], [126.831999, 37.612126], [126.831541, 37.612136], [126.83124, 37.612154], [126.83096, 37.612183], [126.830589, 37.612234], [126.830238, 37.612299], [126.829757, 37.612411], [126.829365, 37.612524], [126.829008, 37.612653], [126.828701, 37.61278], [126.828357, 37.612935], [126.828054, 37.61309], [126.827788, 37.613243], [126.827552, 37.613397], [126.827332, 37.613543], [126.827085, 37.613733], [126.826072, 37.614541], [126.825493, 37.61501], [126.824894, 37.615501], [126.824748, 37.615619], [126.824363, 37.615932], [126.824193, 37.616064], [126.823721, 37.616456], [126.823701, 37.616472], [126.823324, 37.61678], [126.822909, 37.617108], [126.822422, 37.617527], [126.822289, 37.617655], [126.821738, 37.618181], [126.821337, 37.618507], [126.820665, 37.619055]]}}, {"type": "Feature", "properties": {"line": "경의선", "from": "능곡", "to": "문산", "km": 29.651, "down": 0, "up": 0, "daily": 0, "density": 0, "service": "commuter", "commuter_trains": 119, "through": 12}, "geometry": {"type": "LineString", "coordinates": [[126.820665, 37.619055], [126.819955, 37.619634], [126.818785, 37.620584], [126.818487, 37.620826], [126.818192, 37.621054], [126.817387, 37.621602], [126.817335, 37.621641], [126.816822, 37.622031], [126.815452, 37.623171], [126.815175, 37.623424], [126.81496, 37.623646], [126.814793, 37.623822], [126.814612, 37.624047], [126.814437, 37.624278], [126.814323, 37.624456], [126.814195, 37.624658], [126.814063, 37.624879], [126.811561, 37.629167], [126.811348, 37.629549], [126.811054, 37.630146], [126.810979, 37.630293], [126.810801, 37.630601], [126.810375, 37.631333], [126.810142, 37.631729], [126.808737, 37.634125], [126.808397, 37.634699], [126.808138, 37.635155], [126.808042, 37.635312], [126.807936, 37.635476], [126.807301, 37.63637], [126.807142, 37.636622], [126.807024, 37.636825], [126.805195, 37.639971], [126.802327, 37.644904], [126.80218, 37.645153], [126.802108, 37.645275], [126.80183, 37.645753], [126.801368, 37.646546], [126.797365, 37.653331], [126.796513, 37.654791], [126.796409, 37.654968], [126.795065, 37.657352], [126.794922, 37.657598], [126.79449, 37.658335], [126.794094, 37.65901], [126.793778, 37.659551], [126.793146, 37.660609], [126.793033, 37.660801], [126.793012, 37.660837], [126.792994, 37.660868], [126.7928, 37.661205], [126.792554, 37.661619], [126.790509, 37.665129], [126.789793, 37.666382], [126.788609, 37.668443], [126.787992, 37.66951], [126.787486, 37.670353], [126.786793, 37.671456], [126.786704, 37.671611], [126.786265, 37.672356], [126.785861, 37.673044], [126.785304, 37.674134], [126.785053, 37.674495], [126.784848, 37.674775], [126.784664, 37.674998], [126.784562, 37.675111], [126.784467, 37.675225], [126.784301, 37.675405], [126.784094, 37.675611], [126.783866, 37.675796], [126.783558, 37.676036], [126.783232, 37.676251], [126.782956, 37.676421], [126.782604, 37.676611], [126.782199, 37.676807], [126.778518, 37.67838], [126.777132, 37.678987], [126.775388, 37.679726], [126.775184, 37.679813], [126.77438, 37.680159], [126.773857, 37.680384], [126.772636, 37.680944], [126.771551, 37.68141], [126.769918, 37.682109], [126.769535, 37.682273], [126.768833, 37.682575], [126.767573, 37.683124], [126.765733, 37.683906], [126.765536, 37.683993], [126.764916, 37.684268], [126.764467, 37.684489], [126.763824, 37.684841], [126.76337, 37.685128], [126.762955, 37.685448], [126.762542, 37.68579], [126.762231, 37.686123], [126.761978, 37.686469], [126.761791, 37.686741], [126.761629, 37.687006], [126.761465, 37.68732], [126.76134, 37.687605], [126.761292, 37.687742], [126.761211, 37.687987], [126.761152, 37.688229], [126.761094, 37.688588], [126.761054, 37.689216], [126.761024, 37.689722], [126.76101, 37.690212], [126.76101, 37.690691], [126.761043, 37.692166], [126.76105, 37.692969], [126.761048, 37.693117], [126.761052, 37.694105], [126.761055, 37.694868], [126.761102, 37.696238], [126.76112, 37.697279], [126.761134, 37.698079], [126.761167, 37.699031], [126.76119, 37.699962], [126.761197, 37.70077], [126.761132, 37.703221], [126.761159, 37.706201], [126.761169, 37.708888], [126.76118, 37.710774], [126.76121, 37.711227], [126.76126, 37.711679], [126.761335, 37.712108], [126.761431, 37.712549], [126.761553, 37.712962], [126.761564, 37.712999], [126.761735, 37.713473], [126.761947, 37.713979], [126.762584, 37.715338], [126.762737, 37.715664], [126.763179, 37.716613], [126.763551, 37.717512], [126.763943, 37.718329], [126.764221, 37.718962], [126.764836, 37.720337], [126.765088, 37.720911], [126.765159, 37.721078], [126.7653, 37.721391], [126.765642, 37.722149], [126.766514, 37.724121], [126.766724, 37.724577], [126.767068, 37.725323], [126.767668, 37.726625], [126.768075, 37.727607], [126.768509, 37.728605], [126.768869, 37.729363], [126.76897, 37.729596], [126.771168, 37.734534], [126.771289, 37.734803], [126.771361, 37.73496], [126.771689, 37.735734], [126.771998, 37.736411], [126.77227, 37.737122], [126.772359, 37.737412], [126.77238, 37.73752], [126.772402, 37.737683], [126.772416, 37.737876], [126.772419, 37.738031], [126.772404, 37.738622], [126.77238, 37.738846], [126.772352, 37.739033], [126.772322, 37.739205], [126.772291, 37.739352], [126.772145, 37.739821], [126.77208, 37.739984], [126.77199, 37.740183], [126.771873, 37.740402], [126.771032, 37.741875], [126.770742, 37.742353], [126.768533, 37.746034], [126.766914, 37.748768], [126.766694, 37.749141], [126.766262, 37.749853], [126.765799, 37.750615], [126.765544, 37.751067], [126.765363, 37.751385], [126.765193, 37.751685], [126.765065, 37.751909], [126.764982, 37.75207], [126.764901, 37.752243], [126.764778, 37.752559], [126.764673, 37.752888], [126.764604, 37.753166], [126.764553, 37.753431], [126.764515, 37.753764], [126.764502, 37.754108], [126.764521, 37.754574], [126.764572, 37.755189], [126.764601, 37.755688], [126.764679, 37.756572], [126.764778, 37.757658], [126.76482, 37.758128], [126.764883, 37.758834], [126.764944, 37.759365], [126.764966, 37.759511], [126.765018, 37.759783], [126.765151, 37.760233], [126.765314, 37.760629], [126.765494, 37.760985], [126.765636, 37.761208], [126.765805, 37.761452], [126.76599, 37.761687], [126.766194, 37.761919], [126.766403, 37.762139], [126.766655, 37.76237], [126.766891, 37.762569], [126.767125, 37.762754], [126.767361, 37.762919], [126.767667, 37.763095], [126.768053, 37.763316], [126.768638, 37.763591], [126.769381, 37.763925], [126.770508, 37.764427], [126.77091, 37.764605], [126.773524, 37.765742], [126.773731, 37.765834], [126.774606, 37.766191], [126.775701, 37.766637], [126.77615, 37.766837], [126.778239, 37.767749], [126.778961, 37.768065], [126.779522, 37.768312], [126.780161, 37.768594], [126.780919, 37.768927], [126.781355, 37.769124], [126.78184, 37.769322], [126.782408, 37.769551], [126.782918, 37.769751], [126.783468, 37.769958], [126.784335, 37.770279], [126.784771, 37.770451], [126.785102, 37.770593], [126.785312, 37.770691], [126.785668, 37.770869], [126.785942, 37.771016], [126.786213, 37.771182], [126.786531, 37.771407], [126.786857, 37.771673], [126.787292, 37.772072], [126.787553, 37.772357], [126.787742, 37.772598], [126.787933, 37.772885], [126.788076, 37.773125], [126.788214, 37.773391], [126.788314, 37.773602], [126.788416, 37.773862], [126.788508, 37.774122], [126.788568, 37.774342], [126.788607, 37.774527], [126.788648, 37.774756], [126.78868, 37.774998], [126.788696, 37.775243], [126.788701, 37.775528], [126.78869, 37.77586], [126.788653, 37.77631], [126.788621, 37.776629], [126.788358, 37.778555], [126.788297, 37.779071], [126.788227, 37.779633], [126.788103, 37.78068], [126.787986, 37.781581], [126.78784, 37.782691], [126.787786, 37.783366], [126.787799, 37.783852], [126.787835, 37.784155], [126.787864, 37.784319], [126.787939, 37.784655], [126.78801, 37.784959], [126.788195, 37.785514], [126.789192, 37.787774], [126.789567, 37.788745], [126.790123, 37.790168], [126.790316, 37.79065], [126.790451, 37.790958], [126.790656, 37.791414], [126.790796, 37.791713], [126.790853, 37.791849], [126.790926, 37.792022], [126.791003, 37.792206], [126.791162, 37.792616], [126.791337, 37.793103], [126.791587, 37.793752], [126.791959, 37.794679], [126.79219, 37.795232], [126.792297, 37.795501], [126.792595, 37.796246], [126.793004, 37.797267], [126.793369, 37.798101], [126.793532, 37.798509], [126.793798, 37.799203], [126.794106, 37.799924], [126.794146, 37.800022], [126.794824, 37.801664], [126.795001, 37.802103], [126.795171, 37.80257], [126.795267, 37.802897], [126.795337, 37.803227], [126.795384, 37.803568], [126.7954, 37.80388], [126.795395, 37.804214], [126.795393, 37.804295], [126.795386, 37.804421], [126.795329, 37.804807], [126.795246, 37.805193], [126.79505, 37.80586], [126.794854, 37.806566], [126.794618, 37.807454], [126.794358, 37.808314], [126.794061, 37.809374], [126.793784, 37.810342], [126.793567, 37.811109], [126.793426, 37.811613], [126.793294, 37.812084], [126.793044, 37.812936], [126.793043, 37.812938], [126.793034, 37.812973], [126.792973, 37.813189], [126.7928, 37.81383], [126.792711, 37.814128], [126.792681, 37.814238], [126.792449, 37.815061], [126.792438, 37.815101], [126.792159, 37.816108], [126.791829, 37.817258], [126.791727, 37.817798], [126.791636, 37.818151], [126.791494, 37.818798], [126.791459, 37.81896], [126.791244, 37.819716], [126.790976, 37.820625], [126.790791, 37.821307], [126.790582, 37.821996], [126.790431, 37.822615], [126.790236, 37.823284], [126.790045, 37.823935], [126.789927, 37.824348], [126.789689, 37.825223], [126.789528, 37.825797], [126.78942, 37.826212], [126.78923, 37.826852], [126.789048, 37.827496], [126.78893, 37.827907], [126.78872, 37.828589], [126.788434, 37.829602], [126.788413, 37.829683], [126.78836, 37.829849], [126.788083, 37.830783], [126.787953, 37.831384], [126.787844, 37.831941], [126.78782, 37.83218], [126.787795, 37.832593], [126.787763, 37.83309], [126.787722, 37.834529], [126.787653, 37.836156], [126.787663, 37.837419], [126.787661, 37.83865], [126.787669, 37.839601], [126.787666, 37.840615], [126.787653, 37.841591], [126.787669, 37.842628], [126.787665, 37.844156], [126.787676, 37.844976], [126.787711, 37.845948], [126.787732, 37.846694], [126.787762, 37.847456], [126.787765, 37.847746], [126.787779, 37.848229], [126.787825, 37.849067], [126.787869, 37.84974], [126.787884, 37.850062], [126.787877, 37.850679], [126.787884, 37.851041], [126.787901, 37.851433], [126.787906, 37.85153], [126.787927, 37.852062], [126.787937, 37.852471], [126.787957, 37.85293], [126.787986, 37.853626], [126.788009, 37.854196], [126.788018, 37.854451]]}}, {"type": "Feature", "properties": {"line": "경의선", "from": "문산", "to": "임진강", "km": 6.121, "down": 0, "up": 0, "daily": 0, "density": 0, "service": "commuter", "commuter_trains": 4, "through": 1}, "geometry": {"type": "LineString", "coordinates": [[126.788018, 37.854451], [126.788052, 37.8554], [126.788079, 37.85585], [126.788089, 37.856627], [126.788107, 37.856924], [126.788121, 37.857253], [126.788139, 37.857546], [126.788156, 37.85781], [126.788147, 37.857971], [126.788167, 37.858466], [126.788172, 37.858605], [126.788182, 37.858895], [126.78819, 37.859175], [126.788191, 37.859477], [126.788213, 37.859704], [126.788235, 37.859834], [126.788284, 37.860397], [126.788312, 37.860783], [126.788333, 37.861091], [126.788374, 37.861365], [126.788494, 37.861903], [126.788543, 37.862126], [126.788814, 37.863092], [126.788865, 37.863275], [126.789012, 37.863748], [126.789072, 37.864035], [126.789271, 37.864835], [126.790017, 37.867427], [126.790206, 37.868187], [126.790268, 37.868534], [126.790266, 37.869171], [126.790212, 37.869773], [126.790059, 37.870369], [126.789753, 37.871043], [126.789565, 37.871333], [126.78915, 37.871884], [126.78856, 37.872491], [126.78813, 37.872838], [126.787621, 37.873202], [126.787232, 37.873408], [126.786642, 37.873668], [126.781355, 37.875389], [126.774304, 37.877683], [126.774246, 37.877702], [126.773689, 37.877892], [126.772654, 37.878236], [126.771833, 37.878619], [126.771446, 37.878818], [126.771074, 37.879036], [126.77081, 37.879202], [126.769942, 37.879829], [126.769844, 37.879904], [126.769572, 37.880112], [126.76945, 37.880198], [126.767794, 37.881392], [126.767741, 37.88143], [126.76632, 37.882466], [126.765798, 37.882863], [126.763053, 37.884854], [126.762723, 37.885091], [126.760926, 37.886388], [126.760532, 37.886673], [126.760208, 37.886881], [126.759834, 37.887052], [126.759502, 37.887195], [126.758842, 37.88744], [126.758175, 37.88762], [126.757372, 37.88775], [126.757003, 37.887778], [126.756146, 37.887843], [126.754661, 37.887925], [126.754227, 37.887946], [126.753382, 37.887994], [126.752378, 37.888051], [126.751854, 37.88808], [126.751619, 37.888099], [126.751457, 37.888109], [126.749215, 37.888225], [126.74828, 37.888274]]}}, {"type": "Feature", "properties": {"line": "경의선", "from": "임진강", "to": "도라산", "km": 3.702, "down": 0, "up": 0, "daily": 0, "density": 0, "service": "commuter", "commuter_trains": 4}, "geometry": {"type": "LineString", "coordinates": [[126.74828, 37.888274], [126.747463, 37.888316], [126.745742, 37.888413], [126.745602, 37.888421], [126.745551, 37.888424], [126.745464, 37.888429], [126.744851, 37.888461], [126.744247, 37.888521], [126.743781, 37.888568], [126.742782, 37.888687], [126.741832, 37.88885], [126.738412, 37.88958], [126.738157, 37.88964], [126.736069, 37.890115], [126.730509, 37.891379], [126.729971, 37.891501], [126.725538, 37.892721], [126.72477, 37.892918], [126.723798, 37.893156], [126.722804, 37.89336], [126.721293, 37.893654], [126.720132, 37.893812], [126.718573, 37.894071], [126.717822, 37.89418], [126.716772, 37.894351], [126.716285, 37.894447], [126.715815, 37.894538], [126.715408, 37.894637], [126.714601, 37.894933], [126.713774, 37.895318], [126.713429, 37.8955], [126.713097, 37.895713], [126.712562, 37.896033], [126.712522, 37.896058], [126.7124, 37.896141], [126.71221, 37.89627], [126.711839, 37.896522], [126.710495, 37.897437], [126.708801, 37.898573]]}}, {"type": "Feature", "properties": {"line": "경전선", "from": "삼랑진", "to": "한림정", "km": 9.918, "down": 2653266, "up": 2671749, "daily": 14589, "density": 14589}, "geometry": {"type": "LineString", "coordinates": [[128.843843, 35.398857], [128.842547, 35.398749], [128.842223, 35.398733], [128.841527, 35.39873], [128.841295, 35.398739], [128.840381, 35.398723], [128.839949, 35.398693], [128.839581, 35.398663], [128.839251, 35.398625], [128.839057, 35.398598], [128.838792, 35.398542], [128.83859, 35.398506], [128.838363, 35.39845], [128.83808, 35.398372], [128.837886, 35.398305], [128.837659, 35.398218], [128.837466, 35.39813], [128.837242, 35.398008], [128.837004, 35.397853], [128.836755, 35.397673], [128.836509, 35.397463], [128.836343, 35.39729], [128.836222, 35.39716], [128.836027, 35.39692], [128.83588, 35.396752], [128.835726, 35.396434], [128.835612, 35.396195], [128.835524, 35.395957], [128.83546, 35.395715], [128.835417, 35.395483], [128.835371, 35.395128], [128.83534, 35.39456], [128.83537, 35.39385], [128.835338, 35.393427], [128.835296, 35.393127], [128.835237, 35.392846], [128.835146, 35.392544], [128.83504, 35.392287], [128.834915, 35.39204], [128.834736, 35.391747], [128.83452, 35.391481], [128.834332, 35.391276], [128.834171, 35.391124], [128.833937, 35.390923], [128.833762, 35.390784], [128.833453, 35.390567], [128.833215, 35.390397], [128.832453, 35.389926], [128.832031, 35.389691], [128.831528, 35.389433], [128.826945, 35.387093], [128.826551, 35.386907], [128.826051, 35.386689], [128.825698, 35.386535], [128.825171, 35.386304], [128.824992, 35.386223], [128.824761, 35.386111], [128.824522, 35.386013], [128.823979, 35.385739], [128.823804, 35.38565], [128.823385, 35.385456], [128.822868, 35.385216], [128.822371, 35.384972], [128.821261, 35.384401], [128.821129, 35.384334], [128.820583, 35.384011], [128.820142, 35.383732], [128.819679, 35.383401], [128.819412, 35.383187], [128.819092, 35.3829], [128.818925, 35.382735], [128.818794, 35.3826], [128.818602, 35.382392], [128.818396, 35.382147], [128.818181, 35.381869], [128.817994, 35.381604], [128.817869, 35.381409], [128.817711, 35.381141], [128.817547, 35.380834], [128.817416, 35.380572], [128.817283, 35.380249], [128.817144, 35.379862], [128.817023, 35.379457], [128.816921, 35.379046], [128.816835, 35.378591], [128.815106, 35.369638], [128.814944, 35.368566], [128.814062, 35.363104], [128.813928, 35.36248], [128.813494, 35.360176], [128.813294, 35.358889], [128.812643, 35.354184], [128.812482, 35.353177], [128.8122, 35.35202], [128.811881, 35.350893], [128.811199, 35.348866], [128.809532, 35.343514], [128.809011, 35.341592], [128.807535, 35.336266], [128.807415, 35.335852], [128.807027, 35.334479], [128.806918, 35.334086], [128.806713, 35.333367], [128.806607, 35.332988], [128.806525, 35.332693], [128.806428, 35.332332], [128.806342, 35.332013], [128.806246, 35.331643], [128.806153, 35.331271], [128.806037, 35.3308], [128.805936, 35.330386], [128.805857, 35.329848], [128.805682, 35.329158], [128.805487, 35.328642], [128.805164, 35.327371], [128.804112, 35.323135]]}}, {"type": "Feature", "properties": {"line": "경전선", "from": "한림정", "to": "진영", "km": 4.315, "down": 2650223, "up": 2669640, "daily": 14575, "density": 14575}, "geometry": {"type": "LineString", "coordinates": [[128.804112, 35.323135], [128.803298, 35.319858], [128.802929, 35.318468], [128.802789, 35.318055], [128.802706, 35.31782], [128.802583, 35.317548], [128.802432, 35.317265], [128.802259, 35.316976], [128.802076, 35.316719], [128.801896, 35.316493], [128.801678, 35.316248], [128.801448, 35.316015], [128.801245, 35.315829], [128.801012, 35.315642], [128.800889, 35.315546], [128.800612, 35.315351], [128.800411, 35.315221], [128.800158, 35.315072], [128.799908, 35.31494], [128.799516, 35.314762], [128.799245, 35.314649], [128.799086, 35.314595], [128.79858, 35.314433], [128.798075, 35.314313], [128.797619, 35.314236], [128.797334, 35.3142], [128.797168, 35.314178], [128.79672, 35.314149], [128.796289, 35.314143], [128.795797, 35.314158], [128.793976, 35.3143], [128.792288, 35.31443], [128.791775, 35.314444], [128.79127, 35.314441], [128.790819, 35.314424], [128.790372, 35.314387], [128.789929, 35.314332], [128.78955, 35.314276], [128.789211, 35.314212], [128.788815, 35.31413], [128.788441, 35.314038], [128.788159, 35.313963], [128.787693, 35.313814], [128.787228, 35.313644], [128.786863, 35.313495], [128.786392, 35.313282], [128.786099, 35.313132], [128.785784, 35.31296], [128.785506, 35.312796], [128.785167, 35.31259], [128.784472, 35.312149], [128.783595, 35.311584], [128.782725, 35.311015], [128.781782, 35.310373], [128.781412, 35.310082], [128.781397, 35.310068], [128.780914, 35.30963], [128.780536, 35.309255], [128.780304, 35.309013], [128.780078, 35.308739], [128.779885, 35.308495], [128.777045, 35.304194], [128.77594, 35.302481], [128.773528, 35.298757]]}}, {"type": "Feature", "properties": {"line": "경전선", "from": "진영", "to": "진례", "km": 3.852, "down": 2453975, "up": 2466238, "daily": 13480, "density": 13480}, "geometry": {"type": "LineString", "coordinates": [[128.773528, 35.298757], [128.772039, 35.296459], [128.771825, 35.296133], [128.771327, 35.295376], [128.766166, 35.287356], [128.764886, 35.285421], [128.764472, 35.284639], [128.764098, 35.28373], [128.763878, 35.282798], [128.763767, 35.281924], [128.763775, 35.281235], [128.763777, 35.281102], [128.763862, 35.280298], [128.764047, 35.279462], [128.764341, 35.27857], [128.765037, 35.276751], [128.765175, 35.276386], [128.765293, 35.276022], [128.765382, 35.275725], [128.765446, 35.275486], [128.765503, 35.275227], [128.765535, 35.275045], [128.76557, 35.274753], [128.765594, 35.274559], [128.76561, 35.274289], [128.76561, 35.274016], [128.765596, 35.273696], [128.76558, 35.27347], [128.765548, 35.273221], [128.76549, 35.272915], [128.765439, 35.272693], [128.76537, 35.27243], [128.765258, 35.272086], [128.76519, 35.27188], [128.765094, 35.271644], [128.764899, 35.271245], [128.764712, 35.270842], [128.764283, 35.269903], [128.764194, 35.269751], [128.762737, 35.266588]]}}, {"type": "Feature", "properties": {"line": "경전선", "from": "진례", "to": "창원중앙", "km": 10.227, "down": 2453535, "up": 2465686, "daily": 13477, "density": 13477}, "geometry": {"type": "LineString", "coordinates": [[128.762737, 35.266588], [128.761395, 35.263675], [128.760686, 35.262152], [128.760619, 35.262006], [128.760584, 35.261929], [128.76025, 35.261217], [128.75999, 35.26066], [128.75978, 35.260207], [128.759588, 35.259795], [128.759378, 35.259349], [128.759156, 35.25886], [128.759069, 35.258645], [128.758977, 35.258424], [128.758899, 35.258207], [128.75881, 35.257942], [128.758738, 35.25771], [128.75868, 35.257472], [128.758638, 35.257267], [128.758604, 35.257061], [128.758552, 35.256793], [128.758551, 35.256623], [128.758537, 35.256395], [128.75853, 35.256228], [128.758532, 35.256062], [128.758538, 35.255849], [128.758546, 35.255652], [128.758569, 35.255431], [128.75861, 35.255123], [128.758635, 35.254953], [128.758682, 35.254683], [128.758765, 35.254271], [128.759017, 35.253073], [128.760739, 35.244783], [128.760813, 35.244453], [128.76091, 35.244038], [128.761034, 35.243552], [128.761127, 35.243235], [128.761266, 35.242826], [128.761435, 35.242391], [128.761568, 35.24208], [128.761831, 35.241513], [128.761959, 35.241239], [128.762803, 35.23953], [128.762928, 35.239271], [128.763044, 35.239006], [128.763175, 35.238686], [128.763262, 35.238442], [128.763336, 35.238219], [128.763399, 35.237962], [128.763451, 35.237695], [128.763491, 35.237422], [128.763507, 35.237158], [128.76351, 35.236837], [128.763498, 35.236603], [128.76346, 35.23631], [128.763394, 35.235985], [128.763326, 35.235728], [128.763246, 35.235459], [128.763152, 35.235211], [128.763022, 35.234924], [128.762766, 35.234428], [128.762517, 35.233984], [128.760701, 35.230889], [128.76013, 35.229937], [128.759854, 35.229522], [128.75962, 35.229191], [128.759346, 35.228872], [128.758927, 35.228436], [128.758631, 35.22819], [128.758394, 35.228014], [128.758064, 35.227786], [128.757784, 35.227617], [128.757573, 35.2275], [128.757345, 35.227387], [128.757107, 35.227277], [128.756861, 35.227178], [128.756565, 35.227069], [128.756297, 35.226982], [128.756009, 35.226901], [128.755794, 35.226847], [128.755526, 35.226792], [128.755188, 35.226735], [128.754908, 35.2267], [128.754595, 35.226672], [128.754239, 35.226653], [128.753888, 35.226647], [128.753506, 35.226663], [128.753176, 35.226692], [128.752843, 35.226724], [128.752452, 35.22677], [128.75204, 35.226829], [128.751439, 35.226927], [128.747462, 35.227649], [128.743523, 35.228328], [128.742457, 35.228503], [128.717282, 35.232522], [128.714531, 35.233243], [128.711832, 35.234219], [128.709114, 35.23557], [128.706658, 35.237187], [128.704682, 35.238911], [128.704389, 35.239266], [128.703804, 35.239967], [128.701638, 35.242571], [128.701627, 35.242584]]}}, {"type": "Feature", "properties": {"line": "경전선", "from": "창원중앙", "to": "창원", "km": 10.258, "down": 1497099, "up": 1476359, "daily": 8146, "density": 8146}, "geometry": {"type": "LineString", "coordinates": [[128.701627, 35.242584], [128.698414, 35.246447], [128.697797, 35.247177], [128.697609, 35.247403], [128.695051, 35.250421], [128.692992, 35.252676], [128.690788, 35.254659], [128.688827, 35.256047], [128.686753, 35.257252], [128.661074, 35.268633], [128.659662, 35.269266], [128.658771, 35.26962], [128.658102, 35.269839], [128.657232, 35.270096], [128.65641, 35.27029], [128.655586, 35.270453], [128.654762, 35.270587], [128.653923, 35.270672], [128.65235, 35.27082], [128.648643, 35.271152], [128.647136, 35.271272], [128.644653, 35.271487], [128.64435, 35.271512], [128.643697, 35.271545], [128.642893, 35.271573], [128.642227, 35.271574], [128.641489, 35.271561], [128.640694, 35.271517], [128.639651, 35.271437], [128.638508, 35.271341], [128.63787, 35.271295], [128.633431, 35.270905], [128.626396, 35.270337], [128.625816, 35.270291], [128.62504, 35.270173], [128.624208, 35.269982], [128.623416, 35.269715], [128.622731, 35.269442], [128.622154, 35.26918], [128.620861, 35.268483], [128.619799, 35.267861], [128.618801, 35.266837], [128.618132, 35.26634], [128.617337, 35.265814], [128.616694, 35.265452], [128.615995, 35.265122], [128.615024, 35.2647], [128.614728, 35.264572], [128.614401, 35.264416], [128.614078, 35.264253], [128.613769, 35.264076], [128.613468, 35.263884], [128.613202, 35.263688], [128.612939, 35.263482], [128.612687, 35.263273], [128.612269, 35.262911], [128.611685, 35.262382], [128.611242, 35.261968], [128.610025, 35.260851], [128.609898, 35.260735], [128.607015, 35.258139]]}}, {"type": "Feature", "properties": {"line": "경전선", "from": "창원", "to": "마산", "km": 3.691, "down": 1250947, "up": 1255689, "daily": 6867, "density": 6867}, "geometry": {"type": "LineString", "coordinates": [[128.607015, 35.258139], [128.604149, 35.255557], [128.604033, 35.255454], [128.602889, 35.254443], [128.602258, 35.253874], [128.60184, 35.253482], [128.60081, 35.252518], [128.600497, 35.252256], [128.600229, 35.252027], [128.599886, 35.251743], [128.599497, 35.251461], [128.599213, 35.251278], [128.598818, 35.251038], [128.598394, 35.2508], [128.5974, 35.250246], [128.59591, 35.249441], [128.593976, 35.248395], [128.587819, 35.245155], [128.587356, 35.244904], [128.586793, 35.244596], [128.586204, 35.244268], [128.585773, 35.244025], [128.585307, 35.243735], [128.584824, 35.243426], [128.584471, 35.243191], [128.584111, 35.242936], [128.58383, 35.242728], [128.583288, 35.242336], [128.582916, 35.242046], [128.582673, 35.241865], [128.582398, 35.241659], [128.58221, 35.241511], [128.582023, 35.241354], [128.581845, 35.241198], [128.581565, 35.240939], [128.580574, 35.240017], [128.58048, 35.23993], [128.579969, 35.239452], [128.579908, 35.239396], [128.579804, 35.239298], [128.579699, 35.2392], [128.578455, 35.238039], [128.576705, 35.236379]]}}, {"type": "Feature", "properties": {"line": "경전선", "from": "마산", "to": "중리", "km": 6.48, "down": 783403, "up": 784956, "daily": 4297, "density": 4297}, "geometry": {"type": "LineString", "coordinates": [[128.576705, 35.236379], [128.573808, 35.233631], [128.573659, 35.233491], [128.57185, 35.231802], [128.571189, 35.231187], [128.570573, 35.230643], [128.570216, 35.23034], [128.56979, 35.229958], [128.569351, 35.229591], [128.569033, 35.229347], [128.568715, 35.229112], [128.568436, 35.228917], [128.568138, 35.22872], [128.5678, 35.228504], [128.567304, 35.228223], [128.566086, 35.227629], [128.564666, 35.227133], [128.563101, 35.226814], [128.561255, 35.226657], [128.560589, 35.226692], [128.559277, 35.226759], [128.557379, 35.227107], [128.555709, 35.227608], [128.554065, 35.228256], [128.552602, 35.228985], [128.52665, 35.245206], [128.525575, 35.245864], [128.524651, 35.246431], [128.520983, 35.248677], [128.519237, 35.249743]]}}, {"type": "Feature", "properties": {"line": "경전선", "from": "중리", "to": "함안", "km": 8.776, "down": 790581, "up": 787025, "daily": 4322, "density": 4322}, "geometry": {"type": "LineString", "coordinates": [[128.519237, 35.249743], [128.518428, 35.250236], [128.517454, 35.250831], [128.516624, 35.251334], [128.515989, 35.251728], [128.514604, 35.252519], [128.514131, 35.252749], [128.513807, 35.252891], [128.513457, 35.253044], [128.513118, 35.253178], [128.512637, 35.253354], [128.511972, 35.253576], [128.511549, 35.253701], [128.511083, 35.253827], [128.510806, 35.253904], [128.510571, 35.253951], [128.509777, 35.254077], [128.50887, 35.254137], [128.50787, 35.25415], [128.46637, 35.253469], [128.465517, 35.253416], [128.464679, 35.25331], [128.463947, 35.25317], [128.461541, 35.252632], [128.459678, 35.25224], [128.459377, 35.252176], [128.457508, 35.251782], [128.448674, 35.249937], [128.447146, 35.249714], [128.445477, 35.249572], [128.443484, 35.249498], [128.43505, 35.24947], [128.433286, 35.24944], [128.431282, 35.249409], [128.428611, 35.249374], [128.425395, 35.24936], [128.424658, 35.249349]]}}, {"type": "Feature", "properties": {"line": "경전선", "from": "함안", "to": "군북", "km": 6.949, "down": 770925, "up": 766193, "daily": 4211, "density": 4211}, "geometry": {"type": "LineString", "coordinates": [[128.424658, 35.249349], [128.421804, 35.249307], [128.420562, 35.249272], [128.417787, 35.249243], [128.417024, 35.24925], [128.416098, 35.249258], [128.415285, 35.249307], [128.414547, 35.249392], [128.413527, 35.249527], [128.412823, 35.249631], [128.41182, 35.249816], [128.411227, 35.24995], [128.410663, 35.250089], [128.410127, 35.250233], [128.409546, 35.250404], [128.408218, 35.250823], [128.407166, 35.251176], [128.389028, 35.256819], [128.385856, 35.257732], [128.382878, 35.258612], [128.381956, 35.258879], [128.381426, 35.259007], [128.380899, 35.259121], [128.380395, 35.25922], [128.379864, 35.259305], [128.37914, 35.259397], [128.378416, 35.259466], [128.377697, 35.259514], [128.377046, 35.259533], [128.376477, 35.259529], [128.375939, 35.259517], [128.375272, 35.259493], [128.374949, 35.259474], [128.374467, 35.259433], [128.374062, 35.259383], [128.373532, 35.259302], [128.372989, 35.259195], [128.372425, 35.259072], [128.372083, 35.258997], [128.371714, 35.258902], [128.371001, 35.2587], [128.370659, 35.258588], [128.370307, 35.258477], [128.368406, 35.257856], [128.367527, 35.25755], [128.36352, 35.256138], [128.35574, 35.253451], [128.354677, 35.253063], [128.352013, 35.252131]]}}, {"type": "Feature", "properties": {"line": "경전선", "from": "군북", "to": "반성", "km": 13.481, "down": 752615, "up": 747766, "daily": 4111, "density": 4111}, "geometry": {"type": "LineString", "coordinates": [[128.352013, 35.252131], [128.350619, 35.251643], [128.349107, 35.251122], [128.348572, 35.250912], [128.345131, 35.249681], [128.343706, 35.249212], [128.338831, 35.247462], [128.338127, 35.247178], [128.337394, 35.246842], [128.336794, 35.246546], [128.33617, 35.24623], [128.335652, 35.245924], [128.335126, 35.245569], [128.334796, 35.245346], [128.334457, 35.245108], [128.334115, 35.244849], [128.333713, 35.244518], [128.333333, 35.244183], [128.332942, 35.243812], [128.332593, 35.243472], [128.332244, 35.243094], [128.331918, 35.242716], [128.331654, 35.242385], [128.331391, 35.242037], [128.331111, 35.241654], [128.33077, 35.241135], [128.330438, 35.240526], [128.330196, 35.240022], [128.329955, 35.239472], [128.329701, 35.238838], [128.329469, 35.238147], [128.329073, 35.23679], [128.327953, 35.232724], [128.327278, 35.23022], [128.325665, 35.22451], [128.32548, 35.223857], [128.325099, 35.222629], [128.324553, 35.220768], [128.32377, 35.218885], [128.32282, 35.217185], [128.318632, 35.211515], [128.317805, 35.210383], [128.31577, 35.207358], [128.314813, 35.205728], [128.313281, 35.203347], [128.312635, 35.202395], [128.31208, 35.201538], [128.31158, 35.200771], [128.310284, 35.198955], [128.307106, 35.194085], [128.305953, 35.192383], [128.305587, 35.191822], [128.302992, 35.188095], [128.302019, 35.186432], [128.301378, 35.185787], [128.300422, 35.184696], [128.299419, 35.183413], [128.298767, 35.182795], [128.297817, 35.181945], [128.297365, 35.18155], [128.296214, 35.180599], [128.294487, 35.179389], [128.293361, 35.178675], [128.292465, 35.178165], [128.291477, 35.177649], [128.290514, 35.177186], [128.289472, 35.176758], [128.288699, 35.176474], [128.287231, 35.175961], [128.285763, 35.17555], [128.284339, 35.175198], [128.282959, 35.174891], [128.282328, 35.174779], [128.281771, 35.174671], [128.281344, 35.174608], [128.280398, 35.1745], [128.279707, 35.174415], [128.279073, 35.174354], [128.277748, 35.17425], [128.277128, 35.174219], [128.276324, 35.174199], [128.275664, 35.174195], [128.275296, 35.174195], [128.274637, 35.174207], [128.271161, 35.174304], [128.264262, 35.174526], [128.263752, 35.174543], [128.2632, 35.174561], [128.262035, 35.174598], [128.262002, 35.174599], [128.258239, 35.174714]]}}, {"type": "Feature", "properties": {"line": "경전선", "from": "반성", "to": "진주", "km": 13.293, "down": 742794, "up": 739019, "daily": 4060, "density": 4060}, "geometry": {"type": "LineString", "coordinates": [[128.258239, 35.174714], [128.253892, 35.174846], [128.253698, 35.174852], [128.252562, 35.174877], [128.25184, 35.174898], [128.248648, 35.174982], [128.240042, 35.175202], [128.238111, 35.175093], [128.236195, 35.174872], [128.234192, 35.174474], [128.228597, 35.173061], [128.226869, 35.172701], [128.226108, 35.172517], [128.225197, 35.172286], [128.22458, 35.172138], [128.223796, 35.171929], [128.191614, 35.164582], [128.190167, 35.164124], [128.188663, 35.163513], [128.174718, 35.157195], [128.17295, 35.156444], [128.171228, 35.155699], [128.168646, 35.154597], [128.165442, 35.153201], [128.163541, 35.152576], [128.162849, 35.152375], [128.162101, 35.152172], [128.160698, 35.151853], [128.159609, 35.151654], [128.158223, 35.151464], [128.156678, 35.151351], [128.155283, 35.151328], [128.154291, 35.151361], [128.149869, 35.151764], [128.149621, 35.151788], [128.146691, 35.152069], [128.146271, 35.15211], [128.144385, 35.152282], [128.139706, 35.152727], [128.138043, 35.152893], [128.132244, 35.153386], [128.131459, 35.153409], [128.130679, 35.153352], [128.129951, 35.153249], [128.129143, 35.153092], [128.128473, 35.152931], [128.1278, 35.152762], [128.126571, 35.152443], [128.126192, 35.152344], [128.125883, 35.152264], [128.124765, 35.151951], [128.12336, 35.151566], [128.12331, 35.151554], [128.12259, 35.151349], [128.122349, 35.151282], [128.121525, 35.15105], [128.120084, 35.150635], [128.118339, 35.150144]]}}, {"type": "Feature", "properties": {"line": "경전선", "from": "진주", "to": "완사", "km": 13.208, "down": 304521, "up": 287770, "daily": 1623, "density": 1623}, "geometry": {"type": "LineString", "coordinates": [[128.118339, 35.150144], [128.11831, 35.150136], [128.116377, 35.14957], [128.11377, 35.148826], [128.113406, 35.148718], [128.111467, 35.148223], [128.110869, 35.14807], [128.107267, 35.147004], [128.107068, 35.146963], [128.105928, 35.146737], [128.105011, 35.146604], [128.104204, 35.146546], [128.102975, 35.146486], [128.100629, 35.146444], [128.097163, 35.146376], [128.095804, 35.146351], [128.095578, 35.146345], [128.092723, 35.146284], [128.09117, 35.146248], [128.087538, 35.146183], [128.087003, 35.146173], [128.085795, 35.146149], [128.085572, 35.146146], [128.083096, 35.146097], [128.08277, 35.146091], [128.082191, 35.146071], [128.081142, 35.14602], [128.080246, 35.145969], [128.079521, 35.145917], [128.078675, 35.145838], [128.067214, 35.144739], [128.065701, 35.144568], [128.064803, 35.144503], [128.064238, 35.144461], [128.062872, 35.144421], [128.061199, 35.144439], [128.060342, 35.144467], [128.059608, 35.144525], [128.05889, 35.144617], [128.057433, 35.144816], [128.056342, 35.144972], [128.055964, 35.145022], [128.055242, 35.145117], [128.046369, 35.146161], [128.044921, 35.146284], [128.042255, 35.146406], [128.039821, 35.146444], [128.037315, 35.146364], [128.034681, 35.146215], [128.034245, 35.146192], [128.032952, 35.146123], [128.028837, 35.145904], [128.021103, 35.145538], [128.018983, 35.145408], [128.016022, 35.145237], [128.012439, 35.145024], [128.002001, 35.144428], [128.000953, 35.144341], [127.999915, 35.144182], [127.999045, 35.14407], [127.998141, 35.143901], [127.997236, 35.143688], [127.995013, 35.142962], [127.993095, 35.142393], [127.992902, 35.142331], [127.991596, 35.14191], [127.990521, 35.141495], [127.989548, 35.141025], [127.984673, 35.138521], [127.98312, 35.13772], [127.98046, 35.136334], [127.979846, 35.136014], [127.978274, 35.135206], [127.977153, 35.13463]]}}, {"type": "Feature", "properties": {"line": "경전선", "from": "완사", "to": "북천", "km": 9.283, "down": 302148, "up": 285396, "daily": 1610, "density": 1610}, "geometry": {"type": "LineString", "coordinates": [[127.977153, 35.13463], [127.975325, 35.133691], [127.974139, 35.133065], [127.971716, 35.131794], [127.971086, 35.131448], [127.971018, 35.131398], [127.970547, 35.131055], [127.969628, 35.130258], [127.969381, 35.130026], [127.967838, 35.128567], [127.965216, 35.125753], [127.964265, 35.124689], [127.963081, 35.123633], [127.961706, 35.122652], [127.960037, 35.121988], [127.957756, 35.121239], [127.957462, 35.121155], [127.95504, 35.120506], [127.952701, 35.11998], [127.951996, 35.119854], [127.948502, 35.119231], [127.948169, 35.11917], [127.946562, 35.118878], [127.93917, 35.117598], [127.937587, 35.117317], [127.937198, 35.117254], [127.936317, 35.117097], [127.934832, 35.116826], [127.93413, 35.116682], [127.933252, 35.116486], [127.931906, 35.116146], [127.930855, 35.115881], [127.929995, 35.115658], [127.928907, 35.115375], [127.927494, 35.115029], [127.925828, 35.114601], [127.924302, 35.114175], [127.922811, 35.113757], [127.917847, 35.112443], [127.91681, 35.112168], [127.912402, 35.111036], [127.91135, 35.11082], [127.910649, 35.1107], [127.906609, 35.110135], [127.904533, 35.109969], [127.903429, 35.10989], [127.902186, 35.109796], [127.899965, 35.109629], [127.898158, 35.109692], [127.896882, 35.109782], [127.89568, 35.1099], [127.895053, 35.109976], [127.894572, 35.110045], [127.894305, 35.110084], [127.889744, 35.110734], [127.888077, 35.111002], [127.886626, 35.111216], [127.885457, 35.111387], [127.883587, 35.111696]]}}, {"type": "Feature", "properties": {"line": "경전선", "from": "북천", "to": "횡천", "km": 7.942, "down": 296304, "up": 279743, "daily": 1578, "density": 1578}, "geometry": {"type": "LineString", "coordinates": [[127.883587, 35.111696], [127.88182, 35.111989], [127.880482, 35.112208], [127.879377, 35.112389], [127.876645, 35.112825], [127.875357, 35.113051], [127.872286, 35.113591], [127.867923, 35.114083], [127.86432, 35.114248], [127.861401, 35.114256], [127.858213, 35.114128], [127.826456, 35.109786], [127.822318, 35.109235], [127.816036, 35.108342], [127.814418, 35.108097], [127.813823, 35.107993], [127.812882, 35.107795], [127.812135, 35.107607], [127.811495, 35.107416], [127.810823, 35.107188], [127.810146, 35.106915], [127.809665, 35.106692], [127.809082, 35.106386], [127.807898, 35.105652], [127.807118, 35.105071], [127.806728, 35.10474], [127.80635, 35.104395], [127.805706, 35.103759], [127.802101, 35.099809], [127.801635, 35.099298]]}}, {"type": "Feature", "properties": {"line": "경전선", "from": "횡천", "to": "하동", "km": 5.417, "down": 290737, "up": 274051, "daily": 1547, "density": 1547}, "geometry": {"type": "LineString", "coordinates": [[127.801635, 35.099298], [127.801043, 35.09865], [127.798376, 35.095728], [127.796412, 35.09359], [127.783141, 35.079087], [127.780995, 35.076713], [127.779962, 35.075653], [127.779429, 35.075127], [127.778143, 35.07396], [127.776835, 35.072863], [127.775642, 35.071953], [127.774434, 35.071085], [127.774012, 35.070781], [127.772954, 35.070074], [127.772014, 35.069489], [127.769294, 35.067916], [127.76804, 35.067191], [127.763591, 35.064618], [127.763192, 35.064388], [127.761842, 35.063612]]}}, {"type": "Feature", "properties": {"line": "경전선", "from": "하동", "to": "진상", "km": 6.863, "down": 270592, "up": 254173, "daily": 1438, "density": 1438}, "geometry": {"type": "LineString", "coordinates": [[127.761842, 35.063612], [127.759247, 35.062119], [127.758847, 35.06189], [127.754385, 35.059294], [127.747788, 35.055451], [127.745845, 35.054409], [127.743989, 35.053232], [127.742057, 35.051774], [127.740588, 35.050483], [127.739024, 35.048859], [127.731452, 35.039834], [127.727316, 35.035008], [127.726821, 35.034408], [127.726334, 35.033749], [127.725876, 35.033042], [127.725427, 35.032316], [127.724989, 35.031492], [127.724653, 35.030778], [127.72456, 35.030554], [127.724426, 35.030227], [127.724142, 35.029492], [127.723874, 35.028711], [127.723618, 35.02789], [127.723314, 35.02685], [127.722481, 35.024233], [127.721757, 35.021936], [127.721203, 35.019886], [127.720647, 35.018186], [127.720619, 35.018098], [127.720045, 35.016216], [127.719697, 35.01509]]}}, {"type": "Feature", "properties": {"line": "경전선", "from": "진상", "to": "광양", "km": 14.223, "down": 268894, "up": 252071, "daily": 1427, "density": 1427}, "geometry": {"type": "LineString", "coordinates": [[127.719697, 35.01509], [127.71934, 35.013934], [127.719, 35.012957], [127.718078, 35.009817], [127.717535, 35.008411], [127.717097, 35.007368], [127.716747, 35.006593], [127.71628, 35.005832], [127.716011, 35.00543], [127.715808, 35.005127], [127.715205, 35.004333], [127.714494, 35.003458], [127.713794, 35.002681], [127.713387, 35.002263], [127.713065, 35.001955], [127.711757, 35.000762], [127.709931, 34.999555], [127.707404, 34.998286], [127.705094, 34.99709], [127.703288, 34.996714], [127.701707, 34.996441], [127.700439, 34.99622], [127.699167, 34.995999], [127.697096, 34.995639], [127.69672, 34.995574], [127.688907, 34.994276], [127.688546, 34.994213], [127.685734, 34.993721], [127.681182, 34.992925], [127.669949, 34.990987], [127.669411, 34.99091], [127.668057, 34.990716], [127.667544, 34.990627], [127.667, 34.990516], [127.666301, 34.990338], [127.66536, 34.990077], [127.664462, 34.989785], [127.6636, 34.989466], [127.662753, 34.989122], [127.604758, 34.963052], [127.60447, 34.962945], [127.598939, 34.960706], [127.594556, 34.958946], [127.593443, 34.958495], [127.59292, 34.958276], [127.592664, 34.958168], [127.592222, 34.957983], [127.59191, 34.957853], [127.591697, 34.957763], [127.590779, 34.957391], [127.590273, 34.957178], [127.589611, 34.956905], [127.587811, 34.956167]]}}, {"type": "Feature", "properties": {"line": "경전선", "from": "광양", "to": "순천", "km": 8.108, "down": 258174, "up": 242511, "daily": 1372, "density": 1372}, "geometry": {"type": "LineString", "coordinates": [[127.587811, 34.956167], [127.586498, 34.955628], [127.58449, 34.9548], [127.583393, 34.954348], [127.583212, 34.954273], [127.58304, 34.954205], [127.582167, 34.953848], [127.581022, 34.953378], [127.579251, 34.952618], [127.576313, 34.951374], [127.570737, 34.949066], [127.566042, 34.947163], [127.565678, 34.947051], [127.563116, 34.94626], [127.562448, 34.946053], [127.561874, 34.945872], [127.561547, 34.945773], [127.557867, 34.94474], [127.55618, 34.94428], [127.555239, 34.944025], [127.554991, 34.943956], [127.55313, 34.943434], [127.550822, 34.942789], [127.549747, 34.942496], [127.548272, 34.942094], [127.547602, 34.941906], [127.545516, 34.941324], [127.544865, 34.941147], [127.544425, 34.941042], [127.543746, 34.940904], [127.543246, 34.940826], [127.542649, 34.940767], [127.542036, 34.940734], [127.540987, 34.940746], [127.540427, 34.940787], [127.539929, 34.94084], [127.539357, 34.940915], [127.538828, 34.940997], [127.537397, 34.941231], [127.532591, 34.942011], [127.531609, 34.942179], [127.53108, 34.942253], [127.530424, 34.942339], [127.529781, 34.942414], [127.529118, 34.942479], [127.528467, 34.942533], [127.527778, 34.94258], [127.527189, 34.942613], [127.526618, 34.942636], [127.525957, 34.94265], [127.525477, 34.942657], [127.525097, 34.942658], [127.524412, 34.942644], [127.51608, 34.942502], [127.51596, 34.9425], [127.513545, 34.94246], [127.513419, 34.942458], [127.512792, 34.942445], [127.512207, 34.942439], [127.511927, 34.942439], [127.511583, 34.942452], [127.511312, 34.942475], [127.511056, 34.942512], [127.510788, 34.942564], [127.510594, 34.942609], [127.510339, 34.942682], [127.510193, 34.942738], [127.5101, 34.942774], [127.509891, 34.942854], [127.509623, 34.942971], [127.508998, 34.943263], [127.507381, 34.944048], [127.504029, 34.94577]]}}, {"type": "Feature", "properties": {"line": "경전선", "from": "순천", "to": "벌교", "km": 23.627, "down": 72993, "up": 79109, "daily": 417, "density": 417, "through": 1}, "geometry": {"type": "LineString", "coordinates": [[127.504029, 34.94577], [127.503092, 34.946251], [127.50188, 34.946868], [127.501271, 34.947186], [127.501037, 34.947302], [127.500433, 34.947614], [127.500174, 34.947736], [127.499637, 34.947994], [127.499141, 34.948242], [127.498771, 34.948431], [127.498423, 34.948588], [127.498042, 34.948746], [127.497712, 34.948855], [127.497388, 34.948955], [127.497124, 34.949019], [127.496863, 34.949068], [127.496618, 34.949107], [127.496204, 34.949142], [127.495805, 34.949156], [127.495719, 34.949146], [127.495629, 34.949135], [127.49544, 34.949103], [127.495304, 34.949079], [127.495193, 34.949062], [127.495086, 34.949043], [127.494974, 34.949021], [127.494861, 34.949], [127.494748, 34.948973], [127.494641, 34.948951], [127.494533, 34.948918], [127.494429, 34.948885], [127.494322, 34.948852], [127.494216, 34.948825], [127.494043, 34.948777], [127.493983, 34.948754], [127.493331, 34.94841], [127.492954, 34.948156], [127.49267, 34.947928], [127.492477, 34.947722], [127.492289, 34.94749], [127.492007, 34.947108], [127.491801, 34.946653], [127.491693, 34.946332], [127.491625, 34.945892], [127.491615, 34.945764], [127.491602, 34.945548], [127.491504, 34.943759], [127.491291, 34.939778], [127.491218, 34.938165], [127.491039, 34.934851], [127.491033, 34.934379], [127.491001, 34.933834], [127.490967, 34.933566], [127.490956, 34.933482], [127.490927, 34.933332], [127.490902, 34.93323], [127.489494, 34.929773], [127.487881, 34.926225], [127.487789, 34.926069], [127.487137, 34.924961], [127.486731, 34.924466], [127.485742, 34.923259], [127.485719, 34.923231], [127.485303, 34.922482], [127.485301, 34.922479], [127.485112, 34.920866], [127.484747, 34.918043], [127.484574, 34.91656], [127.48456, 34.916478], [127.484291, 34.913868], [127.484268, 34.913693], [127.48427, 34.913532], [127.484269, 34.913262], [127.484295, 34.912779], [127.484567, 34.910123], [127.484629, 34.90926], [127.484557, 34.908758], [127.48387, 34.906761], [127.483555, 34.905912], [127.483498, 34.905747], [127.483462, 34.905607], [127.483441, 34.905391], [127.483433, 34.905228], [127.483428, 34.905121], [127.483443, 34.904884], [127.483637, 34.903448], [127.483625, 34.903048], [127.483609, 34.902871], [127.483528, 34.902586], [127.483413, 34.902324], [127.483302, 34.902111], [127.48314, 34.901875], [127.482922, 34.90161], [127.482714, 34.901417], [127.482441, 34.901209], [127.482088, 34.900984], [127.481487, 34.900565], [127.481213, 34.900341], [127.481002, 34.900138], [127.480865, 34.899968], [127.480743, 34.899802], [127.480635, 34.899615], [127.479582, 34.897556], [127.47904, 34.896369], [127.478427, 34.895304], [127.477349, 34.893137], [127.477091, 34.892729], [127.476565, 34.892181], [127.476459, 34.892093], [127.476269, 34.891955], [127.476068, 34.891821], [127.475835, 34.891668], [127.475393, 34.891431], [127.474655, 34.891106], [127.473106, 34.890417], [127.471101, 34.889497], [127.470998, 34.88945], [127.46208, 34.885359], [127.458868, 34.88388], [127.458639, 34.88377], [127.458472, 34.88369], [127.457915, 34.883424], [127.457321, 34.882966], [127.456843, 34.882339], [127.455792, 34.880147], [127.454593, 34.87777], [127.454282, 34.87735], [127.454127, 34.877203], [127.454029, 34.877119], [127.45334, 34.876612], [127.452664, 34.876278], [127.452264, 34.876081], [127.451837, 34.875774], [127.451513, 34.875496], [127.451038, 34.874947], [127.450815, 34.874558], [127.450624, 34.874079], [127.450001, 34.872258], [127.448678, 34.868192], [127.448472, 34.867591], [127.448352, 34.867226], [127.448293, 34.86705], [127.447817, 34.865568], [127.447568, 34.864829], [127.447513, 34.864664], [127.447178, 34.863918], [127.447023, 34.863585], [127.446285, 34.861358], [127.445978, 34.860743], [127.445314, 34.86009], [127.444393, 34.859716], [127.443221, 34.859369], [127.442026, 34.859023], [127.441146, 34.858741], [127.440994, 34.858686], [127.44056, 34.858522], [127.439386, 34.857942], [127.438329, 34.856861], [127.438114, 34.856591], [127.438093, 34.856564], [127.438052, 34.856513], [127.438032, 34.856484], [127.43749, 34.855703], [127.43729, 34.85535], [127.436858, 34.854751], [127.436349, 34.854176], [127.434805, 34.85285], [127.432722, 34.85114], [127.432187, 34.850698], [127.431933, 34.850447], [127.431652, 34.850101], [127.431455, 34.849771], [127.431289, 34.849385], [127.431174, 34.848992], [127.431066, 34.848249], [127.430869, 34.847033], [127.430633, 34.845608], [127.430468, 34.844737], [127.430375, 34.844065], [127.430083, 34.842183], [127.429952, 34.84152], [127.429868, 34.841148], [127.42971, 34.840805], [127.429537, 34.840537], [127.429147, 34.840099], [127.428917, 34.839897], [127.428743, 34.839737], [127.428545, 34.839599], [127.427977, 34.839319], [127.427352, 34.839073], [127.426924, 34.838985], [127.426318, 34.838932], [127.42578, 34.83893], [127.425206, 34.838998], [127.423006, 34.839497], [127.41876, 34.840513], [127.418035, 34.840768], [127.41791, 34.84082], [127.417175, 34.841183], [127.413714, 34.84295], [127.412337, 34.843658], [127.412161, 34.843748], [127.411959, 34.843851], [127.411548, 34.844057], [127.411288, 34.844186], [127.410381, 34.844613], [127.409562, 34.844857], [127.408725, 34.845003], [127.40577, 34.845304], [127.404547, 34.845473], [127.402537, 34.846088], [127.400163, 34.846774], [127.399301, 34.847087], [127.399049, 34.847152], [127.398702, 34.847221], [127.398317, 34.847259], [127.397895, 34.847277], [127.397493, 34.847254], [127.397023, 34.847192], [127.396426, 34.847066], [127.396314, 34.847034], [127.396262, 34.847017], [127.396163, 34.846991], [127.394622, 34.846549], [127.393012, 34.846306], [127.392145, 34.846302], [127.38867, 34.846473], [127.386853, 34.846562], [127.386168, 34.846601], [127.384408, 34.846664], [127.383358, 34.846607], [127.382368, 34.846306], [127.380408, 34.845555], [127.379013, 34.845453], [127.377642, 34.84573], [127.37685, 34.846056], [127.375079, 34.847144], [127.374037, 34.847636], [127.369889, 34.848884], [127.368898, 34.848983], [127.36658, 34.848912], [127.366229, 34.848857], [127.365885, 34.848782], [127.365629, 34.848703], [127.365351, 34.848609], [127.365097, 34.848515], [127.364768, 34.848355], [127.363882, 34.847904], [127.361965, 34.846933], [127.361292, 34.846589], [127.360932, 34.846441], [127.360599, 34.846305], [127.36027, 34.846227], [127.359952, 34.846172], [127.359665, 34.846123], [127.358821, 34.845981], [127.357358, 34.845786], [127.356481, 34.845666], [127.356371, 34.845651], [127.352836, 34.845169], [127.352263, 34.845062], [127.351767, 34.844949], [127.35147, 34.844866], [127.350813, 34.844591], [127.350619, 34.844494], [127.350051, 34.844185], [127.348694, 34.843451], [127.348248, 34.843208], [127.348175, 34.843168], [127.347376, 34.842731], [127.345579, 34.841779]]}}, {"type": "Feature", "properties": {"line": "경전선", "from": "벌교", "to": "조성", "km": 10.694, "down": 73445, "up": 79822, "daily": 420, "density": 420}, "geometry": {"type": "LineString", "coordinates": [[127.345579, 34.841779], [127.345327, 34.841645], [127.344519, 34.841297], [127.3442, 34.841145], [127.343733, 34.840899], [127.343541, 34.840787], [127.343461, 34.840731], [127.343047, 34.84036], [127.342599, 34.839755], [127.342193, 34.839047], [127.341903, 34.838601], [127.341809, 34.838462], [127.341588, 34.838177], [127.341373, 34.83793], [127.340945, 34.837567], [127.34045, 34.837237], [127.33614, 34.834728], [127.335504, 34.834392], [127.335221, 34.834242], [127.334734, 34.834063], [127.334134, 34.833913], [127.333401, 34.833803], [127.332158, 34.833719], [127.330601, 34.833639], [127.32989, 34.833686], [127.32937, 34.833751], [127.327493, 34.834033], [127.326867, 34.834084], [127.325982, 34.83409], [127.322423, 34.834048], [127.320117, 34.833659], [127.317309, 34.832941], [127.315922, 34.832587], [127.314541, 34.832178], [127.314019, 34.831997], [127.313725, 34.831843], [127.313579, 34.831761], [127.313259, 34.831504], [127.313086, 34.831372], [127.312465, 34.830579], [127.309939, 34.827388], [127.309852, 34.827269], [127.307733, 34.824607], [127.307308, 34.824125], [127.306703, 34.823605], [127.304974, 34.822307], [127.304548, 34.82202], [127.304249, 34.821859], [127.303873, 34.821683], [127.303399, 34.821508], [127.303109, 34.821424], [127.299442, 34.82075], [127.299083, 34.82067], [127.29858, 34.820504], [127.29807, 34.820284], [127.297787, 34.820135], [127.296391, 34.819087], [127.296068, 34.818846], [127.29463, 34.818156], [127.293355, 34.817575], [127.292015, 34.816923], [127.29143, 34.81659], [127.290836, 34.816147], [127.289902, 34.815479], [127.28844, 34.814471], [127.287186, 34.813429], [127.284895, 34.811233], [127.284559, 34.810827], [127.284322, 34.810434], [127.284099, 34.809929], [127.283727, 34.808838], [127.283551, 34.808419], [127.283251, 34.807992], [127.281896, 34.806898], [127.281168, 34.806329], [127.280465, 34.805891], [127.279831, 34.805678], [127.27923, 34.805564], [127.278104, 34.805464], [127.271602, 34.804884], [127.270936, 34.80489], [127.270254, 34.804964], [127.269442, 34.805184], [127.263034, 34.807191], [127.262941, 34.80722], [127.260334, 34.808037], [127.260241, 34.808066], [127.260157, 34.808092], [127.257712, 34.808799], [127.257508, 34.808825], [127.257409, 34.808837], [127.257395, 34.808839], [127.256559, 34.808839], [127.255982, 34.808759], [127.252658, 34.807846], [127.251479, 34.807497], [127.250556, 34.807235], [127.248356, 34.806596]]}}, {"type": "Feature", "properties": {"line": "경전선", "from": "조성", "to": "예당", "km": 5.258, "down": 74298, "up": 79868, "daily": 422, "density": 422}, "geometry": {"type": "LineString", "coordinates": [[127.248356, 34.806596], [127.247648, 34.80639], [127.246773, 34.806142], [127.245797, 34.80585], [127.245437, 34.805715], [127.245172, 34.805596], [127.244895, 34.805459], [127.244209, 34.805067], [127.242369, 34.803573], [127.242016, 34.803286], [127.241626, 34.80297], [127.234961, 34.797558], [127.234895, 34.797509], [127.234375, 34.797125], [127.233827, 34.796845], [127.232951, 34.796399], [127.232484, 34.796162], [127.228168, 34.793964], [127.225596, 34.792654], [127.223668, 34.791673], [127.222046, 34.790727], [127.219162, 34.788955], [127.217234, 34.787737], [127.213464, 34.78537], [127.213385, 34.785321], [127.213153, 34.785174], [127.20973, 34.78303], [127.206674, 34.781115], [127.206178, 34.78081], [127.2058, 34.780582], [127.202832, 34.778791], [127.202406, 34.778507]]}}, {"type": "Feature", "properties": {"line": "경전선", "from": "예당", "to": "득량", "km": 4.344, "down": 75379, "up": 79851, "daily": 425, "density": 425}, "geometry": {"type": "LineString", "coordinates": [[127.202406, 34.778507], [127.201209, 34.777708], [127.200985, 34.777554], [127.198229, 34.775812], [127.198062, 34.775705], [127.197776, 34.77553], [127.19724, 34.775191], [127.197008, 34.775026], [127.196802, 34.774848], [127.196697, 34.774756], [127.196543, 34.774576], [127.196212, 34.774039], [127.19614, 34.773872], [127.196079, 34.773655], [127.196032, 34.77346], [127.196011, 34.773235], [127.19601, 34.772984], [127.196037, 34.772774], [127.196376, 34.771155], [127.196773, 34.769222], [127.196793, 34.76906], [127.196808, 34.768894], [127.196807, 34.768643], [127.196784, 34.768418], [127.196723, 34.7682], [127.196639, 34.767966], [127.196556, 34.767789], [127.196463, 34.76763], [127.196369, 34.767493], [127.196268, 34.76736], [127.196133, 34.76722], [127.196018, 34.767098], [127.195939, 34.767025], [127.195792, 34.766891], [127.19564, 34.766772], [127.19506, 34.766415], [127.193887, 34.765673], [127.19321, 34.76527], [127.192972, 34.765119], [127.192074, 34.76458], [127.191838, 34.764423], [127.191527, 34.764176], [127.191303, 34.763966], [127.191098, 34.763765], [127.190324, 34.762903], [127.189963, 34.762539], [127.189393, 34.761926], [127.188271, 34.760731], [127.187135, 34.759475], [127.186841, 34.759223], [127.186666, 34.759104], [127.186483, 34.758979], [127.18605, 34.758744], [127.185511, 34.758572], [127.185112, 34.75851], [127.184634, 34.758466], [127.184235, 34.758489], [127.183902, 34.758526], [127.183384, 34.758621], [127.180747, 34.75911], [127.173588, 34.760484], [127.171639, 34.760859], [127.170316, 34.761137]]}}, {"type": "Feature", "properties": {"line": "경전선", "from": "득량", "to": "보성", "km": 8.969, "down": 76344, "up": 80528, "daily": 430, "density": 430}, "geometry": {"type": "LineString", "coordinates": [[127.170316, 34.761137], [127.168788, 34.761457], [127.167996, 34.761671], [127.167186, 34.761861], [127.166388, 34.761984], [127.165908, 34.762107], [127.165554, 34.76223], [127.165218, 34.762394], [127.164771, 34.762666], [127.164281, 34.763028], [127.162985, 34.764347], [127.162617, 34.764809], [127.160346, 34.767228], [127.157899, 34.769966], [127.157171, 34.770686], [127.156817, 34.770948], [127.156391, 34.771147], [127.155943, 34.77129], [127.155484, 34.771392], [127.15497, 34.771438], [127.153638, 34.771253], [127.152653, 34.771243], [127.152146, 34.771279], [127.149967, 34.771634], [127.149562, 34.771648], [127.149242, 34.77163], [127.147374, 34.771262], [127.146924, 34.771222], [127.146361, 34.771228], [127.146047, 34.771259], [127.145454, 34.77138], [127.1451, 34.771504], [127.144505, 34.771807], [127.144035, 34.771994], [127.143638, 34.772161], [127.143212, 34.77226], [127.142971, 34.772304], [127.142599, 34.772343], [127.142316, 34.772342], [127.142171, 34.77233], [127.141871, 34.772288], [127.141079, 34.772143], [127.140124, 34.771843], [127.137062, 34.770929], [127.134552, 34.770268], [127.134116, 34.770191], [127.133702, 34.770173], [127.133175, 34.770212], [127.132638, 34.770308], [127.132111, 34.770457], [127.131698, 34.770651], [127.13146, 34.770817], [127.131119, 34.771078], [127.130782, 34.771402], [127.129333, 34.772723], [127.129052, 34.772948], [127.128806, 34.773092], [127.12849, 34.773266], [127.128044, 34.773444], [127.127565, 34.773604], [127.127101, 34.773742], [127.126624, 34.773851], [127.126235, 34.773893], [127.125834, 34.773886], [127.118873, 34.773196], [127.115977, 34.772939], [127.112993, 34.772616], [127.108944, 34.772182], [127.107591, 34.772054], [127.106227, 34.771911], [127.106141, 34.771902], [127.104467, 34.771741], [127.104042, 34.771739], [127.103811, 34.771752], [127.103619, 34.771778], [127.103207, 34.771836], [127.102867, 34.771919], [127.102015, 34.772203], [127.101323, 34.772424], [127.100901, 34.772516], [127.100401, 34.772568], [127.100014, 34.772577], [127.099711, 34.772573], [127.099336, 34.772536], [127.098879, 34.772458], [127.098519, 34.772371], [127.09788, 34.772163], [127.097547, 34.772064], [127.097158, 34.771916], [127.096772, 34.771746], [127.096403, 34.771552], [127.096109, 34.771352], [127.095895, 34.771189], [127.095694, 34.77101], [127.095581, 34.770887], [127.094933, 34.770161], [127.094671, 34.769899], [127.094354, 34.769619], [127.094275, 34.769565], [127.094084, 34.769436], [127.093979, 34.769364], [127.093654, 34.769191], [127.093287, 34.769033], [127.092885, 34.768895], [127.0893, 34.767946], [127.088691, 34.767782], [127.088422, 34.767716], [127.087139, 34.767395], [127.08686, 34.767345], [127.085915, 34.767212], [127.085306, 34.767138], [127.084718, 34.767072], [127.083858, 34.766976], [127.08215, 34.766719]]}}, {"type": "Feature", "properties": {"line": "경전선", "from": "보성", "to": "명봉", "km": 8.906, "down": 81985, "up": 84640, "daily": 457, "density": 457, "through": 1}, "geometry": {"type": "LineString", "coordinates": [[127.08215, 34.766719], [127.081128, 34.766566], [127.08071, 34.766528], [127.079599, 34.766426], [127.077864, 34.766141], [127.077405, 34.766092], [127.076857, 34.766111], [127.07633, 34.7662], [127.075743, 34.766382], [127.075505, 34.766471], [127.075301, 34.766583], [127.074868, 34.766902], [127.074682, 34.767048], [127.074462, 34.767302], [127.074291, 34.767564], [127.074155, 34.767817], [127.07395, 34.768284], [127.073885, 34.769162], [127.074069, 34.770316], [127.074335, 34.772247], [127.074425, 34.772925], [127.074456, 34.773252], [127.074458, 34.773399], [127.074448, 34.773883], [127.074431, 34.774158], [127.074392, 34.77442], [127.074341, 34.77469], [127.074201, 34.775225], [127.073916, 34.776157], [127.073528, 34.777462], [127.073276, 34.778264], [127.073164, 34.77866], [127.07312, 34.778847], [127.073065, 34.779129], [127.07301, 34.779474], [127.072972, 34.77991], [127.072974, 34.780259], [127.073046, 34.780645], [127.073161, 34.780979], [127.073316, 34.781311], [127.073695, 34.781932], [127.075101, 34.783479], [127.076077, 34.7842], [127.076794, 34.784492], [127.078723, 34.785208], [127.079498, 34.785722], [127.079666, 34.785892], [127.079974, 34.786392], [127.081014, 34.789016], [127.081674, 34.790692], [127.081735, 34.790984], [127.081784, 34.791246], [127.081789, 34.791431], [127.081776, 34.791683], [127.081711, 34.792051], [127.081617, 34.792434], [127.081403, 34.792963], [127.081305, 34.79314], [127.081078, 34.793436], [127.080913, 34.793616], [127.080775, 34.793748], [127.08057, 34.793956], [127.080153, 34.794297], [127.079759, 34.794536], [127.079398, 34.794714], [127.078885, 34.794896], [127.074975, 34.795902], [127.074016, 34.79615], [127.073042, 34.796524], [127.072822, 34.796609], [127.071999, 34.796989], [127.071624, 34.797212], [127.071379, 34.797357], [127.071079, 34.797656], [127.070799, 34.797986], [127.070772, 34.798026], [127.070675, 34.798167], [127.0705, 34.798542], [127.070411, 34.798808], [127.070352, 34.799125], [127.070377, 34.799628], [127.070409, 34.800376], [127.07037, 34.800775], [127.070238, 34.801194], [127.070082, 34.801535], [127.069786, 34.801951], [127.069446, 34.802289], [127.068939, 34.802723], [127.068444, 34.803296], [127.068254, 34.803736], [127.068191, 34.803923], [127.068145, 34.804141], [127.068121, 34.804388], [127.068111, 34.804639], [127.068124, 34.804823], [127.068147, 34.804939], [127.068184, 34.805103], [127.068209, 34.805191], [127.068274, 34.805394], [127.068341, 34.805556], [127.068468, 34.805775], [127.070077, 34.808441], [127.071821, 34.81108], [127.071966, 34.811299], [127.074102, 34.814531], [127.075336, 34.815775], [127.078471, 34.819183], [127.078754, 34.819661], [127.07896, 34.82014], [127.079049, 34.82053], [127.079119, 34.821807], [127.079186, 34.823806], [127.079161, 34.824183], [127.079106, 34.824572], [127.07896, 34.825027], [127.078766, 34.825354], [127.07856, 34.825613], [127.077903, 34.826248], [127.077385, 34.826695], [127.075791, 34.827969]]}}, {"type": "Feature", "properties": {"line": "경전선", "from": "명봉", "to": "이양", "km": 12.761, "down": 82353, "up": 85074, "daily": 459, "density": 459}, "geometry": {"type": "LineString", "coordinates": [[127.075791, 34.827969], [127.075655, 34.828078], [127.075315, 34.828407], [127.074934, 34.828921], [127.074609, 34.829441], [127.07414, 34.8307], [127.074037, 34.831545], [127.074089, 34.832043], [127.074124, 34.83222], [127.074407, 34.833829], [127.074436, 34.833996], [127.074648, 34.834955], [127.074762, 34.83561], [127.07529, 34.838352], [127.075343, 34.838755], [127.075342, 34.839031], [127.075318, 34.839262], [127.075274, 34.839489], [127.075097, 34.840103], [127.075006, 34.840388], [127.074861, 34.840781], [127.074641, 34.841444], [127.074419, 34.842127], [127.074178, 34.842746], [127.07401, 34.843089], [127.073867, 34.843353], [127.073708, 34.843603], [127.073527, 34.843827], [127.07324, 34.844134], [127.072734, 34.844556], [127.070782, 34.846174], [127.070291, 34.846555], [127.070052, 34.846783], [127.06981, 34.847028], [127.069544, 34.847339], [127.069388, 34.847574], [127.069272, 34.847812], [127.068876, 34.848851], [127.068766, 34.849144], [127.068656, 34.849334], [127.068483, 34.849603], [127.068359, 34.849768], [127.068192, 34.849949], [127.067976, 34.850117], [127.067794, 34.850234], [127.067275, 34.850507], [127.062046, 34.852032], [127.057955, 34.852989], [127.056498, 34.853302], [127.055254, 34.853357], [127.051442, 34.852961], [127.049914, 34.852861], [127.048867, 34.852829], [127.048329, 34.852877], [127.047832, 34.852924], [127.047149, 34.853056], [127.046461, 34.853235], [127.045359, 34.853584], [127.043235, 34.854165], [127.04199, 34.85472], [127.040832, 34.855618], [127.039963, 34.856912], [127.039094, 34.857819], [127.038332, 34.858356], [127.036615, 34.858902], [127.035006, 34.859562], [127.033895, 34.860134], [127.032141, 34.861036], [127.03116, 34.861507], [127.030151, 34.862242], [127.029347, 34.863215], [127.028858, 34.863739], [127.027946, 34.864294], [127.026761, 34.864584], [127.023773, 34.864923], [127.022657, 34.865112], [127.019252, 34.866423], [127.017684, 34.867027], [127.016504, 34.867344], [127.015088, 34.867463], [127.014095, 34.867414], [127.012841, 34.8672], [127.011682, 34.866979], [127.009148, 34.866521], [127.006923, 34.866094], [127.006618, 34.86605], [127.005628, 34.866021], [127.004676, 34.866149], [127.003777, 34.866532], [127.000764, 34.868429], [127.000168, 34.868778], [126.999728, 34.868992], [126.999296, 34.869172], [126.999028, 34.869258], [126.998531, 34.869375], [126.994765, 34.869833], [126.994207, 34.87], [126.993542, 34.870334], [126.992909, 34.870995], [126.992469, 34.87184], [126.992426, 34.872676], [126.992673, 34.873274], [126.993359, 34.87448], [126.993574, 34.874947], [126.99367, 34.875589], [126.993617, 34.876267], [126.993274, 34.877015], [126.992195, 34.8783], [126.99203, 34.878532], [126.991899, 34.878845], [126.991777, 34.879299], [126.991793, 34.880615], [126.991753, 34.88144], [126.991755, 34.881539], [126.991572, 34.882157], [126.991431, 34.882467], [126.991258, 34.882757], [126.99094, 34.883142], [126.990605, 34.883479], [126.990256, 34.883828], [126.990185, 34.883898], [126.990165, 34.883919], [126.989921, 34.884174], [126.98972, 34.884424], [126.989526, 34.884695], [126.989404, 34.885115], [126.98935, 34.885428], [126.989319, 34.88581], [126.989494, 34.887132], [126.989579, 34.887587], [126.989783, 34.888687], [126.989902, 34.889245], [126.99024, 34.891494], [126.990243, 34.891515]]}}, {"type": "Feature", "properties": {"line": "경전선", "from": "이양", "to": "능주", "km": 12.103, "down": 82573, "up": 85437, "daily": 460, "density": 460}, "geometry": {"type": "LineString", "coordinates": [[126.990243, 34.891515], [126.990326, 34.892082], [126.990381, 34.892522], [126.990458, 34.893182], [126.990476, 34.893481], [126.990406, 34.89408], [126.989934, 34.897596], [126.989923, 34.897675], [126.989972, 34.898546], [126.990022, 34.89894], [126.990202, 34.900354], [126.99016, 34.900838], [126.989706, 34.902481], [126.988882, 34.904985], [126.988815, 34.905181], [126.988754, 34.905493], [126.988651, 34.905786], [126.988537, 34.906055], [126.988429, 34.906246], [126.988275, 34.906483], [126.988101, 34.906735], [126.987848, 34.907054], [126.986865, 34.908224], [126.986075, 34.909174], [126.983179, 34.912721], [126.982887, 34.913145], [126.982723, 34.913405], [126.982634, 34.913551], [126.982529, 34.913758], [126.982406, 34.914035], [126.982291, 34.914375], [126.982149, 34.914795], [126.982039, 34.915253], [126.98198, 34.91568], [126.981665, 34.917634], [126.981385, 34.919442], [126.981344, 34.919767], [126.981335, 34.920142], [126.981371, 34.920521], [126.981442, 34.920809], [126.981963, 34.922795], [126.982568, 34.924847], [126.983137, 34.926872], [126.983296, 34.927326], [126.983495, 34.927812], [126.983636, 34.928088], [126.98381, 34.928357], [126.984426, 34.929152], [126.984609, 34.929368], [126.985168, 34.93003], [126.985273, 34.9302], [126.985364, 34.930377], [126.985427, 34.93055], [126.985463, 34.93065], [126.985525, 34.930982], [126.985545, 34.931372], [126.985507, 34.931699], [126.985339, 34.932425], [126.984622, 34.934722], [126.984188, 34.936365], [126.984073, 34.936711], [126.983822, 34.937168], [126.983536, 34.937544], [126.983162, 34.937961], [126.980951, 34.940416], [126.980592, 34.940784], [126.980236, 34.941058], [126.979796, 34.941306], [126.979257, 34.941507], [126.978716, 34.941627], [126.97813, 34.941649], [126.977432, 34.941583], [126.976703, 34.941377], [126.975603, 34.94122], [126.973187, 34.941455], [126.972123, 34.941744], [126.968614, 34.943298], [126.967496, 34.94394], [126.966457, 34.944765], [126.964999, 34.946097], [126.964853, 34.946278], [126.964651, 34.946498], [126.964337, 34.946915], [126.964058, 34.947473], [126.963879, 34.94794], [126.963752, 34.94834], [126.963645, 34.948803], [126.963618, 34.948918], [126.96347, 34.949437], [126.96334, 34.949957], [126.963157, 34.950806], [126.963017, 34.951351], [126.962981, 34.951488], [126.962935, 34.951669], [126.962857, 34.951969], [126.962829, 34.952077], [126.962771, 34.952298], [126.96275, 34.952393], [126.962721, 34.952523], [126.962676, 34.952723], [126.962662, 34.952786], [126.96265, 34.95284], [126.962582, 34.953111], [126.962261, 34.954373], [126.962045, 34.955224], [126.961911, 34.955751], [126.961896, 34.955811], [126.961816, 34.956106], [126.961209, 34.958652], [126.960904, 34.959936], [126.960849, 34.960389], [126.960841, 34.960613], [126.960844, 34.9608], [126.96092, 34.961759], [126.960934, 34.961921], [126.960942, 34.962017], [126.960977, 34.962422], [126.961309, 34.966291], [126.961282, 34.967194], [126.961255, 34.96764], [126.960926, 34.96864], [126.960082, 34.970442], [126.959491, 34.971959], [126.959463, 34.97227], [126.959506, 34.972714], [126.959626, 34.973184], [126.95998, 34.973924], [126.960795, 34.975196], [126.961635, 34.976259], [126.962571, 34.977097], [126.962941, 34.977421], [126.963063, 34.977546], [126.963334, 34.977882], [126.963555, 34.978263], [126.963776, 34.978766], [126.96387, 34.979224], [126.963919, 34.979759], [126.963983, 34.981144], [126.964071, 34.983094], [126.96408, 34.983298], [126.964146, 34.983748], [126.964224, 34.984239], [126.964258, 34.984594], [126.964279, 34.984974], [126.964317, 34.985783]]}}, {"type": "Feature", "properties": {"line": "경전선", "from": "능주", "to": "화순", "km": 8.886, "down": 82417, "up": 85128, "daily": 459, "density": 459}, "geometry": {"type": "LineString", "coordinates": [[126.964317, 34.985783], [126.964365, 34.986792], [126.964392, 34.987417], [126.964407, 34.987777], [126.964446, 34.988309], [126.964558, 34.990542], [126.964588, 34.991293], [126.964676, 34.993555], [126.964656, 34.994067], [126.964542, 34.994481], [126.964405, 34.994829], [126.964173, 34.995271], [126.963738, 34.995995], [126.961606, 34.999226], [126.960908, 35.000303], [126.960523, 35.000982], [126.960189, 35.001835], [126.959654, 35.003335], [126.959275, 35.004396], [126.959254, 35.004454], [126.958494, 35.006581], [126.958081, 35.007668], [126.957882, 35.008082], [126.957823, 35.008193], [126.957728, 35.00833], [126.957521, 35.00857], [126.957101, 35.008924], [126.956651, 35.009187], [126.955353, 35.009903], [126.954414, 35.010729], [126.954066, 35.011322], [126.95384, 35.011876], [126.953728, 35.012603], [126.95369, 35.012851], [126.953406, 35.015399], [126.953258, 35.016674], [126.953246, 35.016746], [126.953086, 35.017527], [126.952846, 35.018184], [126.952036, 35.020214], [126.951337, 35.022246], [126.951238, 35.0233], [126.951486, 35.024389], [126.951498, 35.024435], [126.952031, 35.02558], [126.953587, 35.027521], [126.95625, 35.030859], [126.957064, 35.031737], [126.958334, 35.032642], [126.96137, 35.034722], [126.961622, 35.034927], [126.961841, 35.035156], [126.96198, 35.035314], [126.96213, 35.035506], [126.962279, 35.035718], [126.962376, 35.035892], [126.962464, 35.036066], [126.962546, 35.036267], [126.962604, 35.036452], [126.962675, 35.036697], [126.962805, 35.037237], [126.963137, 35.038796], [126.963175, 35.038947], [126.963249, 35.039176], [126.963381, 35.039479], [126.963554, 35.039813], [126.963706, 35.040045], [126.963831, 35.040196], [126.963953, 35.040343], [126.964067, 35.04046], [126.964323, 35.040675], [126.964527, 35.040827], [126.964739, 35.040971], [126.96502, 35.041143], [126.965383, 35.041327], [126.966759, 35.041963], [126.970164, 35.043531], [126.970783, 35.043999], [126.971205, 35.044474], [126.971474, 35.044885], [126.971587, 35.045149], [126.971646, 35.045329], [126.971683, 35.045473], [126.971718, 35.045642], [126.97173, 35.04574], [126.97175, 35.045977], [126.971752, 35.046236], [126.971733, 35.046418], [126.971717, 35.046533], [126.971689, 35.046649], [126.971611, 35.046888], [126.971549, 35.047058], [126.971348, 35.047465], [126.970609, 35.048727], [126.970131, 35.049489], [126.969922, 35.049768], [126.969701, 35.050035], [126.969346, 35.050371], [126.969108, 35.050559], [126.968661, 35.05083], [126.968352, 35.050984], [126.968206, 35.051051], [126.968018, 35.051121], [126.967575, 35.051255], [126.967184, 35.051339], [126.966889, 35.051385], [126.966677, 35.051403], [126.966455, 35.051414], [126.966133, 35.051413], [126.965944, 35.051408], [126.965763, 35.051402], [126.965587, 35.051393], [126.964354, 35.051327], [126.963167, 35.051272]]}}, {"type": "Feature", "properties": {"line": "경전선", "from": "화순", "to": "효천", "km": 14.694, "down": 80038, "up": 82717, "daily": 446, "density": 446, "through": 1}, "geometry": {"type": "LineString", "coordinates": [[126.963167, 35.051272], [126.96174, 35.051206], [126.961003, 35.051207], [126.960431, 35.051224], [126.958491, 35.0511], [126.958431, 35.051096], [126.955168, 35.050927], [126.954271, 35.050819], [126.951582, 35.05014], [126.9513, 35.050068], [126.950514, 35.049872], [126.948883, 35.049434], [126.946968, 35.049115], [126.946655, 35.049076], [126.946228, 35.049078], [126.945658, 35.049124], [126.945346, 35.049172], [126.944611, 35.049254], [126.943929, 35.04923], [126.942087, 35.049013], [126.94174, 35.048983], [126.941506, 35.048977], [126.941198, 35.048983], [126.940893, 35.049001], [126.940595, 35.049029], [126.940321, 35.049063], [126.939998, 35.049134], [126.939781, 35.049182], [126.939414, 35.049266], [126.939136, 35.049334], [126.937606, 35.049879], [126.937061, 35.050056], [126.936752, 35.050131], [126.936564, 35.05017], [126.936193, 35.050235], [126.932131, 35.050692], [126.931348, 35.050602], [126.930014, 35.050249], [126.927422, 35.049551], [126.92656, 35.049673], [126.925605, 35.05004], [126.921385, 35.051795], [126.920254, 35.052198], [126.915842, 35.053194], [126.914779, 35.05345], [126.914379, 35.053528], [126.914216, 35.053544], [126.913866, 35.053569], [126.913533, 35.053556], [126.913298, 35.053532], [126.912959, 35.053477], [126.912547, 35.053355], [126.912451, 35.053324], [126.912286, 35.05326], [126.912092, 35.053171], [126.911849, 35.053034], [126.911483, 35.052768], [126.910623, 35.051955], [126.91002, 35.051451], [126.909598, 35.05109], [126.909383, 35.050944], [126.9091, 35.050781], [126.908868, 35.05068], [126.90858, 35.050578], [126.908237, 35.050481], [126.90806, 35.050441], [126.907832, 35.050407], [126.907557, 35.050397], [126.907373, 35.050391], [126.907195, 35.050391], [126.907109, 35.050393], [126.906994, 35.050399], [126.906851, 35.050414], [126.90668, 35.050435], [126.906485, 35.050468], [126.906354, 35.050497], [126.906102, 35.050567], [126.906002, 35.050606], [126.905823, 35.050682], [126.905654, 35.050761], [126.905481, 35.050851], [126.905341, 35.050934], [126.905205, 35.051022], [126.904948, 35.051212], [126.904812, 35.051337], [126.904502, 35.051719], [126.904419, 35.051843], [126.904253, 35.052183], [126.90368, 35.053612], [126.903304, 35.054517], [126.902918, 35.05546], [126.902783, 35.055737], [126.902666, 35.055945], [126.902504, 35.05619], [126.902384, 35.056332], [126.902202, 35.056511], [126.902002, 35.056684], [126.901738, 35.056868], [126.901525, 35.057004], [126.901355, 35.057087], [126.901062, 35.057211], [126.900776, 35.057313], [126.900585, 35.057362], [126.900439, 35.05739], [126.900309, 35.057407], [126.90002, 35.057439], [126.899765, 35.057445], [126.899511, 35.057443], [126.899286, 35.057421], [126.899081, 35.057377], [126.898447, 35.057227], [126.89715, 35.056873], [126.896259, 35.056633], [126.893809, 35.055976], [126.89265, 35.055926], [126.891605, 35.056152], [126.889735, 35.056774], [126.888717, 35.056874], [126.887536, 35.056759], [126.884792, 35.055843], [126.884077, 35.055696], [126.883704, 35.055667], [126.882685, 35.055803], [126.881633, 35.056285], [126.880306, 35.056957], [126.879678, 35.057223], [126.878693, 35.057437], [126.878141, 35.057481], [126.877551, 35.057462], [126.87706, 35.057378], [126.875714, 35.057089], [126.874763, 35.056957], [126.874363, 35.056916], [126.874092, 35.056915], [126.873916, 35.056916], [126.873523, 35.056936], [126.873132, 35.056987], [126.872888, 35.057026], [126.872522, 35.057082], [126.872054, 35.057203], [126.87198, 35.057222], [126.871654, 35.057329], [126.871307, 35.057457], [126.870689, 35.057747], [126.870312, 35.057947], [126.869999, 35.058115], [126.869723, 35.058311], [126.869457, 35.058545], [126.869347, 35.058645], [126.868815, 35.059144], [126.868617, 35.059376], [126.868565, 35.059456], [126.868482, 35.059568], [126.868292, 35.059873], [126.868178, 35.060064], [126.868034, 35.060357], [126.867952, 35.060594], [126.867864, 35.060967], [126.86782, 35.061261], [126.867806, 35.061751], [126.867849, 35.062334], [126.86808, 35.065414], [126.868132, 35.065871], [126.868243, 35.066295], [126.868347, 35.066567], [126.868499, 35.066896], [126.86873, 35.067275], [126.870173, 35.069146], [126.870474, 35.069528], [126.870677, 35.069811], [126.870824, 35.070123], [126.870892, 35.070324], [126.870954, 35.070627], [126.870973, 35.070955], [126.870972, 35.071224], [126.870927, 35.071584], [126.870732, 35.072444], [126.870688, 35.072867], [126.870698, 35.073031], [126.87087, 35.073801], [126.871034, 35.074215], [126.871326, 35.074682], [126.872097, 35.075813], [126.872287, 35.076243], [126.872466, 35.077122], [126.872433, 35.080357], [126.872569, 35.08156], [126.873251, 35.084991], [126.873316, 35.085252], [126.873378, 35.085432], [126.87348, 35.085656], [126.873869, 35.08619], [126.874021, 35.086339], [126.874277, 35.086544], [126.87572, 35.08755], [126.87589, 35.087686], [126.876167, 35.087929], [126.876413, 35.088181], [126.876531, 35.088334], [126.876711, 35.08861], [126.876819, 35.088854], [126.876875, 35.088981], [126.876982, 35.089399], [126.877011, 35.089617], [126.877, 35.089884], [126.876527, 35.092503], [126.876446, 35.092784], [126.876363, 35.093117], [126.876003, 35.094055], [126.875294, 35.095984], [126.875213, 35.096237], [126.875181, 35.096379], [126.875153, 35.096792], [126.875153, 35.096998], [126.875167, 35.097213], [126.87519, 35.097414], [126.875378, 35.098081], [126.875552, 35.098603], [126.875623, 35.098814], [126.87613, 35.100291], [126.876982, 35.102982]]}}, {"type": "Feature", "properties": {"line": "경전선", "from": "효천", "to": "서광주", "km": 3.951, "down": 79324, "up": 79621, "daily": 435, "density": 435}, "geometry": {"type": "LineString", "coordinates": [[126.876982, 35.102982], [126.877046, 35.103183], [126.87749, 35.104687], [126.877716, 35.105228], [126.877952, 35.106094], [126.878039, 35.106562], [126.878057, 35.107079], [126.877991, 35.107472], [126.877952, 35.107646], [126.877843, 35.107989], [126.877701, 35.108299], [126.877439, 35.108748], [126.877245, 35.108993], [126.876941, 35.10927], [126.876691, 35.109461], [126.876609, 35.109513], [126.86764, 35.114973], [126.866571, 35.115745], [126.861129, 35.119466], [126.860449, 35.119904], [126.859795, 35.120281], [126.857912, 35.121221], [126.857012, 35.121609], [126.856197, 35.121893], [126.855315, 35.122194], [126.853597, 35.12271], [126.852646, 35.123009], [126.851949, 35.123237], [126.851663, 35.123332], [126.849116, 35.124173], [126.847642, 35.124652], [126.847425, 35.124722]]}}, {"type": "Feature", "properties": {"line": "경전선", "from": "서광주", "to": "광주송정", "km": 7.222, "down": 74640, "up": 75211, "daily": 411, "density": 411}, "geometry": {"type": "LineString", "coordinates": [[126.847425, 35.124722], [126.845372, 35.125385], [126.844757, 35.125579], [126.84386, 35.125866], [126.843053, 35.126125], [126.841288, 35.126664], [126.836843, 35.128089], [126.834641, 35.12882], [126.833806, 35.129123], [126.833133, 35.129481], [126.832609, 35.129849], [126.832076, 35.130314], [126.831762, 35.130614], [126.831474, 35.130968], [126.831236, 35.13136], [126.831013, 35.131783], [126.830832, 35.13216], [126.830655, 35.132665], [126.83055, 35.133079], [126.830498, 35.133357], [126.830455, 35.135173], [126.830354, 35.137586], [126.83032, 35.139982], [126.83031, 35.140353], [126.830266, 35.140917], [126.830204, 35.141314], [126.830087, 35.141771], [126.82993, 35.142195], [126.829714, 35.14264], [126.829451, 35.143092], [126.829048, 35.14362], [126.828626, 35.144033], [126.828193, 35.144386], [126.827731, 35.144688], [126.827224, 35.144979], [126.826672, 35.145239], [126.82638, 35.145335], [126.826049, 35.145456], [126.825544, 35.145592], [126.825143, 35.145672], [126.824729, 35.145734], [126.824423, 35.145775], [126.823846, 35.145798], [126.822736, 35.145775], [126.819819, 35.14554], [126.819541, 35.145517], [126.818855, 35.145471], [126.817388, 35.145373], [126.816796, 35.145341], [126.812943, 35.145058], [126.810884, 35.1449], [126.810167, 35.144828], [126.80971, 35.144809], [126.808845, 35.144793], [126.805321, 35.144567], [126.804095, 35.144455], [126.80201, 35.144315], [126.801252, 35.144278], [126.80077, 35.144233], [126.80046, 35.144196], [126.799903, 35.144159], [126.796843, 35.143999], [126.796355, 35.143951], [126.795946, 35.143914], [126.795531, 35.143841], [126.795163, 35.143772], [126.794895, 35.14369], [126.794582, 35.143566], [126.794298, 35.14344], [126.794111, 35.143332], [126.793886, 35.143179], [126.79368, 35.143017], [126.793572, 35.14291], [126.793504, 35.142826], [126.79346, 35.142772], [126.793297, 35.142521], [126.793076, 35.142173], [126.792829, 35.141786], [126.792691, 35.14157], [126.792672, 35.141525], [126.792669, 35.141519], [126.792656, 35.14149], [126.792624, 35.141416], [126.792473, 35.141091], [126.792103, 35.140361], [126.791688, 35.13949], [126.791566, 35.139254], [126.791506, 35.139154], [126.791453, 35.139068], [126.7914, 35.138981], [126.789813, 35.136384]]}}, {"type": "Feature", "properties": {"line": "경춘선", "from": "망우", "to": "가평", "km": 51.343, "down": 2589, "up": 0, "daily": 7, "density": 7, "service": "unrecorded", "intercity_trains": 26, "through": 12}, "geometry": {"type": "LineString", "coordinates": [[127.091203, 37.599784], [127.09223, 37.600176], [127.092695, 37.600337], [127.092909, 37.6004], [127.093132, 37.60045], [127.09357, 37.600536], [127.093964, 37.600612], [127.094239, 37.600668], [127.094524, 37.600724], [127.094631, 37.600745], [127.094986, 37.600815], [127.095375, 37.600892], [127.095552, 37.600927], [127.095703, 37.600954], [127.096054, 37.601026], [127.096399, 37.601118], [127.096691, 37.601219], [127.096719, 37.60123], [127.096986, 37.601321], [127.09725, 37.601414], [127.097472, 37.601491], [127.097688, 37.60157], [127.097935, 37.601661], [127.098238, 37.601778], [127.098264, 37.601788], [127.098517, 37.601882], [127.098542, 37.601894], [127.098818, 37.602], [127.099016, 37.602075], [127.099471, 37.602248], [127.09993, 37.602426], [127.100146, 37.60252], [127.100356, 37.602618], [127.100628, 37.602763], [127.100876, 37.6029], [127.101181, 37.603088], [127.101479, 37.603297], [127.101838, 37.603582], [127.102119, 37.603841], [127.102384, 37.60412], [127.10258, 37.604345], [127.102757, 37.604579], [127.102936, 37.604847], [127.103071, 37.605087], [127.103175, 37.605345], [127.10333, 37.605829], [127.103412, 37.606187], [127.103454, 37.6066], [127.103408, 37.609939], [127.103245, 37.611463], [127.103244, 37.611535], [127.103236, 37.611903], [127.103242, 37.612076], [127.103267, 37.612639], [127.103268, 37.612645], [127.103316, 37.613007], [127.103341, 37.613194], [127.103425, 37.613624], [127.103502, 37.613942], [127.103733, 37.614663], [127.103974, 37.615279], [127.104178, 37.61572], [127.105331, 37.618357], [127.105612, 37.618971], [127.105818, 37.61936], [127.105963, 37.619618], [127.106154, 37.619945], [127.106444, 37.620401], [127.108188, 37.622948], [127.109944, 37.625538], [127.111539, 37.6279], [127.112689, 37.629634], [127.113001, 37.630146], [127.113271, 37.63064], [127.113523, 37.631101], [127.113681, 37.631428], [127.113985, 37.63212], [127.114154, 37.632533], [127.114381, 37.633109], [127.114447, 37.63327], [127.114695, 37.633834], [127.114733, 37.63393], [127.114739, 37.633944], [127.11504, 37.634685], [127.115169, 37.634977], [127.115348, 37.635309], [127.115493, 37.635549], [127.115726, 37.635908], [127.115979, 37.63626], [127.116271, 37.636601], [127.116579, 37.636913], [127.116859, 37.63718], [127.117275, 37.637523], [127.117565, 37.637749], [127.117882, 37.637974], [127.118331, 37.638245], [127.118715, 37.638462], [127.119331, 37.638765], [127.119879, 37.639014], [127.123009, 37.640349], [127.126344, 37.641779], [127.126771, 37.641962], [127.126842, 37.641991], [127.127618, 37.64232], [127.128203, 37.642568], [127.128501, 37.642699], [127.129963, 37.643322], [127.133646, 37.644882], [127.134882, 37.645408], [127.135481, 37.645655], [127.136124, 37.645907], [127.136713, 37.646124], [127.137203, 37.646286], [127.137693, 37.646443], [127.138263, 37.646625], [127.138474, 37.646685], [127.139391, 37.646962], [127.139593, 37.647023], [127.140205, 37.647217], [127.140725, 37.647373], [127.141782, 37.647702], [127.14354, 37.648237], [127.143541, 37.648237], [127.143851, 37.648332], [127.145665, 37.648892], [127.146609, 37.649177], [127.146849, 37.649249], [127.149198, 37.649983], [127.150443, 37.650368], [127.153421, 37.651283], [127.153995, 37.65146], [127.156244, 37.652182], [127.156767, 37.652366], [127.157937, 37.65281], [127.158997, 37.653272], [127.15975, 37.653601], [127.160226, 37.653806], [127.160712, 37.654019], [127.161248, 37.654253], [127.162216, 37.65466], [127.162763, 37.654862], [127.1633, 37.655036], [127.163747, 37.65516], [127.164339, 37.655288], [127.164856, 37.655378], [127.165307, 37.65543], [127.165589, 37.655457], [127.16583, 37.655478], [127.166075, 37.655487], [127.166405, 37.65549], [127.166762, 37.65549], [127.167156, 37.655472], [127.167536, 37.655438], [127.167811, 37.655411], [127.168281, 37.65535], [127.168749, 37.655267], [127.169199, 37.655162], [127.169686, 37.655026], [127.169997, 37.65493], [127.170344, 37.6548], [127.1707, 37.654658], [127.171092, 37.654488], [127.171951, 37.654012], [127.172782, 37.653526], [127.173785, 37.652944], [127.17409, 37.652764], [127.176092, 37.651551], [127.176882, 37.651086], [127.176884, 37.651085], [127.177674, 37.650625], [127.179021, 37.649854], [127.179892, 37.64934], [127.181557, 37.648336], [127.182083, 37.648004], [127.182638, 37.647593], [127.183003, 37.647297], [127.183307, 37.647017], [127.183801, 37.646525], [127.183984, 37.6463], [127.184206, 37.646012], [127.184447, 37.645671], [127.184717, 37.645188], [127.184922, 37.644815], [127.185088, 37.644427], [127.185314, 37.643932], [127.185505, 37.643512], [127.18568, 37.643186], [127.185937, 37.642671], [127.186238, 37.642034], [127.186549, 37.6414], [127.186727, 37.641041], [127.186916, 37.640646], [127.187054, 37.640382], [127.187252, 37.64], [127.187459, 37.63964], [127.187631, 37.639364], [127.187943, 37.638917], [127.18807, 37.638762], [127.188221, 37.638571], [127.188428, 37.638333], [127.188669, 37.638105], [127.188968, 37.637845], [127.189278, 37.637586], [127.189621, 37.637318], [127.190081, 37.637015], [127.190559, 37.63674], [127.191266, 37.636365], [127.191634, 37.636222], [127.19216, 37.63602], [127.192621, 37.63588], [127.193179, 37.635748], [127.193789, 37.635637], [127.194318, 37.635566], [127.194871, 37.635512], [127.195258, 37.635489], [127.195911, 37.635484], [127.196513, 37.635509], [127.197181, 37.635577], [127.199078, 37.635869], [127.200352, 37.636088], [127.201105, 37.636211], [127.20196, 37.636377], [127.202677, 37.636491], [127.203307, 37.636609], [127.203882, 37.636697], [127.204541, 37.636816], [127.205348, 37.636942], [127.205632, 37.636997], [127.206383, 37.63712], [127.207205, 37.63725], [127.207413, 37.637282], [127.207444, 37.637287], [127.208862, 37.637523], [127.209798, 37.63771], [127.210519, 37.637858], [127.211128, 37.638012], [127.211692, 37.638174], [127.212476, 37.638455], [127.213064, 37.638705], [127.213481, 37.638901], [127.213896, 37.639135], [127.214345, 37.639392], [127.214766, 37.63963], [127.215157, 37.639892], [127.215564, 37.640217], [127.215948, 37.640527], [127.216267, 37.640821], [127.216661, 37.641236], [127.216992, 37.641579], [127.217405, 37.64199], [127.21767, 37.642278], [127.217907, 37.642558], [127.218229, 37.642879], [127.219939, 37.644634], [127.221996, 37.646924], [127.222106, 37.647036], [127.222454, 37.647343], [127.222823, 37.647718], [127.223198, 37.648125], [127.22357, 37.648468], [127.224034, 37.648888], [127.224512, 37.649292], [127.22491, 37.649579], [127.225363, 37.649907], [127.225756, 37.650173], [127.225881, 37.650288], [127.226169, 37.650461], [127.226479, 37.650635], [127.226694, 37.650753], [127.226933, 37.650872], [127.227633, 37.651203], [127.228007, 37.651378], [127.228841, 37.651701], [127.229254, 37.651842], [127.229657, 37.651967], [127.230081, 37.652094], [127.230708, 37.652253], [127.231515, 37.65242], [127.232352, 37.652561], [127.232922, 37.652633], [127.233489, 37.652683], [127.234049, 37.652723], [127.234272, 37.652739], [127.235175, 37.65277], [127.236174, 37.652827], [127.237184, 37.652871], [127.238152, 37.652911], [127.239218, 37.652967], [127.240106, 37.653013], [127.240449, 37.653031], [127.240816, 37.65305], [127.241244, 37.653069], [127.241613, 37.653085], [127.242505, 37.653127], [127.243281, 37.653161], [127.24449, 37.653205], [127.244502, 37.653205], [127.245969, 37.653286], [127.247313, 37.653342], [127.248145, 37.65338], [127.248547, 37.653399], [127.24957, 37.65345], [127.250175, 37.653482], [127.251205, 37.653537], [127.252274, 37.653638], [127.253239, 37.653788], [127.254062, 37.653969], [127.254926, 37.654217], [127.255906, 37.654563], [127.258106, 37.655427], [127.259998, 37.656578], [127.261298, 37.657363], [127.262547, 37.658029], [127.263823, 37.658638], [127.264923, 37.659067], [127.266175, 37.659516], [127.267015, 37.659772], [127.26747, 37.659896], [127.268539, 37.660163], [127.269683, 37.660393], [127.271834, 37.660843], [127.273527, 37.661185], [127.275158, 37.661516], [127.275956, 37.661657], [127.276942, 37.661777], [127.277621, 37.661802], [127.278191, 37.6618], [127.279218, 37.661714], [127.279846, 37.661618], [127.280777, 37.6614], [127.281269, 37.661255], [127.281803, 37.661058], [127.282159, 37.660908], [127.28252, 37.660734], [127.282775, 37.660615], [127.283472, 37.660221], [127.283833, 37.660003], [127.284287, 37.659692], [127.285037, 37.659205], [127.285037, 37.659205], [127.285788, 37.658716], [127.288007, 37.657274], [127.289522, 37.656465], [127.291426, 37.655593], [127.292444, 37.655206], [127.294357, 37.654571], [127.297136, 37.653867], [127.298698, 37.653644], [127.300605, 37.653441], [127.307485, 37.653032], [127.307684, 37.653018], [127.31056, 37.652821], [127.311671, 37.652759], [127.311673, 37.652759], [127.312756, 37.652699], [127.314252, 37.652616], [127.314482, 37.652603], [127.316988, 37.65242], [127.318755, 37.652375], [127.319284, 37.652405], [127.319923, 37.652471], [127.320718, 37.652595], [127.32139, 37.652725], [127.322135, 37.65291], [127.322877, 37.653153], [127.323484, 37.653379], [127.324229, 37.653665], [127.325174, 37.654149], [127.326377, 37.654838], [127.327847, 37.655692], [127.329652, 37.656742], [127.330572, 37.65724], [127.335873, 37.659959], [127.33771, 37.660935], [127.338146, 37.661171], [127.338598, 37.661405], [127.3391, 37.661659], [127.339849, 37.662044], [127.339953, 37.662098], [127.341089, 37.662683], [127.342327, 37.663193], [127.343449, 37.663599], [127.345109, 37.664138], [127.34687, 37.664712], [127.348539, 37.665236], [127.350791, 37.665949], [127.3528, 37.666598], [127.354998, 37.667315], [127.35751, 37.668127], [127.36026, 37.66906], [127.363364, 37.670103], [127.365515, 37.670823], [127.368559, 37.671881], [127.368821, 37.671959], [127.369715, 37.672196], [127.369975, 37.672262], [127.372791, 37.673157], [127.373697, 37.673456], [127.374003, 37.673624], [127.3749, 37.67411], [127.375496, 37.674509], [127.375675, 37.674634], [127.376069, 37.674975], [127.376371, 37.675237], [127.376681, 37.675582], [127.377031, 37.675981], [127.377233, 37.676264], [127.377503, 37.676697], [127.377691, 37.677032], [127.377872, 37.677408], [127.378115, 37.678017], [127.378326, 37.678731], [127.378465, 37.679339], [127.378615, 37.679894], [127.378755, 37.680451], [127.378785, 37.680573], [127.378878, 37.680946], [127.378954, 37.681231], [127.379011, 37.681523], [127.379176, 37.682136], [127.379352, 37.682797], [127.379391, 37.682972], [127.379602, 37.683846], [127.379603, 37.68385], [127.37981, 37.684707], [127.379892, 37.684995], [127.380069, 37.685704], [127.380213, 37.686284], [127.380301, 37.686544], [127.380439, 37.687162], [127.380556, 37.687683], [127.380723, 37.688324], [127.38092, 37.689009], [127.381119, 37.689707], [127.381173, 37.68996], [127.381224, 37.69012], [127.381396, 37.690662], [127.381581, 37.691074], [127.381827, 37.691638], [127.382235, 37.69234], [127.382498, 37.692788], [127.382729, 37.6931], [127.383071, 37.693576], [127.383478, 37.694145], [127.384054, 37.694958], [127.384338, 37.69537], [127.384628, 37.695832], [127.384955, 37.696393], [127.385176, 37.696863], [127.385504, 37.697496], [127.385749, 37.698036], [127.38598, 37.698567], [127.386145, 37.699065], [127.386415, 37.699921], [127.386553, 37.700421], [127.386619, 37.700662], [127.386732, 37.701161], [127.38695, 37.702025], [127.387193, 37.70298], [127.38757, 37.704471], [127.387825, 37.70551], [127.38807, 37.706486], [127.388323, 37.707454], [127.388595, 37.708527], [127.388834, 37.709517], [127.389078, 37.710492], [127.389317, 37.711437], [127.38941, 37.711803], [127.389532, 37.712284], [127.389736, 37.71312], [127.389901, 37.713695], [127.390279, 37.714334], [127.390756, 37.714973], [127.391423, 37.715873], [127.392056, 37.716623], [127.392667, 37.717304], [127.393439, 37.718071], [127.394284, 37.718849], [127.395166, 37.719574], [127.396046, 37.720285], [127.397076, 37.721024], [127.398261, 37.721765], [127.399518, 37.722476], [127.399768, 37.722636], [127.399935, 37.722722], [127.400591, 37.723037], [127.405523, 37.725416], [127.405641, 37.725473], [127.409056, 37.72714], [127.411539, 37.728299], [127.413304, 37.729136], [127.413885, 37.729398], [127.414993, 37.729925], [127.415676, 37.730239], [127.418288, 37.73148], [127.42033, 37.732487], [127.421836, 37.733192], [127.423055, 37.733775], [127.423238, 37.73386], [127.423255, 37.733867], [127.423929, 37.7342], [127.424007, 37.734239], [127.425624, 37.735007], [127.426645, 37.735496], [127.426646, 37.735497], [127.427676, 37.73599], [127.428804, 37.736518], [127.430369, 37.737248], [127.430581, 37.737336], [127.430737, 37.737408], [127.431327, 37.737679], [127.431675, 37.737838], [127.434118, 37.739002], [127.435162, 37.739507], [127.436492, 37.740159], [127.436965, 37.740397], [127.437667, 37.74078], [127.438475, 37.741233], [127.43928, 37.741729], [127.439887, 37.742199], [127.440175, 37.742456], [127.440601, 37.742831], [127.440992, 37.743279], [127.441395, 37.743785], [127.441551, 37.744028], [127.441751, 37.74437], [127.441889, 37.744661], [127.441967, 37.744844], [127.442116, 37.745185], [127.442276, 37.745797], [127.442533, 37.746784], [127.442843, 37.747983], [127.443135, 37.749063], [127.44344, 37.750257], [127.443749, 37.751427], [127.444042, 37.752551], [127.4443, 37.753538], [127.444594, 37.754659], [127.445179, 37.756882], [127.445601, 37.758487], [127.445994, 37.76001], [127.446349, 37.760796], [127.447214, 37.762161], [127.448199, 37.763419], [127.448387, 37.763645], [127.449714, 37.765202], [127.450299, 37.765948], [127.450635, 37.766338], [127.451304, 37.767135], [127.451989, 37.767939], [127.452458, 37.768469], [127.452898, 37.768905], [127.453279, 37.769263], [127.453753, 37.769653], [127.454432, 37.770136], [127.454449, 37.770147], [127.454873, 37.770414], [127.455356, 37.770668], [127.456112, 37.77105], [127.456429, 37.771178], [127.45653, 37.771212], [127.457067, 37.771414], [127.457724, 37.771634], [127.459345, 37.772134], [127.461127, 37.772686], [127.463426, 37.773427], [127.464799, 37.77396], [127.465886, 37.774445], [127.466728, 37.774879], [127.467905, 37.775539], [127.468668, 37.775981], [127.469307, 37.776414], [127.470865, 37.77757], [127.471731, 37.778303], [127.472902, 37.7794], [127.474058, 37.780406], [127.475066, 37.781392], [127.476466, 37.782633], [127.477883, 37.783971], [127.478949, 37.785007], [127.480362, 37.786258], [127.481963, 37.787694], [127.483398, 37.789075], [127.48477, 37.790327], [127.485467, 37.790973], [127.486505, 37.791959], [127.487853, 37.793229], [127.489135, 37.794457], [127.49017, 37.795357], [127.490621, 37.795789], [127.491169, 37.796245], [127.492475, 37.797438], [127.493565, 37.798475], [127.494581, 37.799419], [127.495897, 37.80061], [127.496354, 37.801041], [127.497052, 37.801771], [127.497883, 37.802724], [127.498652, 37.803621], [127.499754, 37.804967], [127.500438, 37.805818], [127.500981, 37.806521], [127.501693, 37.807429], [127.502614, 37.808549], [127.503287, 37.809328], [127.504182, 37.810212], [127.504686, 37.810678], [127.505722, 37.811344], [127.506552, 37.811841], [127.507601, 37.812512], [127.507799, 37.812641], [127.508466, 37.813064], [127.509436, 37.813678], [127.509813, 37.813916], [127.510776, 37.814504], [127.510777, 37.814505]]}}, {"type": "Feature", "properties": {"line": "경춘선", "from": "가평", "to": "춘천", "km": 29.359, "down": 2589, "up": 0, "daily": 7, "density": 7, "service": "unrecorded", "intercity_trains": 26, "through": 5}, "geometry": {"type": "LineString", "coordinates": [[127.510777, 37.814505], [127.511755, 37.815143], [127.51284, 37.815828], [127.513597, 37.816299], [127.513938, 37.816513], [127.516279, 37.818018], [127.518341, 37.819291], [127.519216, 37.819778], [127.519597, 37.819948], [127.521142, 37.820609], [127.522917, 37.821232], [127.527134, 37.822689], [127.52959, 37.823541], [127.533351, 37.824795], [127.539252, 37.826905], [127.541296, 37.827626], [127.544557, 37.828693], [127.546891, 37.829443], [127.548994, 37.829939], [127.5521, 37.830689], [127.556387, 37.831748], [127.557139, 37.831915], [127.557142, 37.831916], [127.557688, 37.832036], [127.559587, 37.83244], [127.561057, 37.832704], [127.566377, 37.833815], [127.570073, 37.834471], [127.572333, 37.834589], [127.573297, 37.834609], [127.573552, 37.834581], [127.574337, 37.834444], [127.575026, 37.834288], [127.575673, 37.834109], [127.576145, 37.833961], [127.576818, 37.833719], [127.577592, 37.833409], [127.579594, 37.832594], [127.58099, 37.832113], [127.581563, 37.831956], [127.582306, 37.831788], [127.584947, 37.831381], [127.587958, 37.830934], [127.589161, 37.830759], [127.589163, 37.830759], [127.591029, 37.830485], [127.59691, 37.829651], [127.598604, 37.829377], [127.599719, 37.829128], [127.600663, 37.828848], [127.601435, 37.828551], [127.601952, 37.828317], [127.603009, 37.827628], [127.604169, 37.826801], [127.605291, 37.825796], [127.606144, 37.824709], [127.606293, 37.82452], [127.606735, 37.823846], [127.606892, 37.823598], [127.607416, 37.822711], [127.610102, 37.81855], [127.613349, 37.81355], [127.614756, 37.811475], [127.615616, 37.810387], [127.616716, 37.809312], [127.617875, 37.808496], [127.619312, 37.807615], [127.621325, 37.806764], [127.62226, 37.806439], [127.62416, 37.805966], [127.625507, 37.805735], [127.626248, 37.805635], [127.627056, 37.805546], [127.627797, 37.805481], [127.628096, 37.805475], [127.628954, 37.805536], [127.629253, 37.805544], [127.629755, 37.805561], [127.630165, 37.805575], [127.630635, 37.805591], [127.633006, 37.805657], [127.634119, 37.805695], [127.63413, 37.805695], [127.635236, 37.80573], [127.636454, 37.805776], [127.638037, 37.805831], [127.638244, 37.805838], [127.63965, 37.805881], [127.643838, 37.805924], [127.649876, 37.80612], [127.656116, 37.80632], [127.662371, 37.806533], [127.67468, 37.807009], [127.677358, 37.8071], [127.679874, 37.807093], [127.687473, 37.807148], [127.689441, 37.807272], [127.694976, 37.808047], [127.695345, 37.808119], [127.696816, 37.80843], [127.702493, 37.810333], [127.70313, 37.810635], [127.704524, 37.811342], [127.705724, 37.812023], [127.706635, 37.812585], [127.707658, 37.813278], [127.708244, 37.813717], [127.709727, 37.81485], [127.710006, 37.815067], [127.71123, 37.816017], [127.711379, 37.816133], [127.713259, 37.817587], [127.714211, 37.818328], [127.714348, 37.818435], [127.715625, 37.819415], [127.716754, 37.820296], [127.71692, 37.820424], [127.717213, 37.820649], [127.717974, 37.821234], [127.719401, 37.822336], [127.720578, 37.82325], [127.721496, 37.82397], [127.722315, 37.824689], [127.722981, 37.825366], [127.723755, 37.826341], [127.724345, 37.827251], [127.726096, 37.830361], [127.726628, 37.831258], [127.727212, 37.832146], [127.72879, 37.834306], [127.729694, 37.835559], [127.730129, 37.836266], [127.730369, 37.836786], [127.730586, 37.837357], [127.730692, 37.837744], [127.730799, 37.838255], [127.730858, 37.83883], [127.730892, 37.839435], [127.730939, 37.840786], [127.730943, 37.841069], [127.730948, 37.842233], [127.731067, 37.843359], [127.73125, 37.844394], [127.731585, 37.845501], [127.732005, 37.84659], [127.733393, 37.850076], [127.733645, 37.850766], [127.733825, 37.851326], [127.733966, 37.85198], [127.73398, 37.852202], [127.734006, 37.85263], [127.733991, 37.853033], [127.733887, 37.853799], [127.733777, 37.854352], [127.733638, 37.855057], [127.733509, 37.85565], [127.733382, 37.85657], [127.733026, 37.857701], [127.732895, 37.85803], [127.732604, 37.858533], [127.732438, 37.858803], [127.732023, 37.859279], [127.731731, 37.859574], [127.731463, 37.859811], [127.730908, 37.860223], [127.730311, 37.8606], [127.729233, 37.861196], [127.727114, 37.862338], [127.726232, 37.862826], [127.724917, 37.863514], [127.724533, 37.863721], [127.723957, 37.864032], [127.723957, 37.864032], [127.723015, 37.864554], [127.722535, 37.86482], [127.721201, 37.86552], [127.71974, 37.866322], [127.718954, 37.866721], [127.718317, 37.867091], [127.71791, 37.867354], [127.717615, 37.86761], [127.717268, 37.867901], [127.717004, 37.868215], [127.716622, 37.868718], [127.716455, 37.869022], [127.716131, 37.869757], [127.715825, 37.87064], [127.715405, 37.871885], [127.715059, 37.873008], [127.714063, 37.876082], [127.713778, 37.876992], [127.713637, 37.877618], [127.713599, 37.877973], [127.713599, 37.878354], [127.713606, 37.878652], [127.713646, 37.878942], [127.713749, 37.879364], [127.713904, 37.87984], [127.714328, 37.880587], [127.715189, 37.882051], [127.715319, 37.882267], [127.716258, 37.883825], [127.716656, 37.884496], [127.716665, 37.884511], [127.717598, 37.886056], [127.718354, 37.887421], [127.717629, 37.886231], [127.71662, 37.884528]]}}, {"type": "Feature", "properties": {"line": "광주선", "from": "광주송정", "to": "극락강", "km": 7.393, "down": 261254, "up": 260385, "daily": 1429, "density": 1429}, "geometry": {"type": "LineString", "coordinates": [[126.789862, 35.137851], [126.790896, 35.13957], [126.791032, 35.139759], [126.791963, 35.140985], [126.792135, 35.141211], [126.792518, 35.141739], [126.792757, 35.14213], [126.793366, 35.14313], [126.794457, 35.144936], [126.794606, 35.145185], [126.79466, 35.145275], [126.794792, 35.145496], [126.795933, 35.1474], [126.79641, 35.148344], [126.796722, 35.14909], [126.796923, 35.149078], [126.796783, 35.148597], [126.796402, 35.146899], [126.796373, 35.14673], [126.796367, 35.14659], [126.796377, 35.146369], [126.796398, 35.146178], [126.796452, 35.145962], [126.796558, 35.145701], [126.796708, 35.145406], [126.796746, 35.145354], [126.796807, 35.145274], [126.797041, 35.145008], [126.79723, 35.144839], [126.797407, 35.144705], [126.797707, 35.144528], [126.797977, 35.144407], [126.798146, 35.144353], [126.798392, 35.144285], [126.79857, 35.144248], [126.798748, 35.144226], [126.798896, 35.144215], [126.799469, 35.144204], [126.799713, 35.144205], [126.800022, 35.144204], [126.800276, 35.144214], [126.8004, 35.144218], [126.80077, 35.144233], [126.801252, 35.144278], [126.80201, 35.144315], [126.804095, 35.144455], [126.805321, 35.144567], [126.808845, 35.144793], [126.809633, 35.144848], [126.810367, 35.1449], [126.810857, 35.144971], [126.811528, 35.14511], [126.8121, 35.145361], [126.812145, 35.145381], [126.812546, 35.145596], [126.81304, 35.145923], [126.813425, 35.146231], [126.813715, 35.146535], [126.813864, 35.146725], [126.814061, 35.146988], [126.814193, 35.147214], [126.814328, 35.14744], [126.814426, 35.147742], [126.814572, 35.14837], [126.815082, 35.152098], [126.815462, 35.155104], [126.815613, 35.156069], [126.81562, 35.156113], [126.815679, 35.156491], [126.815704, 35.157171], [126.815688, 35.157698], [126.815616, 35.158328], [126.815532, 35.159184], [126.815522, 35.160442], [126.815657, 35.161527], [126.815959, 35.163662], [126.816143, 35.164949], [126.816236, 35.165683], [126.816283, 35.165945], [126.816419, 35.16639], [126.816527, 35.16666], [126.816687, 35.166981], [126.816888, 35.16725], [126.817063, 35.167466], [126.817646, 35.168133], [126.817916, 35.168441], [126.818084, 35.168622], [126.818273, 35.168825], [126.818672, 35.169248], [126.819091, 35.169649], [126.81936, 35.169888], [126.819629, 35.170103], [126.819916, 35.170296], [126.820218, 35.170481], [126.820369, 35.170564], [126.82054, 35.170658], [126.821621, 35.171252], [126.823227, 35.172122], [126.825478, 35.173337], [126.826946, 35.174124], [126.828066, 35.174696], [126.828224, 35.174779], [126.829128, 35.175248], [126.830061, 35.175749], [126.830182, 35.175815]]}}, {"type": "Feature", "properties": {"line": "광주선", "from": "극락강", "to": "광주", "km": 7.787, "down": 263507, "up": 262107, "daily": 1440, "density": 1440}, "geometry": {"type": "LineString", "coordinates": [[126.830182, 35.175815], [126.830822, 35.176168], [126.831729, 35.176667], [126.832098, 35.176891], [126.832812, 35.177302], [126.833066, 35.177449], [126.833422, 35.177653], [126.833562, 35.177731], [126.834785, 35.178392], [126.834907, 35.178447], [126.835043, 35.178511], [126.835259, 35.178596], [126.835568, 35.178683], [126.835794, 35.178731], [126.836021, 35.178761], [126.836239, 35.178781], [126.836422, 35.178788], [126.836584, 35.178788], [126.836791, 35.178772], [126.836843, 35.178766], [126.836962, 35.178754], [126.837289, 35.178711], [126.83749, 35.178675], [126.83817, 35.178517], [126.838529, 35.178433], [126.839226, 35.17827], [126.839666, 35.178165], [126.841596, 35.177707], [126.842472, 35.177499], [126.842781, 35.177426], [126.844592, 35.176996], [126.856422, 35.174188], [126.858546, 35.173679], [126.859347, 35.173501], [126.860028, 35.17339], [126.860651, 35.173309], [126.861164, 35.17326], [126.861621, 35.173235], [126.862069, 35.173217], [126.872235, 35.172719], [126.878815, 35.172371], [126.881896, 35.172208], [126.883514, 35.172121], [126.884022, 35.172095], [126.884489, 35.172062], [126.885058, 35.17201], [126.885565, 35.171947], [126.886132, 35.171864], [126.886664, 35.171775], [126.887208, 35.171671], [126.887595, 35.171596], [126.887964, 35.171512], [126.88838, 35.171408], [126.889868, 35.171003], [126.890167, 35.170924], [126.892969, 35.170183], [126.89374, 35.169979], [126.897003, 35.169113], [126.897905, 35.168878], [126.899406, 35.168485], [126.899522, 35.168454], [126.899657, 35.168419], [126.902765, 35.167605], [126.902971, 35.167551], [126.903071, 35.167525], [126.903378, 35.167445], [126.903571, 35.167396], [126.904029, 35.167279], [126.9045, 35.167149], [126.905215, 35.166956], [126.912475, 35.164991]]}}, {"type": "Feature", "properties": {"line": "대구선", "from": "동대구", "to": "하양", "km": 20.538, "down": 737667, "up": 876185, "daily": 4422, "density": 4422, "through": 2}, "geometry": {"type": "LineString", "coordinates": [[128.629998, 35.88017], [128.630684, 35.880311], [128.631732, 35.88051], [128.632676, 35.880674], [128.633674, 35.880885], [128.634467, 35.881067], [128.634739, 35.88114], [128.635171, 35.881257], [128.63555, 35.88136], [128.636508, 35.881578], [128.637258, 35.881729], [128.63793, 35.881772], [128.63893, 35.881758], [128.639477, 35.881686], [128.640194, 35.881529], [128.640485, 35.881444], [128.64081, 35.881339], [128.641209, 35.881178], [128.641453, 35.881059], [128.641815, 35.880877], [128.642155, 35.880665], [128.642447, 35.880453], [128.642843, 35.880133], [128.643089, 35.8799], [128.643365, 35.879605], [128.643645, 35.87925], [128.645418, 35.876777], [128.645622, 35.876485], [128.645841, 35.876241], [128.646072, 35.875976], [128.646384, 35.875679], [128.646616, 35.875487], [128.646884, 35.875277], [128.64722, 35.875051], [128.647794, 35.874739], [128.648204, 35.874543], [128.648712, 35.874355], [128.649125, 35.874219], [128.649575, 35.87411], [128.649974, 35.874023], [128.650548, 35.873919], [128.651006, 35.873851], [128.651359, 35.87379], [128.652338, 35.873596], [128.652833, 35.873497], [128.653285, 35.873387], [128.6537, 35.87328], [128.654485, 35.87308], [128.655802, 35.872663], [128.65624, 35.872532], [128.656643, 35.872429], [128.656954, 35.872353], [128.657157, 35.872313], [128.657448, 35.872264], [128.657744, 35.872225], [128.658624, 35.872151], [128.659067, 35.872114], [128.659491, 35.872077], [128.659832, 35.872039], [128.660162, 35.871991], [128.660439, 35.871948], [128.660755, 35.871895], [128.661136, 35.871817], [128.66155, 35.871717], [128.662099, 35.871565], [128.663115, 35.871214], [128.664212, 35.870687], [128.665159, 35.870099], [128.666066, 35.86945], [128.667071, 35.868632], [128.667422, 35.868336], [128.667877, 35.867984], [128.668206, 35.86775], [128.668469, 35.867572], [128.668772, 35.867398], [128.66908, 35.867222], [128.669405, 35.867056], [128.669801, 35.866874], [128.671608, 35.866117], [128.672003, 35.865942], [128.672387, 35.865751], [128.673016, 35.865391], [128.673646, 35.864989], [128.674303, 35.864479], [128.674908, 35.863944], [128.675187, 35.863657], [128.6755, 35.863292], [128.675848, 35.862879], [128.676159, 35.862468], [128.676346, 35.862212], [128.678689, 35.859145], [128.678836, 35.858954], [128.679379, 35.858248], [128.679669, 35.857871], [128.680265, 35.85716], [128.680645, 35.856782], [128.681045, 35.856443], [128.681302, 35.856248], [128.681692, 35.855997], [128.682009, 35.855823], [128.682225, 35.85571], [128.682448, 35.855612], [128.682679, 35.855517], [128.682908, 35.855429], [128.683172, 35.855334], [128.683513, 35.85524], [128.683843, 35.85516], [128.684178, 35.855087], [128.684579, 35.855016], [128.685754, 35.854835], [128.687118, 35.854642], [128.687953, 35.854515], [128.688724, 35.8544], [128.689208, 35.854322], [128.689432, 35.854289], [128.689842, 35.854228], [128.691075, 35.85405], [128.693399, 35.853703], [128.696071, 35.853324], [128.696499, 35.853265], [128.698664, 35.852967], [128.699934, 35.852784], [128.700043, 35.852768], [128.701468, 35.852562], [128.703349, 35.8523], [128.707311, 35.851751], [128.708562, 35.851561], [128.709086, 35.851503], [128.70952, 35.85148], [128.709937, 35.851479], [128.71035, 35.851487], [128.710815, 35.851528], [128.711364, 35.851609], [128.712065, 35.85178], [128.712483, 35.851915], [128.713082, 35.85214], [128.716678, 35.853851], [128.721362, 35.856086], [128.724591, 35.857727], [128.726088, 35.858382], [128.727493, 35.858908], [128.729266, 35.859493], [128.732077, 35.860454], [128.732973, 35.860816], [128.733442, 35.860969], [128.734374, 35.861297], [128.735139, 35.86158], [128.737454, 35.862374], [128.738243, 35.862645], [128.740349, 35.863388], [128.740813, 35.863547], [128.74147, 35.863759], [128.742737, 35.864209], [128.743552, 35.86449], [128.745797, 35.865307], [128.746282, 35.86545], [128.749206, 35.866219], [128.751376, 35.866748], [128.753076, 35.867226], [128.753725, 35.867478], [128.754396, 35.867839], [128.754964, 35.868208], [128.755909, 35.869052], [128.756113, 35.869273], [128.756702, 35.870199], [128.757003, 35.870977], [128.757427, 35.872681], [128.757566, 35.873103], [128.758033, 35.87412], [128.758559, 35.874798], [128.759041, 35.875302], [128.759412, 35.875628], [128.760246, 35.876209], [128.760702, 35.87643], [128.762306, 35.877231], [128.764067, 35.878111], [128.766609, 35.879371], [128.766974, 35.879595], [128.767807, 35.880037], [128.769443, 35.88085], [128.770291, 35.881272], [128.771769, 35.882029], [128.7723, 35.882305], [128.77416, 35.883476], [128.774376, 35.883621], [128.775577, 35.884457], [128.775735, 35.884567], [128.77718, 35.885516], [128.77794, 35.886069], [128.779056, 35.887016], [128.77975, 35.887894], [128.781105, 35.889372], [128.782125, 35.890554], [128.783279, 35.891836], [128.783487, 35.892066], [128.784796, 35.89317], [128.785008, 35.893306], [128.787789, 35.895091], [128.789635, 35.896186], [128.791555, 35.897159], [128.793422, 35.898046], [128.794667, 35.898506], [128.7956, 35.898784], [128.796684, 35.899011], [128.797252, 35.899097], [128.799731, 35.899297], [128.800921, 35.899419], [128.80134, 35.899497], [128.802305, 35.899688], [128.803035, 35.899897], [128.804387, 35.900392], [128.805245, 35.90081], [128.806189, 35.901366], [128.806962, 35.901957], [128.808839, 35.903643], [128.809258, 35.904016], [128.810213, 35.90479], [128.810953, 35.905302], [128.811854, 35.905841], [128.813603, 35.906832], [128.815102, 35.907727], [128.815615, 35.907987], [128.815698, 35.908035], [128.815852, 35.908116], [128.816334, 35.908392], [128.817446, 35.909019], [128.818119, 35.909426], [128.818429, 35.9096]]}}, {"type": "Feature", "properties": {"line": "대구선", "from": "하양", "to": "영천", "km": 11.734, "down": 622031, "up": 731168, "daily": 3707, "density": 3707}, "geometry": {"type": "LineString", "coordinates": [[128.818429, 35.9096], [128.819716, 35.910321], [128.820291, 35.910662], [128.821071, 35.911112], [128.821558, 35.911384], [128.822229, 35.911772], [128.822465, 35.911898], [128.822814, 35.912115], [128.82305, 35.912249], [128.825528, 35.913652], [128.826188, 35.91404], [128.82674, 35.914322], [128.828956, 35.915574], [128.833081, 35.917907], [128.841745, 35.92279], [128.842984, 35.92328], [128.847116, 35.924728], [128.848939, 35.925328], [128.860872, 35.929324], [128.861967, 35.929683], [128.862636, 35.929902], [128.869397, 35.932097], [128.869792, 35.932225], [128.871311, 35.932718], [128.878444, 35.935035], [128.878805, 35.935162], [128.879202, 35.935318], [128.879563, 35.935471], [128.879908, 35.935615], [128.881116, 35.936144], [128.882023, 35.936573], [128.883103, 35.937134], [128.884051, 35.937648], [128.887187, 35.939597], [128.893957, 35.943826], [128.897026, 35.945611], [128.915595, 35.956554], [128.915958, 35.956709], [128.917027, 35.957212], [128.917648, 35.957497], [128.91818, 35.957736], [128.91841, 35.957838], [128.919436, 35.95826], [128.920323, 35.95855], [128.9211, 35.958771], [128.921684, 35.958903], [128.921983, 35.958943], [128.922635, 35.959037], [128.923238, 35.959086], [128.923624, 35.959109], [128.924564, 35.959113], [128.925774, 35.959055], [128.927648, 35.958974], [128.929516, 35.958849], [128.931347, 35.958783]]}}, {"type": "Feature", "properties": {"line": "동해선", "from": "부전", "to": "센텀", "km": 9.357, "down": 2005654, "up": 1999601, "daily": 10973, "density": 10973, "through": 7}, "geometry": {"type": "LineString", "coordinates": [[129.060379, 35.164418], [129.060976, 35.164705], [129.061095, 35.164764], [129.061366, 35.164896], [129.061702, 35.165058], [129.0619, 35.165148], [129.062197, 35.165298], [129.062301, 35.165351], [129.06401, 35.166156], [129.064562, 35.166451], [129.065064, 35.166746], [129.06557, 35.167114], [129.066295, 35.167885], [129.066558, 35.168293], [129.06685, 35.168975], [129.067015, 35.169737], [129.067143, 35.173158], [129.067218, 35.17495], [129.067227, 35.175136], [129.067246, 35.175409], [129.067264, 35.17568], [129.067295, 35.175943], [129.06733, 35.17621], [129.067378, 35.176468], [129.067437, 35.17674], [129.067504, 35.177001], [129.067584, 35.177274], [129.067713, 35.177676], [129.06823, 35.179077], [129.068319, 35.179308], [129.068751, 35.180442], [129.068814, 35.180606], [129.069112, 35.181404], [129.069832, 35.183331], [129.069927, 35.183585], [129.07049, 35.185052], [129.0706, 35.185306], [129.070722, 35.185571], [129.070772, 35.185663], [129.070923, 35.185936], [129.071075, 35.186175], [129.071244, 35.186401], [129.071427, 35.186632], [129.07162, 35.18684], [129.071811, 35.187041], [129.072805, 35.188029], [129.072866, 35.188089], [129.073804, 35.188997], [129.073881, 35.189071], [129.076502, 35.191627], [129.076797, 35.191903], [129.077011, 35.192096], [129.077309, 35.192348], [129.077576, 35.192551], [129.077802, 35.192712], [129.078143, 35.192934], [129.078423, 35.193107], [129.078563, 35.193182], [129.079761, 35.193824], [129.080337, 35.194133], [129.080606, 35.194292], [129.080817, 35.19442], [129.081118, 35.19462], [129.081415, 35.194841], [129.08171, 35.195091], [129.081992, 35.195336], [129.082499, 35.195791], [129.08407, 35.197206], [129.084302, 35.197403], [129.084541, 35.197582], [129.084687, 35.197673], [129.084895, 35.197792], [129.085133, 35.197904], [129.085401, 35.198006], [129.085746, 35.198105], [129.085971, 35.198149], [129.086206, 35.19818], [129.08643, 35.198196], [129.086758, 35.198197], [129.08711, 35.19817], [129.087491, 35.198111], [129.088628, 35.197839], [129.089004, 35.197749], [129.089781, 35.197561], [129.090401, 35.197414], [129.09114, 35.197237], [129.092093, 35.197009], [129.093344, 35.196693], [129.094449, 35.196439], [129.094913, 35.196339], [129.09526, 35.196278], [129.095614, 35.19623], [129.095964, 35.196193], [129.096317, 35.196168], [129.096667, 35.19615], [129.097328, 35.196128], [129.099717, 35.196047], [129.099781, 35.196047], [129.100586, 35.196021], [129.101598, 35.195988], [129.102545, 35.195955], [129.105012, 35.195866], [129.105366, 35.195849], [129.105646, 35.195829], [129.105961, 35.195797], [129.106268, 35.195755], [129.106562, 35.19571], [129.106822, 35.195658], [129.107173, 35.19557], [129.107491, 35.19548], [129.107865, 35.195357], [129.108298, 35.195203], [129.1089, 35.19497], [129.109539, 35.194723], [129.110133, 35.19449], [129.110523, 35.194342], [129.110797, 35.194248], [129.111057, 35.194163], [129.111391, 35.194065], [129.111733, 35.193981], [129.112153, 35.193895], [129.112512, 35.193833], [129.112954, 35.19377], [129.113303, 35.193725], [129.113692, 35.19367], [129.113745, 35.193663], [129.114159, 35.19361], [129.114671, 35.193544], [129.115301, 35.193471], [129.115927, 35.193391], [129.116835, 35.193275], [129.117095, 35.193238], [129.117272, 35.193205], [129.117418, 35.193174], [129.117536, 35.193146], [129.117721, 35.193089], [129.117976, 35.192993], [129.118283, 35.192847], [129.118562, 35.192684], [129.118793, 35.192521], [129.118976, 35.192362], [129.119183, 35.192148], [129.11927, 35.192049], [129.11935, 35.191942], [129.119487, 35.191723], [129.11959, 35.191518], [129.119675, 35.191299], [129.119734, 35.191079], [129.119778, 35.190854], [129.119779, 35.190844], [129.119832, 35.190454], [129.119857, 35.190234], [129.11993, 35.189542], [129.119956, 35.189265], [129.119983, 35.189029], [129.120009, 35.188807], [129.120019, 35.188747], [129.120094, 35.188041], [129.120175, 35.187286], [129.120273, 35.186361], [129.120308, 35.186005], [129.120342, 35.185694], [129.120377, 35.185447], [129.120397, 35.185309], [129.120422, 35.185169], [129.120481, 35.184921], [129.120543, 35.184722], [129.120637, 35.184479], [129.120706, 35.184334], [129.1208, 35.184152], [129.120923, 35.183948], [129.121042, 35.183772], [129.121154, 35.183623], [129.121941, 35.182633], [129.122082, 35.182456], [129.122229, 35.182269], [129.122374, 35.182088], [129.122701, 35.18168], [129.123075, 35.181223], [129.123733, 35.180402], [129.1245, 35.179446]]}}, {"type": "Feature", "properties": {"line": "동해선", "from": "센텀", "to": "신해운대", "km": 5.743, "down": 1972215, "up": 1965148, "daily": 10787, "density": 10787, "through": 1}, "geometry": {"type": "LineString", "coordinates": [[129.1245, 35.179446], [129.124774, 35.179105], [129.125923, 35.177676], [129.12619, 35.177344], [129.126298, 35.17721], [129.126757, 35.176643], [129.126954, 35.176398], [129.12719, 35.176115], [129.127384, 35.175899], [129.127521, 35.175756], [129.127624, 35.175655], [129.127752, 35.175547], [129.127926, 35.175404], [129.128137, 35.175248], [129.128299, 35.175144], [129.128499, 35.175028], [129.128713, 35.174915], [129.128924, 35.174816], [129.12916, 35.17472], [129.129568, 35.174577], [129.13079, 35.174162], [129.131075, 35.174058], [129.131314, 35.173968], [129.131495, 35.173896], [129.131765, 35.173783], [129.132104, 35.173637], [129.132578, 35.173406], [129.132671, 35.173359], [129.133026, 35.173181], [129.13466, 35.172313], [129.135241, 35.172005], [129.135316, 35.171963], [129.13608, 35.171551], [129.136878, 35.171121], [129.137711, 35.170669], [129.138722, 35.17014], [129.139135, 35.169925], [129.139286, 35.169855], [129.139439, 35.169783], [129.139562, 35.16973], [129.139682, 35.169684], [129.139808, 35.169638], [129.139939, 35.169594], [129.140063, 35.169556], [129.140238, 35.169506], [129.14042, 35.169464], [129.14062, 35.169423], [129.14093, 35.169364], [129.141322, 35.169334], [129.141757, 35.169315], [129.14221, 35.169334], [129.142672, 35.169391], [129.143214, 35.169479], [129.148315, 35.170657], [129.148925, 35.170838], [129.149566, 35.171095], [129.149985, 35.171347], [129.150466, 35.171695], [129.155605, 35.176646], [129.158315, 35.17926], [129.159648, 35.180191], [129.161055, 35.181042], [129.162331, 35.181626], [129.163405, 35.181992], [129.164792, 35.182339], [129.166067, 35.182589], [129.167523, 35.182791], [129.169266, 35.182916], [129.170839, 35.182875], [129.17204, 35.182789], [129.17356, 35.18259], [129.174224, 35.182441], [129.176261, 35.181871], [129.176431, 35.181812], [129.176812, 35.181706]]}}, {"type": "Feature", "properties": {"line": "동해선", "from": "신해운대", "to": "기장", "km": 9.547, "down": 1885013, "up": 1886850, "daily": 10334, "density": 10334, "through": 2}, "geometry": {"type": "LineString", "coordinates": [[129.176812, 35.181706], [129.17814, 35.181335], [129.179741, 35.180869], [129.184507, 35.179559], [129.185447, 35.179356], [129.18641, 35.179203], [129.187403, 35.179081], [129.188526, 35.179009], [129.189557, 35.178973], [129.190484, 35.178991], [129.191461, 35.179052], [129.192443, 35.179152], [129.193573, 35.179364], [129.194442, 35.179606], [129.195143, 35.179871], [129.195686, 35.180128], [129.19644, 35.18053], [129.197336, 35.181102], [129.197726, 35.181403], [129.198137, 35.181786], [129.19848, 35.182146], [129.198805, 35.182514], [129.199025, 35.182792], [129.199216, 35.183058], [129.199401, 35.18333], [129.199665, 35.183757], [129.200618, 35.185319], [129.201649, 35.18702], [129.201707, 35.187113], [129.202082, 35.187718], [129.202501, 35.188395], [129.203925, 35.190755], [129.204472, 35.191638], [129.205291, 35.192975], [129.205565, 35.193388], [129.205798, 35.193697], [129.206043, 35.19401], [129.206294, 35.19431], [129.206655, 35.194707], [129.206991, 35.195059], [129.207434, 35.19549], [129.207657, 35.195685], [129.208334, 35.196271], [129.208917, 35.196777], [129.20926, 35.197084], [129.209571, 35.197382], [129.209808, 35.197628], [129.210017, 35.197876], [129.210208, 35.198128], [129.210407, 35.198429], [129.21058, 35.198709], [129.210736, 35.199025], [129.210852, 35.199317], [129.210942, 35.199597], [129.211022, 35.199917], [129.211077, 35.200204], [129.211113, 35.200462], [129.211134, 35.200699], [129.211136, 35.200898], [129.211136, 35.201081], [129.211115, 35.201373], [129.211069, 35.201683], [129.210503, 35.20598], [129.210455, 35.206389], [129.210415, 35.206872], [129.210396, 35.207233], [129.210374, 35.207636], [129.210365, 35.208025], [129.210371, 35.208427], [129.210385, 35.208748], [129.210507, 35.211522], [129.210515, 35.212434], [129.210573, 35.213659], [129.210596, 35.213963], [129.210637, 35.214262], [129.210702, 35.214609], [129.210785, 35.214944], [129.210897, 35.215318], [129.211333, 35.216571], [129.211511, 35.217127], [129.211613, 35.217462], [129.211659, 35.217653], [129.211702, 35.217867], [129.211736, 35.218109], [129.211755, 35.218343], [129.211758, 35.218519], [129.211761, 35.218842], [129.211727, 35.219217], [129.211678, 35.219544], [129.211598, 35.22004], [129.21128, 35.221791], [129.211243, 35.222083], [129.211218, 35.222421], [129.211211, 35.22291], [129.211249, 35.223326], [129.211328, 35.223741], [129.211431, 35.224096], [129.211562, 35.224439], [129.211739, 35.224829], [129.21193, 35.225183], [129.212296, 35.225762], [129.213181, 35.227117], [129.21333, 35.227389], [129.213471, 35.227693], [129.213585, 35.227985], [129.213673, 35.22828], [129.213744, 35.228572], [129.213793, 35.2289], [129.213838, 35.229322], [129.214086, 35.232435], [129.214104, 35.232631], [129.214135, 35.23292], [129.214174, 35.233209], [129.214234, 35.233485], [129.214302, 35.233753], [129.214385, 35.234018], [129.21448, 35.234275], [129.214588, 35.234521], [129.214724, 35.234783], [129.214894, 35.235065], [129.215111, 35.235383], [129.215277, 35.235607], [129.215624, 35.236036], [129.217632, 35.238493], [129.21788, 35.238822], [129.218127, 35.23919], [129.218301, 35.239499], [129.218438, 35.239808], [129.218563, 35.240155], [129.218636, 35.240513], [129.218711, 35.240933], [129.218798, 35.24155], [129.218835, 35.242], [129.218849, 35.242301], [129.218854, 35.24247], [129.2189, 35.243846], [129.21891, 35.244435]]}}, {"type": "Feature", "properties": {"line": "동해선", "from": "기장", "to": "남창", "km": 22.849, "down": 1861357, "up": 1861806, "daily": 10200, "density": 10200, "through": 4}, "geometry": {"type": "LineString", "coordinates": [[129.21891, 35.244435], [129.218926, 35.245335], [129.218935, 35.246477], [129.218943, 35.246757], [129.218986, 35.247282], [129.219071, 35.248016], [129.219196, 35.248763], [129.219264, 35.249138], [129.219517, 35.2504], [129.219643, 35.250929], [129.219938, 35.252264], [129.220209, 35.253432], [129.220424, 35.254046], [129.220756, 35.254773], [129.221078, 35.255412], [129.221443, 35.256073], [129.221829, 35.256668], [129.222309, 35.257266], [129.222805, 35.257772], [129.223277, 35.258271], [129.223792, 35.258762], [129.224168, 35.259113], [129.224519, 35.259399], [129.224864, 35.259657], [129.225223, 35.259926], [129.225614, 35.260176], [129.226102, 35.260471], [129.226577, 35.260721], [129.227306, 35.261072], [129.228216, 35.26147], [129.229908, 35.262283], [129.230489, 35.262657], [129.231065, 35.263119], [129.231455, 35.263531], [129.231737, 35.263905], [129.232018, 35.264303], [129.232169, 35.264621], [129.232258, 35.264821], [129.232386, 35.265165], [129.232555, 35.265721], [129.232728, 35.266294], [129.232769, 35.266436], [129.233011, 35.267282], [129.233126, 35.267668], [129.233306, 35.268277], [129.233524, 35.269018], [129.233601, 35.26927], [129.233685, 35.269547], [129.233821, 35.270019], [129.234021, 35.270716], [129.234223, 35.271419], [129.234289, 35.271633], [129.234396, 35.271971], [129.234471, 35.272256], [129.234536, 35.272569], [129.234562, 35.272743], [129.234576, 35.272878], [129.234587, 35.273071], [129.234587, 35.273322], [129.234568, 35.273566], [129.234541, 35.273747], [129.234498, 35.273971], [129.234442, 35.274197], [129.234385, 35.274411], [129.233967, 35.275786], [129.233592, 35.277093], [129.233505, 35.277473], [129.233444, 35.277851], [129.233409, 35.278252], [129.233411, 35.278628], [129.233438, 35.279015], [129.233766, 35.282218], [129.233852, 35.283075], [129.233893, 35.28359], [129.23393, 35.28395], [129.233979, 35.284298], [129.234028, 35.284566], [129.234188, 35.285174], [129.234312, 35.285638], [129.234534, 35.286405], [129.234712, 35.286972], [129.234929, 35.287624], [129.235079, 35.288075], [129.235169, 35.288375], [129.235565, 35.289679], [129.236095, 35.291387], [129.236695, 35.293299], [129.236875, 35.293875], [129.237038, 35.294389], [129.237152, 35.29475], [129.237267, 35.295127], [129.237354, 35.295433], [129.237411, 35.295667], [129.237489, 35.29602], [129.237526, 35.29624], [129.237566, 35.296578], [129.237612, 35.297141], [129.237621, 35.297709], [129.237619, 35.298001], [129.237591, 35.298502], [129.237538, 35.299281], [129.237456, 35.300637], [129.23739, 35.301728], [129.237397, 35.302422], [129.237423, 35.30296], [129.237458, 35.303278], [129.237505, 35.303583], [129.237594, 35.303926], [129.237742, 35.30432], [129.237875, 35.304611], [129.238041, 35.304949], [129.238298, 35.305444], [129.238444, 35.305684], [129.238609, 35.305915], [129.238857, 35.306233], [129.239123, 35.306534], [129.239381, 35.306791], [129.240194, 35.307599], [129.240402, 35.307806], [129.241307, 35.308568], [129.241905, 35.309088], [129.244538, 35.311312], [129.245141, 35.311821], [129.245451, 35.312083], [129.245797, 35.312367], [129.246781, 35.313113], [129.247339, 35.313506], [129.248548, 35.314512], [129.249064, 35.314946], [129.250588, 35.316242], [129.251871, 35.317297], [129.252508, 35.317813], [129.253036, 35.318212], [129.253668, 35.318645], [129.254123, 35.318912], [129.254576, 35.319157], [129.254991, 35.319356], [129.255197, 35.319444], [129.255794, 35.319687], [129.256619, 35.319952], [129.257207, 35.320133], [129.257836, 35.320303], [129.258479, 35.320465], [129.259248, 35.32065], [129.264115, 35.321628], [129.265177, 35.321838], [129.266008, 35.322014], [129.267794, 35.32247], [129.268862, 35.322776], [129.270085, 35.323147], [129.270618, 35.323304], [129.271064, 35.323484], [129.271439, 35.323665], [129.271618, 35.323758], [129.271978, 35.323951], [129.272351, 35.324195], [129.272677, 35.324412], [129.272962, 35.324624], [129.27314, 35.32479], [129.274089, 35.32566], [129.274257, 35.325838], [129.274422, 35.326017], [129.275608, 35.327171], [129.275992, 35.327508], [129.276579, 35.328068], [129.277114, 35.328579], [129.277258, 35.328695], [129.277958, 35.329347], [129.278266, 35.329644], [129.278349, 35.329724], [129.27967, 35.330944], [129.279953, 35.331168], [129.280705, 35.331847], [129.280805, 35.331926], [129.281099, 35.332156], [129.28133, 35.332348], [129.282036, 35.332926], [129.282278, 35.333056], [129.284356, 35.334323], [129.28642, 35.335565], [129.287868, 35.336392], [129.288597, 35.336825], [129.288921, 35.337015], [129.289392, 35.337325], [129.289792, 35.337625], [129.290148, 35.337921], [129.29047, 35.338223], [129.290753, 35.338531], [129.291025, 35.338891], [129.291263, 35.339283], [129.291426, 35.33962], [129.291635, 35.340081], [129.291851, 35.34052], [129.291972, 35.340905], [129.292043, 35.341239], [129.29208, 35.341479], [129.292229, 35.342144], [129.292317, 35.342599], [129.292409, 35.343035], [129.29245, 35.343216], [129.292574, 35.34389], [129.292661, 35.34447], [129.292817, 35.345312], [129.292862, 35.345588], [129.292889, 35.345721], [129.292965, 35.346126], [129.293098, 35.346833], [129.293125, 35.346942], [129.293162, 35.347079], [129.293551, 35.348168], [129.29368, 35.348728], [129.293739, 35.349063], [129.293776, 35.349404], [129.293792, 35.349612], [129.293798, 35.349778], [129.293795, 35.350003], [129.293771, 35.350323], [129.293747, 35.350537], [129.293698, 35.350787], [129.293615, 35.351113], [129.293511, 35.351401], [129.293414, 35.351644], [129.293269, 35.351946], [129.293157, 35.352143], [129.292971, 35.352438], [129.292752, 35.352747], [129.292347, 35.35327], [129.290558, 35.355571], [129.288173, 35.358604], [129.287915, 35.358938], [129.287634, 35.359308], [129.287323, 35.35973], [129.286977, 35.36035], [129.286144, 35.362058], [129.285413, 35.363487], [129.284842, 35.364927], [129.284638, 35.36624], [129.284491, 35.368071], [129.284372, 35.369078], [129.284354, 35.369404], [129.284099, 35.373013], [129.284178, 35.373619], [129.284181, 35.374312], [129.284109, 35.381537], [129.284127, 35.383268], [129.284142, 35.383579], [129.284178, 35.383934], [129.285011, 35.390101], [129.285073, 35.390641], [129.285078, 35.39072], [129.285121, 35.391345], [129.285126, 35.391944], [129.28511, 35.393225], [129.285109, 35.393326], [129.285105, 35.39368], [129.285122, 35.398839], [129.285034, 35.401235], [129.285018, 35.402076], [129.284973, 35.404364], [129.284968, 35.404551], [129.284964, 35.404744], [129.284964, 35.404965], [129.284966, 35.405955], [129.284973, 35.406209], [129.284974, 35.406258], [129.284986, 35.406517], [129.285001, 35.406943], [129.285033, 35.407241], [129.285141, 35.407671], [129.285285, 35.408065], [129.285484, 35.408491], [129.285715, 35.408928], [129.286393, 35.410273], [129.286498, 35.410577], [129.286562, 35.410902], [129.286594, 35.411272], [129.286586, 35.411689], [129.286511, 35.412196], [129.286441, 35.412492], [129.286391, 35.412638], [129.286276, 35.412901], [129.286235, 35.412995], [129.285985, 35.413456], [129.28583, 35.413713], [129.285194, 35.41477], [129.284667, 35.415656], [129.284582, 35.4158], [129.283014, 35.418378], [129.282793, 35.418737], [129.282707, 35.418885], [129.282486, 35.419274]]}}, {"type": "Feature", "properties": {"line": "동해선", "from": "남창", "to": "태화강", "km": 16.118, "down": 1856769, "up": 1855361, "daily": 10170, "density": 10170, "through": 3}, "geometry": {"type": "LineString", "coordinates": [[129.282486, 35.419274], [129.282181, 35.419812], [129.281759, 35.420526], [129.281096, 35.421647], [129.280748, 35.42222], [129.280638, 35.422403], [129.280347, 35.422891], [129.27996, 35.423541], [129.279635, 35.424097], [129.279503, 35.424347], [129.279375, 35.424601], [129.279148, 35.425122], [129.279102, 35.425228], [129.278654, 35.426352], [129.278585, 35.426597], [129.278587, 35.426722], [129.27859, 35.42692], [129.278622, 35.427062], [129.278724, 35.427568], [129.278955, 35.428528], [129.279335, 35.429448], [129.279563, 35.430436], [129.279662, 35.431765], [129.279665, 35.432846], [129.279867, 35.433915], [129.280068, 35.4356], [129.28008, 35.435642], [129.280435, 35.436958], [129.28101, 35.438092], [129.281018, 35.438109], [129.282186, 35.439957], [129.282796, 35.441005], [129.284648, 35.448644], [129.285452, 35.450432], [129.285596, 35.45073], [129.285987, 35.451619], [129.286248, 35.452237], [129.28655, 35.452986], [129.286767, 35.453576], [129.286952, 35.454039], [129.287188, 35.454538], [129.287455, 35.455287], [129.287631, 35.455791], [129.287651, 35.455847], [129.287843, 35.45651], [129.287858, 35.456563], [129.288089, 35.45723], [129.288839, 35.459114], [129.288981, 35.459499], [129.289151, 35.459963], [129.28923, 35.460216], [129.289932, 35.462137], [129.290259, 35.462793], [129.29051, 35.463185], [129.290813, 35.463611], [129.29138, 35.464192], [129.292218, 35.464847], [129.293572, 35.465772], [129.294225, 35.466241], [129.295016, 35.467012], [129.29557, 35.467737], [129.295833, 35.468275], [129.296121, 35.468921], [129.296402, 35.469901], [129.296725, 35.470844], [129.297277, 35.474216], [129.297729, 35.477017], [129.297798, 35.477451], [129.297973, 35.479282], [129.298108, 35.480619], [129.298255, 35.482065], [129.298741, 35.485285], [129.299059, 35.486473], [129.299431, 35.487268], [129.299615, 35.487648], [129.299876, 35.488147], [129.300145, 35.488625], [129.300946, 35.490143], [129.301357, 35.490866], [129.301784, 35.491576], [129.302801, 35.493412], [129.303146, 35.494058], [129.304952, 35.497441], [129.305321, 35.498113], [129.305548, 35.498555], [129.306201, 35.499725], [129.306289, 35.499894], [129.30693, 35.50108], [129.307248, 35.501677], [129.307431, 35.502016], [129.307498, 35.502135], [129.307632, 35.50235], [129.307846, 35.502653], [129.308085, 35.502927], [129.308252, 35.503096], [129.308309, 35.503149], [129.308618, 35.503423], [129.308905, 35.503642], [129.309266, 35.50387], [129.309632, 35.504059], [129.30999, 35.504211], [129.310409, 35.504343], [129.310982, 35.504502], [129.312502, 35.50492], [129.312994, 35.505056], [129.315739, 35.505903], [129.315895, 35.505952], [129.316496, 35.506173], [129.31899, 35.507067], [129.320402, 35.507585], [129.321116, 35.507869], [129.321131, 35.507875], [129.321955, 35.508193], [129.323823, 35.508861], [129.32472, 35.509154], [129.324929, 35.509224], [129.326743, 35.509918], [129.327731, 35.510257], [129.328064, 35.510359], [129.328767, 35.51058], [129.329429, 35.510774], [129.329982, 35.510901], [129.330486, 35.510969], [129.330891, 35.511008], [129.331449, 35.511039], [129.33286, 35.511123], [129.333397, 35.511185], [129.33408, 35.511292], [129.334696, 35.511414], [129.335299, 35.511585], [129.335798, 35.511752], [129.336116, 35.511878], [129.336429, 35.512034], [129.3367, 35.512197], [129.337265, 35.512532], [129.337708, 35.512847], [129.338161, 35.513208], [129.338586, 35.513642], [129.338876, 35.514018], [129.340422, 35.516147], [129.341468, 35.517637], [129.342765, 35.519458], [129.343307, 35.520241], [129.34368, 35.520782], [129.344271, 35.521653], [129.344872, 35.522558], [129.345402, 35.523315], [129.34604, 35.524228], [129.346425, 35.524764], [129.346564, 35.524957], [129.346916, 35.525469], [129.347088, 35.525753], [129.347117, 35.52581], [129.347411, 35.526384], [129.347531, 35.526613], [129.347652, 35.526844], [129.348642, 35.528733], [129.349247, 35.529873], [129.35001, 35.531303], [129.351001, 35.533138], [129.351283, 35.533659], [129.351629, 35.534297], [129.351636, 35.534311], [129.351682, 35.534396], [129.351712, 35.534448], [129.35208, 35.535144], [129.352194, 35.535361], [129.352354, 35.535674], [129.352583, 35.536098], [129.352754, 35.536419], [129.352997, 35.536867], [129.353742, 35.538263], [129.35403, 35.538802]]}}, {"type": "Feature", "properties": {"line": "동해선", "from": "태화강", "to": "북울산", "km": 9.797, "down": 1665688, "up": 1658420, "daily": 9107, "density": 9107}, "geometry": {"type": "LineString", "coordinates": [[129.35403, 35.538802], [129.354793, 35.540234], [129.354874, 35.540392], [129.355004, 35.540644], [129.355831, 35.542178], [129.355922, 35.542347], [129.356038, 35.542566], [129.356153, 35.542781], [129.356262, 35.542974], [129.356341, 35.543121], [129.35652, 35.543454], [129.357307, 35.544905], [129.358671, 35.547464], [129.359288, 35.54863], [129.359473, 35.548958], [129.359545, 35.549086], [129.360525, 35.550918], [129.360622, 35.551099], [129.360662, 35.551179], [129.360768, 35.551388], [129.361114, 35.552082], [129.361191, 35.552242], [129.36141, 35.552734], [129.361679, 35.55341], [129.361882, 35.553972], [129.362099, 35.554642], [129.362272, 35.555276], [129.362363, 35.555608], [129.362481, 35.556086], [129.362558, 35.55644], [129.362619, 35.55674], [129.362667, 35.557012], [129.362732, 35.557474], [129.36277, 35.557891], [129.362773, 35.55792], [129.362823, 35.558401], [129.362858, 35.558901], [129.362882, 35.559528], [129.362888, 35.560265], [129.362855, 35.561053], [129.362837, 35.561297], [129.362792, 35.561747], [129.362674, 35.562729], [129.362582, 35.563388], [129.362556, 35.563554], [129.362523, 35.563777], [129.362511, 35.563871], [129.362494, 35.564008], [129.362471, 35.564208], [129.362442, 35.56445], [129.362404, 35.564798], [129.362373, 35.565197], [129.362358, 35.565605], [129.362348, 35.566063], [129.362344, 35.566471], [129.362366, 35.566827], [129.362405, 35.56728], [129.362439, 35.56751], [129.362486, 35.567738], [129.362539, 35.56795], [129.3626, 35.568173], [129.362667, 35.568396], [129.362738, 35.568619], [129.362811, 35.568833], [129.362889, 35.569044], [129.362996, 35.569316], [129.363072, 35.569504], [129.363157, 35.569696], [129.363257, 35.569898], [129.363358, 35.570096], [129.363462, 35.570286], [129.363862, 35.570921], [129.363994, 35.571113], [129.364125, 35.571277], [129.364371, 35.571583], [129.364647, 35.571903], [129.364815, 35.572092], [129.364979, 35.572276], [129.365143, 35.572437], [129.365329, 35.572618], [129.36551, 35.572789], [129.365692, 35.572947], [129.365903, 35.573125], [129.366109, 35.573294], [129.366303, 35.573453], [129.366493, 35.573605], [129.366679, 35.573751], [129.36689, 35.573909], [129.367097, 35.574053], [129.367476, 35.5743], [129.367707, 35.57444], [129.367928, 35.574569], [129.368181, 35.574708], [129.368747, 35.574991], [129.36933, 35.57526], [129.369565, 35.575357], [129.3698, 35.575454], [129.370056, 35.57555], [129.370322, 35.575647], [129.370805, 35.57581], [129.371422, 35.576006], [129.371742, 35.576106], [129.372433, 35.576321], [129.372751, 35.576413], [129.373048, 35.576498], [129.373539, 35.576646], [129.374827, 35.577034], [129.37578, 35.577351], [129.37665, 35.577697], [129.377006, 35.57786], [129.377756, 35.578248], [129.378167, 35.578485], [129.379584, 35.57958], [129.380951, 35.580757], [129.382189, 35.582316], [129.382884, 35.583766], [129.383448, 35.585559], [129.383628, 35.587062], [129.383438, 35.589176], [129.382741, 35.59115], [129.381156, 35.593561], [129.375391, 35.599349], [129.374897, 35.600062], [129.374794, 35.600239], [129.37447, 35.600796], [129.374192, 35.601371], [129.3741, 35.601617], [129.373895, 35.602235], [129.373687, 35.602922], [129.373549, 35.603507], [129.373507, 35.603777], [129.373411, 35.604471], [129.373139, 35.607806], [129.373091, 35.608233], [129.372927, 35.610005], [129.372921, 35.610071], [129.372901, 35.610283], [129.372889, 35.610416], [129.372879, 35.610526], [129.372859, 35.610737], [129.372851, 35.610817], [129.372835, 35.611027], [129.37277, 35.611841], [129.372707, 35.612339], [129.372674, 35.612725], [129.372637, 35.613075], [129.372603, 35.613442], [129.372571, 35.613805], [129.372494, 35.614871]]}}, {"type": "Feature", "properties": {"line": "동해선", "from": "북울산", "to": "경주", "km": 32.363, "down": 1582700, "up": 1565138, "daily": 8624, "density": 8624}, "geometry": {"type": "LineString", "coordinates": [[129.372494, 35.614871], [129.372435, 35.615687], [129.372123, 35.619087], [129.372031, 35.620334], [129.371758, 35.628757], [129.371654, 35.640421], [129.371653, 35.640979], [129.371641, 35.641554], [129.371589, 35.642009], [129.371497, 35.642356], [129.371316, 35.64287], [129.370171, 35.645577], [129.355061, 35.68335], [129.353793, 35.685844], [129.352338, 35.688278], [129.350377, 35.690915], [129.348011, 35.69344], [129.344978, 35.695938], [129.342009, 35.697927], [129.33897, 35.699762], [129.336333, 35.701139], [129.333074, 35.702673], [129.331502, 35.70336], [129.330513, 35.703797], [129.330434, 35.703832], [129.328789, 35.70456], [129.326209, 35.705702], [129.326021, 35.705784], [129.318724, 35.709023], [129.315871, 35.710285], [129.314204, 35.711043], [129.312537, 35.711801], [129.31148, 35.712276], [129.303858, 35.715708], [129.302137, 35.716473], [129.295131, 35.719587], [129.293241, 35.720427], [129.292171, 35.720903], [129.290515, 35.721578], [129.28875, 35.722149], [129.287082, 35.722523], [129.285675, 35.722735], [129.285151, 35.722805], [129.284549, 35.722882], [129.283949, 35.722951], [129.283554, 35.722988], [129.283504, 35.722993], [129.28316, 35.723025], [129.282656, 35.723058], [129.282326, 35.723069], [129.281956, 35.723076], [129.281141, 35.723076], [129.280848, 35.723081], [129.280556, 35.723083], [129.280308, 35.723081], [129.280042, 35.723079], [129.279798, 35.723075], [129.279531, 35.723065], [129.279254, 35.723055], [129.278988, 35.723045], [129.278715, 35.723036], [129.278441, 35.723025], [129.278159, 35.723014], [129.277876, 35.723004], [129.277563, 35.722993], [129.277253, 35.722979], [129.275304, 35.722871], [129.274756, 35.722847], [129.274246, 35.722831], [129.273662, 35.72282], [129.27309, 35.722825], [129.272374, 35.722847], [129.271736, 35.722883], [129.269747, 35.723095], [129.267489, 35.723475], [129.265443, 35.723934], [129.263603, 35.724532], [129.241009, 35.733663], [129.239477, 35.734193], [129.23794, 35.73466], [129.237154, 35.734893], [129.236685, 35.735015], [129.236094, 35.735139], [129.235533, 35.735254], [129.234926, 35.735347], [129.234331, 35.735436], [129.233548, 35.735532], [129.232692, 35.735609], [129.23157, 35.73567], [129.230088, 35.735715], [129.229616, 35.735735], [129.22916, 35.735753], [129.228754, 35.73577], [129.228347, 35.735787], [129.227696, 35.735811], [129.226178, 35.735871], [129.225603, 35.735892], [129.223227, 35.735985], [129.222043, 35.736031], [129.220517, 35.736111], [129.219664, 35.736173], [129.218394, 35.736288], [129.217097, 35.736466], [129.215832, 35.736709], [129.214566, 35.736991], [129.213354, 35.737309], [129.212198, 35.737701], [129.211099, 35.738115], [129.207535, 35.739706], [129.206228, 35.740257], [129.204772, 35.740923], [129.204521, 35.741043], [129.204274, 35.741159], [129.204038, 35.741271], [129.203485, 35.741532], [129.203284, 35.741626], [129.202952, 35.741783], [129.201283, 35.7426], [129.201056, 35.742705], [129.200819, 35.742814], [129.200521, 35.742953], [129.200226, 35.743087], [129.199922, 35.743226], [129.199621, 35.743364], [129.199258, 35.743542], [129.198937, 35.743697], [129.198618, 35.743856], [129.198317, 35.744006], [129.198013, 35.744158], [129.197659, 35.744334], [129.197314, 35.744504], [129.196978, 35.744681], [129.196648, 35.744854], [129.196341, 35.745017], [129.196019, 35.745199], [129.195727, 35.745379], [129.195448, 35.745555], [129.194894, 35.745904], [129.194601, 35.746099], [129.192991, 35.747203], [129.192767, 35.747361], [129.192436, 35.747614], [129.19208, 35.747889], [129.191909, 35.748026], [129.191721, 35.748182], [129.191536, 35.748336], [129.191351, 35.748489], [129.191139, 35.748671], [129.190943, 35.748851], [129.190772, 35.749007], [129.190603, 35.749172], [129.190423, 35.749353], [129.190229, 35.749551], [129.19007, 35.749722], [129.189911, 35.749893], [129.189748, 35.750069], [129.189587, 35.750242], [129.189417, 35.750431], [129.189247, 35.750621], [129.189086, 35.750809], [129.188925, 35.750996], [129.18876, 35.75119], [129.188608, 35.751375], [129.188453, 35.751559], [129.188301, 35.75174], [129.188127, 35.75196], [129.188008, 35.752123], [129.187889, 35.752291], [129.187741, 35.75251], [129.187607, 35.752706], [129.187473, 35.752903], [129.187348, 35.753093], [129.187223, 35.753283], [129.187094, 35.753488], [129.186971, 35.753693], [129.186628, 35.754292], [129.186177, 35.755133], [129.185764, 35.755984], [129.18547, 35.756615], [129.184094, 35.759594], [129.184046, 35.759693], [129.183973, 35.759841], [129.183928, 35.759934], [129.183561, 35.760683], [129.183133, 35.761476], [129.182647, 35.762314], [129.182486, 35.762592], [129.182216, 35.763056], [129.181702, 35.76394], [129.18103, 35.765057], [129.180138, 35.76643], [129.178767, 35.768583], [129.17808, 35.769622], [129.177398, 35.770555], [129.176775, 35.771359], [129.176103, 35.772199], [129.17454, 35.774103], [129.173891, 35.774928], [129.170301, 35.779191], [129.169749, 35.779747], [129.169235, 35.780204], [129.168604, 35.780783], [129.168262, 35.781082], [129.167895, 35.781391], [129.167626, 35.781597], [129.167494, 35.781695], [129.166593, 35.782366], [129.166288, 35.782583], [129.165531, 35.783188], [129.164301, 35.783806], [129.163442, 35.784308], [129.162637, 35.784825], [129.160399, 35.786345], [129.158054, 35.787852], [129.154625, 35.789964], [129.150475, 35.792297], [129.147774, 35.793791], [129.145969, 35.794686], [129.144533, 35.795502], [129.143583, 35.79604], [129.14223, 35.79681], [129.141445, 35.797282], [129.140857, 35.797606], [129.139277, 35.798528], [129.139217, 35.798562]]}}, {"type": "Feature", "properties": {"line": "동해선", "from": "경주", "to": "서경주", "km": 12.443, "down": 1598725, "up": 1604968, "daily": 8777, "density": 8777}, "geometry": {"type": "LineString", "coordinates": [[129.139217, 35.798562], [129.137638, 35.799459], [129.137144, 35.799723], [129.136858, 35.799875], [129.136551, 35.800066], [129.135981, 35.800384], [129.135794, 35.800485], [129.134888, 35.800986], [129.134868, 35.800998], [129.134631, 35.801137], [129.133268, 35.801939], [129.13153, 35.802955], [129.120562, 35.809309], [129.11965, 35.809999], [129.118886, 35.810758], [129.118319, 35.811578], [129.117839, 35.812617], [129.117555, 35.813716], [129.117449, 35.814524], [129.117492, 35.815506], [129.11764, 35.816257], [129.117906, 35.816933], [129.118099, 35.81727], [129.118393, 35.817686], [129.118836, 35.818275], [129.120242, 35.820033], [129.120416, 35.820245], [129.120573, 35.820435], [129.120725, 35.820625], [129.120923, 35.82087], [129.121734, 35.821858], [129.12191, 35.822073], [129.12201, 35.822195], [129.123778, 35.824358], [129.124034, 35.824672], [129.124714, 35.825506], [129.125683, 35.826724], [129.127755, 35.829281], [129.129123, 35.830953], [129.129526, 35.831465], [129.132312, 35.834853], [129.133676, 35.83648], [129.135606, 35.838637], [129.136233, 35.839268], [129.17688, 35.880228], [129.178226, 35.881796], [129.17837, 35.881948], [129.180274, 35.884029], [129.180859, 35.884662], [129.180878, 35.884682]]}}, {"type": "Feature", "properties": {"line": "동해선", "from": "서경주", "to": "안강", "km": 10.779, "down": 1581099, "up": 1588607, "daily": 8684, "density": 8684}, "geometry": {"type": "LineString", "coordinates": [[129.180878, 35.884682], [129.182906, 35.886797], [129.183286, 35.887193], [129.183345, 35.887247], [129.183784, 35.887648], [129.184342, 35.888158], [129.184867, 35.888716], [129.185079, 35.88894], [129.186063, 35.889974], [129.186212, 35.890131], [129.186308, 35.890232], [129.186831, 35.890778], [129.187053, 35.891011], [129.18719, 35.891154], [129.202135, 35.907104], [129.202532, 35.907526], [129.202824, 35.907837], [129.203098, 35.908128], [129.20352, 35.908577], [129.207406, 35.912818], [129.207971, 35.913493], [129.208443, 35.91412], [129.208867, 35.914753], [129.209139, 35.915208], [129.209384, 35.915655], [129.218911, 35.934346], [129.219638, 35.93607], [129.219836, 35.936465], [129.220444, 35.937682], [129.221092, 35.93898], [129.2226, 35.942114], [129.222989, 35.942968], [129.229073, 35.958491], [129.229437, 35.959429], [129.229631, 35.959928], [129.229842, 35.960488], [129.230348, 35.961822], [129.230623, 35.962544], [129.232067, 35.96642], [129.232377, 35.96748], [129.232604, 35.968138], [129.232612, 35.968162], [129.233445, 35.970501]]}}, {"type": "Feature", "properties": {"line": "동해선", "from": "안강", "to": "포항", "km": 16.168, "down": 1576714, "up": 1584246, "daily": 8660, "density": 8660}, "geometry": {"type": "LineString", "coordinates": [[129.233445, 35.970501], [129.234792, 35.974283], [129.234914, 35.974624], [129.234945, 35.974711], [129.235025, 35.974936], [129.235294, 35.975696], [129.235306, 35.975728], [129.235583, 35.976396], [129.235959, 35.977174], [129.236362, 35.977887], [129.23685, 35.978624], [129.237239, 35.979086], [129.237677, 35.979555], [129.238431, 35.980264], [129.248813, 35.988923], [129.252226, 35.991821], [129.252894, 35.992377], [129.25441, 35.993548], [129.259403, 35.99791], [129.260434, 35.998816], [129.261469, 35.999719], [129.262657, 36.00079], [129.263356, 36.001429], [129.264384, 36.002201], [129.264629, 36.002316], [129.264916, 36.002398], [129.265248, 36.002448], [129.273481, 36.002362], [129.275044, 36.002359], [129.277822, 36.002292], [129.277904, 36.00229], [129.281095, 36.002214], [129.283386, 36.002157], [129.28541, 36.002146], [129.286985, 36.002145], [129.287118, 36.002145], [129.287216, 36.002145], [129.28798, 36.002145], [129.288702, 36.002145], [129.289521, 36.002235], [129.290174, 36.002333], [129.290533, 36.002409], [129.29087, 36.00248], [129.291105, 36.00253], [129.291233, 36.002572], [129.291581, 36.002684], [129.291995, 36.002828], [129.292404, 36.003057], [129.292801, 36.003337], [129.293175, 36.003717], [129.293436, 36.004113], [129.302281, 36.021753], [129.302459, 36.022078], [129.302557, 36.022256], [129.302732, 36.022532], [129.303847, 36.02429], [129.304619, 36.025591], [129.305736, 36.027255], [129.307661, 36.029967], [129.308603, 36.031314], [129.309112, 36.032149], [129.312748, 36.038808], [129.313557, 36.039977], [129.315049, 36.042659], [129.31686, 36.044486], [129.317996, 36.045401], [129.31874, 36.045819], [129.322589, 36.047319], [129.326644, 36.048732], [129.328824, 36.049847], [129.329321, 36.050296], [129.329706, 36.050643], [129.330597, 36.051469], [129.33072, 36.05161], [129.331319, 36.052296], [129.331573, 36.052587], [129.332272, 36.053507], [129.333329, 36.055111], [129.333833, 36.056015], [129.336261, 36.06008], [129.336561, 36.060611], [129.337893, 36.06297], [129.338277, 36.06363], [129.340041, 36.066662], [129.341302, 36.068829], [129.34269, 36.071229]]}}, {"type": "Feature", "properties": {"line": "동해선", "from": "포항", "to": "월포", "km": 15.256, "down": 91264, "up": 101260, "daily": 527, "density": 527}, "geometry": {"type": "LineString", "coordinates": [[129.34269, 36.071229], [129.342767, 36.071363], [129.34383, 36.073203], [129.344344, 36.074145], [129.344929, 36.075159], [129.350163, 36.084117], [129.35294, 36.088752], [129.353251, 36.089271], [129.353563, 36.08979], [129.354305, 36.091029], [129.355244, 36.092905], [129.356134, 36.094312], [129.357018, 36.095831], [129.357631, 36.096885], [129.36191, 36.10424], [129.365442, 36.110498], [129.366198, 36.11211], [129.366967, 36.114106], [129.3674, 36.115862], [129.367748, 36.117443], [129.367895, 36.119025], [129.367963, 36.121301], [129.367892, 36.122927], [129.367562, 36.127288], [129.367271, 36.131629], [129.367187, 36.13274], [129.36715, 36.133079], [129.366972, 36.13577], [129.366763, 36.138729], [129.366675, 36.139973], [129.366658, 36.140184], [129.366643, 36.140362], [129.365785, 36.152606], [129.365696, 36.154902], [129.365788, 36.159349], [129.365788, 36.164059], [129.365788, 36.165368], [129.365853, 36.172103], [129.366143, 36.193539], [129.36618, 36.195112], [129.366206, 36.196167], [129.366252, 36.198476], [129.36628, 36.20048], [129.366281, 36.200581], [129.366317, 36.203453], [129.366317, 36.203788], [129.366319, 36.204006]]}}, {"type": "Feature", "properties": {"line": "동해선", "from": "월포", "to": "장사", "km": 9.158, "down": 96434, "up": 105350, "daily": 553, "density": 553}, "geometry": {"type": "LineString", "coordinates": [[129.366319, 36.204006], [129.366324, 36.20473], [129.366322, 36.204883], [129.366346, 36.205812], [129.366348, 36.205912], [129.366369, 36.206738], [129.366381, 36.207183], [129.366389, 36.208751], [129.366405, 36.209549], [129.366421, 36.210222], [129.366482, 36.210704], [129.366625, 36.211676], [129.366755, 36.212346], [129.36699, 36.213096], [129.367163, 36.213878], [129.3675, 36.214754], [129.368014, 36.215918], [129.36838, 36.216622], [129.368814, 36.217398], [129.371302, 36.221423], [129.372606, 36.22365], [129.373152, 36.224812], [129.373427, 36.225525], [129.373543, 36.22588], [129.373767, 36.226606], [129.374163, 36.228369], [129.374194, 36.228636], [129.37431, 36.229645], [129.374317, 36.230747], [129.374306, 36.231533], [129.374242, 36.23226], [129.374068, 36.233339], [129.37377, 36.234495], [129.373413, 36.23572], [129.373064, 36.236629], [129.372483, 36.237988], [129.371339, 36.239823], [129.370139, 36.241671], [129.369162, 36.243392], [129.368737, 36.244216], [129.368396, 36.24507], [129.368146, 36.245793], [129.367852, 36.246861], [129.367714, 36.247445], [129.367626, 36.247965], [129.367508, 36.248869], [129.367526, 36.248959], [129.367516, 36.249754], [129.367511, 36.250231], [129.367505, 36.250707], [129.367534, 36.251421], [129.367541, 36.251593], [129.368216, 36.267966], [129.368263, 36.269097], [129.368309, 36.27021], [129.36835, 36.271212], [129.368788, 36.278621], [129.368796, 36.279304], [129.369011, 36.284145]]}}, {"type": "Feature", "properties": {"line": "동해선", "from": "장사", "to": "강구", "km": 7.578, "down": 101220, "up": 108714, "daily": 575, "density": 575}, "geometry": {"type": "LineString", "coordinates": [[129.369011, 36.284145], [129.36908, 36.285705], [129.369144, 36.286849], [129.36915, 36.287031], [129.369183, 36.288097], [129.369239, 36.289612], [129.369279, 36.29055], [129.369459, 36.292472], [129.369525, 36.293254], [129.369809, 36.295947], [129.369878, 36.296988], [129.370163, 36.306476], [129.370194, 36.30762], [129.370785, 36.319253], [129.370824, 36.320085], [129.370873, 36.321181], [129.3714, 36.333047], [129.371415, 36.333293], [129.371602, 36.336342], [129.37163, 36.3368], [129.372057, 36.347008], [129.372114, 36.348372], [129.372136, 36.348885], [129.372177, 36.350122], [129.372186, 36.350399], [129.372245, 36.351436], [129.372299, 36.352242]]}}, {"type": "Feature", "properties": {"line": "동해선", "from": "강구", "to": "영덕", "km": 6.546, "down": 109768, "up": 116599, "daily": 620, "density": 620}, "geometry": {"type": "LineString", "coordinates": [[129.372299, 36.352242], [129.372317, 36.35251], [129.372348, 36.352963], [129.372629, 36.356963], [129.372574, 36.358199], [129.372866, 36.363391], [129.372791, 36.364387], [129.372743, 36.364967], [129.372682, 36.365681], [129.372615, 36.366154], [129.372541, 36.366602], [129.372171, 36.369223], [129.371689, 36.371466], [129.371652, 36.371721], [129.371618, 36.371932], [129.371581, 36.372168], [129.371532, 36.372467], [129.371498, 36.372684], [129.371468, 36.372898], [129.371438, 36.373104], [129.371406, 36.373331], [129.371371, 36.373558], [129.371337, 36.373787], [129.371311, 36.374013], [129.37129, 36.37424], [129.371274, 36.374452], [129.37126, 36.374684], [129.371249, 36.374912], [129.371245, 36.375209], [129.371244, 36.375354], [129.371255, 36.37635], [129.371301, 36.377164], [129.371428, 36.378172], [129.37153, 36.378766], [129.371654, 36.379361], [129.371787, 36.379832], [129.371926, 36.380243], [129.372125, 36.380779], [129.372302, 36.381174], [129.372515, 36.381617], [129.372767, 36.382103], [129.372887, 36.382326], [129.373089, 36.382689], [129.37325, 36.382958], [129.373422, 36.383257], [129.373798, 36.383887], [129.374039, 36.384281], [129.374242, 36.384603], [129.37441, 36.384872], [129.374615, 36.385198], [129.374817, 36.38552], [129.375014, 36.385835], [129.375219, 36.386162], [129.375421, 36.386483], [129.375622, 36.386804], [129.375824, 36.387127], [129.376022, 36.387444], [129.376223, 36.387766], [129.376422, 36.388086], [129.376624, 36.38841], [129.376824, 36.388736], [129.377023, 36.389064], [129.377216, 36.389382], [129.377414, 36.389707], [129.377611, 36.390035], [129.377803, 36.390354], [129.377991, 36.390676], [129.37818, 36.391001], [129.378361, 36.391331], [129.378525, 36.391667], [129.378683, 36.392016], [129.378832, 36.392356], [129.378977, 36.392691], [129.379113, 36.393029], [129.379246, 36.393373], [129.37937, 36.39372], [129.379475, 36.39408], [129.379838, 36.395164], [129.380082, 36.39626], [129.380311, 36.397488], [129.380376, 36.398718], [129.380329, 36.399986], [129.380183, 36.401278], [129.379483, 36.40386], [129.379245, 36.405093], [129.37916, 36.40554], [129.379126, 36.405723], [129.378971, 36.406592], [129.378659, 36.408468], [129.378463, 36.409467]]}}, {"type": "Feature", "properties": {"line": "수서고속선", "from": "평택지제", "to": "경부고속선", "stub": "경부고속선", "km": 7.535, "down": 8092510, "up": 8091880, "daily": 44341, "density": 44341}, "geometry": {"type": "LineString", "coordinates": [[127.070566, 36.951476], [127.070351, 36.95321], [127.070336, 36.953331], [127.070123, 36.954679], [127.06976, 36.956542], [127.069179, 36.958999], [127.068845, 36.960291], [127.068524, 36.961782], [127.068311, 36.96277], [127.067815, 36.965367], [127.067697, 36.96721], [127.067665, 36.969327], [127.068255, 36.973725], [127.06847, 36.974847], [127.069028, 36.977256], [127.069638, 36.979817], [127.070863, 36.985609], [127.071689, 36.991196], [127.071889, 36.997147], [127.071396, 37.003296], [127.071337, 37.003924], [127.071206, 37.005231], [127.071053, 37.00671], [127.070979, 37.007419], [127.070895, 37.008233], [127.070418, 37.012793], [127.070367, 37.013331], [127.070168, 37.015248], [127.070156, 37.015394], [127.069857, 37.018271], [127.069808, 37.018749]]}}, {"type": "Feature", "properties": {"line": "수서고속선", "from": "평택지제", "to": "동탄", "km": 20.783, "down": 9015973, "up": 8983737, "daily": 49314, "density": 49314}, "geometry": {"type": "LineString", "coordinates": [[127.069808, 37.018749], [127.069513, 37.021624], [127.069428, 37.02245], [127.069312, 37.023601], [127.069199, 37.024623], [127.069165, 37.024969], [127.069038, 37.026158], [127.06902, 37.026328], [127.068992, 37.026588], [127.068649, 37.029855], [127.068327, 37.033161], [127.068132, 37.035352], [127.068113, 37.035627], [127.068322, 37.036773], [127.068492, 37.037843], [127.068604, 37.038598], [127.069076, 37.041449], [127.069569, 37.04458], [127.070014, 37.047014], [127.070459, 37.048678], [127.072229, 37.052064], [127.075774, 37.057962], [127.077062, 37.060162], [127.078114, 37.061568], [127.079156, 37.062508], [127.083462, 37.065714], [127.084761, 37.066875], [127.085665, 37.067798], [127.086271, 37.068437], [127.086702, 37.069008], [127.087638, 37.070732], [127.090192, 37.075915], [127.090817, 37.077464], [127.091395, 37.078719], [127.093101, 37.082853], [127.093565, 37.085362], [127.093606, 37.088753], [127.093612, 37.089223], [127.093678, 37.100346], [127.094237, 37.112117], [127.0949, 37.120789], [127.095365, 37.129037], [127.095516, 37.133878], [127.095829, 37.13915], [127.096037, 37.146792], [127.095417, 37.158219], [127.095462, 37.160802], [127.09529, 37.175255], [127.095319, 37.176335], [127.095479, 37.182435], [127.095556, 37.185733], [127.09551, 37.188893], [127.095494, 37.190303], [127.095492, 37.190494], [127.09549, 37.190647], [127.095455, 37.193118], [127.095441, 37.193581], [127.095469, 37.195772], [127.095462, 37.200359]]}}, {"type": "Feature", "properties": {"line": "수서고속선", "from": "동탄", "to": "수서", "km": 32.378, "down": 7916615, "up": 8063477, "daily": 43781, "density": 43781, "through": 2}, "geometry": {"type": "LineString", "coordinates": [[127.095462, 37.200359], [127.095457, 37.203321], [127.095545, 37.207253], [127.095547, 37.207826], [127.095539, 37.208247], [127.09555, 37.208762], [127.095627, 37.211959], [127.095739, 37.214911], [127.095853, 37.216814], [127.095956, 37.217646], [127.096279, 37.220001], [127.097145, 37.224197], [127.09801, 37.227327], [127.099677, 37.232521], [127.102484, 37.24239], [127.103273, 37.245156], [127.103622, 37.247583], [127.10387, 37.249145], [127.104058, 37.251646], [127.103877, 37.297106], [127.10387, 37.299004], [127.103856, 37.30263], [127.103837, 37.304209], [127.103435, 37.370996], [127.103508, 37.371919], [127.103695, 37.372851], [127.103898, 37.373551], [127.10412, 37.374207], [127.104437, 37.374908], [127.105009, 37.375869], [127.10543, 37.376494], [127.105776, 37.376942], [127.106122, 37.377324], [127.10656, 37.377764], [127.107432, 37.37856], [127.108161, 37.379244], [127.109347, 37.380256], [127.111246, 37.381897], [127.114612, 37.38487], [127.115004, 37.385216], [127.116348, 37.386414], [127.116991, 37.387009], [127.117729, 37.387701], [127.118231, 37.388284], [127.118581, 37.388683], [127.118888, 37.389112], [127.11924, 37.389678], [127.11956, 37.390237], [127.119783, 37.390708], [127.120026, 37.391325], [127.120182, 37.391771], [127.12033, 37.392271], [127.120465, 37.392932], [127.120523, 37.393437], [127.120528, 37.39378], [127.120527, 37.394291], [127.120499, 37.394734], [127.120494, 37.394813], [127.120454, 37.395243], [127.120139, 37.397704], [127.119912, 37.399221], [127.11775, 37.414743], [127.1177, 37.415165], [127.117573, 37.416377], [127.117553, 37.416826], [127.117542, 37.417107], [127.1175, 37.421584], [127.117505, 37.421796], [127.117605, 37.423335], [127.11784, 37.426646], [127.118112, 37.429104], [127.118324, 37.432352], [127.118537, 37.435374], [127.118552, 37.437808], [127.118607, 37.44051], [127.118704, 37.442568], [127.118712, 37.443838], [127.118644, 37.446489], [127.118573, 37.450323], [127.118518, 37.452031], [127.1184, 37.455351], [127.118344, 37.459184], [127.118207, 37.460555], [127.117959, 37.461917], [127.117707, 37.463003], [127.117411, 37.463965], [127.117169, 37.46472], [127.116435, 37.466396], [127.114157, 37.470522], [127.112837, 37.472558], [127.112231, 37.473494], [127.110107, 37.476669], [127.109233, 37.47801], [127.107334, 37.480764], [127.107102, 37.4811], [127.10706, 37.481162], [127.1068, 37.481543], [127.106629, 37.481793], [127.105699, 37.483157], [127.105176, 37.483901]]}}, {"type": "Feature", "properties": {"line": "영동선", "from": "영주", "to": "봉화", "km": 14.245, "down": 259740, "up": 248415, "daily": 1392, "density": 1392}, "geometry": {"type": "LineString", "coordinates": [[128.623358, 36.815167], [128.623214, 36.815423], [128.623049, 36.815713], [128.622973, 36.815871], [128.622872, 36.816114], [128.622798, 36.816406], [128.622754, 36.816743], [128.62277, 36.817001], [128.622803, 36.817221], [128.622904, 36.81755], [128.623055, 36.817875], [128.623238, 36.818142], [128.623498, 36.818438], [128.624484, 36.819421], [128.624603, 36.819548], [128.624673, 36.819619], [128.625429, 36.820396], [128.62563, 36.820596], [128.625844, 36.820808], [128.626027, 36.820975], [128.626502, 36.82142], [128.627531, 36.822384], [128.627706, 36.822545], [128.630201, 36.824931], [128.631284, 36.825977], [128.635224, 36.828893], [128.636007, 36.82953], [128.636809, 36.830117], [128.637971, 36.831021], [128.638959, 36.831753], [128.639484, 36.832203], [128.639948, 36.83272], [128.641183, 36.834596], [128.641996, 36.835806], [128.642458, 36.836359], [128.64273, 36.836627], [128.643279, 36.837074], [128.643748, 36.83738], [128.644243, 36.837629], [128.647358, 36.838895], [128.648073, 36.83923], [128.648597, 36.839548], [128.648988, 36.839885], [128.65111, 36.841975], [128.651443, 36.842315], [128.651717, 36.842664], [128.651934, 36.843067], [128.652211, 36.843699], [128.652755, 36.844936], [128.652991, 36.845299], [128.653384, 36.845636], [128.653767, 36.845953], [128.654097, 36.846209], [128.65456, 36.846436], [128.654982, 36.846589], [128.656483, 36.847009], [128.656553, 36.847029], [128.657166, 36.847196], [128.657678, 36.847301], [128.658155, 36.847363], [128.658716, 36.847379], [128.660976, 36.847315], [128.661338, 36.84732], [128.661732, 36.847338], [128.664248, 36.847627], [128.664909, 36.847718], [128.665548, 36.847885], [128.666232, 36.848187], [128.666714, 36.848452], [128.667326, 36.848921], [128.667892, 36.84942], [128.668651, 36.850056], [128.669135, 36.850337], [128.669649, 36.850528], [128.670209, 36.850668], [128.670675, 36.850771], [128.671046, 36.850809], [128.671248, 36.850814], [128.671661, 36.850783], [128.672024, 36.850758], [128.672491, 36.850703], [128.674551, 36.850383], [128.675998, 36.850158], [128.676492, 36.850127], [128.676911, 36.850159], [128.677322, 36.850237], [128.677788, 36.850352], [128.67815, 36.850495], [128.678491, 36.850677], [128.678971, 36.850975], [128.679203, 36.851189], [128.679416, 36.851437], [128.679608, 36.851805], [128.6799, 36.852604], [128.681277, 36.856316], [128.681483, 36.857068], [128.681709, 36.857825], [128.682223, 36.85968], [128.682737, 36.861535], [128.682786, 36.861789], [128.682844, 36.862215], [128.682964, 36.867167], [128.682952, 36.867392], [128.683057, 36.869074], [128.68307, 36.869218], [128.683132, 36.871504], [128.683255, 36.872574], [128.683424, 36.873539], [128.683591, 36.874209], [128.683737, 36.87492], [128.683929, 36.875677], [128.684151, 36.876342], [128.684621, 36.877088], [128.684997, 36.87751], [128.68544, 36.87788], [128.685783, 36.878094], [128.686184, 36.878291], [128.686661, 36.878491], [128.687153, 36.878638], [128.688641, 36.879067], [128.689031, 36.879178], [128.69419, 36.880634], [128.694969, 36.880822], [128.695686, 36.880955], [128.696407, 36.88107], [128.700803, 36.881653], [128.701048, 36.881676], [128.701844, 36.881855], [128.702351, 36.882038], [128.702592, 36.882154], [128.702841, 36.882277], [128.703093, 36.882428], [128.70333, 36.882587], [128.703703, 36.882914], [128.704044, 36.883339], [128.704411, 36.883807], [128.705051, 36.884926], [128.705373, 36.88544], [128.705613, 36.885731], [128.70596, 36.886083], [128.706355, 36.886387], [128.706829, 36.886726], [128.709135, 36.888329], [128.709676, 36.888825], [128.710036, 36.889176], [128.71191, 36.891164], [128.712402, 36.891573], [128.712879, 36.891872], [128.713387, 36.892154], [128.714027, 36.892422], [128.714547, 36.892569], [128.715038, 36.892663], [128.715639, 36.892741], [128.716015, 36.892767], [128.71635, 36.892771], [128.716757, 36.892753], [128.717092, 36.892727], [128.717524, 36.892682], [128.71947, 36.892385], [128.720487, 36.892242], [128.720982, 36.892169], [128.722725, 36.891889], [128.723472, 36.891743], [128.724255, 36.891611], [128.725432, 36.891434]]}}, {"type": "Feature", "properties": {"line": "영동선", "from": "봉화", "to": "춘양", "km": 23.084, "down": 259188, "up": 248683, "daily": 1391, "density": 1391}, "geometry": {"type": "LineString", "coordinates": [[128.725432, 36.891434], [128.726968, 36.891203], [128.728075, 36.891061], [128.728977, 36.890952], [128.731541, 36.890573], [128.731942, 36.890531], [128.732203, 36.890516], [128.732621, 36.890519], [128.732994, 36.890534], [128.733362, 36.890577], [128.733764, 36.890653], [128.734169, 36.890763], [128.734502, 36.890875], [128.734926, 36.891051], [128.735167, 36.89121], [128.735526, 36.89142], [128.735844, 36.891671], [128.736097, 36.891924], [128.736308, 36.892185], [128.736494, 36.89245], [128.736656, 36.89274], [128.736785, 36.89303], [128.736863, 36.893257], [128.736933, 36.893556], [128.736974, 36.893831], [128.736985, 36.894078], [128.73693, 36.895965], [128.736959, 36.8962], [128.73702, 36.896484], [128.737126, 36.896821], [128.737239, 36.897082], [128.737386, 36.897334], [128.737625, 36.897678], [128.737807, 36.897897], [128.73801, 36.898109], [128.738326, 36.898379], [128.738608, 36.898602], [128.738959, 36.898833], [128.740517, 36.899739], [128.741709, 36.90051], [128.74325, 36.901595], [128.743672, 36.901827], [128.743955, 36.901962], [128.744261, 36.902072], [128.74454, 36.902157], [128.744852, 36.902236], [128.745256, 36.902315], [128.745902, 36.902445], [128.746046, 36.90247], [128.746974, 36.902613], [128.747906, 36.902771], [128.748402, 36.902806], [128.748862, 36.902818], [128.749262, 36.902787], [128.749614, 36.902736], [128.749984, 36.902643], [128.750399, 36.902513], [128.750772, 36.902361], [128.750905, 36.9023], [128.751117, 36.902196], [128.751303, 36.902097], [128.751626, 36.901888], [128.751891, 36.901685], [128.752001, 36.901586], [128.752306, 36.901295], [128.753151, 36.900416], [128.753564, 36.900021], [128.753942, 36.899718], [128.754343, 36.899445], [128.754828, 36.899193], [128.755215, 36.899016], [128.755676, 36.898874], [128.760474, 36.897329], [128.76109, 36.89709], [128.761526, 36.896875], [128.761985, 36.896597], [128.76412, 36.895219], [128.765824, 36.89411], [128.766264, 36.893825], [128.766643, 36.893522], [128.767247, 36.892964], [128.769267, 36.891237], [128.769399, 36.891131], [128.769804, 36.890863], [128.770269, 36.890633], [128.770691, 36.890476], [128.771047, 36.890358], [128.771521, 36.890255], [128.775118, 36.889781], [128.775738, 36.889731], [128.776519, 36.889696], [128.777046, 36.889727], [128.777706, 36.889826], [128.77817, 36.889931], [128.778553, 36.890084], [128.779217, 36.890416], [128.779612, 36.890671], [128.77991, 36.890932], [128.780167, 36.891198], [128.78042, 36.891515], [128.781194, 36.892624], [128.781483, 36.892949], [128.781794, 36.893181], [128.782242, 36.893493], [128.782604, 36.893699], [128.78374, 36.894242], [128.784148, 36.894414], [128.784573, 36.89455], [128.784981, 36.894635], [128.785487, 36.894688], [128.785904, 36.894692], [128.786266, 36.894683], [128.786657, 36.894649], [128.787486, 36.894522], [128.787903, 36.894438], [128.789163, 36.894151], [128.789877, 36.894018], [128.790336, 36.893983], [128.790831, 36.893981], [128.791191, 36.894006], [128.791633, 36.894081], [128.791993, 36.894183], [128.792366, 36.8943], [128.792719, 36.894447], [128.794766, 36.895404], [128.795318, 36.895639], [128.795728, 36.895774], [128.796152, 36.895886], [128.796523, 36.895963], [128.796932, 36.896011], [128.797402, 36.896028], [128.797818, 36.896036], [128.798233, 36.896023], [128.798684, 36.895974], [128.799139, 36.895907], [128.80095, 36.895514], [128.801334, 36.895457], [128.801717, 36.895426], [128.802386, 36.895434], [128.803217, 36.895436], [128.805145, 36.895375], [128.805608, 36.895333], [128.806023, 36.895271], [128.806507, 36.895157], [128.807576, 36.894816], [128.810164, 36.893929], [128.810598, 36.893754], [128.811109, 36.893498], [128.813709, 36.892184], [128.814569, 36.891798], [128.815143, 36.891578], [128.815727, 36.891474], [128.815981, 36.891472], [128.816177, 36.891478], [128.817401, 36.891567], [128.818314, 36.891625], [128.81886, 36.891628], [128.819311, 36.891587], [128.819774, 36.891517], [128.820315, 36.891389], [128.822441, 36.89076], [128.822873, 36.890692], [128.823301, 36.890667], [128.823803, 36.890683], [128.824356, 36.890752], [128.824949, 36.890887], [128.825531, 36.89109], [128.825911, 36.891267], [128.826235, 36.891459], [128.826785, 36.891852], [128.827577, 36.892414], [128.828342, 36.892986], [128.830259, 36.894457], [128.831005, 36.894926], [128.831154, 36.895019], [128.831378, 36.895128], [128.832036, 36.895394], [128.832828, 36.895659], [128.833589, 36.89586], [128.834122, 36.895947], [128.839236, 36.896014], [128.840493, 36.896011], [128.84144, 36.896057], [128.844146, 36.896362], [128.844846, 36.896513], [128.845191, 36.896562], [128.848191, 36.896984], [128.848789, 36.897058], [128.848952, 36.897071], [128.849609, 36.897102], [128.850316, 36.897098], [128.850942, 36.897052], [128.851486, 36.896986], [128.852037, 36.89689], [128.852568, 36.896761], [128.853116, 36.896611], [128.853578, 36.896452], [128.855675, 36.895703], [128.859824, 36.894221], [128.860394, 36.894069], [128.860861, 36.893989], [128.861411, 36.893931], [128.861884, 36.893918], [128.86234, 36.893934], [128.863001, 36.894009], [128.863588, 36.894138], [128.864033, 36.894275], [128.864609, 36.894488], [128.865013, 36.894689], [128.865389, 36.894897], [128.865864, 36.895216], [128.866004, 36.895315], [128.867316, 36.896133], [128.867712, 36.896345], [128.868528, 36.896749], [128.870675, 36.897742], [128.871162, 36.89804], [128.871607, 36.898399], [128.871842, 36.898639], [128.872062, 36.898903], [128.872286, 36.899248], [128.872485, 36.899662], [128.872964, 36.900958], [128.87311, 36.901318], [128.873259, 36.90163], [128.873453, 36.901965], [128.873671, 36.90224], [128.873923, 36.902529], [128.874208, 36.902843], [128.875976, 36.904505], [128.878001, 36.906382], [128.878384, 36.906835], [128.8786, 36.907197], [128.878738, 36.907449], [128.878851, 36.90768], [128.878972, 36.907999], [128.87908, 36.908453], [128.879131, 36.908912], [128.879124, 36.909381], [128.879057, 36.909803], [128.878641, 36.911542], [128.878613, 36.911797], [128.878595, 36.912205], [128.878631, 36.912528], [128.87873, 36.912898], [128.878847, 36.913225], [128.87898, 36.913491], [128.879115, 36.91375], [128.879229, 36.913917], [128.879463, 36.914193], [128.87971, 36.91445], [128.879973, 36.914672], [128.880264, 36.914866], [128.880583, 36.915056], [128.881375, 36.915498], [128.883559, 36.916662], [128.884904, 36.917403], [128.886096, 36.91809], [128.886489, 36.918351], [128.886636, 36.918476], [128.886822, 36.91864], [128.888384, 36.920482], [128.889563, 36.921878], [128.88977, 36.922095], [128.889985, 36.922304], [128.890272, 36.922538], [128.890536, 36.922714], [128.890784, 36.922866], [128.891024, 36.922991], [128.89133, 36.923122], [128.891683, 36.923251], [128.891979, 36.923342], [128.892092, 36.923367], [128.892456, 36.923436], [128.892905, 36.923495], [128.894198, 36.923649], [128.894381, 36.923674], [128.895019, 36.923742], [128.8954, 36.923786], [128.895746, 36.923814], [128.896153, 36.923835], [128.896471, 36.923826], [128.89687, 36.923775], [128.897288, 36.923693], [128.898786, 36.923322], [128.899355, 36.923203], [128.899942, 36.923134], [128.900375, 36.923119], [128.900739, 36.923151], [128.901095, 36.923188], [128.901654, 36.923297], [128.902647, 36.923606], [128.904051, 36.924082], [128.90452, 36.92428], [128.905022, 36.924524], [128.905601, 36.924868], [128.906012, 36.925193], [128.906368, 36.925501], [128.906579, 36.925714], [128.906904, 36.926132], [128.910583, 36.931692], [128.910813, 36.931973], [128.910993, 36.9323], [128.911122, 36.932609], [128.911266, 36.933059], [128.911379, 36.933443], [128.911649, 36.934078], [128.911971, 36.935014], [128.912269, 36.936208], [128.912351, 36.936571], [128.912386, 36.936868], [128.912394, 36.937107], [128.912374, 36.93735], [128.912331, 36.937563], [128.912273, 36.937757], [128.912172, 36.938027], [128.911922, 36.938481], [128.911784, 36.938715], [128.911653, 36.938924], [128.911395, 36.939434], [128.911309, 36.939755], [128.911294, 36.940078], [128.911322, 36.940343], [128.911375, 36.940582], [128.911527, 36.941022], [128.911656, 36.941281], [128.911921, 36.941673], [128.912116, 36.941903], [128.912237, 36.942032], [128.912462, 36.942207], [128.912696, 36.942358], [128.913018, 36.942519], [128.913373, 36.942657], [128.913692, 36.942748], [128.913994, 36.942825], [128.914266, 36.942862], [128.914494, 36.942877], [128.914885, 36.942879], [128.915168, 36.942861], [128.915496, 36.942809], [128.915757, 36.942747], [128.916096, 36.942643], [128.916435, 36.942505], [128.916761, 36.942342], [128.91722, 36.942093], [128.917368, 36.94202], [128.918563, 36.941355], [128.918822, 36.941209], [128.919031, 36.941065], [128.919182, 36.940931], [128.91933, 36.940797], [128.919445, 36.940698], [128.91958, 36.940536], [128.919681, 36.940379], [128.919791, 36.940201], [128.919857, 36.940038], [128.919938, 36.939773], [128.919998, 36.939539], [128.920059, 36.939285], [128.920171, 36.938635], [128.920226, 36.938313], [128.920309, 36.937564]]}}, {"type": "Feature", "properties": {"line": "영동선", "from": "춘양", "to": "임기", "km": 9.765, "down": 258108, "up": 248073, "daily": 1387, "density": 1387}, "geometry": {"type": "LineString", "coordinates": [[128.920309, 36.937564], [128.920351, 36.937188], [128.920463, 36.93618], [128.920569, 36.934991], [128.920594, 36.934624], [128.920651, 36.933798], [128.920776, 36.932485], [128.920929, 36.931338], [128.921126, 36.930277], [128.921408, 36.929345], [128.921635, 36.92884], [128.921852, 36.928277], [128.921856, 36.928269], [128.923717, 36.924603], [128.924667, 36.9227], [128.924824, 36.922479], [128.925013, 36.922225], [128.925285, 36.92194], [128.925576, 36.921692], [128.925878, 36.921476], [128.926146, 36.921318], [128.926462, 36.921151], [128.926756, 36.921027], [128.927161, 36.920893], [128.927284, 36.920848], [128.93131, 36.919656], [128.932513, 36.919312], [128.932808, 36.91922], [128.933373, 36.919022], [128.933585, 36.918925], [128.933853, 36.918787], [128.934016, 36.918676], [128.934158, 36.918575], [128.934308, 36.91846], [128.934482, 36.918314], [128.934619, 36.918167], [128.935991, 36.91666], [128.936301, 36.916422], [128.936602, 36.916236], [128.936873, 36.916094], [128.937137, 36.915991], [128.937377, 36.915956], [128.937669, 36.915882], [128.938075, 36.915802], [128.938366, 36.915782], [128.938627, 36.915772], [128.938905, 36.915788], [128.93912, 36.915819], [128.939498, 36.915888], [128.939883, 36.915991], [128.940183, 36.916138], [128.940512, 36.916307], [128.940786, 36.916499], [128.941026, 36.916669], [128.941457, 36.917036], [128.94192, 36.917373], [128.942164, 36.917525], [128.942425, 36.917648], [128.942755, 36.917772], [128.943127, 36.917879], [128.943496, 36.917968], [128.943963, 36.91801], [128.944328, 36.918012], [128.944802, 36.917962], [128.945404, 36.917803], [128.946722, 36.917365], [128.948795, 36.916791], [128.949227, 36.916711], [128.949702, 36.916622], [128.950218, 36.91654], [128.95081, 36.916472], [128.951356, 36.916429], [128.952985, 36.916362], [128.953659, 36.916336], [128.955314, 36.916276], [128.959296, 36.916105], [128.968068, 36.915729], [128.968922, 36.91567], [128.96961, 36.915552], [128.970116, 36.915361], [128.970478, 36.915109], [128.970755, 36.91489], [128.971006, 36.914661], [128.971171, 36.914453], [128.971371, 36.914179], [128.971559, 36.91385], [128.971723, 36.913557], [128.972286, 36.91246], [128.972861, 36.911381], [128.973089, 36.911063], [128.973319, 36.910817], [128.974331, 36.909866], [128.974659, 36.909528], [128.974827, 36.909295], [128.974971, 36.909019], [128.975067, 36.90874], [128.975175, 36.908299], [128.975272, 36.907919], [128.975394, 36.907282], [128.975503, 36.906787], [128.975602, 36.906542], [128.97584, 36.90618], [128.976067, 36.905924], [128.976255, 36.905743], [128.976481, 36.90556], [128.97664, 36.905451], [128.977378, 36.9051], [128.978113, 36.904776], [128.979211, 36.904462], [128.981028, 36.903917], [128.986712, 36.902301], [128.987464, 36.902079], [128.987779, 36.901976], [128.988058, 36.901856], [128.988322, 36.901721], [128.988588, 36.901556], [128.9888, 36.901407], [128.989814, 36.900656], [128.990036, 36.900511], [128.990345, 36.900334], [128.990666, 36.900195], [128.990995, 36.900074], [128.991303, 36.900007], [128.991648, 36.89996], [128.991937, 36.899938], [128.992377, 36.899948], [128.992828, 36.900004], [128.993322, 36.900119], [128.993725, 36.900251], [128.993988, 36.900402], [128.994172, 36.900544], [128.994371, 36.900719], [128.994537, 36.900911], [128.994674, 36.901109], [128.994817, 36.901374], [128.99513, 36.901888], [128.995262, 36.902172], [128.995398, 36.902444], [128.99558, 36.902707], [128.995775, 36.902951], [128.99599, 36.903143], [128.996305, 36.903365], [128.996518, 36.903504], [128.996925, 36.903683], [128.997222, 36.903779], [128.997424, 36.90383], [128.997698, 36.90388], [128.99799, 36.903914], [128.998267, 36.903928], [128.99858, 36.903933], [128.99895, 36.903909], [128.999041, 36.903896]]}}, {"type": "Feature", "properties": {"line": "영동선", "from": "임기", "to": "현동", "km": 5.106, "down": 258034, "up": 247935, "daily": 1386, "density": 1386}, "geometry": {"type": "LineString", "coordinates": [[128.999041, 36.903896], [128.999283, 36.90386], [128.999595, 36.903804], [128.999945, 36.903711], [129.000279, 36.903588], [129.000602, 36.903415], [129.000841, 36.903242], [129.001007, 36.903123], [129.001329, 36.902846], [129.001762, 36.902464], [129.002367, 36.901963], [129.002692, 36.90171], [129.00307, 36.90151], [129.003546, 36.901338], [129.003943, 36.901254], [129.004879, 36.90125], [129.005872, 36.901316], [129.006707, 36.901409], [129.007462, 36.901713], [129.008079, 36.902116], [129.00846, 36.902529], [129.008627, 36.902873], [129.008761, 36.903198], [129.008694, 36.90417], [129.008351, 36.906163], [129.008268, 36.906619], [129.008047, 36.908083], [129.008018, 36.908539], [129.008045, 36.9091], [129.008066, 36.909325], [129.008203, 36.91008], [129.008378, 36.910886], [129.008569, 36.911717], [129.008736, 36.912508], [129.00886, 36.912878], [129.00908, 36.913312], [129.009421, 36.913914], [129.009773, 36.91461], [129.010654, 36.916199], [129.011968, 36.918826], [129.012378, 36.920078], [129.012591, 36.920888], [129.012764, 36.921974], [129.012747, 36.922501], [129.012689, 36.922967], [129.01261, 36.92355], [129.012455, 36.924212], [129.012277, 36.92495], [129.012063, 36.925804], [129.01166, 36.926647], [129.011132, 36.927426], [129.010498, 36.928103], [129.010005, 36.928677], [129.009675, 36.929051], [129.009272, 36.92947], [129.009196, 36.92959], [129.008993, 36.929893], [129.008898, 36.930115], [129.00883, 36.930323], [129.008787, 36.930543], [129.008753, 36.930855], [129.008743, 36.931002], [129.008759, 36.931273], [129.008765, 36.931348], [129.008822, 36.931586], [129.008901, 36.931807], [129.008996, 36.932023], [129.009121, 36.932258], [129.009335, 36.932596], [129.00968, 36.933034], [129.01037, 36.934108], [129.010931, 36.935193], [129.011137, 36.935546], [129.011262, 36.935832], [129.011398, 36.936087], [129.011673, 36.936566], [129.011951, 36.937075], [129.01218, 36.937466]]}}, {"type": "Feature", "properties": {"line": "영동선", "from": "현동", "to": "분천", "km": 6.631, "down": 257742, "up": 247595, "daily": 1384, "density": 1384}, "geometry": {"type": "LineString", "coordinates": [[129.01218, 36.937466], [129.012242, 36.937571], [129.012561, 36.938085], [129.012871, 36.938586], [129.013109, 36.939009], [129.013301, 36.939386], [129.013379, 36.939641], [129.013503, 36.939956], [129.013607, 36.940279], [129.013704, 36.940824], [129.013704, 36.941326], [129.013657, 36.941839], [129.013592, 36.942292], [129.013504, 36.9427], [129.013345, 36.943275], [129.013259, 36.943554], [129.013175, 36.94405], [129.013148, 36.944306], [129.013166, 36.944556], [129.013267, 36.944853], [129.013413, 36.945154], [129.013588, 36.945391], [129.013749, 36.945556], [129.013862, 36.945655], [129.014063, 36.945817], [129.014254, 36.945949], [129.014512, 36.946099], [129.01467, 36.946179], [129.015003, 36.946289], [129.015284, 36.946361], [129.015907, 36.946426], [129.01634, 36.946389], [129.01671, 36.946334], [129.017049, 36.94623], [129.017656, 36.94595], [129.019476, 36.94505], [129.019797, 36.94485], [129.020148, 36.944605], [129.020478, 36.94429], [129.02076, 36.943979], [129.020996, 36.9437], [129.021202, 36.943418], [129.022044, 36.942315], [129.022577, 36.941796], [129.02351, 36.941134], [129.024185, 36.940724], [129.024485, 36.94061], [129.024795, 36.940499], [129.025289, 36.940395], [129.025915, 36.940301], [129.026358, 36.940243], [129.026794, 36.94021], [129.027043, 36.940194], [129.027304, 36.940191], [129.027744, 36.940179], [129.028634, 36.940248], [129.029137, 36.940272], [129.029651, 36.940298], [129.030453, 36.940349], [129.032247, 36.94048], [129.03393, 36.940674], [129.035443, 36.940983], [129.03874, 36.942026], [129.039258, 36.942091], [129.039723, 36.942119], [129.04024, 36.942104], [129.040686, 36.94199], [129.041186, 36.941803], [129.042508, 36.941262], [129.04384, 36.940707], [129.04435, 36.940574], [129.044622, 36.940541], [129.044826, 36.940522], [129.045345, 36.940483], [129.045842, 36.940495], [129.046424, 36.940537], [129.046989, 36.940643], [129.048354, 36.940954], [129.050512, 36.941371], [129.050936, 36.941439], [129.051503, 36.941441], [129.051894, 36.941415], [129.05223, 36.941348], [129.053015, 36.941117], [129.053385, 36.940921], [129.053634, 36.940708], [129.053914, 36.940467], [129.054239, 36.940049], [129.054441, 36.93964], [129.05452, 36.93926], [129.054527, 36.938861], [129.054446, 36.938557], [129.054378, 36.938263], [129.054063, 36.937776], [129.053901, 36.937483], [129.053705, 36.937217], [129.053436, 36.936946], [129.053247, 36.936699], [129.052928, 36.93639], [129.05264, 36.936102], [129.052316, 36.935835], [129.051482, 36.935218], [129.051173, 36.934906], [129.050938, 36.934545], [129.050772, 36.934176], [129.050636, 36.933745], [129.050624, 36.933476], [129.050677, 36.933103], [129.050793, 36.932726], [129.050994, 36.932411], [129.051195, 36.932157], [129.051561, 36.931864], [129.051929, 36.931658], [129.052366, 36.931527], [129.052662, 36.931465], [129.05317, 36.931385], [129.053621, 36.931371], [129.054458, 36.931491], [129.055695, 36.93173], [129.056462, 36.932012], [129.056944, 36.932209], [129.057803, 36.932591]]}}, {"type": "Feature", "properties": {"line": "영동선", "from": "분천", "to": "양원", "km": 6.137, "down": 284416, "up": 271220, "daily": 1522, "density": 1522}, "geometry": {"type": "LineString", "coordinates": [[129.057803, 36.932591], [129.05838, 36.932848], [129.058924, 36.93314], [129.059053, 36.933209], [129.060535, 36.933964], [129.060864, 36.934178], [129.061063, 36.934311], [129.061267, 36.9345], [129.061515, 36.934792], [129.061675, 36.935072], [129.061766, 36.935331], [129.06183, 36.935597], [129.061866, 36.935893], [129.061868, 36.936237], [129.061702, 36.936658], [129.061183, 36.93775], [129.061052, 36.938127], [129.060932, 36.93862], [129.0607, 36.93995], [129.06053, 36.941059], [129.06047, 36.941637], [129.060435, 36.943095], [129.060386, 36.943402], [129.060287, 36.943721], [129.06017, 36.944026], [129.059654, 36.944981], [129.058284, 36.947359], [129.058144, 36.947739], [129.058126, 36.948122], [129.058132, 36.948465], [129.058133, 36.948627], [129.058169, 36.948824], [129.058216, 36.949008], [129.058278, 36.949193], [129.058406, 36.949754], [129.058575, 36.95041], [129.058743, 36.950856], [129.058835, 36.951138], [129.059061, 36.951447], [129.05939, 36.951726], [129.059657, 36.951887], [129.060116, 36.952082], [129.060526, 36.952226], [129.060995, 36.952331], [129.062175, 36.952467], [129.062689, 36.95249], [129.063138, 36.952449], [129.063525, 36.952355], [129.063904, 36.952232], [129.064174, 36.952055], [129.064543, 36.951832], [129.065827, 36.951023], [129.066279, 36.950849], [129.066704, 36.950712], [129.067192, 36.950635], [129.067625, 36.950619], [129.068096, 36.950648], [129.06846, 36.950729], [129.068813, 36.950856], [129.069177, 36.95108], [129.069454, 36.951244], [129.069666, 36.951414], [129.069856, 36.951622], [129.070035, 36.951933], [129.070135, 36.952148], [129.070254, 36.952548], [129.070325, 36.952894], [129.070755, 36.955131], [129.070879, 36.955522], [129.071096, 36.95594], [129.07138, 36.956293], [129.071608, 36.9565], [129.071846, 36.956691], [129.072135, 36.95689], [129.072473, 36.957068], [129.073599, 36.957582], [129.073985, 36.957758], [129.075099, 36.958226], [129.075317, 36.958323], [129.078186, 36.959609], [129.078439, 36.959755], [129.078682, 36.95993], [129.07901, 36.960217], [129.079807, 36.961001], [129.080261, 36.961369], [129.080574, 36.961604], [129.081051, 36.961891], [129.081944, 36.962263], [129.083206, 36.962821], [129.083545, 36.962958], [129.084049, 36.963107], [129.08436, 36.963149], [129.08474, 36.96318], [129.085085, 36.963138], [129.085301, 36.963107], [129.085724, 36.963006], [129.086108, 36.962856], [129.086478, 36.962666], [129.087294, 36.962216], [129.087816, 36.962025], [129.088289, 36.961946], [129.088775, 36.961953], [129.089309, 36.961993], [129.089812, 36.962113], [129.090143, 36.96227], [129.090447, 36.962443], [129.090723, 36.962661], [129.090991, 36.96297], [129.091192, 36.963263], [129.091306, 36.963503], [129.091366, 36.96367], [129.09141, 36.963825]]}}, {"type": "Feature", "properties": {"line": "영동선", "from": "양원", "to": "승부", "km": 3.714, "down": 284532, "up": 271138, "daily": 1522, "density": 1522}, "geometry": {"type": "LineString", "coordinates": [[129.09141, 36.963825], [129.091497, 36.964131], [129.091953, 36.965764], [129.091998, 36.966086], [129.092015, 36.966481], [129.091995, 36.966855], [129.091908, 36.967861], [129.091683, 36.969419], [129.091643, 36.969806], [129.091646, 36.969995], [129.091742, 36.970408], [129.091894, 36.970745], [129.092165, 36.971234], [129.092591, 36.971932], [129.093608, 36.973449], [129.093867, 36.97383], [129.094488, 36.974905], [129.094587, 36.975168], [129.094671, 36.975446], [129.094847, 36.976357], [129.094904, 36.976839], [129.094877, 36.977151], [129.094774, 36.977508], [129.094673, 36.977735], [129.094535, 36.977925], [129.094343, 36.978149], [129.094025, 36.978423], [129.093156, 36.979172], [129.092685, 36.979598], [129.092485, 36.979968], [129.092338, 36.980331], [129.092125, 36.981223], [129.091928, 36.981797], [129.091692, 36.982159], [129.091138, 36.982745], [129.090587, 36.983278], [129.090166, 36.983784], [129.08993, 36.984137], [129.089824, 36.984644], [129.089835, 36.984953], [129.090199, 36.98652], [129.090281, 36.987076], [129.090371, 36.98793], [129.090156, 36.988464], [129.089671, 36.989059], [129.088799, 36.989784], [129.087637, 36.990631], [129.086696, 36.991207], [129.086508, 36.991318], [129.085446, 36.991804], [129.084635, 36.992389], [129.084336, 36.992672], [129.084078, 36.992954], [129.083971, 36.993133]]}}, {"type": "Feature", "properties": {"line": "영동선", "from": "승부", "to": "석포", "km": 7.645, "down": 283803, "up": 270903, "daily": 1520, "density": 1520}, "geometry": {"type": "LineString", "coordinates": [[129.083971, 36.993133], [129.083911, 36.993235], [129.083713, 36.993625], [129.08361, 36.993905], [129.083541, 36.994233], [129.083464, 36.994932], [129.083466, 36.995472], [129.083452, 36.995913], [129.083459, 36.996029], [129.083494, 36.996618], [129.083558, 36.997065], [129.083578, 36.997427], [129.083601, 36.997698], [129.083574, 36.998067], [129.083552, 36.998558], [129.083393, 36.999092], [129.083359, 36.999134], [129.083104, 36.999432], [129.082666, 36.999812], [129.081815, 37.000391], [129.081435, 37.00067], [129.08102, 37.00111], [129.080877, 37.001323], [129.080758, 37.001578], [129.080673, 37.001801], [129.080628, 37.002035], [129.08062, 37.002315], [129.080689, 37.002576], [129.080764, 37.00278], [129.080846, 37.002973], [129.081136, 37.003448], [129.08176, 37.004521], [129.081996, 37.004935], [129.082207, 37.005314], [129.082205, 37.005732], [129.082132, 37.006117], [129.082063, 37.006446], [129.081963, 37.006962], [129.08182, 37.007363], [129.081605, 37.007795], [129.081331, 37.008179], [129.080989, 37.008575], [129.080558, 37.009002], [129.079902, 37.00966], [129.078677, 37.010915], [129.078222, 37.011459], [129.077852, 37.012093], [129.077722, 37.012543], [129.077688, 37.012923], [129.077757, 37.013347], [129.077887, 37.014078], [129.07799, 37.014471], [129.078054, 37.014843], [129.077985, 37.015161], [129.077848, 37.015507], [129.077602, 37.015846], [129.077269, 37.016126], [129.076878, 37.016384], [129.076516, 37.01656], [129.076043, 37.016717], [129.074521, 37.017086], [129.07412, 37.017207], [129.073718, 37.017396], [129.073437, 37.017579], [129.073052, 37.017939], [129.072842, 37.018186], [129.072697, 37.018476], [129.072623, 37.018664], [129.072574, 37.018993], [129.07257, 37.019218], [129.072573, 37.01944], [129.072597, 37.021503], [129.072581, 37.022834], [129.072646, 37.023515], [129.072672, 37.023858], [129.072655, 37.024216], [129.072551, 37.024751], [129.072404, 37.025275], [129.07224, 37.02562], [129.072075, 37.025976], [129.071876, 37.02625], [129.071686, 37.02647], [129.071218, 37.026805], [129.070894, 37.027047], [129.070388, 37.027307], [129.069887, 37.02749], [129.069288, 37.027627], [129.068625, 37.027701], [129.067946, 37.027746], [129.067218, 37.027872], [129.066729, 37.028016], [129.066318, 37.028213], [129.066005, 37.028453], [129.065739, 37.028709], [129.065482, 37.029101], [129.065327, 37.029502], [129.065297, 37.029797], [129.065293, 37.029964], [129.065303, 37.030131], [129.065435, 37.031198], [129.065447, 37.032346], [129.065274, 37.032848], [129.065055, 37.033293], [129.064681, 37.033701], [129.064314, 37.033977], [129.063875, 37.034197], [129.063386, 37.034377], [129.062765, 37.034496], [129.062263, 37.034521], [129.059953, 37.034327], [129.059309, 37.034373], [129.058906, 37.0345], [129.058491, 37.034667], [129.057872, 37.034976], [129.057262, 37.035343], [129.057056, 37.035464], [129.05678, 37.035723], [129.0566, 37.035931], [129.056396, 37.036147], [129.056236, 37.036491], [129.056165, 37.036879], [129.056203, 37.037185], [129.056225, 37.037411], [129.056479, 37.037987], [129.056782, 37.03842], [129.057181, 37.038826], [129.057625, 37.039099], [129.058254, 37.039363], [129.059697, 37.03957], [129.060415, 37.039688], [129.060902, 37.039862], [129.061352, 37.040134], [129.06179, 37.04048], [129.062116, 37.040818], [129.062355, 37.041205], [129.062485, 37.041621], [129.062549, 37.042017], [129.062549, 37.042306], [129.062482, 37.04278], [129.062293, 37.043273], [129.062138, 37.043543], [129.061957, 37.043801], [129.061805, 37.043993], [129.061554, 37.044281], [129.061056, 37.044837], [129.060613, 37.045383]]}}, {"type": "Feature", "properties": {"line": "영동선", "from": "석포", "to": "철암", "km": 10.184, "down": 283528, "up": 271497, "daily": 1521, "density": 1521}, "geometry": {"type": "LineString", "coordinates": [[129.060613, 37.045383], [129.059124, 37.047216], [129.058608, 37.047935], [129.058484, 37.048109], [129.058215, 37.048474], [129.058105, 37.048739], [129.057991, 37.048988], [129.057841, 37.049303], [129.057757, 37.049661], [129.057743, 37.049933], [129.057699, 37.050622], [129.057703, 37.051038], [129.057814, 37.051483], [129.057902, 37.051811], [129.058037, 37.052164], [129.058882, 37.054203], [129.058985, 37.054674], [129.05897, 37.055045], [129.058863, 37.055367], [129.058722, 37.055676], [129.058557, 37.055963], [129.058362, 37.056183], [129.058061, 37.05643], [129.057744, 37.056644], [129.057382, 37.05679], [129.05691, 37.056919], [129.056446, 37.056966], [129.05594, 37.056973], [129.055562, 37.056895], [129.055379, 37.056848], [129.05513, 37.056756], [129.054586, 37.056525], [129.053698, 37.056231], [129.053111, 37.056192], [129.052492, 37.056212], [129.052032, 37.056251], [129.051662, 37.056348], [129.051263, 37.056506], [129.05094, 37.056646], [129.050461, 37.056995], [129.049179, 37.058346], [129.048786, 37.05868], [129.048406, 37.058882], [129.047978, 37.058995], [129.047602, 37.059078], [129.047029, 37.059122], [129.046217, 37.059122], [129.045201, 37.059204], [129.04489, 37.059297], [129.044438, 37.059464], [129.044023, 37.059683], [129.043635, 37.059952], [129.043314, 37.06025], [129.043089, 37.060629], [129.042954, 37.061086], [129.043009, 37.061369], [129.043065, 37.061823], [129.043145, 37.062107], [129.043327, 37.062482], [129.043853, 37.063216], [129.044293, 37.063739], [129.044909, 37.064518], [129.045531, 37.065033], [129.046278, 37.065539], [129.046698, 37.065806], [129.047103, 37.066001], [129.048127, 37.066526], [129.048318, 37.066627], [129.048479, 37.066735], [129.04856, 37.066818], [129.048764, 37.066973], [129.049461, 37.067678], [129.049763, 37.067981], [129.050741, 37.068888], [129.051025, 37.069176], [129.05161, 37.069767], [129.053478, 37.071613], [129.053728, 37.071966], [129.053877, 37.07226], [129.053943, 37.072474], [129.053984, 37.072788], [129.053964, 37.073076], [129.053846, 37.073401], [129.053771, 37.073611], [129.053659, 37.073864], [129.053537, 37.0741], [129.053147, 37.074459], [129.052864, 37.074687], [129.052489, 37.074936], [129.052075, 37.075182], [129.051258, 37.075706], [129.050921, 37.076072], [129.050765, 37.076345], [129.050613, 37.07663], [129.050544, 37.076918], [129.050527, 37.077224], [129.050536, 37.077469], [129.050513, 37.077868], [129.050537, 37.078309], [129.050601, 37.078555], [129.050651, 37.078976], [129.050722, 37.079412], [129.050681, 37.079737], [129.05052, 37.080075], [129.050168, 37.080326], [129.049826, 37.080551], [129.049552, 37.080719], [129.049299, 37.080846], [129.048979, 37.080992], [129.048088, 37.08132], [129.047616, 37.081574], [129.047417, 37.081699], [129.047196, 37.081893], [129.047022, 37.082057], [129.046876, 37.082237], [129.046707, 37.082498], [129.046567, 37.082819], [129.046492, 37.083095], [129.046064, 37.084952], [129.045945, 37.085367], [129.045785, 37.085721], [129.045614, 37.086057], [129.045367, 37.086451], [129.045189, 37.086737], [129.044966, 37.087044], [129.044339, 37.087859], [129.044195, 37.088093], [129.044095, 37.088298], [129.044028, 37.088519], [129.043979, 37.08879], [129.04396, 37.089066], [129.043963, 37.089359], [129.044017, 37.089673], [129.044094, 37.089852], [129.044198, 37.090015], [129.044354, 37.090287], [129.044526, 37.090521], [129.04492, 37.09091], [129.046086, 37.091987], [129.046436, 37.092305], [129.046774, 37.092612], [129.047444, 37.093217], [129.047838, 37.093709], [129.048042, 37.094153], [129.048085, 37.09435], [129.048111, 37.094629], [129.048101, 37.094917], [129.048046, 37.095204], [129.047928, 37.095506], [129.047764, 37.095785], [129.046881, 37.097199], [129.046774, 37.097501], [129.046715, 37.097755], [129.046691, 37.098026], [129.046715, 37.098357], [129.046906, 37.099437], [129.046866, 37.099849], [129.046716, 37.100217], [129.046493, 37.100499], [129.046287, 37.100697], [129.046093, 37.100878], [129.045382, 37.101557], [129.045185, 37.101768], [129.044999, 37.101969], [129.044776, 37.10236], [129.044638, 37.102667], [129.044569, 37.102973], [129.044556, 37.103303], [129.044647, 37.103989], [129.04468, 37.104376], [129.044667, 37.104711], [129.044544, 37.105082], [129.044379, 37.105401], [129.044188, 37.105686], [129.043926, 37.10597], [129.043564, 37.106218], [129.043171, 37.106408], [129.04269, 37.106561], [129.04233, 37.106627], [129.041941, 37.106667], [129.04145, 37.106684], [129.040442, 37.106693], [129.040013, 37.106708], [129.03967, 37.106759], [129.03929, 37.106866], [129.038649, 37.107171], [129.03813, 37.107418], [129.037328, 37.107777], [129.036724, 37.10813], [129.036101, 37.10852], [129.035801, 37.108777], [129.035501, 37.10909], [129.035362, 37.109316], [129.035261, 37.109606], [129.035209, 37.109878], [129.035203, 37.110153], [129.035253, 37.110428], [129.035307, 37.110632], [129.035382, 37.110831], [129.035506, 37.111086], [129.036028, 37.112192], [129.036322, 37.113071]]}}, {"type": "Feature", "properties": {"line": "영동선", "from": "철암", "to": "동백산", "km": 4.295, "down": 262151, "up": 251159, "daily": 1406, "density": 1406}, "geometry": {"type": "LineString", "coordinates": [[129.036322, 37.113071], [129.03671, 37.11423], [129.03688, 37.1147], [129.036965, 37.115188], [129.037063, 37.115752], [129.037161, 37.116128], [129.037274, 37.116365], [129.037528, 37.116694], [129.037732, 37.116901], [129.038042, 37.11715], [129.038433, 37.117364], [129.038839, 37.117513], [129.039321, 37.117624], [129.039756, 37.117673], [129.039961, 37.117667], [129.040411, 37.117615], [129.040869, 37.117514], [129.043363, 37.116953], [129.043802, 37.116916], [129.044232, 37.116956], [129.044618, 37.117033], [129.044869, 37.117128], [129.04521, 37.117317], [129.045514, 37.11758], [129.045721, 37.117847], [129.045866, 37.118167], [129.045942, 37.118546], [129.045935, 37.11889], [129.045932, 37.119506], [129.045883, 37.119826], [129.045831, 37.119988], [129.045652, 37.120279], [129.045479, 37.120514], [129.045243, 37.120744], [129.044887, 37.121035], [129.043774, 37.121763], [129.04335, 37.122072], [129.043055, 37.122379], [129.042882, 37.122651], [129.042747, 37.122953], [129.042653, 37.123312], [129.042634, 37.123694], [129.042664, 37.123891], [129.042722, 37.124061], [129.042878, 37.12441], [129.043043, 37.124694], [129.043309, 37.12501], [129.043569, 37.125238], [129.043883, 37.125467], [129.044818, 37.126077], [129.045011, 37.126227], [129.045233, 37.126443], [129.045439, 37.126701], [129.0456, 37.127025], [129.045701, 37.127354], [129.045739, 37.127706], [129.045709, 37.128036], [129.045622, 37.128368], [129.045464, 37.128699], [129.045253, 37.129012], [129.04517, 37.129123], [129.044904, 37.129299], [129.044635, 37.129494], [129.044425, 37.129615], [129.044045, 37.129754], [129.042621, 37.130267], [129.040945, 37.13082], [129.040194, 37.131162], [129.039571, 37.131511], [129.037506, 37.132864], [129.036277, 37.133699], [129.035088, 37.134578], [129.034569, 37.135014], [129.034014, 37.135463], [129.033749, 37.135732], [129.033434, 37.136107], [129.033388, 37.136177], [129.033269, 37.136451], [129.0332, 37.136687], [129.033174, 37.13691], [129.033183, 37.137265], [129.033222, 37.137474], [129.033282, 37.137667], [129.033374, 37.13786], [129.033513, 37.138106], [129.033765, 37.13845]]}}, {"type": "Feature", "properties": {"line": "영동선", "from": "철암", "to": "동백산", "km": 1.829, "down": 287292, "up": 277291, "daily": 1547, "density": 1547, "junction": "태백", "join_line": "태백선"}, "geometry": {"type": "LineString", "coordinates": [[129.033765, 37.13845], [129.034058, 37.138834], [129.035201, 37.140336], [129.035349, 37.140586], [129.035459, 37.140833], [129.03553, 37.14109], [129.035567, 37.14134], [129.035561, 37.141587], [129.03553, 37.14182], [129.035465, 37.142058], [129.035351, 37.142332], [129.03433, 37.14458], [129.034235, 37.144844], [129.034176, 37.14509], [129.034142, 37.14535], [129.03414, 37.145716], [129.034144, 37.146202], [129.034151, 37.146655], [129.034157, 37.14709], [129.034179, 37.148354], [129.034205, 37.149298], [129.034214, 37.149548], [129.034158, 37.150429], [129.03416, 37.150614], [129.034178, 37.151518], [129.034177, 37.151931], [129.034148, 37.152731], [129.034173, 37.154346]]}}, {"type": "Feature", "properties": {"line": "영동선", "from": "동백산", "to": "도계", "km": 18.561, "down": 287192, "up": 277254, "daily": 1546, "density": 1546}, "geometry": {"type": "LineString", "coordinates": [[129.034173, 37.154346], [129.034193, 37.155639], [129.034238, 37.156171], [129.034258, 37.156366], [129.034338, 37.157157], [129.034336, 37.157483], [129.034291, 37.158046], [129.033943, 37.159679], [129.033837, 37.160307], [129.033723, 37.160677], [129.033577, 37.161085], [129.033422, 37.161376], [129.033121, 37.161746], [129.032376, 37.162401], [129.031284, 37.163379], [129.030617, 37.163923], [129.02969, 37.164629], [129.028584, 37.165472], [129.027966, 37.165971], [129.027137, 37.166489], [129.025869, 37.167234], [129.025348, 37.16748], [129.023763, 37.168044], [129.021681, 37.168705], [129.019348, 37.169346], [129.017315, 37.169722], [129.015155, 37.170129], [129.014083, 37.170296], [129.012937, 37.170374], [129.011753, 37.170394], [129.009979, 37.170276], [129.008364, 37.17004], [129.00712, 37.169706], [129.006288, 37.169451], [129.005456, 37.169196], [129.003743, 37.168616], [129.002424, 37.168086], [129.000563, 37.16734], [128.999442, 37.166623], [128.998456, 37.165886], [128.997544, 37.164983], [128.996977, 37.164177], [128.996447, 37.162871], [128.995921, 37.161219], [128.995715, 37.159122], [128.995651, 37.156334], [128.995758, 37.152384], [128.996059, 37.150366], [128.996316, 37.149613], [128.996917, 37.148502], [128.997647, 37.147561], [128.998655, 37.146671], [128.999749, 37.145902], [129.001294, 37.145166], [129.003011, 37.144551], [129.00447, 37.144311], [129.006809, 37.144003], [129.010714, 37.143798], [129.014148, 37.143918], [129.016894, 37.144106], [129.018804, 37.144448], [129.021336, 37.145286], [129.022945, 37.145936], [129.024769, 37.146911], [129.02552, 37.147475], [129.0264, 37.148433], [129.027294, 37.149601], [129.02807, 37.150616], [129.030143, 37.15434], [129.032966, 37.159413], [129.033266, 37.160097], [129.033472, 37.160945], [129.033649, 37.162084], [129.034364, 37.164381], [129.035508, 37.168396], [129.036208, 37.170405], [129.036806, 37.172631], [129.037096, 37.174082], [129.037273, 37.175518], [129.037486, 37.179503], [129.03772, 37.182606], [129.037726, 37.18269], [129.040075, 37.204061], [129.040491, 37.208158], [129.040523, 37.209246], [129.040443, 37.210347], [129.040312, 37.211212], [129.040167, 37.211839], [129.04009, 37.212151], [129.040032, 37.212543], [129.039925, 37.213225], [129.039861, 37.213921], [129.039853, 37.214656], [129.03985, 37.214876], [129.039885, 37.215151], [129.039912, 37.215302], [129.040061, 37.21567], [129.040268, 37.216257], [129.040463, 37.216754], [129.040685, 37.217302], [129.040927, 37.2179], [129.041136, 37.218404], [129.041243, 37.219024], [129.041397, 37.219588], [129.04142, 37.219937], [129.041422, 37.220327], [129.041425, 37.221026], [129.04143, 37.221451], [129.041513, 37.221863], [129.041642, 37.222221], [129.04202, 37.222836], [129.042456, 37.223445], [129.042784, 37.224019], [129.042878, 37.224434], [129.042903, 37.22467], [129.042909, 37.224963], [129.042884, 37.225282], [129.042853, 37.225555], [129.042851, 37.225575], [129.042818, 37.225907], [129.042806, 37.226231], [129.04283, 37.226558], [129.042868, 37.226753], [129.042981, 37.227112], [129.043082, 37.227354], [129.0432, 37.227591], [129.043449, 37.228058], [129.044115, 37.229225], [129.044225, 37.229416]]}}, {"type": "Feature", "properties": {"line": "영동선", "from": "도계", "to": "신기", "km": 15.47, "down": 270047, "up": 259497, "daily": 1451, "density": 1451}, "geometry": {"type": "LineString", "coordinates": [[129.044225, 37.229416], [129.044265, 37.229486], [129.045147, 37.231015], [129.045368, 37.231363], [129.045414, 37.231432], [129.045744, 37.231936], [129.045859, 37.232136], [129.045929, 37.232259], [129.046185, 37.232724], [129.046266, 37.232945], [129.046311, 37.233122], [129.046344, 37.233327], [129.046345, 37.2335], [129.04634, 37.233659], [129.046313, 37.233843], [129.046188, 37.234249], [129.046008, 37.234622], [129.04575, 37.235143], [129.045633, 37.235611], [129.045605, 37.235963], [129.045633, 37.23638], [129.045832, 37.237319], [129.046067, 37.23856], [129.046262, 37.239394], [129.046342, 37.239735], [129.046475, 37.240143], [129.046647, 37.24052], [129.046867, 37.240834], [129.047092, 37.241112], [129.047715, 37.241628], [129.048877, 37.242731], [129.049449, 37.243493], [129.050565, 37.245967], [129.050685, 37.246589], [129.050582, 37.247203], [129.050376, 37.247568], [129.050292, 37.24771], [129.049724, 37.24857], [129.049638, 37.248719], [129.049522, 37.24892], [129.049318, 37.249432], [129.04921, 37.249728], [129.049176, 37.249869], [129.049071, 37.250312], [129.049123, 37.250722], [129.049381, 37.2512], [129.049784, 37.251644], [129.05041, 37.252088], [129.050973, 37.252334], [129.053157, 37.253139], [129.054125, 37.253511], [129.054652, 37.253761], [129.055136, 37.254064], [129.055641, 37.254506], [129.056026, 37.254975], [129.056502, 37.255736], [129.057856, 37.258195], [129.057984, 37.258437], [129.058393, 37.259166], [129.059334, 37.261101], [129.059667, 37.261877], [129.060203, 37.263169], [129.060463, 37.263852], [129.060579, 37.264224], [129.060661, 37.264588], [129.060692, 37.264786], [129.06083, 37.26568], [129.061054, 37.266951], [129.061361, 37.268594], [129.061442, 37.268932], [129.061562, 37.2694], [129.061663, 37.269857], [129.061748, 37.2701], [129.061869, 37.270339], [129.062073, 37.270624], [129.06244, 37.270951], [129.063551, 37.271901], [129.064475, 37.272675], [129.06485, 37.272981], [129.065103, 37.273249], [129.065304, 37.273482], [129.065457, 37.27379], [129.065549, 37.274196], [129.06554, 37.274592], [129.065467, 37.27491], [129.065388, 37.27517], [129.065231, 37.275443], [129.065058, 37.275669], [129.064737, 37.275967], [129.064469, 37.276159], [129.063697, 37.276556], [129.063172, 37.276857], [129.062822, 37.27724], [129.062622, 37.277471], [129.0625, 37.277693], [129.062396, 37.278102], [129.062353, 37.278452], [129.062425, 37.27905], [129.062657, 37.280229], [129.062898, 37.281404], [129.062963, 37.281708], [129.063125, 37.282254], [129.063248, 37.282544], [129.063754, 37.283214], [129.064823, 37.284383], [129.065352, 37.284939], [129.065796, 37.285261], [129.066563, 37.285619], [129.067291, 37.285916], [129.067837, 37.286186], [129.068146, 37.286411], [129.068435, 37.286708], [129.068717, 37.287161], [129.068824, 37.28746], [129.068881, 37.287825], [129.068838, 37.288419], [129.068684, 37.288784], [129.068469, 37.289136], [129.067539, 37.29005], [129.067311, 37.290346], [129.067115, 37.290708], [129.066994, 37.291136], [129.066964, 37.291562], [129.066995, 37.29227], [129.067035, 37.293335], [129.067082, 37.293785], [129.06716, 37.294067], [129.067332, 37.29443], [129.067508, 37.294704], [129.06778, 37.294979], [129.068156, 37.295242], [129.068696, 37.295506], [129.069362, 37.295725], [129.069898, 37.295889], [129.071055, 37.296252], [129.071937, 37.296592], [129.072806, 37.297469], [129.07308, 37.297841], [129.073206, 37.298083], [129.073281, 37.298243], [129.073351, 37.298508], [129.073388, 37.29887], [129.073375, 37.299096], [129.073344, 37.299276], [129.073247, 37.299611], [129.073076, 37.299921], [129.072588, 37.300575], [129.072213, 37.30107], [129.071627, 37.301843], [129.071438, 37.302203], [129.071311, 37.302582], [129.071255, 37.302951], [129.07127, 37.303327], [129.071352, 37.303651], [129.071438, 37.303857], [129.071581, 37.304136], [129.073094, 37.307195], [129.073809, 37.308579], [129.075087, 37.311247], [129.075268, 37.311731], [129.075378, 37.312172], [129.075403, 37.312396], [129.075487, 37.31292], [129.075436, 37.314237], [129.075216, 37.315612], [129.075564, 37.31674], [129.075901, 37.317931], [129.076051, 37.318449], [129.076248, 37.318855], [129.077, 37.319593], [129.078076, 37.320293], [129.081009, 37.321619], [129.08191, 37.322302], [129.083177, 37.323026], [129.083721, 37.32337], [129.084137, 37.323895], [129.08447, 37.324948], [129.084549, 37.326099], [129.084487, 37.327328], [129.084644, 37.328711], [129.084605, 37.330126], [129.084471, 37.330809], [129.083979, 37.331925], [129.082848, 37.334477], [129.082518, 37.33522], [129.082448, 37.33538], [129.081825, 37.337248], [129.081739, 37.337931], [129.081979, 37.338545], [129.082276, 37.339168], [129.083131, 37.33974], [129.083782, 37.33996], [129.084758, 37.340037], [129.085713, 37.339903], [129.086586, 37.339841], [129.087317, 37.339978], [129.088137, 37.340398], [129.088576, 37.34074], [129.088963, 37.341227], [129.089223, 37.341875], [129.08912, 37.34268], [129.088708, 37.343308], [129.085166, 37.346072]]}}, {"type": "Feature", "properties": {"line": "영동선", "from": "신기", "to": "동해", "km": 21.008, "down": 269845, "up": 259149, "daily": 1449, "density": 1449}, "geometry": {"type": "LineString", "coordinates": [[129.085166, 37.346072], [129.083198, 37.347607], [129.082776, 37.347967], [129.08258, 37.348134], [129.082399, 37.348353], [129.082174, 37.348672], [129.08209, 37.348891], [129.082003, 37.349061], [129.081953, 37.34928], [129.08194, 37.349498], [129.081943, 37.349804], [129.081987, 37.350023], [129.082054, 37.350244], [129.082211, 37.35054], [129.082395, 37.350798], [129.0826, 37.351001], [129.083957, 37.352205], [129.085292, 37.35335], [129.085984, 37.353944], [129.087059, 37.354856], [129.087387, 37.355273], [129.087553, 37.355582], [129.087652, 37.355943], [129.087668, 37.356262], [129.087618, 37.356668], [129.087523, 37.356943], [129.087291, 37.357458], [129.087099, 37.358104], [129.087068, 37.358347], [129.087094, 37.358634], [129.087278, 37.359045], [129.087581, 37.359749], [129.08819, 37.360613], [129.088616, 37.361083], [129.090141, 37.362848], [129.090293, 37.363078], [129.09049, 37.363371], [129.09061, 37.363664], [129.090722, 37.364143], [129.09073, 37.364474], [129.090666, 37.364873], [129.09059, 37.365179], [129.090458, 37.365491], [129.090225, 37.365861], [129.08917, 37.367082], [129.088917, 37.367513], [129.088877, 37.367799], [129.088857, 37.368109], [129.088881, 37.368405], [129.089001, 37.368756], [129.089158, 37.369043], [129.089347, 37.369292], [129.089587, 37.369518], [129.08986, 37.369754], [129.090225, 37.369958], [129.090718, 37.370152], [129.09112, 37.370251], [129.091565, 37.370299], [129.092632, 37.370261], [129.09329, 37.370251], [129.093819, 37.370296], [129.094236, 37.370407], [129.09457, 37.370525], [129.094939, 37.370717], [129.095207, 37.370921], [129.09542, 37.371099], [129.095653, 37.371367], [129.095813, 37.371651], [129.09599, 37.372119], [129.096163, 37.372793], [129.096506, 37.37419], [129.096844, 37.375492], [129.09697, 37.375957], [129.097145, 37.376433], [129.097297, 37.376742], [129.097474, 37.377073], [129.097623, 37.377337], [129.098006, 37.377916], [129.098487, 37.378775], [129.098582, 37.379112], [129.098635, 37.379434], [129.09866, 37.379774], [129.098644, 37.380194], [129.098667, 37.380689], [129.098742, 37.380939], [129.098891, 37.381308], [129.099134, 37.381614], [129.099453, 37.381971], [129.099654, 37.382186], [129.099853, 37.382385], [129.100193, 37.382591], [129.100634, 37.382798], [129.101157, 37.38294], [129.103067, 37.383281], [129.104713, 37.383561], [129.10514, 37.383669], [129.105465, 37.383792], [129.105878, 37.383993], [129.106329, 37.384263], [129.106875, 37.384689], [129.107135, 37.384929], [129.107569, 37.385289], [129.107784, 37.385585], [129.107993, 37.38583], [129.108095, 37.386006], [129.10823, 37.386282], [129.108248, 37.386613], [129.108262, 37.387002], [129.108197, 37.38722], [129.108036, 37.387598], [129.107863, 37.387951], [129.107632, 37.38824], [129.107348, 37.388461], [129.107027, 37.388651], [129.106687, 37.388816], [129.106242, 37.388935], [129.105685, 37.389042], [129.104861, 37.38919], [129.104422, 37.389304], [129.104084, 37.38944], [129.103785, 37.389602], [129.103715, 37.389639], [129.103316, 37.389972], [129.103085, 37.390243], [129.102897, 37.390527], [129.102747, 37.390882], [129.102691, 37.391215], [129.102708, 37.391607], [129.102773, 37.391917], [129.102908, 37.392257], [129.105263, 37.3971], [129.105485, 37.397446], [129.105688, 37.397703], [129.105933, 37.397992], [129.106254, 37.398305], [129.108234, 37.39984], [129.1104, 37.401559], [129.110549, 37.401677], [129.110789, 37.40191], [129.111014, 37.402223], [129.111157, 37.402478], [129.111233, 37.40269], [129.111287, 37.402947], [129.111301, 37.403323], [129.111267, 37.403631], [129.111149, 37.403955], [129.11096, 37.404302], [129.110828, 37.404476], [129.110133, 37.405172], [129.108598, 37.406584], [129.10828, 37.406953], [129.108046, 37.407232], [129.107907, 37.407555], [129.107789, 37.407856], [129.107738, 37.408096], [129.107719, 37.408472], [129.107733, 37.408704], [129.107823, 37.409006], [129.107948, 37.409289], [129.108608, 37.410703], [129.108722, 37.410949], [129.108869, 37.411116], [129.10905, 37.411287], [129.109287, 37.411484], [129.109508, 37.411628], [129.10977, 37.411761], [129.109977, 37.411848], [129.110268, 37.411928], [129.11092, 37.41203], [129.111571, 37.412113], [129.111925, 37.412192], [129.112353, 37.412335], [129.112648, 37.412459], [129.112946, 37.412637], [129.113211, 37.412846], [129.113396, 37.413018], [129.113547, 37.413182], [129.11368, 37.413372], [129.113842, 37.413673], [129.113939, 37.413944], [129.113966, 37.414133], [129.113981, 37.414303], [129.113961, 37.414602], [129.113921, 37.414881], [129.113744, 37.416105], [129.113658, 37.416719], [129.113637, 37.416944], [129.113635, 37.417206], [129.11364, 37.417492], [129.113747, 37.417847], [129.113947, 37.418191], [129.114175, 37.418444], [129.114493, 37.418737], [129.114937, 37.419011], [129.115385, 37.419199], [129.116793, 37.419675], [129.117271, 37.419861], [129.117654, 37.420113], [129.118043, 37.420542], [129.11833, 37.420931], [129.118844, 37.422028], [129.11903, 37.422326], [129.119286, 37.422672], [129.119542, 37.422942], [129.120437, 37.423696], [129.120702, 37.423968], [129.120862, 37.424163], [129.12102, 37.424429], [129.121181, 37.424863], [129.121703, 37.426413], [129.121771, 37.426622], [129.121814, 37.426846], [129.121818, 37.427049], [129.12182, 37.42729], [129.121789, 37.427484], [129.121735, 37.427641], [129.121651, 37.427886], [129.121526, 37.428202], [129.121295, 37.428606], [129.120298, 37.430223], [129.120119, 37.430567], [129.119904, 37.431068], [129.118606, 37.434134], [129.118512, 37.434404], [129.118472, 37.434644], [129.118462, 37.434892], [129.11849, 37.435213], [129.118556, 37.435454], [129.118641, 37.435671], [129.118753, 37.435927], [129.118928, 37.436214], [129.119812, 37.437606], [129.119943, 37.437853], [129.120069, 37.438139], [129.12012, 37.438301], [129.120156, 37.438515], [129.120158, 37.438777], [129.120114, 37.43914], [129.120033, 37.439407], [129.119889, 37.439709], [129.119712, 37.439932], [129.119511, 37.440153], [129.119284, 37.440355], [129.119034, 37.440519], [129.11873, 37.440689], [129.118405, 37.44084], [129.116354, 37.441827], [129.114857, 37.442577], [129.114281, 37.442909], [129.113319, 37.443388], [129.112758, 37.443659], [129.112324, 37.443872], [129.111928, 37.444077], [129.110523, 37.44478], [129.110183, 37.445019], [129.109783, 37.445341], [129.109468, 37.445685], [129.109195, 37.446076], [129.109035, 37.446474], [129.108382, 37.448498], [129.108252, 37.448922], [129.108106, 37.449293], [129.107915, 37.449624], [129.10763, 37.44995], [129.107315, 37.450271], [129.107011, 37.450531], [129.106519, 37.450857], [129.106133, 37.451058], [129.105081, 37.451523], [129.104673, 37.451726], [129.104296, 37.451956], [129.10395, 37.452211], [129.103601, 37.452517], [129.102459, 37.453795], [129.101986, 37.454319], [129.101755, 37.454679], [129.101592, 37.455036], [129.101406, 37.455488], [129.101354, 37.456121], [129.101546, 37.457608], [129.102299, 37.459085], [129.102384, 37.45921], [129.102935, 37.459767], [129.103844, 37.46069], [129.104428, 37.461292], [129.10474, 37.461726], [129.104935, 37.46209], [129.105023, 37.462482], [129.105003, 37.463126], [129.104923, 37.463521], [129.104732, 37.46402], [129.104601, 37.464541], [129.104605, 37.464936], [129.10466, 37.465359], [129.104899, 37.465943], [129.105142, 37.466335], [129.10831, 37.470864], [129.108596, 37.471184], [129.108915, 37.471477], [129.109337, 37.471793], [129.10989, 37.472096], [129.113035, 37.473686], [129.114769, 37.474563], [129.115119, 37.474765], [129.115851, 37.475324], [129.116126, 37.475618], [129.11638, 37.475981], [129.116612, 37.476506], [129.116715, 37.476881], [129.116756, 37.477153], [129.116775, 37.477463], [129.116778, 37.477752], [129.116751, 37.478011], [129.116695, 37.478326], [129.116639, 37.478549], [129.11637, 37.4794], [129.116166, 37.480122], [129.11609, 37.480343], [129.115804, 37.481136], [129.115633, 37.481655], [129.114891, 37.483928], [129.114577, 37.48489], [129.114478, 37.48524], [129.114429, 37.485451], [129.114407, 37.485679], [129.114401, 37.485897], [129.114406, 37.486153], [129.114424, 37.486421], [129.114459, 37.486677], [129.114507, 37.486915], [129.11457, 37.487144], [129.114669, 37.487402], [129.114809, 37.487706], [129.114936, 37.487945], [129.115107, 37.488206], [129.115294, 37.48846], [129.115627, 37.488891], [129.115825, 37.489153], [129.11718, 37.490863], [129.119019, 37.49318], [129.119239, 37.493411], [129.120062, 37.494271], [129.120341, 37.494585], [129.12076, 37.495103], [129.121556, 37.49609], [129.122171, 37.496881], [129.122681, 37.497536]]}}, {"type": "Feature", "properties": {"line": "영동선", "from": "동해", "to": "묵호", "km": 5.996, "down": 250661, "up": 244129, "daily": 1356, "density": 1356, "through": 1}, "geometry": {"type": "LineString", "coordinates": [[129.122681, 37.497536], [129.123116, 37.498095], [129.123238, 37.498252], [129.124141, 37.499384], [129.124869, 37.500221], [129.125291, 37.50069], [129.125451, 37.500841], [129.1256, 37.500993], [129.126449, 37.502083], [129.12694, 37.502933], [129.127186, 37.503596], [129.127302, 37.504104], [129.127338, 37.504406], [129.127347, 37.504874], [129.127317, 37.505351], [129.127108, 37.506276], [129.126189, 37.508462], [129.126058, 37.508953], [129.126018, 37.509715], [129.126087, 37.510716], [129.126078, 37.510988], [129.125984, 37.511598], [129.125828, 37.512205], [129.125564, 37.513174], [129.125033, 37.514824], [129.124773, 37.515468], [129.124258, 37.516421], [129.122756, 37.518545], [129.121398, 37.520657], [129.121216, 37.520939], [129.120413, 37.522187], [129.119924, 37.523467], [129.119752, 37.524338], [129.119661, 37.524876], [129.119625, 37.525326], [129.119642, 37.526565], [129.119833, 37.527905], [129.119953, 37.529015], [129.119922, 37.529508], [129.119866, 37.529904], [129.119566, 37.530566], [129.119236, 37.531069], [129.117965, 37.532186], [129.116793, 37.53302], [129.116614, 37.533175], [129.116094, 37.533749], [129.115548, 37.5346], [129.115108, 37.535317], [129.114776, 37.535669], [129.114384, 37.536002], [129.114052, 37.536206], [129.113244, 37.536665], [129.113039, 37.536772], [129.112698, 37.536943], [129.112245, 37.537202], [129.111713, 37.537593], [129.111368, 37.53792], [129.110958, 37.538369], [129.110902, 37.53848], [129.110832, 37.538629], [129.110496, 37.539454], [129.110465, 37.539556], [129.110283, 37.540163], [129.109768, 37.54166], [129.109497, 37.542576], [129.109422, 37.542732], [129.10898, 37.543927], [129.10884, 37.544219], [129.108166, 37.546169]]}}, {"type": "Feature", "properties": {"line": "영동선", "from": "묵호", "to": "정동진", "km": 22.703, "down": 291396, "up": 274798, "daily": 1551, "density": 1551}, "geometry": {"type": "LineString", "coordinates": [[129.108166, 37.546169], [129.108116, 37.546314], [129.10781, 37.5472], [129.107711, 37.547506], [129.107652, 37.547745], [129.107498, 37.54826], [129.107396, 37.548739], [129.10719, 37.549272], [129.107142, 37.549393], [129.106801, 37.550033], [129.10659, 37.550433], [129.10624, 37.551007], [129.105768, 37.551664], [129.105607, 37.551882], [129.105519, 37.552007], [129.104435, 37.553411], [129.104313, 37.553624], [129.104085, 37.55403], [129.10398, 37.554307], [129.103898, 37.554559], [129.103849, 37.554849], [129.103833, 37.555287], [129.103866, 37.555655], [129.103963, 37.556048], [129.104134, 37.556467], [129.104297, 37.556828], [129.104599, 37.557505], [129.104792, 37.557857], [129.105086, 37.558282], [129.105547, 37.558832], [129.106091, 37.559333], [129.106993, 37.560035], [129.10816, 37.560803], [129.110132, 37.562023], [129.110678, 37.562356], [129.111235, 37.562705], [129.111782, 37.563048], [129.112276, 37.563349], [129.11352, 37.563993], [129.114012, 37.56433], [129.114472, 37.564795], [129.114805, 37.565233], [129.115116, 37.565799], [129.115803, 37.567312], [129.115974, 37.567959], [129.116039, 37.568418], [129.115931, 37.570289], [129.115953, 37.571275], [129.116167, 37.572585], [129.116189, 37.573265], [129.116425, 37.574677], [129.116403, 37.57534], [129.11621, 37.576037], [129.115931, 37.576717], [129.115566, 37.577278], [129.115474, 37.577379], [129.115051, 37.57784], [129.114299, 37.578444], [129.113924, 37.578682], [129.111628, 37.579864], [129.103646, 37.583838], [129.103016, 37.584191], [129.102631, 37.584404], [129.101362, 37.585175], [129.100754, 37.585518], [129.099032, 37.586492], [129.098438, 37.586864], [129.09425, 37.589332], [129.089493, 37.592018], [129.089224, 37.592178], [129.088408, 37.592662], [129.086868, 37.593707], [129.085463, 37.594712], [129.085217, 37.594875], [129.083368, 37.59609], [129.081055, 37.597749], [129.080724, 37.597982], [129.080604, 37.598065], [129.080419, 37.598204], [129.079744, 37.598658], [129.07914, 37.599136], [129.075492, 37.602378], [129.065041, 37.611644], [129.064536, 37.612102], [129.064117, 37.612561], [129.063735, 37.613089], [129.063353, 37.613674], [129.062318, 37.615597], [129.0619, 37.61619], [129.061458, 37.616641], [129.060948, 37.617005], [129.060433, 37.617286], [129.060086, 37.617425], [129.059656, 37.617563], [129.058912, 37.617717], [129.058425, 37.617761], [129.057923, 37.617767], [129.057088, 37.61768], [129.056295, 37.617538], [129.054079, 37.617113], [129.050276, 37.61646], [129.047723, 37.616027], [129.046302, 37.615822], [129.045884, 37.6158], [129.045264, 37.615808], [129.044896, 37.615836], [129.044113, 37.615961], [129.043605, 37.61609], [129.043242, 37.616198], [129.042923, 37.616332], [129.042572, 37.616468], [129.042187, 37.616688], [129.041872, 37.616872], [129.041257, 37.617346], [129.040669, 37.617894], [129.040314, 37.618386], [129.040207, 37.618556], [129.040027, 37.618881], [129.039609, 37.619737], [129.03843, 37.622343], [129.038077, 37.623154], [129.037725, 37.623835], [129.037234, 37.624583], [129.03672, 37.625142], [129.036538, 37.625304], [129.035942, 37.625761], [129.035375, 37.626102], [129.035157, 37.62622], [129.035044, 37.626281], [129.034971, 37.62632], [129.034325, 37.626611], [129.033771, 37.626815], [129.031583, 37.62744], [129.028944, 37.628202], [129.028174, 37.628503], [129.027529, 37.628876], [129.0264, 37.629989], [129.023626, 37.633257], [129.022591, 37.634625], [129.021503, 37.635814], [129.020131, 37.637441], [129.018548, 37.639895], [129.017678, 37.642466], [129.017403, 37.644891], [129.017481, 37.646991], [129.017925, 37.649215], [129.018187, 37.65079], [129.018374, 37.651485], [129.018573, 37.652083], [129.01898, 37.653262], [129.019059, 37.653776], [129.019045, 37.654374], [129.018877, 37.655422], [129.018854, 37.655808], [129.018884, 37.656183], [129.018963, 37.656642], [129.019069, 37.657037], [129.019334, 37.657806], [129.019741, 37.658805], [129.019871, 37.65925], [129.019915, 37.659602], [129.019901, 37.659976], [129.019848, 37.66033], [129.01974, 37.660856], [129.01965, 37.661133], [129.019507, 37.661454], [129.019355, 37.661737], [129.019145, 37.662081], [129.018177, 37.663476], [129.017881, 37.664235], [129.017788, 37.664719], [129.017782, 37.665025], [129.018017, 37.666618], [129.018072, 37.667613], [129.017876, 37.668681], [129.016958, 37.671393], [129.016827, 37.672013], [129.016817, 37.67227], [129.016811, 37.672416], [129.016805, 37.672578], [129.01687, 37.673036], [129.017009, 37.673403], [129.01716, 37.673702], [129.017534, 37.674234], [129.018159, 37.67484], [129.018713, 37.675203], [129.01924, 37.675476], [129.019894, 37.675737], [129.020708, 37.675942], [129.021284, 37.676115], [129.021935, 37.676382], [129.022234, 37.676577], [129.022739, 37.676963], [129.023218, 37.677377], [129.023832, 37.678146], [129.024061, 37.678479], [129.025237, 37.679906], [129.025895, 37.680746], [129.026232, 37.68111], [129.026678, 37.681427], [129.027077, 37.681653], [129.028151, 37.681985], [129.030037, 37.682213], [129.031348, 37.682356], [129.032655, 37.682498], [129.033324, 37.682668], [129.034298, 37.683062], [129.035057, 37.683581], [129.035669, 37.68425], [129.035888, 37.684617], [129.036059, 37.684988], [129.03617, 37.685314], [129.036239, 37.685687], [129.036269, 37.685936], [129.036241, 37.686276], [129.036249, 37.686377], [129.036228, 37.686607], [129.036166, 37.687176], [129.03605, 37.68814], [129.036003, 37.688295], [129.035812, 37.688899], [129.035672, 37.689088], [129.035247, 37.689734], [129.034549, 37.690362], [129.034021, 37.690773], [129.03391, 37.690846], [129.033302, 37.691248], [129.032504, 37.691827]]}}, {"type": "Feature", "properties": {"line": "영동선", "from": "정동진", "to": "강릉", "km": 16.156, "down": 304631, "up": 285616, "daily": 1617, "density": 1617}, "geometry": {"type": "LineString", "coordinates": [[129.032504, 37.691827], [129.032007, 37.692187], [129.030903, 37.693005], [129.029797, 37.69385], [129.029553, 37.694036], [129.026985, 37.695946], [129.02391, 37.698228], [129.023494, 37.698537], [129.022944, 37.699011], [129.02284, 37.699125], [129.021456, 37.700647], [129.020427, 37.701536], [129.018884, 37.702415], [129.016712, 37.703701], [129.015881, 37.704394], [129.014545, 37.706187], [129.012903, 37.708453], [129.012635, 37.70875], [129.005399, 37.716795], [129.005239, 37.716973], [129.004631, 37.717651], [129.002473, 37.720032], [129.001261, 37.721295], [129.001161, 37.721403], [129.000456, 37.72196], [128.999433, 37.722517], [128.998741, 37.722979], [128.998211, 37.723401], [128.997453, 37.724023], [128.995726, 37.725496], [128.995374, 37.725843], [128.994907, 37.726438], [128.994047, 37.728055], [128.993634, 37.728716], [128.992834, 37.729565], [128.991561, 37.73129], [128.990656, 37.732831], [128.990259, 37.733441], [128.989985, 37.733761], [128.989408, 37.734192], [128.989119, 37.734404], [128.988799, 37.734564], [128.988097, 37.734837], [128.987202, 37.735152], [128.983752, 37.736286], [128.9829, 37.736583], [128.979476, 37.737699], [128.974261, 37.739483], [128.972937, 37.739925], [128.972419, 37.740052], [128.971834, 37.740178], [128.971291, 37.740202], [128.970526, 37.740198], [128.970214, 37.740145], [128.970008, 37.740135], [128.96974, 37.74008], [128.969415, 37.739987], [128.969053, 37.739872], [128.968618, 37.73966], [128.967106, 37.73885], [128.965464, 37.737984], [128.965024, 37.737743], [128.96463, 37.737564], [128.964148, 37.737399], [128.963649, 37.737284], [128.963252, 37.737204], [128.962946, 37.737157], [128.962621, 37.737136], [128.962259, 37.73714], [128.961932, 37.737136], [128.96086, 37.737172], [128.960658, 37.737178], [128.96057, 37.737182], [128.957764, 37.737314], [128.956565, 37.737359], [128.956277, 37.73737], [128.955839, 37.737386], [128.954288, 37.737462], [128.951801, 37.737564], [128.948532, 37.737723], [128.947985, 37.737749], [128.946246, 37.737808], [128.945173, 37.737868], [128.944336, 37.737938], [128.944039, 37.737946], [128.943972, 37.737984], [128.943438, 37.738058], [128.942972, 37.738118], [128.942188, 37.738241], [128.941737, 37.738324], [128.941366, 37.738385], [128.940491, 37.738529], [128.940224, 37.738576], [128.938573, 37.738866], [128.938521, 37.738875], [128.93839, 37.738897], [128.935952, 37.739321], [128.934375, 37.739581], [128.932889, 37.739859], [128.931829, 37.740046], [128.931647, 37.740076], [128.930977, 37.740193], [128.93037, 37.740294], [128.929254, 37.740489], [128.92911, 37.740517], [128.928029, 37.740699], [128.927237, 37.740842], [128.926337, 37.741009], [128.926154, 37.741039], [128.925545, 37.74114], [128.924632, 37.741301], [128.923811, 37.74149], [128.92329, 37.741661], [128.922769, 37.741855], [128.922461, 37.741978], [128.922042, 37.742137], [128.92064, 37.742712], [128.920367, 37.742849], [128.919216, 37.74331], [128.918381, 37.743705], [128.917902, 37.743917], [128.917249, 37.744222], [128.916498, 37.744522], [128.915553, 37.744943], [128.915241, 37.745093], [128.914511, 37.745459], [128.913655, 37.745915], [128.912914, 37.746252], [128.912303, 37.74653], [128.912124, 37.746605], [128.911448, 37.746907], [128.911064, 37.747071], [128.910868, 37.747149], [128.910479, 37.747261], [128.910251, 37.747325], [128.909457, 37.74752], [128.908709, 37.747677], [128.907724, 37.7479], [128.907121, 37.748019], [128.906764, 37.74814], [128.906354, 37.748298], [128.906002, 37.748432], [128.905608, 37.748632], [128.905265, 37.748829], [128.905029, 37.748988], [128.904766, 37.749194], [128.904238, 37.749664], [128.903492, 37.750326], [128.902265, 37.751537], [128.900874, 37.752803], [128.900603, 37.753047], [128.900174, 37.753439], [128.900061, 37.753552], [128.899037, 37.754476], [128.898886, 37.75461], [128.897814, 37.755594], [128.897614, 37.755804], [128.897004, 37.756347], [128.896223, 37.757072], [128.89611, 37.757174], [128.895917, 37.757375], [128.895743, 37.757585], [128.895542, 37.757891], [128.895405, 37.758137], [128.89523, 37.758563], [128.895158, 37.758805], [128.895131, 37.758913], [128.895094, 37.75914], [128.89507, 37.75942], [128.895075, 37.759727], [128.895115, 37.760024], [128.895142, 37.760155], [128.895185, 37.760317], [128.895269, 37.760528], [128.895373, 37.760781], [128.895454, 37.760934], [128.895555, 37.761097], [128.895678, 37.761283], [128.895823, 37.761468], [128.896022, 37.761682], [128.896212, 37.761869], [128.896478, 37.7621], [128.896985, 37.762472], [128.897233, 37.762672], [128.897377, 37.762803], [128.897584, 37.762967], [128.897722, 37.763112], [128.898092, 37.7635], [128.898864, 37.76411], [128.899098, 37.764305]]}}, {"type": "Feature", "properties": {"line": "장항선", "from": "천안", "to": "아산", "km": 4.653, "down": 1556204, "up": 1586027, "daily": 8609, "density": 8609, "through": 2}, "geometry": {"type": "LineString", "coordinates": [[127.146699, 36.810663], [127.14653, 36.809765], [127.14642, 36.809158], [127.146391, 36.809011], [127.146363, 36.808574], [127.146233, 36.807958], [127.146153, 36.80755], [127.146094, 36.807247], [127.146082, 36.807189], [127.145977, 36.806684], [127.145822, 36.806305], [127.145668, 36.806045], [127.145509, 36.805828], [127.145307, 36.805611], [127.145015, 36.805359], [127.144705, 36.805147], [127.144429, 36.805], [127.143965, 36.804804], [127.142206, 36.804111], [127.140693, 36.803502], [127.139343, 36.802945], [127.138613, 36.80264], [127.138053, 36.802392], [127.137298, 36.80203], [127.135882, 36.801276], [127.135265, 36.800947], [127.134566, 36.800574], [127.133655, 36.800212], [127.132736, 36.799879], [127.131673, 36.799561], [127.130876, 36.799319], [127.130543, 36.799211], [127.130069, 36.799043], [127.129605, 36.798855], [127.129444, 36.798782], [127.129113, 36.798613], [127.128983, 36.798541], [127.128283, 36.798117], [127.126941, 36.797028], [127.126332, 36.796525], [127.125635, 36.796019], [127.125012, 36.795646], [127.124187, 36.795208], [127.122952, 36.794559], [127.122395, 36.794255], [127.121305, 36.793701], [127.120576, 36.793331], [127.120371, 36.793227], [127.119817, 36.793001], [127.119515, 36.792903], [127.119176, 36.7928], [127.119049, 36.792768], [127.118774, 36.792699], [127.11823, 36.792595], [127.11765, 36.792524], [127.11707, 36.792493], [127.116619, 36.792494], [127.116014, 36.792523], [127.115345, 36.792583], [127.114974, 36.792618], [127.113626, 36.792745], [127.112392, 36.792793], [127.111535, 36.792827], [127.110552, 36.792817], [127.109386, 36.792769], [127.108319, 36.792677], [127.107447, 36.792549], [127.104457, 36.79208]]}}, {"type": "Feature", "properties": {"line": "장항선", "from": "아산", "to": "온양온천", "km": 9.748, "down": 1634794, "up": 1639159, "daily": 8970, "density": 8970, "through": 2}, "geometry": {"type": "LineString", "coordinates": [[127.104457, 36.79208], [127.103383, 36.791911], [127.103088, 36.791865], [127.101394, 36.7916], [127.099235, 36.79122], [127.098455, 36.791081], [127.098276, 36.791047], [127.097861, 36.790973], [127.097177, 36.79084], [127.096574, 36.790704], [127.094677, 36.790404], [127.094461, 36.790379], [127.093758, 36.790298], [127.09297, 36.790178], [127.092137, 36.790046], [127.091951, 36.790016], [127.091165, 36.789895], [127.089431, 36.789581], [127.08826, 36.789339], [127.087613, 36.78916], [127.086232, 36.788715], [127.084739, 36.788244], [127.084565, 36.788192], [127.083836, 36.787973], [127.083533, 36.787885], [127.082696, 36.787641], [127.080894, 36.787154], [127.07873, 36.786496], [127.076725, 36.785867], [127.074862, 36.785311], [127.07329, 36.784832], [127.072011, 36.784431], [127.071658, 36.784324], [127.068732, 36.78342], [127.06539, 36.782397], [127.063736, 36.781879], [127.063262, 36.781732], [127.062284, 36.7814], [127.061416, 36.781081], [127.059763, 36.780422], [127.058569, 36.779921], [127.057573, 36.779524], [127.057494, 36.779495], [127.05546, 36.77866], [127.053658, 36.777948], [127.053331, 36.777815], [127.053001, 36.777682], [127.051866, 36.777222], [127.051055, 36.776893], [127.050649, 36.776745], [127.050213, 36.776566], [127.049358, 36.776218], [127.049041, 36.776092], [127.048478, 36.775867], [127.048253, 36.775743], [127.040817, 36.772719], [127.039653, 36.77224], [127.037943, 36.771552], [127.03685, 36.771178], [127.036389, 36.771067], [127.035749, 36.770939], [127.035116, 36.770859], [127.034503, 36.770807], [127.033581, 36.770803], [127.032998, 36.770834], [127.03243, 36.7709], [127.031852, 36.770989], [127.031369, 36.771085], [127.030777, 36.77125], [127.030077, 36.77149], [127.029582, 36.771684], [127.02948, 36.771725], [127.029105, 36.771882], [127.028007, 36.772348], [127.025273, 36.773683], [127.023473, 36.774617], [127.018739, 36.776924], [127.015389, 36.778557], [127.014782, 36.778793], [127.014343, 36.778938], [127.014194, 36.778983], [127.01382, 36.779065], [127.01337, 36.779154], [127.012108, 36.779307], [127.011227, 36.779402], [127.010713, 36.779458], [127.009834, 36.779555], [127.009097, 36.779619], [127.008691, 36.779656], [127.008118, 36.779722], [127.007594, 36.779794], [127.006805, 36.779915], [127.005793, 36.780074], [127.005397, 36.780147], [127.004528, 36.780297], [127.003149, 36.780525]]}}, {"type": "Feature", "properties": {"line": "장항선", "from": "온양온천", "to": "도고온천", "km": 10.998, "down": 1614224, "up": 1605637, "daily": 8822, "density": 8822, "through": 1}, "geometry": {"type": "LineString", "coordinates": [[127.003149, 36.780525], [127.002185, 36.780684], [126.999974, 36.78105], [126.999637, 36.781142], [126.999137, 36.7813], [126.998771, 36.78143], [126.997404, 36.782009], [126.996511, 36.7824], [126.996173, 36.782551], [126.995908, 36.782659], [126.995524, 36.782802], [126.995399, 36.782851], [126.994925, 36.782989], [126.994399, 36.783101], [126.994101, 36.783156], [126.993734, 36.783212], [126.993462, 36.783234], [126.993161, 36.783264], [126.992859, 36.783277], [126.992529, 36.783283], [126.991848, 36.78331], [126.991507, 36.783328], [126.988071, 36.783477], [126.987606, 36.783492], [126.987022, 36.7835], [126.986618, 36.783496], [126.986309, 36.783503], [126.985694, 36.783477], [126.984947, 36.783409], [126.984436, 36.783344], [126.983926, 36.783254], [126.983479, 36.783143], [126.983078, 36.783043], [126.982558, 36.782896], [126.981888, 36.782684], [126.981329, 36.782466], [126.980839, 36.78226], [126.980171, 36.78194], [126.979268, 36.781512], [126.978285, 36.781038], [126.977076, 36.780475], [126.975799, 36.779872], [126.975159, 36.779583], [126.974718, 36.779381], [126.974271, 36.779164], [126.973329, 36.778714], [126.972776, 36.778472], [126.971317, 36.777798], [126.969979, 36.777211], [126.963673, 36.774264], [126.961984, 36.773483], [126.960965, 36.773015], [126.960013, 36.77262], [126.958899, 36.772149], [126.957885, 36.771792], [126.957025, 36.771503], [126.955108, 36.770892], [126.954685, 36.77075], [126.953589, 36.770337], [126.952816, 36.770002], [126.951883, 36.769677], [126.950891, 36.769332], [126.950403, 36.769162], [126.949373, 36.768814], [126.948641, 36.768577], [126.947802, 36.768339], [126.947108, 36.768163], [126.945424, 36.767578], [126.945327, 36.767544], [126.944995, 36.767433], [126.914085, 36.757091], [126.909562, 36.75566], [126.906794, 36.754821], [126.90641, 36.754713], [126.906396, 36.754708], [126.905897, 36.754568], [126.894758, 36.751126], [126.893625, 36.750821], [126.893343, 36.75073], [126.892618, 36.750501], [126.89091, 36.74995], [126.889553, 36.749522]]}}, {"type": "Feature", "properties": {"line": "장항선", "from": "도고온천", "to": "신례원", "km": 4.403, "down": 1604477, "up": 1595195, "daily": 8766, "density": 8766}, "geometry": {"type": "LineString", "coordinates": [[126.889553, 36.749522], [126.888281, 36.74912], [126.887114, 36.748784], [126.885825, 36.748396], [126.885297, 36.748236], [126.884443, 36.747973], [126.883451, 36.747649], [126.882424, 36.747312], [126.88142, 36.746984], [126.880296, 36.746614], [126.879338, 36.746307], [126.878418, 36.746024], [126.878012, 36.745866], [126.877993, 36.745858], [126.877704, 36.745742], [126.877417, 36.745621], [126.872922, 36.743763], [126.872516, 36.743585], [126.872141, 36.743415], [126.871771, 36.743237], [126.871408, 36.743036], [126.870862, 36.742734], [126.870804, 36.742702], [126.869824, 36.742128], [126.868914, 36.741508], [126.86874, 36.74139], [126.868228, 36.741043], [126.867043, 36.740135], [126.864413, 36.738184], [126.862715, 36.736881], [126.86263, 36.736817], [126.862547, 36.736754], [126.862467, 36.736694], [126.858994, 36.734128], [126.855903, 36.731887], [126.853823, 36.730309], [126.853717, 36.73023], [126.850257, 36.727665], [126.849579, 36.727146]]}}, {"type": "Feature", "properties": {"line": "장항선", "from": "신례원", "to": "예산", "km": 4.997, "down": 1572342, "up": 1561940, "daily": 8587, "density": 8587}, "geometry": {"type": "LineString", "coordinates": [[126.849579, 36.727146], [126.848638, 36.726424], [126.847409, 36.725439], [126.84647, 36.724686], [126.845269, 36.723801], [126.84464, 36.723298], [126.844268, 36.722994], [126.843684, 36.722479], [126.843185, 36.722017], [126.842991, 36.72182], [126.842503, 36.721324], [126.841435, 36.720128], [126.841323, 36.719998], [126.841249, 36.719911], [126.841093, 36.719738], [126.840132, 36.718671], [126.839936, 36.718453], [126.839879, 36.718385], [126.839839, 36.718336], [126.838603, 36.716931], [126.83727, 36.715451], [126.836628, 36.714731], [126.835843, 36.713851], [126.835732, 36.713717], [126.835594, 36.713544], [126.835244, 36.713102], [126.834762, 36.712442], [126.834433, 36.71197], [126.834144, 36.711497], [126.833826, 36.710967], [126.83348, 36.710278], [126.83325, 36.709778], [126.832929, 36.709001], [126.832717, 36.708418], [126.83244, 36.707564], [126.832252, 36.706821], [126.831863, 36.705142], [126.831493, 36.703669], [126.831294, 36.702792], [126.830498, 36.699554], [126.83028, 36.698672], [126.830233, 36.698458], [126.829749, 36.696538], [126.829462, 36.695314], [126.829433, 36.695193], [126.829315, 36.69469], [126.829254, 36.694303], [126.829212, 36.693982], [126.829183, 36.693739], [126.829052, 36.692651], [126.828951, 36.691901], [126.828943, 36.691781], [126.828906, 36.691238], [126.828892, 36.691094], [126.828806, 36.690174], [126.828496, 36.687113]]}}, {"type": "Feature", "properties": {"line": "장항선", "from": "예산", "to": "삽교", "km": 7.835, "down": 1327257, "up": 1316916, "daily": 7244, "density": 7244}, "geometry": {"type": "LineString", "coordinates": [[126.828496, 36.687113], [126.828369, 36.685859], [126.828283, 36.684995], [126.828211, 36.684362], [126.828178, 36.684068], [126.828138, 36.683661], [126.828102, 36.683297], [126.828068, 36.682944], [126.828021, 36.682423], [126.82794, 36.681889], [126.827877, 36.681467], [126.827834, 36.68125], [126.827773, 36.680974], [126.827672, 36.680639], [126.827556, 36.680301], [126.827438, 36.680004], [126.827279, 36.679674], [126.827226, 36.679576], [126.827101, 36.679343], [126.826861, 36.678967], [126.826702, 36.678742], [126.826653, 36.678673], [126.826404, 36.678342], [126.826204, 36.678129], [126.825947, 36.677865], [126.825638, 36.677585], [126.825338, 36.677327], [126.825012, 36.677074], [126.824677, 36.676845], [126.824256, 36.676581], [126.823749, 36.676308], [126.82335, 36.676122], [126.823005, 36.675966], [126.822362, 36.675724], [126.82179, 36.675565], [126.821325, 36.675448], [126.820846, 36.675356], [126.820408, 36.675291], [126.820003, 36.675252], [126.819609, 36.675226], [126.819188, 36.675213], [126.818557, 36.675215], [126.817801, 36.675248], [126.816924, 36.675308], [126.79987, 36.676444], [126.799561, 36.676467], [126.799012, 36.676507], [126.79828, 36.676572], [126.797426, 36.67667], [126.796759, 36.676763], [126.794436, 36.677114], [126.790559, 36.677697], [126.787328, 36.678198], [126.783953, 36.678706], [126.782533, 36.678923], [126.781507, 36.679074], [126.780947, 36.679146], [126.780158, 36.679224], [126.779609, 36.67927], [126.779273, 36.679286], [126.778695, 36.679309], [126.777553, 36.679331], [126.776657, 36.67932], [126.762242, 36.679117], [126.761487, 36.679146], [126.760872, 36.679172], [126.760728, 36.67918], [126.760542, 36.679189], [126.759621, 36.679256], [126.756181, 36.679507], [126.756077, 36.679515], [126.755814, 36.679529], [126.752368, 36.679763], [126.75153, 36.679813]]}}, {"type": "Feature", "properties": {"line": "장항선", "from": "삽교", "to": "홍성", "km": 13.107, "down": 1230727, "up": 1214753, "daily": 6700, "density": 6700}, "geometry": {"type": "LineString", "coordinates": [[126.75153, 36.679813], [126.746984, 36.680087], [126.746627, 36.680112], [126.746523, 36.680122], [126.745241, 36.680202], [126.741432, 36.680459], [126.736748, 36.680785], [126.736386, 36.680801], [126.73589, 36.680812], [126.73547, 36.680802], [126.735129, 36.680787], [126.734763, 36.680761], [126.734471, 36.680735], [126.734205, 36.680704], [126.73374, 36.680646], [126.733411, 36.680597], [126.732842, 36.6805], [126.732566, 36.680442], [126.73224, 36.680367], [126.731663, 36.680212], [126.731217, 36.680077], [126.730836, 36.679946], [126.730524, 36.679831], [126.730174, 36.679694], [126.729789, 36.679538], [126.729493, 36.679404], [126.72917, 36.679254], [126.728927, 36.679125], [126.728589, 36.678936], [126.728164, 36.678685], [126.727344, 36.678177], [126.72707, 36.677988], [126.726779, 36.677778], [126.726555, 36.677601], [126.726281, 36.677371], [126.725973, 36.677094], [126.719712, 36.670526], [126.71952, 36.670296], [126.719413, 36.67016], [126.719238, 36.669934], [126.718989, 36.669602], [126.71878, 36.669266], [126.718224, 36.66819], [126.718107, 36.667927], [126.717937, 36.667447], [126.717803, 36.667008], [126.717733, 36.666737], [126.717567, 36.665896], [126.717529, 36.66563], [126.717511, 36.665387], [126.717506, 36.665115], [126.717493, 36.664862], [126.717489, 36.664705], [126.717481, 36.664429], [126.717501, 36.664187], [126.717525, 36.663973], [126.71755, 36.66383], [126.717611, 36.663438], [126.717653, 36.663232], [126.717684, 36.663094], [126.71776, 36.662789], [126.717839, 36.662537], [126.718245, 36.661468], [126.720345, 36.657612], [126.72045, 36.657394], [126.720749, 36.656645], [126.72102, 36.65588], [126.721105, 36.655554], [126.721193, 36.655212], [126.721263, 36.654899], [126.721331, 36.654383], [126.72136, 36.654099], [126.721376, 36.653824], [126.721383, 36.653583], [126.721319, 36.652366], [126.721207, 36.651325], [126.720877, 36.649376], [126.720873, 36.649357], [126.72086, 36.649279], [126.720637, 36.64796], [126.720058, 36.644475], [126.719815, 36.642947], [126.719685, 36.642195], [126.71964, 36.641958], [126.719443, 36.640935], [126.719349, 36.640461], [126.719249, 36.64001], [126.719131, 36.639545], [126.719029, 36.639181], [126.718866, 36.638667], [126.718731, 36.638259], [126.718506, 36.637641], [126.718269, 36.637047], [126.718046, 36.636544], [126.71742, 36.63519], [126.715033, 36.630077], [126.714192, 36.628281], [126.713716, 36.627246], [126.713671, 36.627147], [126.71329, 36.626319], [126.712214, 36.624054], [126.712088, 36.623775], [126.711956, 36.623497], [126.711745, 36.623103], [126.711563, 36.622791], [126.7113, 36.622365], [126.711054, 36.622006], [126.710813, 36.621685], [126.710579, 36.621384], [126.710243, 36.620997], [126.709907, 36.620612], [126.709543, 36.620241], [126.709182, 36.619917], [126.708813, 36.619625], [126.708463, 36.619351], [126.708129, 36.619111], [126.707698, 36.618822], [126.707083, 36.61843], [126.706456, 36.618103], [126.70564, 36.617724], [126.704793, 36.617388], [126.704058, 36.617143], [126.703307, 36.616932], [126.702642, 36.616781], [126.701773, 36.616645], [126.700992, 36.616518], [126.693078, 36.615389], [126.692449, 36.615286], [126.691949, 36.615194], [126.691483, 36.615097], [126.691218, 36.615034], [126.690824, 36.614923], [126.690442, 36.614821], [126.69001, 36.614697], [126.689683, 36.614581], [126.689252, 36.614428], [126.688837, 36.614266], [126.688545, 36.614143], [126.688236, 36.614006], [126.687942, 36.613858], [126.687652, 36.613704], [126.687247, 36.613474], [126.686847, 36.613228], [126.686443, 36.612964], [126.686104, 36.612724], [126.686041, 36.612679], [126.685772, 36.61247], [126.685525, 36.612254], [126.685521, 36.612251], [126.684881, 36.611716], [126.684564, 36.611412], [126.684278, 36.611106], [126.683971, 36.610757], [126.683679, 36.610373], [126.683486, 36.610088], [126.683332, 36.609847], [126.683174, 36.609595], [126.68306, 36.609403], [126.682909, 36.609136], [126.682718, 36.608784], [126.682615, 36.608584], [126.682555, 36.608466], [126.68252, 36.608396], [126.682421, 36.608187], [126.68233, 36.607969], [126.682226, 36.607681], [126.682127, 36.607381], [126.6821, 36.607292], [126.682071, 36.607188], [126.681992, 36.606903], [126.681978, 36.606844], [126.681872, 36.606398], [126.681787, 36.605974], [126.681747, 36.605742], [126.681694, 36.605348], [126.681661, 36.604992], [126.681606, 36.60424], [126.681474, 36.602772], [126.681467, 36.602672], [126.681402, 36.601808], [126.681374, 36.601219], [126.681284, 36.600113], [126.681242, 36.599336]]}}, {"type": "Feature", "properties": {"line": "장항선", "from": "홍성", "to": "광천", "km": 12.704, "down": 886369, "up": 872296, "daily": 4818, "density": 4818, "through": 1}, "geometry": {"type": "LineString", "coordinates": [[126.681242, 36.599336], [126.68118, 36.598186], [126.681068, 36.596968], [126.681016, 36.5962], [126.680976, 36.595687], [126.680967, 36.595584], [126.680939, 36.595252], [126.680896, 36.594756], [126.680843, 36.593865], [126.680806, 36.593537], [126.680693, 36.591785], [126.680644, 36.590811], [126.68053, 36.588903], [126.680514, 36.588622], [126.680481, 36.588214], [126.680423, 36.587114], [126.68039, 36.58675], [126.680347, 36.586306], [126.680306, 36.586004], [126.68026, 36.585726], [126.680202, 36.585429], [126.680129, 36.58513], [126.680011, 36.584635], [126.679942, 36.584374], [126.679803, 36.583945], [126.679649, 36.583484], [126.679485, 36.583], [126.679363, 36.582671], [126.679199, 36.582261], [126.67906, 36.581949], [126.678921, 36.581664], [126.678751, 36.581358], [126.678443, 36.580861], [126.678234, 36.580529], [126.678183, 36.580456], [126.678009, 36.580208], [126.677385, 36.579309], [126.677174, 36.579028], [126.676914, 36.57872], [126.676391, 36.578151], [126.675895, 36.577667], [126.675182, 36.57701], [126.674723, 36.57661], [126.674508, 36.576434], [126.674292, 36.576258], [126.673885, 36.575952], [126.673526, 36.575694], [126.670514, 36.573525], [126.67028, 36.573355], [126.667781, 36.571649], [126.667554, 36.571489], [126.665644, 36.570162], [126.662478, 36.567924], [126.661545, 36.567265], [126.659118, 36.565588], [126.65851, 36.565111], [126.657296, 36.564276], [126.655174, 36.562868], [126.654289, 36.562174], [126.65369, 36.561584], [126.653395, 36.561105], [126.652306, 36.559282], [126.651544, 36.558016], [126.65119, 36.557231], [126.650922, 36.556667], [126.650525, 36.555951], [126.649972, 36.555025], [126.649572, 36.554443], [126.648953, 36.553745], [126.648363, 36.553194], [126.647676, 36.552577], [126.647194, 36.551987], [126.646995, 36.551733], [126.646724, 36.55139], [126.645619, 36.550098], [126.645162, 36.549657], [126.6443, 36.548942], [126.643783, 36.548377], [126.643475, 36.547843], [126.643068, 36.546843], [126.64276, 36.546377], [126.640603, 36.544051], [126.640295, 36.543457], [126.639149, 36.541219], [126.638459, 36.540298], [126.635291, 36.536783], [126.634897, 36.536199], [126.6347, 36.535604], [126.633983, 36.532817], [126.633691, 36.532161], [126.633233, 36.531416], [126.631114, 36.529712], [126.630584, 36.529049], [126.630214, 36.528365], [126.629795, 36.52685], [126.629413, 36.526177], [126.628895, 36.525494], [126.625708, 36.522763], [126.625013, 36.521938], [126.624557, 36.521195], [126.624212, 36.520274], [126.623966, 36.519393], [126.623547, 36.517867], [126.623212, 36.514543], [126.623103, 36.513842], [126.622849, 36.513214], [126.622412, 36.512601], [126.622091, 36.512229], [126.62105, 36.511024], [126.620795, 36.510527], [126.620577, 36.509929], [126.620487, 36.509403], [126.620596, 36.506248], [126.620686, 36.50581], [126.62085, 36.505299], [126.621485, 36.503786], [126.622344, 36.501741]]}}, {"type": "Feature", "properties": {"line": "장항선", "from": "광천", "to": "청소", "km": 7.908, "down": 787367, "up": 771169, "daily": 4270, "density": 4270, "through": 1}, "geometry": {"type": "LineString", "coordinates": [[126.622344, 36.501741], [126.623161, 36.499795], [126.62382, 36.498224], [126.62383, 36.498201], [126.623954, 36.497602], [126.623958, 36.497318], [126.62396, 36.497206], [126.623963, 36.497015], [126.62394, 36.49676], [126.623884, 36.496215], [126.623593, 36.495499], [126.621795, 36.492651], [126.621613, 36.492183], [126.621504, 36.491701], [126.621522, 36.489525], [126.621449, 36.488955], [126.621231, 36.488473], [126.619885, 36.487104], [126.619771, 36.486996], [126.619634, 36.486863], [126.619459, 36.486668], [126.619337, 36.486507], [126.619213, 36.486311], [126.619148, 36.486176], [126.619042, 36.485915], [126.618993, 36.485752], [126.61897, 36.485631], [126.618938, 36.485454], [126.618931, 36.485287], [126.618933, 36.485138], [126.618938, 36.48507], [126.618944, 36.485015], [126.619051, 36.484514], [126.619306, 36.483974], [126.620376, 36.482343], [126.620868, 36.481593], [126.621104, 36.480964], [126.621213, 36.480322], [126.621211, 36.479702], [126.62107, 36.479033], [126.620792, 36.4783], [126.620034, 36.476913], [126.619868, 36.476451], [126.619651, 36.475749], [126.617824, 36.470131], [126.617549, 36.468791], [126.617615, 36.467414], [126.617642, 36.466714], [126.617788, 36.462896], [126.617631, 36.461737], [126.617353, 36.460946], [126.613688, 36.455157], [126.61341, 36.454825], [126.613124, 36.454528], [126.612425, 36.454003], [126.612234, 36.453892], [126.612137, 36.453843], [126.611516, 36.453578], [126.61121, 36.453483], [126.610824, 36.453375], [126.607455, 36.452517], [126.606678, 36.452306], [126.606207, 36.452187], [126.605334, 36.451982], [126.599803, 36.450604], [126.597953, 36.450289], [126.595085, 36.449807], [126.594678, 36.449698], [126.594479, 36.449624], [126.594332, 36.44958], [126.594119, 36.449488], [126.593768, 36.449329], [126.59338, 36.449108], [126.592877, 36.448749], [126.59286, 36.448736], [126.592714, 36.448616], [126.592506, 36.448397], [126.592324, 36.448138], [126.592161, 36.447892], [126.591937, 36.447477], [126.591016, 36.445602]]}}, {"type": "Feature", "properties": {"line": "장항선", "from": "청소", "to": "대천", "km": 12.501, "down": 782483, "up": 766072, "daily": 4243, "density": 4243, "through": 1}, "geometry": {"type": "LineString", "coordinates": [[126.591016, 36.445602], [126.590501, 36.444553], [126.589851, 36.443206], [126.58949, 36.442378], [126.589191, 36.441784], [126.589142, 36.441642], [126.58837, 36.439911], [126.588027, 36.439435], [126.587976, 36.439365], [126.587783, 36.439096], [126.586231, 36.437338], [126.584084, 36.434922], [126.580735, 36.432062], [126.580415, 36.43173], [126.580162, 36.431395], [126.579809, 36.430592], [126.579688, 36.429739], [126.579754, 36.426823], [126.579463, 36.425892], [126.577765, 36.422384], [126.576605, 36.419988], [126.575248, 36.417738], [126.57436, 36.416341], [126.571666, 36.411453], [126.57122, 36.410688], [126.569378, 36.407527], [126.568786, 36.406446], [126.567691, 36.404565], [126.566897, 36.403115], [126.566232, 36.401733], [126.565674, 36.400351], [126.565242, 36.399003], [126.565041, 36.398286], [126.564874, 36.397569], [126.56476, 36.396965], [126.564666, 36.396293], [126.564595, 36.395582], [126.564523, 36.394832], [126.564482, 36.394001], [126.564482, 36.393289], [126.56449, 36.392609], [126.564524, 36.391707], [126.56456, 36.391222], [126.564654, 36.390387], [126.56479, 36.389514], [126.565233, 36.387465], [126.565814, 36.385183], [126.565912, 36.384886], [126.566208, 36.38417], [126.566758, 36.382198], [126.566861, 36.381872], [126.568122, 36.378693], [126.569055, 36.376444], [126.569391, 36.375661], [126.571656, 36.369816], [126.572627, 36.36741], [126.574998, 36.361608], [126.577264, 36.355884], [126.577624, 36.354828], [126.578539, 36.353187], [126.579867, 36.351241], [126.582144, 36.347746], [126.582946, 36.346604], [126.584101, 36.34495], [126.584412, 36.344571], [126.586421, 36.341721]]}}, {"type": "Feature", "properties": {"line": "장항선", "from": "대천", "to": "웅천", "km": 12.148, "down": 492238, "up": 479468, "daily": 2662, "density": 2662, "through": 1}, "geometry": {"type": "LineString", "coordinates": [[126.586421, 36.341721], [126.588908, 36.338192], [126.589264, 36.337678], [126.590255, 36.336238], [126.590805, 36.335416], [126.591159, 36.334811], [126.591438, 36.334296], [126.591629, 36.333818], [126.591722, 36.333539], [126.591827, 36.333138], [126.59196, 36.33244], [126.592046, 36.332082], [126.592169, 36.331199], [126.592053, 36.326974], [126.592024, 36.325589], [126.592102, 36.324704], [126.592385, 36.32343], [126.592595, 36.322657], [126.593343, 36.320161], [126.593389, 36.320029], [126.593524, 36.319614], [126.593686, 36.318889], [126.593884, 36.318256], [126.594061, 36.317793], [126.594233, 36.317198], [126.594736, 36.315583], [126.595692, 36.312517], [126.595838, 36.311999], [126.596121, 36.311175], [126.596336, 36.310653], [126.596606, 36.309863], [126.59668, 36.30958], [126.597067, 36.308102], [126.597414, 36.306774], [126.597504, 36.306469], [126.597544, 36.306332], [126.597709, 36.30574], [126.597965, 36.304882], [126.598357, 36.302931], [126.598593, 36.301139], [126.598664, 36.300081], [126.598614, 36.299598], [126.59857, 36.299132], [126.598576, 36.298832], [126.598592, 36.296642], [126.598481, 36.295316], [126.598433, 36.294595], [126.5983, 36.293636], [126.598219, 36.29303], [126.597796, 36.29033], [126.597598, 36.287805], [126.597591, 36.286424], [126.597609, 36.284305], [126.597588, 36.2827], [126.597561, 36.280833], [126.597588, 36.279502], [126.597582, 36.278351], [126.597562, 36.275621], [126.597395, 36.272905], [126.597233, 36.270339], [126.596941, 36.268054], [126.596469, 36.264761], [126.596388, 36.261524], [126.596319, 36.259459], [126.596661, 36.257194], [126.596873, 36.256041], [126.597929, 36.252512], [126.598673, 36.250432], [126.598958, 36.249726], [126.599176, 36.248876], [126.599253, 36.24863], [126.599368, 36.248337], [126.599908, 36.246966], [126.600329, 36.246074], [126.600743, 36.245267], [126.600828, 36.245121], [126.601389, 36.244125], [126.602323, 36.242597], [126.603269, 36.241158], [126.604231, 36.23977], [126.604671, 36.23903], [126.604798, 36.238846], [126.605318, 36.238083], [126.605869, 36.237213], [126.606202, 36.236691], [126.606721, 36.23592]]}}, {"type": "Feature", "properties": {"line": "장항선", "from": "웅천", "to": "판교", "km": 11.248, "down": 451493, "up": 440055, "daily": 2443, "density": 2443}, "geometry": {"type": "LineString", "coordinates": [[126.606721, 36.23592], [126.607012, 36.235488], [126.607471, 36.234792], [126.607574, 36.234636], [126.607891, 36.234146], [126.608255, 36.23363], [126.608491, 36.23328], [126.609385, 36.23196], [126.609949, 36.231083], [126.616937, 36.220946], [126.617037, 36.220799], [126.617409, 36.22028], [126.619967, 36.216835], [126.621576, 36.214674], [126.624549, 36.210819], [126.626343, 36.208466], [126.626962, 36.207656], [126.627382, 36.207159], [126.628869, 36.20552], [126.630351, 36.204137], [126.631511, 36.203115], [126.631706, 36.202944], [126.632729, 36.202128], [126.634951, 36.200531], [126.637282, 36.198805], [126.639381, 36.197434], [126.641831, 36.195654], [126.643618, 36.19439], [126.64564, 36.192919], [126.645777, 36.19282], [126.650646, 36.189639], [126.652119, 36.188484], [126.661806, 36.180885], [126.666066, 36.177535], [126.66913, 36.174503], [126.671446, 36.171599], [126.673464, 36.168334], [126.677022, 36.161449], [126.67751, 36.160467], [126.678013, 36.159454], [126.678927, 36.157722], [126.680032, 36.155624]]}}, {"type": "Feature", "properties": {"line": "장항선", "from": "판교", "to": "서천", "km": 8.662, "down": 437168, "up": 426760, "daily": 2367, "density": 2367}, "geometry": {"type": "LineString", "coordinates": [[126.680032, 36.155624], [126.680729, 36.154301], [126.681087, 36.153566], [126.681164, 36.153337], [126.681305, 36.152874], [126.681526, 36.152378], [126.682115, 36.151261], [126.683569, 36.148224], [126.684228, 36.146993], [126.685598, 36.14435], [126.686927, 36.141456], [126.688382, 36.138413], [126.689723, 36.135514], [126.690248, 36.134262], [126.690617, 36.132983], [126.691201, 36.130792], [126.691254, 36.130591], [126.692767, 36.122065], [126.69332, 36.119404], [126.694136, 36.114573], [126.694408, 36.113362], [126.694631, 36.112512], [126.694876, 36.111784], [126.695299, 36.110781], [126.695501, 36.11038], [126.69594, 36.109543], [126.696731, 36.108125], [126.703022, 36.099844], [126.704977, 36.097217], [126.706139, 36.095678], [126.706729, 36.094115], [126.707296, 36.091972], [126.707673, 36.08853], [126.707794, 36.087501], [126.707825, 36.087307], [126.707902, 36.086671], [126.707958, 36.086212], [126.708179, 36.08485], [126.708324, 36.083415], [126.708465, 36.082195]]}}, {"type": "Feature", "properties": {"line": "장항선", "from": "서천", "to": "장항", "km": 4.743, "down": 363959, "up": 356898, "daily": 1975, "density": 1975}, "geometry": {"type": "LineString", "coordinates": [[126.708465, 36.082195], [126.708534, 36.081592], [126.708654, 36.08058], [126.70872, 36.080129], [126.708791, 36.079648], [126.708938, 36.078651], [126.709086, 36.077905], [126.709364, 36.075649], [126.709723, 36.072785], [126.709953, 36.071432], [126.710173, 36.069686], [126.710422, 36.068244], [126.710922, 36.066449], [126.711315, 36.064861], [126.711904, 36.063001], [126.713429, 36.057323], [126.713519, 36.056876], [126.713604, 36.056281], [126.71369, 36.055309], [126.713726, 36.05378], [126.713684, 36.0525], [126.713586, 36.050051], [126.713644, 36.048333], [126.714008, 36.046286], [126.714123, 36.045713], [126.714193, 36.045417], [126.714352, 36.044783], [126.714458, 36.04437], [126.714728, 36.043202], [126.715018, 36.041836], [126.715145, 36.04125], [126.715407, 36.040034]]}}, {"type": "Feature", "properties": {"line": "장항선", "from": "장항", "to": "군산", "km": 6.931, "down": 332721, "up": 325876, "daily": 1804, "density": 1804}, "geometry": {"type": "LineString", "coordinates": [[126.715407, 36.040034], [126.716176, 36.036463], [126.716414, 36.035399], [126.716641, 36.034379], [126.716758, 36.033857], [126.716774, 36.033787], [126.717133, 36.032302], [126.717144, 36.032262], [126.717186, 36.032097], [126.717874, 36.029175], [126.718168, 36.028058], [126.71834, 36.027433], [126.718554, 36.026852], [126.718823, 36.026392], [126.719141, 36.025926], [126.719591, 36.025388], [126.720042, 36.024972], [126.720611, 36.024555], [126.721557, 36.024013], [126.72204, 36.023804], [126.722673, 36.023604], [126.72318, 36.023495], [126.723923, 36.023385], [126.725313, 36.023149], [126.727238, 36.023002], [126.728427, 36.022903], [126.729752, 36.022751], [126.730793, 36.02255], [126.732127, 36.022255], [126.733053, 36.021992], [126.734077, 36.021673], [126.73711, 36.020503], [126.739937, 36.019407], [126.756499, 36.012982], [126.756941, 36.012769], [126.757876, 36.012108], [126.758632, 36.011238], [126.758814, 36.010991], [126.759083, 36.010571], [126.759255, 36.010252], [126.759349, 36.01005], [126.759406, 36.009889], [126.759492, 36.00956], [126.759654, 36.008592], [126.759919, 36.005457], [126.759968, 36.004576], [126.760047, 36.003159], [126.760071, 36.002725], [126.76032, 35.999362]]}}, {"type": "Feature", "properties": {"line": "장항선", "from": "군산", "to": "대야", "km": 9.84, "down": 217789, "up": 228595, "daily": 1223, "density": 1223}, "geometry": {"type": "LineString", "coordinates": [[126.76032, 35.999362], [126.760616, 35.995354], [126.760701, 35.994213], [126.760852, 35.992198], [126.760869, 35.991982], [126.760886, 35.991668], [126.76101, 35.98978], [126.761021, 35.989664], [126.761108, 35.988359], [126.761284, 35.987493], [126.761523, 35.986672], [126.761816, 35.986075], [126.762218, 35.985523], [126.762761, 35.984943], [126.76386, 35.983838], [126.765083, 35.982606], [126.765694, 35.981978], [126.766262, 35.98136], [126.767842, 35.979693], [126.768746, 35.978829], [126.773028, 35.974599], [126.773717, 35.973903], [126.774367, 35.973209], [126.774711, 35.972766], [126.775103, 35.972268], [126.775417, 35.971785], [126.77777, 35.968393], [126.782, 35.962046], [126.782536, 35.961258], [126.783554, 35.959775], [126.784566, 35.958446], [126.786978, 35.9561], [126.789415, 35.953867], [126.792103, 35.951347], [126.79234, 35.951143], [126.794183, 35.949472], [126.794875, 35.948853], [126.798175, 35.945836], [126.798637, 35.94543], [126.799726, 35.944539], [126.800303, 35.943996], [126.80203, 35.942433], [126.80274, 35.941778], [126.803111, 35.941465], [126.803777, 35.940889], [126.803968, 35.940744], [126.804069, 35.940667], [126.804294, 35.940497], [126.805078, 35.940056], [126.805119, 35.940035], [126.805323, 35.939939], [126.806163, 35.939592], [126.806834, 35.939411], [126.807393, 35.93931], [126.807978, 35.939246], [126.808479, 35.939233], [126.808928, 35.939241], [126.809229, 35.93927], [126.80969, 35.939325], [126.810399, 35.939443], [126.810702, 35.939516], [126.811457, 35.939793], [126.81234, 35.940121], [126.812731, 35.940276], [126.813984, 35.940789], [126.815228, 35.94131], [126.816947, 35.941992], [126.81735, 35.942154], [126.81793, 35.94238], [126.818268, 35.942512], [126.818949, 35.942819], [126.819992, 35.943225], [126.821133, 35.943681], [126.821269, 35.943742], [126.822424, 35.944207], [126.822779, 35.944351], [126.824244, 35.944948]]}}, {"type": "Feature", "properties": {"line": "장항선", "from": "대야", "to": "익산", "km": 11.757, "down": 216245, "up": 227062, "daily": 1215, "density": 1215}, "geometry": {"type": "LineString", "coordinates": [[126.824244, 35.944948], [126.824439, 35.945027], [126.825391, 35.945423], [126.825757, 35.945571], [126.827075, 35.946084], [126.828119, 35.946514], [126.828466, 35.946644], [126.829358, 35.947023], [126.830135, 35.947322], [126.830556, 35.947502], [126.831132, 35.947704], [126.832601, 35.94825], [126.833402, 35.948479], [126.834065, 35.948676], [126.834892, 35.948901], [126.835476, 35.949038], [126.836322, 35.949236], [126.83756, 35.949521], [126.83883, 35.949776], [126.840017, 35.949989], [126.840498, 35.95007], [126.84135, 35.950173], [126.841713, 35.950224], [126.843002, 35.950383], [126.84411, 35.95052], [126.845516, 35.950707], [126.846561, 35.950834], [126.847364, 35.95091], [126.847977, 35.95096], [126.848543, 35.950997], [126.848939, 35.951013], [126.84932, 35.951024], [126.850036, 35.951083], [126.852424, 35.951315], [126.852719, 35.951316], [126.85317, 35.951323], [126.854416, 35.951295], [126.855222, 35.951226], [126.855731, 35.951206], [126.856791, 35.951098], [126.857347, 35.951036], [126.857682, 35.950979], [126.858187, 35.950904], [126.859142, 35.950731], [126.860219, 35.950529], [126.861164, 35.950324], [126.86175, 35.950179], [126.862177, 35.950061], [126.862579, 35.94994], [126.863778, 35.949563], [126.864976, 35.949188], [126.865405, 35.949048], [126.868862, 35.94802], [126.869369, 35.947857], [126.873006, 35.946638], [126.874736, 35.946115], [126.877585, 35.945219], [126.878371, 35.944957], [126.878561, 35.944888], [126.878916, 35.944771], [126.881636, 35.943948], [126.888532, 35.941762], [126.89206, 35.940644], [126.894058, 35.94002], [126.897386, 35.938962], [126.901681, 35.937638], [126.903092, 35.937287], [126.904515, 35.936954], [126.905049, 35.936838], [126.905248, 35.936804], [126.908362, 35.936272], [126.908609, 35.936231], [126.909074, 35.936161], [126.910858, 35.935892], [126.911751, 35.935708], [126.918274, 35.934724], [126.920126, 35.934401], [126.921215, 35.93421], [126.922579, 35.933973], [126.923394, 35.93381], [126.92358, 35.933782], [126.924346, 35.933715], [126.925279, 35.933646], [126.925881, 35.933574], [126.926598, 35.93354], [126.927145, 35.933535], [126.927914, 35.933553], [126.928991, 35.933647], [126.929351, 35.933695], [126.930044, 35.933825], [126.930821, 35.933988], [126.932156, 35.934357], [126.933832, 35.934817], [126.934954, 35.935007], [126.935717, 35.935127], [126.936431, 35.935187], [126.937203, 35.935255], [126.937937, 35.935288], [126.939381, 35.93532], [126.939885, 35.935328], [126.940132, 35.935329], [126.940348, 35.935337], [126.940558, 35.935353], [126.940633, 35.935361], [126.941025, 35.935413], [126.9413, 35.935468], [126.941583, 35.935529], [126.941818, 35.935594], [126.94207, 35.935682], [126.94234, 35.935781], [126.942481, 35.935847], [126.942586, 35.935902], [126.942663, 35.935947], [126.942766, 35.936007], [126.942894, 35.936087], [126.943133, 35.93627], [126.943332, 35.936412], [126.943509, 35.936555], [126.943634, 35.936673], [126.943798, 35.936829], [126.943932, 35.93697], [126.944112, 35.937187], [126.944212, 35.937326], [126.944296, 35.937477], [126.944389, 35.937645], [126.944463, 35.937811], [126.944547, 35.938], [126.944645, 35.938258], [126.944754, 35.938671], [126.944822, 35.938864], [126.944902, 35.939105], [126.944971, 35.939331], [126.945064, 35.939648], [126.945102, 35.93979], [126.945115, 35.939845], [126.945121, 35.939871], [126.945185, 35.940342], [126.945226, 35.940562], [126.945296, 35.940831]]}}, {"type": "Feature", "properties": {"line": "전라선", "from": "익산", "to": "삼례", "km": 13.289, "down": 3933302, "up": 3965579, "daily": 21641, "density": 21641, "through": 1}, "geometry": {"type": "LineString", "coordinates": [[126.944677, 35.938199], [126.944548, 35.937893], [126.944439, 35.937599], [126.944302, 35.937242], [126.943968, 35.936357], [126.943605, 35.935462], [126.943175, 35.934388], [126.942933, 35.933673], [126.942808, 35.933175], [126.942788, 35.932606], [126.942825, 35.931975], [126.942984, 35.93132], [126.943264, 35.930659], [126.943796, 35.929864], [126.944392, 35.929279], [126.944802, 35.928947], [126.9454, 35.928525], [126.951308, 35.92452], [126.951952, 35.924093], [126.952108, 35.923989], [126.952799, 35.923517], [126.953505, 35.923035], [126.954044, 35.922669], [126.954116, 35.922617], [126.954591, 35.92229], [126.957064, 35.920618], [126.95811, 35.919911], [126.958539, 35.919621], [126.95892, 35.919357], [126.959993, 35.918622], [126.96001, 35.91861], [126.960321, 35.918403], [126.960884, 35.918021], [126.961534, 35.917583], [126.961664, 35.917493], [126.961945, 35.917297], [126.962243, 35.917094], [126.962365, 35.917011], [126.962758, 35.916742], [126.963881, 35.915986], [126.965199, 35.91509], [126.965586, 35.914833], [126.965964, 35.914567], [126.966344, 35.914338], [126.967493, 35.91367], [126.968141, 35.913344], [126.968862, 35.912981], [126.96941, 35.912743], [126.984524, 35.906321], [126.988327, 35.904685], [126.989632, 35.904152], [126.990204, 35.90395], [126.990675, 35.903804], [126.991213, 35.903655], [126.991637, 35.903551], [126.992185, 35.903435], [126.992814, 35.903326], [126.993533, 35.903234], [126.994129, 35.903181], [126.994794, 35.903149], [126.995293, 35.903144], [126.995725, 35.903151], [126.996307, 35.903174], [126.997077, 35.903231], [126.998907, 35.903426], [127.004059, 35.903974], [127.00523, 35.904094], [127.008112, 35.904414], [127.017779, 35.905425], [127.021689, 35.905833], [127.0295, 35.906655], [127.031002, 35.906816], [127.03241, 35.906965], [127.035972, 35.907345], [127.04522, 35.908323], [127.04805, 35.908625], [127.054609, 35.909246], [127.055918, 35.909367], [127.056964, 35.909458], [127.057879, 35.909535], [127.058453, 35.909581], [127.058749, 35.909592], [127.059079, 35.909592], [127.059422, 35.909577], [127.059715, 35.909548], [127.060091, 35.90949], [127.060363, 35.909429], [127.060719, 35.909332], [127.061013, 35.909226], [127.061328, 35.909092], [127.061575, 35.908967], [127.061764, 35.908857], [127.061954, 35.908732], [127.062154, 35.908583], [127.062437, 35.908345], [127.062645, 35.908148], [127.062832, 35.907957], [127.063072, 35.907674], [127.063275, 35.90741], [127.063488, 35.90713], [127.064037, 35.906388], [127.064136, 35.90625], [127.064937, 35.90514], [127.065358, 35.904561], [127.065867, 35.903873]]}}, {"type": "Feature", "properties": {"line": "전라선", "from": "삼례", "to": "전주", "km": 11.98, "down": 3920183, "up": 3950862, "daily": 21565, "density": 21565}, "geometry": {"type": "LineString", "coordinates": [[127.065867, 35.903873], [127.065894, 35.903836], [127.066304, 35.903274], [127.066372, 35.903189], [127.067135, 35.902156], [127.067861, 35.901193], [127.068024, 35.900973], [127.068614, 35.900169], [127.06907, 35.899531], [127.069306, 35.899189], [127.070458, 35.897529], [127.070899, 35.896882], [127.071053, 35.896645], [127.07115, 35.896477], [127.071287, 35.896238], [127.071415, 35.896004], [127.071472, 35.895898], [127.071546, 35.895761], [127.071688, 35.895489], [127.07188, 35.895099], [127.072045, 35.894729], [127.072154, 35.894445], [127.072268, 35.894126], [127.072347, 35.893889], [127.072459, 35.893556], [127.072531, 35.89331], [127.072588, 35.893099], [127.072648, 35.892858], [127.072726, 35.89247], [127.072823, 35.891945], [127.07289, 35.891445], [127.072922, 35.891136], [127.072946, 35.890928], [127.073009, 35.889987], [127.073021, 35.889729], [127.073038, 35.889374], [127.073057, 35.889026], [127.073113, 35.88826], [127.073138, 35.88787], [127.073155, 35.88763], [127.07317, 35.887489], [127.073195, 35.887281], [127.073233, 35.886974], [127.073264, 35.886777], [127.073298, 35.886611], [127.073324, 35.886486], [127.073389, 35.886221], [127.073457, 35.885966], [127.073515, 35.885767], [127.073595, 35.885508], [127.073669, 35.885292], [127.073798, 35.884965], [127.074021, 35.884459], [127.074187, 35.884126], [127.074309, 35.883893], [127.074451, 35.883647], [127.074633, 35.88335], [127.074799, 35.88309], [127.074985, 35.882819], [127.075194, 35.882534], [127.075634, 35.882009], [127.075859, 35.881761], [127.076144, 35.881464], [127.07654, 35.881088], [127.076903, 35.880772], [127.077187, 35.880536], [127.077541, 35.880264], [127.077785, 35.880086], [127.078045, 35.879905], [127.0783, 35.879736], [127.07866, 35.879513], [127.079024, 35.879307], [127.079403, 35.879109], [127.079863, 35.878879], [127.080203, 35.878727], [127.080564, 35.878573], [127.083011, 35.87763], [127.084212, 35.877158], [127.084684, 35.876951], [127.085554, 35.876599], [127.087516, 35.875811], [127.09008, 35.874767], [127.092632, 35.873689], [127.093416, 35.873357], [127.093703, 35.873245], [127.096154, 35.872252], [127.097024, 35.871911], [127.097363, 35.871789], [127.097731, 35.871659], [127.097874, 35.871611], [127.098126, 35.871524], [127.09839, 35.871443], [127.098455, 35.871425], [127.09879, 35.871327], [127.09912, 35.871238], [127.099498, 35.871147], [127.099888, 35.871063], [127.100236, 35.870994], [127.100593, 35.870926], [127.100636, 35.87092], [127.100929, 35.870875], [127.101224, 35.870834], [127.101369, 35.870817], [127.101765, 35.870769], [127.102323, 35.870721], [127.102664, 35.8707], [127.103012, 35.870685], [127.103534, 35.870666], [127.104007, 35.870657], [127.104515, 35.870649], [127.105695, 35.870634], [127.107746, 35.870612], [127.108284, 35.870604], [127.110248, 35.870585], [127.110596, 35.870583], [127.115319, 35.870545], [127.117755, 35.87051], [127.121037, 35.870479], [127.121666, 35.870479], [127.12364, 35.870459], [127.124465, 35.870446], [127.124981, 35.870432], [127.125443, 35.870415], [127.125956, 35.870399], [127.126345, 35.87038], [127.126864, 35.870356], [127.127276, 35.870337], [127.127805, 35.87031], [127.130999, 35.870168], [127.133146, 35.870065], [127.134008, 35.870039], [127.134515, 35.870024], [127.134959, 35.870014], [127.135457, 35.87001], [127.136188, 35.870007], [127.13711, 35.870009], [127.140582, 35.870023], [127.141104, 35.870023], [127.141664, 35.870018], [127.142043, 35.870006], [127.142507, 35.869982], [127.143035, 35.869936], [127.143441, 35.869885], [127.143853, 35.869823], [127.144274, 35.869746], [127.144731, 35.869656], [127.145082, 35.869569], [127.145381, 35.869486], [127.145754, 35.869367], [127.146035, 35.869274], [127.14632, 35.869171], [127.146577, 35.869063], [127.146956, 35.868914], [127.147401, 35.868713], [127.147665, 35.868583], [127.147984, 35.868409], [127.148299, 35.868224], [127.148729, 35.867956], [127.149003, 35.867765], [127.149298, 35.867548], [127.149498, 35.867391], [127.149686, 35.867231], [127.149852, 35.867079], [127.150043, 35.866888], [127.150291, 35.866615], [127.15056, 35.86632], [127.150598, 35.866275], [127.150721, 35.866131], [127.150824, 35.86601], [127.15099, 35.865805], [127.151287, 35.865434], [127.151671, 35.864933], [127.152043, 35.864429], [127.153074, 35.862949], [127.154789, 35.86049], [127.156173, 35.85854], [127.157071, 35.857292], [127.157272, 35.857024], [127.157847, 35.856197], [127.158204, 35.85569], [127.158562, 35.855182], [127.158976, 35.854594], [127.159052, 35.854489], [127.159785, 35.853522], [127.160266, 35.852829], [127.160483, 35.852515], [127.160907, 35.851931], [127.161376, 35.851295], [127.162292, 35.850019]]}}, {"type": "Feature", "properties": {"line": "전라선", "from": "전주", "to": "임실", "km": 27.266, "down": 2914479, "up": 2939498, "daily": 16038, "density": 16038}, "geometry": {"type": "LineString", "coordinates": [[127.162292, 35.850019], [127.162307, 35.849998], [127.163746, 35.847979], [127.164376, 35.847077], [127.164665, 35.846671], [127.164853, 35.846415], [127.165002, 35.846203], [127.165759, 35.845094], [127.166522, 35.844026], [127.166941, 35.84343], [127.167195, 35.843082], [127.167692, 35.842431], [127.167872, 35.842207], [127.168025, 35.842021], [127.168402, 35.841579], [127.168894, 35.841019], [127.169036, 35.840857], [127.169292, 35.840583], [127.169678, 35.840172], [127.17084, 35.838939], [127.171372, 35.838358], [127.171593, 35.83811], [127.171841, 35.837817], [127.172101, 35.837493], [127.172275, 35.837257], [127.172463, 35.836995], [127.172659, 35.836714], [127.172849, 35.836423], [127.172998, 35.836191], [127.17313, 35.835979], [127.173254, 35.835769], [127.173391, 35.835516], [127.173501, 35.835303], [127.174622, 35.833187], [127.174893, 35.832641], [127.175072, 35.8323], [127.175542, 35.831415], [127.175736, 35.831051], [127.178361, 35.826112], [127.179337, 35.824302], [127.180214, 35.822702], [127.180915, 35.821434], [127.181288, 35.820774], [127.181457, 35.820433], [127.181758, 35.819779], [127.18208, 35.8191], [127.182334, 35.818581], [127.182871, 35.817538], [127.183452, 35.81655], [127.183961, 35.815755], [127.1852, 35.813654], [127.191302, 35.803445], [127.191947, 35.802306], [127.192518, 35.801306], [127.192757, 35.800779], [127.194566, 35.797516], [127.195461, 35.796009], [127.19643, 35.794231], [127.197873, 35.791417], [127.199098, 35.788497], [127.199957, 35.786634], [127.200169, 35.786122], [127.200524, 35.785347], [127.202614, 35.780999], [127.202808, 35.780566], [127.202906, 35.780352], [127.203788, 35.77841], [127.203896, 35.778172], [127.204349, 35.777205], [127.204723, 35.776424], [127.20516, 35.775618], [127.205836, 35.774645], [127.206375, 35.773961], [127.208015, 35.771771], [127.209126, 35.770268], [127.210339, 35.768668], [127.210563, 35.768382], [127.210808, 35.768096], [127.211025, 35.767875], [127.211264, 35.76766], [127.211562, 35.767418], [127.211882, 35.76719], [127.212177, 35.767006], [127.213769, 35.766084], [127.214465, 35.765647], [127.214777, 35.765434], [127.215068, 35.765202], [127.21532, 35.764993], [127.215557, 35.76478], [127.215808, 35.764539], [127.215993, 35.764351], [127.216227, 35.764072], [127.216409, 35.763843], [127.216565, 35.763629], [127.216721, 35.7634], [127.216897, 35.763104], [127.217056, 35.762807], [127.217165, 35.762586], [127.217275, 35.762327], [127.217373, 35.762057], [127.217463, 35.761773], [127.217558, 35.761435], [127.217625, 35.761117], [127.217682, 35.760784], [127.217961, 35.758466], [127.218123, 35.757247], [127.218205, 35.756753], [127.21827, 35.756374], [127.218355, 35.755949], [127.218491, 35.755365], [127.218596, 35.754928], [127.218732, 35.754434], [127.218913, 35.753823], [127.219054, 35.753379], [127.219281, 35.75275], [127.219702, 35.75164], [127.220353, 35.750002], [127.22039, 35.74991], [127.220511, 35.749614], [127.221137, 35.748074], [127.221192, 35.74793], [127.222745, 35.743947], [127.223067, 35.743143], [127.2233, 35.742579], [127.223468, 35.742186], [127.223597, 35.7419], [127.223801, 35.74149], [127.224029, 35.741052], [127.224289, 35.740565], [127.224589, 35.740025], [127.224836, 35.739626], [127.225099, 35.739225], [127.225389, 35.738771], [127.225627, 35.738415], [127.226437, 35.737256], [127.226537, 35.737086], [127.227034, 35.736249], [127.2273, 35.735829], [127.227781, 35.735026], [127.228295, 35.734155], [127.228799, 35.73329], [127.229129, 35.732724], [127.229472, 35.732076], [127.229597, 35.731897], [127.231166, 35.729263], [127.231802, 35.728189], [127.232371, 35.727262], [127.233888, 35.7247], [127.234092, 35.724357], [127.234312, 35.723967], [127.235007, 35.722764], [127.235513, 35.721969], [127.2662, 35.67584], [127.266352, 35.675602], [127.26649, 35.67537], [127.266622, 35.675115], [127.266755, 35.674837], [127.266884, 35.674521], [127.26699, 35.674209], [127.267162, 35.673614], [127.267262, 35.673285], [127.267428, 35.672826], [127.267739, 35.672022], [127.267879, 35.671709], [127.267913, 35.671649], [127.267978, 35.671534], [127.268113, 35.671293], [127.26831, 35.670955], [127.268576, 35.67055], [127.268834, 35.670217], [127.269119, 35.669865], [127.269744, 35.669186], [127.270321, 35.668628], [127.27089, 35.668074], [127.272175, 35.666823], [127.273769, 35.665268], [127.277796, 35.661338], [127.277966, 35.661172], [127.279183, 35.659984], [127.280484, 35.658773], [127.280848, 35.658386], [127.281246, 35.657864], [127.281661, 35.657235], [127.28198, 35.656695], [127.282203, 35.656286], [127.282374, 35.655953], [127.282714, 35.655126], [127.282827, 35.654701], [127.28293, 35.654193], [127.282987, 35.653712], [127.282975, 35.653278], [127.282982, 35.653113], [127.282922, 35.652459], [127.28284, 35.651608], [127.282824, 35.651359], [127.282187, 35.647374], [127.282063, 35.64651], [127.281787, 35.644845], [127.281623, 35.643792], [127.281598, 35.643451], [127.281556, 35.643218], [127.281514, 35.642662], [127.281518, 35.642481], [127.281536, 35.642038], [127.281578, 35.641703], [127.281691, 35.641233], [127.281762, 35.640908], [127.281877, 35.640571], [127.281989, 35.640248], [127.282162, 35.639739], [127.282288, 35.639476], [127.282836, 35.638556], [127.28307, 35.638187], [127.283208, 35.637992], [127.283466, 35.637675], [127.283743, 35.637355], [127.284048, 35.637047], [127.284391, 35.636736], [127.284814, 35.63639], [127.285246, 35.63607], [127.285637, 35.635804], [127.286174, 35.635474], [127.287081, 35.634938], [127.287311, 35.634809], [127.288142, 35.634344], [127.288325, 35.634242], [127.288766, 35.633992], [127.290196, 35.633181]]}}, {"type": "Feature", "properties": {"line": "전라선", "from": "임실", "to": "오수", "km": 10.782, "down": 2888477, "up": 2911325, "daily": 15890, "density": 15890}, "geometry": {"type": "LineString", "coordinates": [[127.290196, 35.633181], [127.291442, 35.632475], [127.292343, 35.631965], [127.294121, 35.63102], [127.294542, 35.630779], [127.295497, 35.630256], [127.296082, 35.629913], [127.297267, 35.629278], [127.29836, 35.628526], [127.300315, 35.627084], [127.301078, 35.626453], [127.301629, 35.62597], [127.303516, 35.62425], [127.305387, 35.621882], [127.306292, 35.619796], [127.307674, 35.616577], [127.308219, 35.61424], [127.30944, 35.608386], [127.310357, 35.603947], [127.312167, 35.59196], [127.312727, 35.589589], [127.312879, 35.587842], [127.313325, 35.584706], [127.314037, 35.57928], [127.314367, 35.577033], [127.31476, 35.574199], [127.315103, 35.572082], [127.315161, 35.571653], [127.315195, 35.571494], [127.315324, 35.570518], [127.315779, 35.567188], [127.315977, 35.56577], [127.316487, 35.562163], [127.316977, 35.559093], [127.317052, 35.558009], [127.317232, 35.556986], [127.317405, 35.555872], [127.31769, 35.554707], [127.317888, 35.55377], [127.318678, 35.549852], [127.318976, 35.548552], [127.319318, 35.546984], [127.319727, 35.54518], [127.320222, 35.543055]]}}, {"type": "Feature", "properties": {"line": "전라선", "from": "오수", "to": "남원", "km": 15.77, "down": 2862226, "up": 2885404, "daily": 15747, "density": 15747, "through": 1}, "geometry": {"type": "LineString", "coordinates": [[127.320222, 35.543055], [127.320459, 35.542039], [127.320578, 35.541518], [127.321122, 35.539123], [127.321597, 35.536718], [127.323172, 35.529549], [127.323451, 35.528036], [127.323916, 35.525131], [127.324092, 35.523971], [127.324263, 35.522641], [127.324399, 35.521635], [127.325024, 35.5171], [127.325721, 35.51221], [127.326257, 35.507721], [127.326456, 35.506389], [127.326633, 35.505551], [127.326984, 35.504048], [127.327545, 35.501962], [127.327924, 35.500908], [127.32842, 35.499508], [127.329122, 35.497587], [127.329186, 35.497407], [127.329941, 35.495687], [127.330052, 35.495417], [127.330333, 35.494606], [127.330742, 35.493361], [127.331253, 35.492122], [127.33232, 35.489533], [127.332406, 35.489247], [127.332461, 35.489107], [127.332613, 35.488709], [127.332951, 35.487732], [127.334819, 35.48256], [127.335332, 35.481201], [127.335472, 35.480837], [127.336206, 35.478912], [127.336926, 35.477025], [127.337469, 35.475584], [127.338278, 35.473483], [127.338388, 35.473156], [127.339743, 35.469577], [127.34175, 35.464717], [127.342163, 35.46376], [127.342639, 35.462773], [127.343142, 35.461828], [127.343793, 35.460808], [127.344471, 35.459871], [127.345776, 35.458149], [127.346297, 35.457479], [127.346372, 35.457382], [127.347361, 35.456109], [127.348445, 35.454837], [127.350163, 35.452971], [127.35805, 35.444798], [127.35921, 35.443603], [127.359341, 35.443469], [127.360757, 35.441995], [127.360922, 35.441816], [127.361416, 35.441305], [127.363067, 35.439564], [127.363913, 35.438695], [127.364358, 35.43823], [127.36518, 35.43739], [127.365639, 35.43692], [127.365883, 35.436658], [127.366153, 35.436349], [127.366313, 35.43615], [127.366521, 35.435878], [127.366761, 35.435549], [127.366948, 35.435277], [127.367064, 35.435095], [127.367175, 35.43491], [127.367319, 35.434653], [127.367467, 35.434378], [127.367591, 35.434106], [127.367721, 35.433781], [127.36781, 35.433531], [127.367944, 35.433127], [127.367999, 35.432925], [127.368076, 35.432622], [127.368133, 35.43233], [127.368173, 35.432099], [127.368198, 35.431905], [127.368222, 35.431664], [127.368244, 35.431339], [127.36825, 35.431061], [127.368238, 35.430731], [127.368224, 35.430409], [127.368206, 35.430236], [127.368169, 35.429942], [127.3681, 35.429568], [127.367994, 35.42906], [127.367883, 35.428561], [127.367672, 35.427786], [127.36749, 35.427231], [127.367132, 35.426325], [127.363205, 35.416383], [127.362604, 35.415092], [127.362193, 35.414276], [127.361799, 35.413478], [127.361715, 35.413308], [127.360807, 35.411419]]}}, {"type": "Feature", "properties": {"line": "전라선", "from": "남원", "to": "곡성", "km": 17.658, "down": 2553365, "up": 2580604, "daily": 14066, "density": 14066, "through": 2}, "geometry": {"type": "LineString", "coordinates": [[127.360807, 35.411419], [127.359454, 35.408606], [127.358857, 35.407345], [127.358729, 35.407076], [127.358256, 35.406087], [127.358041, 35.405637], [127.35748, 35.404484], [127.357282, 35.404079], [127.357163, 35.403866], [127.356969, 35.403546], [127.356635, 35.403041], [127.356357, 35.402668], [127.35604, 35.402285], [127.355774, 35.402], [127.355584, 35.401806], [127.355353, 35.401589], [127.355029, 35.401307], [127.354659, 35.401008], [127.354264, 35.400728], [127.353964, 35.400527], [127.353664, 35.400334], [127.35339, 35.400177], [127.353114, 35.400026], [127.352752, 35.399845], [127.352395, 35.399674], [127.351983, 35.399496], [127.351692, 35.39938], [127.351202, 35.399198], [127.350796, 35.399059], [127.350438, 35.398959], [127.349977, 35.398838], [127.349615, 35.398739], [127.349267, 35.398653], [127.34892, 35.398563], [127.347013, 35.398081], [127.345365, 35.397664], [127.339857, 35.396243], [127.339483, 35.396147], [127.33906, 35.396029], [127.338704, 35.39592], [127.338397, 35.395827], [127.338099, 35.395726], [127.337765, 35.395614], [127.337377, 35.395479], [127.336947, 35.395313], [127.336429, 35.395096], [127.335955, 35.394885], [127.335528, 35.39469], [127.335112, 35.394492], [127.334689, 35.394277], [127.334232, 35.394026], [127.333915, 35.393847], [127.333604, 35.393663], [127.333339, 35.393499], [127.333249, 35.393442], [127.333092, 35.393342], [127.332872, 35.393176], [127.332647, 35.393001], [127.332185, 35.392611], [127.330589, 35.391191], [127.33009, 35.390741], [127.329577, 35.390263], [127.329199, 35.389865], [127.328716, 35.389283], [127.328319, 35.388719], [127.327951, 35.388112], [127.327046, 35.386619], [127.326367, 35.385407], [127.325255, 35.383466], [127.32481, 35.382736], [127.324356, 35.382168], [127.323824, 35.381588], [127.323296, 35.380996], [127.322665, 35.38046], [127.32194, 35.379879], [127.320501, 35.378997], [127.320278, 35.378848], [127.320142, 35.378767], [127.319368, 35.37827], [127.318787, 35.377896], [127.318641, 35.377801], [127.316998, 35.376742], [127.314586, 35.375188], [127.31383, 35.3747], [127.312163, 35.373625], [127.311958, 35.373493], [127.311564, 35.373237], [127.310522, 35.37256], [127.310414, 35.372489], [127.308909, 35.371511], [127.307394, 35.370497], [127.303771, 35.368173], [127.302946, 35.367581], [127.302177, 35.366959], [127.301596, 35.366487], [127.300982, 35.365918], [127.300378, 35.365261], [127.29987, 35.364664], [127.299344, 35.363984], [127.298979, 35.363445], [127.298638, 35.362853], [127.298355, 35.362256], [127.297984, 35.361457], [127.29758, 35.360399], [127.296676, 35.357599], [127.296605, 35.357378], [127.295879, 35.35498], [127.294697, 35.35147], [127.294413, 35.35059], [127.293978, 35.349157], [127.293807, 35.348555], [127.293593, 35.347671], [127.293378, 35.346727], [127.292874, 35.344141], [127.292803, 35.343798], [127.290378, 35.332118], [127.289798, 35.329333], [127.289021, 35.325605], [127.288971, 35.325366], [127.288889, 35.325211], [127.28886, 35.325063], [127.288087, 35.321339], [127.28753, 35.318548], [127.287057, 35.316147], [127.28702, 35.315979], [127.286856, 35.315249], [127.286609, 35.314043], [127.286428, 35.312962], [127.286296, 35.312001], [127.286279, 35.3118], [127.286098, 35.309623], [127.286055, 35.309095], [127.286041, 35.308705], [127.286044, 35.30863], [127.286061, 35.30816], [127.286087, 35.307662], [127.286098, 35.307517], [127.286236, 35.306131], [127.286349, 35.305657], [127.286722, 35.304086], [127.28688, 35.303614], [127.287025, 35.303081], [127.2873, 35.30239], [127.287811, 35.301222], [127.288146, 35.300483], [127.288455, 35.299859], [127.288774, 35.2993], [127.288839, 35.299194], [127.288965, 35.298988], [127.28912, 35.298734], [127.289577, 35.298054], [127.289609, 35.29801], [127.290091, 35.297354], [127.290751, 35.296503], [127.292194, 35.294782], [127.29459, 35.291923], [127.295117, 35.291317], [127.29548, 35.29092], [127.295989, 35.290394], [127.296439, 35.289955], [127.296881, 35.289542], [127.297472, 35.289013], [127.297911, 35.288637], [127.298743, 35.287959], [127.300037, 35.286909], [127.300846, 35.286274], [127.302693, 35.284826], [127.302735, 35.284793], [127.30285, 35.284703], [127.303266, 35.284375], [127.303771, 35.283994], [127.304453, 35.283451]]}}, {"type": "Feature", "properties": {"line": "전라선", "from": "곡성", "to": "구례구", "km": 20.593, "down": 2517025, "up": 2549214, "daily": 13880, "density": 13880, "through": 1}, "geometry": {"type": "LineString", "coordinates": [[127.304453, 35.283451], [127.305142, 35.282903], [127.308481, 35.280271], [127.308666, 35.280125], [127.313173, 35.276583], [127.31336, 35.276436], [127.314321, 35.275677], [127.314454, 35.275572], [127.316746, 35.273765], [127.319707, 35.271469], [127.320698, 35.270708], [127.323451, 35.268597], [127.324823, 35.26766], [127.325752, 35.267016], [127.327529, 35.265829], [127.342468, 35.258401], [127.343573, 35.257779], [127.347775, 35.255356], [127.348055, 35.255181], [127.348332, 35.255], [127.348577, 35.254832], [127.348855, 35.254636], [127.349066, 35.254478], [127.349273, 35.254316], [127.349486, 35.254142], [127.349731, 35.253944], [127.349998, 35.253717], [127.350251, 35.253492], [127.350529, 35.253238], [127.350802, 35.252975], [127.351061, 35.252715], [127.351557, 35.25222], [127.351923, 35.251847], [127.352268, 35.251465], [127.352613, 35.251077], [127.353011, 35.250594], [127.353248, 35.250282], [127.353547, 35.249877], [127.353818, 35.24949], [127.354086, 35.249097], [127.354297, 35.248757], [127.354445, 35.248511], [127.35459, 35.248256], [127.354738, 35.247985], [127.35496, 35.247536], [127.355129, 35.247175], [127.364563, 35.225912], [127.36479, 35.225444], [127.365037, 35.224987], [127.365328, 35.224536], [127.365594, 35.224151], [127.365795, 35.223882], [127.366074, 35.223516], [127.366464, 35.223025], [127.366837, 35.222552], [127.367207, 35.222067], [127.367551, 35.221592], [127.367697, 35.221383], [127.367886, 35.221093], [127.368085, 35.220771], [127.368258, 35.220463], [127.36847, 35.220083], [127.368671, 35.219706], [127.368874, 35.219294], [127.36909, 35.218836], [127.369226, 35.218518], [127.369324, 35.218279], [127.369442, 35.217971], [127.36955, 35.217668], [127.369635, 35.217419], [127.369703, 35.21719], [127.369816, 35.2168], [127.369895, 35.216493], [127.369964, 35.216195], [127.370027, 35.215918], [127.370094, 35.215567], [127.37017, 35.215116], [127.370226, 35.21473], [127.370277, 35.214318], [127.370309, 35.213965], [127.370402, 35.212206], [127.370483, 35.210609], [127.370521, 35.210044], [127.370569, 35.20953], [127.370626, 35.209021], [127.370705, 35.208476], [127.37081, 35.207924], [127.370917, 35.207417], [127.371015, 35.20698], [127.371121, 35.206572], [127.371275, 35.206018], [127.371746, 35.204346], [127.37182, 35.204093], [127.372499, 35.20164], [127.373144, 35.199352], [127.373401, 35.198428], [127.373487, 35.198104], [127.373622, 35.197622], [127.373723, 35.197263], [127.373849, 35.196826], [127.373954, 35.196478], [127.374064, 35.1962], [127.374424, 35.195346], [127.374604, 35.194967], [127.374783, 35.194612], [127.37512, 35.194127], [127.37549, 35.193625], [127.375675, 35.193358], [127.375849, 35.193128], [127.37605, 35.192853], [127.376221, 35.192642], [127.376571, 35.192225], [127.376794, 35.191981], [127.376974, 35.191794], [127.377157, 35.191593], [127.377498, 35.191308], [127.377977, 35.190936], [127.378364, 35.190659], [127.378815, 35.190362], [127.3794, 35.190015], [127.379927, 35.189736], [127.380512, 35.189453], [127.381298, 35.189129], [127.382061, 35.188865], [127.382448, 35.188745], [127.382895, 35.188623], [127.383495, 35.188484], [127.384338, 35.188318], [127.385614, 35.188123], [127.388898, 35.187635], [127.392765, 35.18706], [127.39393, 35.186925], [127.394417, 35.186878], [127.395067, 35.186834], [127.395754, 35.186811], [127.396497, 35.186805], [127.397159, 35.186818], [127.397836, 35.186842], [127.39853, 35.186885], [127.400822, 35.187089], [127.40102, 35.187108], [127.401667, 35.18717], [127.402371, 35.187231], [127.405907, 35.187513], [127.4066, 35.187544], [127.407342, 35.187574], [127.408036, 35.187564], [127.408742, 35.18755], [127.409521, 35.187494], [127.410539, 35.187388], [127.411415, 35.187256], [127.412324, 35.187076], [127.413016, 35.18692], [127.413913, 35.18669], [127.41431, 35.186577], [127.414613, 35.186479], [127.4151, 35.186315], [127.415482, 35.186179], [127.415903, 35.186018], [127.41622, 35.185895], [127.416415, 35.185811], [127.416642, 35.185715], [127.416907, 35.1856], [127.41719, 35.18547], [127.417432, 35.185358], [127.417657, 35.185246], [127.418038, 35.185051], [127.418425, 35.184848], [127.419409, 35.184316], [127.420246, 35.183866], [127.42091, 35.183501], [127.421481, 35.183192], [127.421933, 35.182949], [127.42266, 35.18256], [127.423531, 35.182083], [127.429642, 35.178785], [127.430845, 35.178136], [127.431795, 35.177622], [127.432226, 35.177379], [127.432504, 35.177222], [127.432986, 35.176937], [127.433294, 35.176752], [127.433637, 35.176541], [127.433984, 35.17632], [127.434339, 35.176088], [127.434658, 35.175868], [127.434899, 35.175702], [127.435091, 35.175567], [127.435316, 35.175408], [127.435546, 35.175242], [127.435838, 35.175024], [127.436238, 35.174714], [127.436501, 35.174508], [127.436627, 35.174407], [127.436968, 35.174132], [127.439937, 35.171636], [127.440459, 35.171201], [127.440848, 35.170887], [127.441249, 35.170571], [127.441639, 35.170265], [127.442033, 35.169967], [127.442574, 35.169565], [127.443352, 35.16901], [127.443937, 35.168607], [127.444175, 35.168447], [127.444379, 35.168312], [127.444734, 35.168084], [127.445347, 35.167693], [127.44661, 35.16688], [127.446793, 35.166764], [127.447789, 35.166127], [127.447923, 35.166042], [127.448163, 35.165888], [127.448953, 35.165379], [127.449342, 35.165127], [127.451949, 35.163459]]}}, {"type": "Feature", "properties": {"line": "전라선", "from": "구례구", "to": "순천", "km": 28.12, "down": 2453105, "up": 2488884, "daily": 13540, "density": 13540, "through": 2}, "geometry": {"type": "LineString", "coordinates": [[127.451949, 35.163459], [127.453115, 35.162713], [127.453646, 35.162377], [127.453787, 35.162284], [127.453982, 35.162156], [127.45441, 35.161881], [127.454849, 35.161597], [127.455065, 35.161457], [127.455277, 35.161311], [127.455505, 35.161147], [127.455723, 35.160977], [127.45594, 35.160793], [127.456133, 35.160609], [127.456321, 35.160414], [127.456514, 35.160188], [127.456691, 35.15996], [127.456868, 35.159708], [127.457008, 35.159473], [127.457168, 35.159179], [127.457297, 35.158918], [127.457874, 35.157749], [127.458467, 35.15653], [127.459681, 35.154095], [127.459813, 35.153831], [127.460045, 35.153357], [127.460117, 35.153215], [127.460493, 35.152457], [127.460821, 35.151764], [127.460901, 35.15158], [127.461, 35.151343], [127.461075, 35.151154], [127.461137, 35.150981], [127.461209, 35.150764], [127.461279, 35.150542], [127.461338, 35.150329], [127.461384, 35.150143], [127.461424, 35.149966], [127.461467, 35.149768], [127.461505, 35.149555], [127.461543, 35.149321], [127.461575, 35.149088], [127.461598, 35.148861], [127.461607, 35.148761], [127.461621, 35.148557], [127.461626, 35.148441], [127.461634, 35.148238], [127.461639, 35.148037], [127.461637, 35.147813], [127.461628, 35.147567], [127.46162, 35.14741], [127.461604, 35.147208], [127.46159, 35.147062], [127.461562, 35.146796], [127.461542, 35.146636], [127.461483, 35.146262], [127.461404, 35.14579], [127.461213, 35.144742], [127.460963, 35.14329], [127.460873, 35.142817], [127.4608, 35.142456], [127.460735, 35.142152], [127.460647, 35.141781], [127.46054, 35.141362], [127.460457, 35.141073], [127.460368, 35.140806], [127.460295, 35.140602], [127.460164, 35.14026], [127.459948, 35.13975], [127.459822, 35.13946], [127.459658, 35.139125], [127.459485, 35.138792], [127.458574, 35.137221], [127.456631, 35.133874], [127.456445, 35.133553], [127.456064, 35.132896], [127.455864, 35.132543], [127.455652, 35.132169], [127.455568, 35.132019], [127.454914, 35.130856], [127.453431, 35.128277], [127.453362, 35.128157], [127.45322, 35.127923], [127.453058, 35.127654], [127.452884, 35.127365], [127.452738, 35.127111], [127.452096, 35.125993], [127.451791, 35.125446], [127.451223, 35.124411], [127.450354, 35.12285], [127.449907, 35.122118], [127.449377, 35.121347], [127.448786, 35.120566], [127.448522, 35.12025], [127.446944, 35.118299], [127.446096, 35.117226], [127.445998, 35.117112], [127.445157, 35.116057], [127.444932, 35.115773], [127.444548, 35.11529], [127.443528, 35.114005], [127.44344, 35.113893], [127.442504, 35.112721], [127.442252, 35.112415], [127.442019, 35.112125], [127.441771, 35.111821], [127.441528, 35.111514], [127.440514, 35.110234], [127.439998, 35.109568], [127.439738, 35.109249], [127.439312, 35.108744], [127.439159, 35.108571], [127.438817, 35.108201], [127.438511, 35.107892], [127.438161, 35.10756], [127.437775, 35.107208], [127.437462, 35.106933], [127.437189, 35.1067], [127.436849, 35.106428], [127.43657, 35.106209], [127.436223, 35.105944], [127.435802, 35.105641], [127.435391, 35.105356], [127.434871, 35.105013], [127.433573, 35.104219], [127.43225, 35.1034], [127.431888, 35.103172], [127.431499, 35.102915], [127.431185, 35.102695], [127.430934, 35.102507], [127.430659, 35.102289], [127.430404, 35.102062], [127.430253, 35.101913], [127.430041, 35.101699], [127.429832, 35.10147], [127.429663, 35.101273], [127.429496, 35.101062], [127.42935, 35.100861], [127.429204, 35.10064], [127.429088, 35.100453], [127.42896, 35.100229], [127.428826, 35.099969], [127.428698, 35.0997], [127.428569, 35.099406], [127.428427, 35.099041], [127.427963, 35.097764], [127.427866, 35.097462], [127.427758, 35.097156], [127.427099, 35.095308], [127.425898, 35.091942], [127.42559, 35.091097], [127.425516, 35.09089], [127.425393, 35.090537], [127.42518, 35.089678], [127.425043, 35.08928], [127.424959, 35.089028], [127.424893, 35.08878], [127.424854, 35.08845], [127.424812, 35.088189], [127.424768, 35.087804], [127.424759, 35.087663], [127.424744, 35.087267], [127.424713, 35.086647], [127.424714, 35.086215], [127.424788, 35.085757], [127.424891, 35.085296], [127.425017, 35.084844], [127.425166, 35.084396], [127.441367, 35.040728], [127.441595, 35.040214], [127.441894, 35.039655], [127.442048, 35.039397], [127.442215, 35.039117], [127.442429, 35.038788], [127.442658, 35.03844], [127.442884, 35.038104], [127.443104, 35.037797], [127.44331, 35.037515], [127.443947, 35.036694], [127.444304, 35.036235], [127.44567, 35.034512], [127.445979, 35.03413], [127.446268, 35.033768], [127.446494, 35.033489], [127.446775, 35.033151], [127.447097, 35.03278], [127.447387, 35.032455], [127.447687, 35.032127], [127.448005, 35.031788], [127.448229, 35.031552], [127.448493, 35.031288], [127.448723, 35.031061], [127.449093, 35.030704], [127.45048, 35.029441], [127.450551, 35.029373], [127.455789, 35.024644], [127.456186, 35.024286], [127.457018, 35.023551], [127.457458, 35.023162], [127.457888, 35.022783], [127.4584, 35.02235], [127.458723, 35.022094], [127.459055, 35.021839], [127.461831, 35.019775], [127.463109, 35.018819], [127.463206, 35.018747], [127.465754, 35.016842], [127.468895, 35.014516], [127.469281, 35.014235], [127.470258, 35.013557], [127.471011, 35.013061], [127.472511, 35.012125], [127.472538, 35.012108], [127.474269, 35.01106], [127.47557, 35.01028], [127.476601, 35.009663], [127.48113, 35.006969], [127.481892, 35.006509], [127.481947, 35.006476], [127.482321, 35.006255], [127.482603, 35.006082], [127.483047, 35.005807], [127.483509, 35.005508], [127.483964, 35.005195], [127.484561, 35.004755], [127.484897, 35.004491], [127.48511, 35.004315], [127.485319, 35.004137], [127.485353, 35.004109], [127.48567, 35.003825], [127.486062, 35.003462], [127.486422, 35.003102], [127.486919, 35.002575], [127.487172, 35.002284], [127.487424, 35.00198], [127.48776, 35.001557], [127.488101, 35.001085], [127.488439, 35.00058], [127.48872, 35.000138], [127.488939, 34.999759], [127.489177, 34.999317], [127.489392, 34.998889], [127.489558, 34.99852], [127.489721, 34.998149], [127.489845, 34.997836], [127.490867, 34.995103], [127.491064, 34.994575], [127.49132, 34.993845], [127.491394, 34.993623], [127.491493, 34.993303], [127.491578, 34.993016], [127.491673, 34.992658], [127.491764, 34.992261], [127.491826, 34.991918], [127.491868, 34.991572], [127.49189, 34.991123], [127.491889, 34.990745], [127.49188, 34.990374], [127.491867, 34.990053], [127.491615, 34.984913], [127.491438, 34.981148], [127.491371, 34.980563], [127.49118, 34.97567], [127.491152, 34.975167], [127.49114, 34.974943], [127.491127, 34.974655], [127.490945, 34.970798], [127.490762, 34.966854], [127.490734, 34.965944], [127.490652, 34.964391], [127.490612, 34.963698], [127.4906, 34.962836], [127.490604, 34.962499], [127.490632, 34.962003], [127.490677, 34.961463], [127.49073, 34.961073], [127.490799, 34.960553], [127.491075, 34.958961], [127.491456, 34.95675], [127.491778, 34.954828], [127.491868, 34.954411], [127.492185, 34.953302], [127.49227, 34.953032], [127.49238, 34.952755], [127.492526, 34.952486], [127.492755, 34.952157], [127.493048, 34.951818], [127.493363, 34.951526], [127.493682, 34.951289], [127.493963, 34.951121], [127.494938, 34.95058], [127.495278, 34.950392], [127.496199, 34.949886], [127.497067, 34.949437], [127.498385, 34.94876], [127.499422, 34.948229], [127.500035, 34.947917], [127.500468, 34.947675], [127.501157, 34.947316], [127.501324, 34.947233], [127.502184, 34.946792], [127.50286, 34.946457], [127.503142, 34.946324], [127.503476, 34.946181], [127.504099, 34.945862]]}}, {"type": "Feature", "properties": {"line": "전라선", "from": "순천", "to": "여천", "km": 25.432, "down": 1347426, "up": 1281906, "daily": 7204, "density": 7204}, "geometry": {"type": "LineString", "coordinates": [[127.504099, 34.945862], [127.507518, 34.94411], [127.50815, 34.943785], [127.50871, 34.943509], [127.508988, 34.94339], [127.509354, 34.943244], [127.509599, 34.943147], [127.509877, 34.943042], [127.510206, 34.942918], [127.510506, 34.942809], [127.510807, 34.942712], [127.511197, 34.942609], [127.511553, 34.942544], [127.511888, 34.942507], [127.512184, 34.942489], [127.512448, 34.942485], [127.512785, 34.942489], [127.51323, 34.942504], [127.513385, 34.942499], [127.514276, 34.942511], [127.514397, 34.942512], [127.515102, 34.942525], [127.515224, 34.942528], [127.524489, 34.942685], [127.5256, 34.942706], [127.526289, 34.942716], [127.526915, 34.942721], [127.527627, 34.942704], [127.528501, 34.942664], [127.529251, 34.942616], [127.529992, 34.942559], [127.530963, 34.942463], [127.53268, 34.942274], [127.535727, 34.941938], [127.536597, 34.941792], [127.537529, 34.941591], [127.538117, 34.941412], [127.538627, 34.941215], [127.539011, 34.941045], [127.539417, 34.940818], [127.539789, 34.940572], [127.540238, 34.94023], [127.540679, 34.939794], [127.540963, 34.939448], [127.541295, 34.938972], [127.541518, 34.938566], [127.541677, 34.93819], [127.541778, 34.93791], [127.541859, 34.937654], [127.541927, 34.937351], [127.541975, 34.937082], [127.542005, 34.936827], [127.54203, 34.936563], [127.54205, 34.936318], [127.542071, 34.93597], [127.542116, 34.935042], [127.542133, 34.934572], [127.542153, 34.934298], [127.542187, 34.933925], [127.542223, 34.933575], [127.542269, 34.933283], [127.542324, 34.932977], [127.542384, 34.932698], [127.542466, 34.932388], [127.542556, 34.932103], [127.542674, 34.931778], [127.542796, 34.931476], [127.542931, 34.931168], [127.543055, 34.930886], [127.544193, 34.92852], [127.544745, 34.92736], [127.547613, 34.92142], [127.547954, 34.920708], [127.547973, 34.92067], [127.548192, 34.920216], [127.548212, 34.920174], [127.548703, 34.919146], [127.548929, 34.918692], [127.549301, 34.917923], [127.550115, 34.916155], [127.55941, 34.896056], [127.559667, 34.8955], [127.560175, 34.89436], [127.560369, 34.893896], [127.560937, 34.89248], [127.561105, 34.892086], [127.563511, 34.886449], [127.564028, 34.885427], [127.564665, 34.88451], [127.565606, 34.883511], [127.568304, 34.881303], [127.57068, 34.879397], [127.571136, 34.879049], [127.572817, 34.877826], [127.572897, 34.877767], [127.575194, 34.876109], [127.577265, 34.874564], [127.579123, 34.873134], [127.58132, 34.871444], [127.585102, 34.868607], [127.586527, 34.867538], [127.587502, 34.86678], [127.588367, 34.866062], [127.589143, 34.865358], [127.590644, 34.864045], [127.590775, 34.863939], [127.593814, 34.861172], [127.594765, 34.860273], [127.59532, 34.859718], [127.596214, 34.858863], [127.596746, 34.858331], [127.600645, 34.854853], [127.601951, 34.853703], [127.602236, 34.85333], [127.603373, 34.852331], [127.603911, 34.851829], [127.606246, 34.84965], [127.608479, 34.847591], [127.60883, 34.847227], [127.609151, 34.846878], [127.609651, 34.846297], [127.609877, 34.84598], [127.610221, 34.84545], [127.610443, 34.845073], [127.610645, 34.844675], [127.610909, 34.844113], [127.611168, 34.843495], [127.611474, 34.842706], [127.612165, 34.840905], [127.612769, 34.839274], [127.614343, 34.835051], [127.614421, 34.834845], [127.616305, 34.829788], [127.616357, 34.829675], [127.616769, 34.828694], [127.61781, 34.826458], [127.618494, 34.825173], [127.619296, 34.823777], [127.619904, 34.822794], [127.620342, 34.822113], [127.621142, 34.820954], [127.622345, 34.819355], [127.623699, 34.817589], [127.624508, 34.816533], [127.624881, 34.816031], [127.626335, 34.814165], [127.627096, 34.813162], [127.629192, 34.810445], [127.630892, 34.80818], [127.631111, 34.807882], [127.632032, 34.806681], [127.632605, 34.80592], [127.633534, 34.804714], [127.634016, 34.804046], [127.635768, 34.801753], [127.638155, 34.798661], [127.640187, 34.796027], [127.64212, 34.793479], [127.642339, 34.7932], [127.642975, 34.79237], [127.643421, 34.791775], [127.644083, 34.790885], [127.644392, 34.790445], [127.644791, 34.789831], [127.645066, 34.789393], [127.645377, 34.788871], [127.64581, 34.788131], [127.646456, 34.787031], [127.647089, 34.785984], [127.647436, 34.785463], [127.647813, 34.784952], [127.648418, 34.784264], [127.648878, 34.7838], [127.649576, 34.783187], [127.649895, 34.782929], [127.650185, 34.782726], [127.65056, 34.782469], [127.651029, 34.78217], [127.651583, 34.781844], [127.652028, 34.78161], [127.652494, 34.78139], [127.653108, 34.781124], [127.653832, 34.780867], [127.654719, 34.780586], [127.655276, 34.780429], [127.655755, 34.780324], [127.656116, 34.780254], [127.656489, 34.780212], [127.657918, 34.780062], [127.659263, 34.779921], [127.660835, 34.779774], [127.661098, 34.779748], [127.662699, 34.779587], [127.66444, 34.779403]]}}, {"type": "Feature", "properties": {"line": "전라선", "from": "여천", "to": "여수엑스포", "km": 9.51, "down": 917903, "up": 840593, "daily": 4818, "density": 4818}, "geometry": {"type": "LineString", "coordinates": [[127.66444, 34.779403], [127.665596, 34.779281], [127.666864, 34.779151], [127.668685, 34.778987], [127.67011, 34.77885], [127.670264, 34.778836], [127.670835, 34.778781], [127.674029, 34.77848], [127.677131, 34.778205], [127.682182, 34.777936], [127.68727, 34.777898], [127.694053, 34.778137], [127.699128, 34.778302], [127.704988, 34.778491], [127.711022, 34.778687], [127.713809, 34.778684], [127.716747, 34.778549], [127.719037, 34.778355], [127.721291, 34.77809], [127.723359, 34.777777], [127.726309, 34.777207], [127.728771, 34.776629], [127.730414, 34.776163], [127.732373, 34.775568], [127.734648, 34.774795], [127.738903, 34.77328], [127.740155, 34.772771], [127.743229, 34.771611], [127.745561, 34.770399], [127.746049, 34.77007], [127.746555, 34.769714], [127.746902, 34.769408], [127.748973, 34.767585], [127.749513, 34.766878], [127.749846, 34.766294], [127.750071, 34.765802], [127.75021, 34.765293], [127.750507, 34.763788], [127.750611, 34.762887], [127.750641, 34.762617], [127.750658, 34.762083], [127.750627, 34.761697], [127.750587, 34.761415], [127.750456, 34.760489], [127.750423, 34.760359], [127.750272, 34.759766], [127.750166, 34.759402], [127.749875, 34.758224], [127.749834, 34.758017], [127.749753, 34.757659], [127.749541, 34.756765], [127.749062, 34.754867]]}}, {"type": "Feature", "properties": {"line": "정선선", "from": "민둥산", "to": "별어곡", "km": 6.108, "down": 10224, "up": 8907, "daily": 52, "density": 52}, "geometry": {"type": "LineString", "coordinates": [[128.774123, 37.241887], [128.774499, 37.24161], [128.774819, 37.241434], [128.775266, 37.241266], [128.775621, 37.241173], [128.775936, 37.241122], [128.776254, 37.241106], [128.776572, 37.241126], [128.776893, 37.241179], [128.777183, 37.241255], [128.777464, 37.24136], [128.777765, 37.241503], [128.778068, 37.241742], [128.778383, 37.242073], [128.778646, 37.242642], [128.778999, 37.244917], [128.779532, 37.248422], [128.780045, 37.251843], [128.78017, 37.252619], [128.780169, 37.252823], [128.780158, 37.253025], [128.780076, 37.253421], [128.780004, 37.253608], [128.779917, 37.253803], [128.779775, 37.254019], [128.779629, 37.254221], [128.779477, 37.25439], [128.779296, 37.254569], [128.77915, 37.254685], [128.778998, 37.254795], [128.77861, 37.255009], [128.77819, 37.255215], [128.77756, 37.255474], [128.776198, 37.255975], [128.775307, 37.256313], [128.770176, 37.258441], [128.766361, 37.260087], [128.764707, 37.260897], [128.764339, 37.261076], [128.76399, 37.261211], [128.763659, 37.261286], [128.763183, 37.261355], [128.762698, 37.261386], [128.760882, 37.261322], [128.760542, 37.261287], [128.760174, 37.261189], [128.759823, 37.26106], [128.758489, 37.260512], [128.758154, 37.260417], [128.757846, 37.260345], [128.757465, 37.260295], [128.75711, 37.260273], [128.756703, 37.260291], [128.756331, 37.260345], [128.755777, 37.260486], [128.753513, 37.261114], [128.75308, 37.261268], [128.752708, 37.261422], [128.75243, 37.26156], [128.752076, 37.261785], [128.751709, 37.262083], [128.751092, 37.262757], [128.750103, 37.263903], [128.749914, 37.2641], [128.749744, 37.264261], [128.749552, 37.264415], [128.749345, 37.264544], [128.749124, 37.264657], [128.748981, 37.264732], [128.748794, 37.264811], [128.74848, 37.264927], [128.748091, 37.265037], [128.74777, 37.265107], [128.747475, 37.265151], [128.744111, 37.265511], [128.743283, 37.265615], [128.742803, 37.265718], [128.742456, 37.265802], [128.742174, 37.265897], [128.741902, 37.266002], [128.741618, 37.266119], [128.741376, 37.266254], [128.74105, 37.266456], [128.740494, 37.266942], [128.740328, 37.267109], [128.740134, 37.267384], [128.739924, 37.267714], [128.739757, 37.268104], [128.73963, 37.268499], [128.739582, 37.268834], [128.739603, 37.269251]]}}, {"type": "Feature", "properties": {"line": "정선선", "from": "별어곡", "to": "선평", "km": 7.388, "down": 10206, "up": 8836, "daily": 52, "density": 52}, "geometry": {"type": "LineString", "coordinates": [[128.739603, 37.269251], [128.739605, 37.269289], [128.73977, 37.270083], [128.739902, 37.270958], [128.74019, 37.27255], [128.740333, 37.273309], [128.740896, 37.276028], [128.741516, 37.279193], [128.741572, 37.279556], [128.741597, 37.279907], [128.74155, 37.280306], [128.74144, 37.280753], [128.741204, 37.281301], [128.739402, 37.283962], [128.739192, 37.284236], [128.73895, 37.284508], [128.738698, 37.284725], [128.738486, 37.284884], [128.738121, 37.285093], [128.737752, 37.285269], [128.737398, 37.285384], [128.737005, 37.285458], [128.734611, 37.285849], [128.734547, 37.285864], [128.733982, 37.285996], [128.733569, 37.286139], [128.733246, 37.286296], [128.732945, 37.286513], [128.732682, 37.286758], [128.732452, 37.287038], [128.732282, 37.287333], [128.732158, 37.287669], [128.732122, 37.287963], [128.732102, 37.288261], [128.732139, 37.288508], [128.732199, 37.288772], [128.732311, 37.289035], [128.732435, 37.289262], [128.73261, 37.289547], [128.732809, 37.289769], [128.733025, 37.289903], [128.733583, 37.290197], [128.734124, 37.290494], [128.734635, 37.290789], [128.734963, 37.291014], [128.735149, 37.291178], [128.735333, 37.291417], [128.735497, 37.291671], [128.73558, 37.291845], [128.735665, 37.29209], [128.735708, 37.292352], [128.735724, 37.292709], [128.735667, 37.294964], [128.735605, 37.295321], [128.735261, 37.296434], [128.734813, 37.29779], [128.734634, 37.298189], [128.734508, 37.298412], [128.734301, 37.298677], [128.734087, 37.298889], [128.733085, 37.299729], [128.732813, 37.299898], [128.732468, 37.30007], [128.732054, 37.300213], [128.730738, 37.300448], [128.730153, 37.300572], [128.729728, 37.300685], [128.729283, 37.300893], [128.728891, 37.30115], [128.728678, 37.301315], [128.728451, 37.301497], [128.728286, 37.301664], [128.727623, 37.302344], [128.725506, 37.304457], [128.725095, 37.30492], [128.724907, 37.305197], [128.724737, 37.305529], [128.724582, 37.305882], [128.723178, 37.310667], [128.722892, 37.311579], [128.722615, 37.312494], [128.72245, 37.313061], [128.722038, 37.314435], [128.721896, 37.314683], [128.72174, 37.314907], [128.721551, 37.315141], [128.721386, 37.315308], [128.721247, 37.315443], [128.721154, 37.315518], [128.721017, 37.315613], [128.720848, 37.315721], [128.720631, 37.315834], [128.720381, 37.315947], [128.720115, 37.316043], [128.717392, 37.316836], [128.716574, 37.317101], [128.71616, 37.317275], [128.715645, 37.317546], [128.715262, 37.317805], [128.714899, 37.318076], [128.714624, 37.318364], [128.714423, 37.31862], [128.712495, 37.321682]]}}, {"type": "Feature", "properties": {"line": "정선선", "from": "선평", "to": "정선", "km": 9.019, "down": 10168, "up": 8781, "daily": 52, "density": 52}, "geometry": {"type": "LineString", "coordinates": [[128.712495, 37.321682], [128.71236, 37.321896], [128.711856, 37.322776], [128.711348, 37.323558], [128.71108, 37.323869], [128.710783, 37.324175], [128.71047, 37.324445], [128.71012, 37.324693], [128.709798, 37.32484], [128.707919, 37.32553], [128.707639, 37.32564], [128.707332, 37.325792], [128.706974, 37.326043], [128.706701, 37.326275], [128.706431, 37.326592], [128.706232, 37.326881], [128.70611, 37.32715], [128.704717, 37.329958], [128.704531, 37.330464], [128.70062, 37.349498], [128.700495, 37.349739], [128.700364, 37.349936], [128.70017, 37.350178], [128.699944, 37.350438], [128.69971, 37.350671], [128.699513, 37.350827], [128.699354, 37.350947], [128.699149, 37.351076], [128.698778, 37.351294], [128.698237, 37.351541], [128.695048, 37.352966], [128.694537, 37.353157], [128.694055, 37.353288], [128.693133, 37.353382], [128.692465, 37.353387], [128.691695, 37.353397], [128.691078, 37.353478], [128.690467, 37.353646], [128.689073, 37.354641], [128.68785, 37.356484], [128.685961, 37.360532], [128.685744, 37.360911], [128.685428, 37.361328], [128.68479, 37.362384], [128.684494, 37.362856], [128.682982, 37.365448], [128.681735, 37.367666], [128.681415, 37.368193], [128.681175, 37.368548], [128.680951, 37.368788], [128.680716, 37.368983], [128.680458, 37.369142], [128.680036, 37.369323], [128.679569, 37.369442], [128.678969, 37.369549], [128.677701, 37.369765], [128.677333, 37.369863], [128.676914, 37.370064], [128.676603, 37.370282], [128.675311, 37.371578], [128.674563, 37.37229], [128.673876, 37.372937], [128.673474, 37.373374], [128.673217, 37.373747], [128.673136, 37.373893], [128.673089, 37.373998], [128.673051, 37.374119], [128.672946, 37.374485], [128.672909, 37.374856], [128.672935, 37.375202], [128.6732, 37.376304], [128.673262, 37.37656], [128.673865, 37.37907], [128.67497, 37.382725], [128.67501, 37.383086], [128.674982, 37.383434], [128.674857, 37.383762], [128.674717, 37.384039], [128.674558, 37.384348], [128.674118, 37.385205], [128.673089, 37.387208], [128.672699, 37.387967]]}}, {"type": "Feature", "properties": {"line": "정선선", "from": "정선", "to": "나전", "km": 9.979, "down": 1736, "up": 1378, "daily": 9, "density": 9}, "geometry": {"type": "LineString", "coordinates": [[128.672699, 37.387967], [128.672213, 37.388911], [128.671457, 37.390406], [128.671398, 37.390588], [128.671199, 37.390911], [128.671113, 37.391231], [128.671085, 37.391413], [128.671053, 37.391861], [128.671083, 37.392325], [128.671169, 37.392765], [128.671271, 37.393077], [128.671403, 37.39342], [128.671588, 37.393751], [128.671669, 37.393908], [128.671829, 37.394224], [128.671947, 37.394409], [128.672087, 37.394675], [128.672393, 37.39524], [128.672565, 37.395567], [128.672621, 37.395671], [128.672784, 37.395999], [128.673117, 37.39661], [128.673506, 37.397207], [128.673718, 37.397512], [128.674166, 37.398015], [128.67507, 37.39869], [128.676421, 37.3998], [128.678279, 37.401109], [128.678657, 37.401394], [128.679007, 37.40169], [128.679224, 37.401952], [128.679375, 37.402219], [128.67954, 37.402666], [128.679571, 37.40275], [128.679687, 37.403449], [128.679605, 37.404266], [128.679399, 37.404956], [128.67894, 37.405615], [128.678479, 37.406314], [128.678069, 37.406833], [128.676808, 37.408307], [128.676063, 37.409154], [128.672982, 37.413407], [128.672217, 37.414353], [128.671417, 37.415207], [128.670376, 37.416131], [128.66955, 37.416823], [128.667822, 37.418063], [128.667143, 37.4185], [128.666582, 37.418807], [128.665875, 37.419066], [128.665053, 37.419267], [128.663208, 37.419662], [128.66271, 37.41977], [128.661218, 37.420054], [128.660151, 37.420196], [128.659337, 37.420254], [128.658263, 37.420269], [128.656727, 37.420302], [128.656162, 37.420387], [128.655801, 37.420476], [128.655042, 37.420747], [128.652461, 37.421777], [128.651933, 37.422027], [128.651568, 37.422249], [128.651273, 37.422513], [128.650792, 37.423007], [128.648289, 37.42558], [128.647234, 37.426679], [128.646886, 37.427095], [128.646517, 37.427639], [128.645172, 37.429917], [128.644973, 37.430373], [128.644856, 37.430832], [128.6448, 37.431275], [128.644835, 37.431688], [128.644947, 37.432225], [128.645178, 37.432786], [128.646447, 37.43506], [128.647275, 37.436526], [128.648124, 37.437959], [128.648368, 37.43823], [128.648634, 37.438442], [128.648973, 37.438603], [128.649411, 37.438834], [128.650064, 37.439127], [128.652258, 37.440114], [128.652585, 37.440276], [128.65289, 37.440466], [128.65314, 37.440644], [128.653363, 37.440832], [128.653537, 37.441041], [128.653684, 37.441264], [128.654572, 37.443139], [128.655095, 37.444303], [128.655366, 37.444866], [128.655546, 37.445166], [128.655774, 37.445443], [128.656072, 37.445711], [128.656202, 37.445806], [128.656367, 37.445925], [128.659775, 37.448022], [128.660141, 37.448219], [128.660509, 37.448413], [128.660883, 37.448583], [128.661415, 37.448752], [128.662011, 37.448893], [128.665969, 37.449659], [128.666227, 37.449702], [128.668343, 37.450089]]}}, {"type": "Feature", "properties": {"line": "정선선", "from": "나전", "to": "아우라지", "km": 6.387, "down": 1580, "up": 1103, "daily": 7, "density": 7}, "geometry": {"type": "LineString", "coordinates": [[128.668343, 37.450089], [128.675781, 37.45145], [128.676287, 37.451575], [128.676904, 37.451778], [128.677333, 37.451936], [128.677873, 37.452182], [128.67839, 37.452475], [128.678789, 37.452744], [128.679212, 37.453062], [128.679668, 37.453477], [128.680113, 37.454048], [128.680405, 37.45456], [128.680694, 37.455196], [128.680818, 37.455644], [128.680925, 37.456139], [128.680988, 37.456727], [128.681036, 37.457212], [128.681316, 37.459978], [128.681349, 37.460313], [128.681417, 37.460666], [128.681527, 37.461016], [128.6817, 37.46141], [128.681925, 37.461761], [128.68217, 37.462074], [128.682487, 37.462417], [128.682873, 37.462714], [128.683269, 37.462956], [128.683693, 37.463154], [128.68416, 37.463345], [128.684648, 37.463478], [128.68511, 37.463565], [128.685528, 37.463609], [128.685893, 37.463617], [128.686394, 37.463586], [128.687009, 37.463477], [128.68744, 37.463373], [128.687886, 37.463219], [128.688362, 37.463035], [128.688795, 37.462796], [128.68913, 37.462582], [128.690347, 37.461657], [128.690715, 37.461414], [128.691057, 37.461241], [128.691433, 37.461091], [128.691827, 37.460958], [128.692354, 37.460822], [128.692802, 37.460755], [128.693279, 37.460718], [128.695449, 37.460668], [128.696228, 37.460692], [128.696911, 37.460758], [128.69767, 37.460872], [128.698349, 37.461031], [128.699055, 37.461255], [128.699848, 37.461556], [128.700554, 37.461899], [128.706051, 37.465135], [128.706798, 37.465588], [128.707052, 37.465759], [128.707323, 37.465989], [128.707633, 37.466381], [128.707841, 37.466704], [128.707983, 37.467017], [128.70808, 37.467355], [128.708291, 37.468428], [128.708395, 37.468806], [128.708554, 37.469187], [128.708676, 37.469431], [128.708899, 37.469724], [128.70913, 37.469966], [128.709432, 37.470192], [128.709713, 37.470343], [128.710151, 37.470506], [128.710644, 37.470639], [128.713904, 37.471423], [128.715349, 37.471764], [128.715364, 37.471767], [128.715528, 37.471809], [128.718112, 37.472346], [128.718258, 37.472376], [128.719709, 37.472681], [128.722016, 37.473152]]}}, {"type": "Feature", "properties": {"line": "정선선", "from": "아우라지", "to": "구절리", "km": 7.019, "down": -288, "up": -267, "daily": -2, "density": -2, "service": "none", "commuter_trains": 0}, "geometry": {"type": "LineString", "coordinates": [[128.722016, 37.473152], [128.722073, 37.473164], [128.723385, 37.473429], [128.724189, 37.473596], [128.724507, 37.473666], [128.725065, 37.473783], [128.725515, 37.473914], [128.725921, 37.474088], [128.72623, 37.474275], [128.726559, 37.474522], [128.726802, 37.474756], [128.726986, 37.475008], [128.727174, 37.475335], [128.727335, 37.475726], [128.72743, 37.476133], [128.727453, 37.476464], [128.727435, 37.47674], [128.727358, 37.477103], [128.727191, 37.477658], [128.726823, 37.478222], [128.72603, 37.478844], [128.725028, 37.479545], [128.724384, 37.480283], [128.724042, 37.480849], [128.722515, 37.484168], [128.721874, 37.485217], [128.721585, 37.48569], [128.71879, 37.489093], [128.718549, 37.489432], [128.718357, 37.489809], [128.718273, 37.49017], [128.718221, 37.490542], [128.718221, 37.490984], [128.718252, 37.491132], [128.718334, 37.491935], [128.718554, 37.494032], [128.71866, 37.495131], [128.718686, 37.495551], [128.718687, 37.496085], [128.718642, 37.496489], [128.718507, 37.497064], [128.718153, 37.498119], [128.717795, 37.499037], [128.717655, 37.499329], [128.717513, 37.499572], [128.717239, 37.499899], [128.716902, 37.500224], [128.716574, 37.500484], [128.7162, 37.500729], [128.715569, 37.501027], [128.71388, 37.50169], [128.71336, 37.50199], [128.711627, 37.503043], [128.711185, 37.503427], [128.71088, 37.503777], [128.709077, 37.506885], [128.708929, 37.507258], [128.708816, 37.507649], [128.708789, 37.507887], [128.708775, 37.508175], [128.708803, 37.508677], [128.708914, 37.509166], [128.709148, 37.509742], [128.709463, 37.51037], [128.71064, 37.512605], [128.71128, 37.513807], [128.711602, 37.514313], [128.711857, 37.51464], [128.712085, 37.51486], [128.712287, 37.515019], [128.712867, 37.515257], [128.713333, 37.515443], [128.714609, 37.515799], [128.714855, 37.515878], [128.716005, 37.516213], [128.717125, 37.516499], [128.717772, 37.516533], [128.720201, 37.516566], [128.724028, 37.516688], [128.724391, 37.516727], [128.727043, 37.517]]}}, {"type": "Feature", "properties": {"line": "중부내륙선", "from": "부발", "to": "가남", "km": 9.592, "down": 54110, "up": 55309, "daily": 300, "density": 300}, "geometry": {"type": "LineString", "coordinates": [[127.49034, 37.260381], [127.490622, 37.260464], [127.491218, 37.260635], [127.493117, 37.261205], [127.495175, 37.261803], [127.495699, 37.261958], [127.497286, 37.262346], [127.499898, 37.263106], [127.500965, 37.263409], [127.501522, 37.263572], [127.502009, 37.263683], [127.502407, 37.263762], [127.502776, 37.263826], [127.503149, 37.263864], [127.50353, 37.263889], [127.503994, 37.263895], [127.504452, 37.263867], [127.504832, 37.263831], [127.50524, 37.263777], [127.505643, 37.263699], [127.505948, 37.263627], [127.506172, 37.263565], [127.506581, 37.263412], [127.50696, 37.26327], [127.507274, 37.263133], [127.507572, 37.262992], [127.507858, 37.262838], [127.508141, 37.262663], [127.508205, 37.262621], [127.508387, 37.262503], [127.508602, 37.262409], [127.509046, 37.262102], [127.50983, 37.261528], [127.510428, 37.261079], [127.510735, 37.260835], [127.510984, 37.260606], [127.511239, 37.26033], [127.511316, 37.260232], [127.511524, 37.259963], [127.511933, 37.259276], [127.512066, 37.258999], [127.512209, 37.258688], [127.512335, 37.258429], [127.512419, 37.258194], [127.512465, 37.257949], [127.512493, 37.257674], [127.512502, 37.257329], [127.512488, 37.25699], [127.512415, 37.255895], [127.512374, 37.255435], [127.512276, 37.254787], [127.512248, 37.254602], [127.512201, 37.25418], [127.512195, 37.253677], [127.512212, 37.252789], [127.512197, 37.25225], [127.512137, 37.251699], [127.512121, 37.251442], [127.512111, 37.249794], [127.51207, 37.249058], [127.512013, 37.248865], [127.511974, 37.24873], [127.511961, 37.248502], [127.511927, 37.248224], [127.511783, 37.244898], [127.511698, 37.243088], [127.511683, 37.242074], [127.511716, 37.241424], [127.511758, 37.240842], [127.511867, 37.239982], [127.512011, 37.239235], [127.512229, 37.238365], [127.512385, 37.23786], [127.512574, 37.237266], [127.51283, 37.236589], [127.513424, 37.235147], [127.51393, 37.233898], [127.514199, 37.233187], [127.51437, 37.232757], [127.514587, 37.232258], [127.514702, 37.231954], [127.514772, 37.231769], [127.515121, 37.230767], [127.515278, 37.230448], [127.515668, 37.229682], [127.51601, 37.228801], [127.516324, 37.227995], [127.517267, 37.22587], [127.517549, 37.225131], [127.517855, 37.224346], [127.518175, 37.223734], [127.519016, 37.221786], [127.521245, 37.216526], [127.521399, 37.216183], [127.521954, 37.21504], [127.522629, 37.213798], [127.523106, 37.212968], [127.523844, 37.211776], [127.524666, 37.210539], [127.525374, 37.209547], [127.52596, 37.208734], [127.527319, 37.207152], [127.527778, 37.206471], [127.5298, 37.203889], [127.532381, 37.200978], [127.533212, 37.200114], [127.534412, 37.198726], [127.535067, 37.198034], [127.535525, 37.197461]]}}, {"type": "Feature", "properties": {"line": "중부내륙선", "from": "가남", "to": "감곡장호원", "km": 12.176, "down": 55228, "up": 56233, "daily": 305, "density": 305}, "geometry": {"type": "LineString", "coordinates": [[127.535525, 37.197461], [127.53554, 37.197442], [127.535659, 37.197293], [127.536102, 37.196747], [127.536639, 37.196034], [127.536832, 37.195773], [127.537421, 37.195075], [127.537628, 37.194846], [127.537946, 37.194535], [127.538555, 37.193895], [127.539615, 37.19271], [127.540786, 37.191275], [127.541625, 37.190197], [127.544684, 37.186555], [127.546536, 37.184463], [127.547903, 37.182867], [127.549309, 37.181174], [127.550595, 37.179618], [127.552171, 37.178116], [127.553496, 37.176936], [127.553618, 37.176828], [127.554173, 37.176458], [127.555689, 37.175481], [127.556579, 37.174953], [127.557708, 37.174358], [127.558303, 37.174099], [127.558683, 37.173947], [127.559156, 37.17377], [127.559705, 37.173569], [127.56048, 37.173274], [127.561838, 37.172716], [127.565241, 37.171608], [127.565811, 37.171423], [127.566506, 37.171197], [127.567373, 37.170915], [127.568217, 37.170593], [127.569636, 37.170028], [127.570402, 37.169731], [127.571406, 37.16928], [127.572409, 37.16875], [127.57344, 37.168148], [127.573975, 37.167844], [127.575118, 37.16718], [127.577014, 37.166], [127.578093, 37.165317], [127.579859, 37.164217], [127.581744, 37.16305], [127.586168, 37.160323], [127.586683, 37.160005], [127.588299, 37.15899], [127.589144, 37.158468], [127.589989, 37.157945], [127.593016, 37.15611], [127.593493, 37.155822], [127.594834, 37.154978], [127.595956, 37.154284], [127.598033, 37.153], [127.598412, 37.152765], [127.599839, 37.151845], [127.599975, 37.151757], [127.600203, 37.15161], [127.600547, 37.151373], [127.600892, 37.151128], [127.601697, 37.150579], [127.60221, 37.15016], [127.602665, 37.149743], [127.603365, 37.149176], [127.604712, 37.147919], [127.605667, 37.146947], [127.60658, 37.145885], [127.606942, 37.145435], [127.607236, 37.14499], [127.607792, 37.144281], [127.608321, 37.143552], [127.608815, 37.142818], [127.611058, 37.139412], [127.611272, 37.139136], [127.611823, 37.138399], [127.611875, 37.138328], [127.613629, 37.136479], [127.614818, 37.135358], [127.616148, 37.134421], [127.616411, 37.134236], [127.616947, 37.133904], [127.617948, 37.133329], [127.619396, 37.132555], [127.620971, 37.13189], [127.626449, 37.130019], [127.628322, 37.1294], [127.632178, 37.128116], [127.632657, 37.127962], [127.633241, 37.127757], [127.634633, 37.127292], [127.635042, 37.127144], [127.635577, 37.12697], [127.635582, 37.126969]]}}, {"type": "Feature", "properties": {"line": "중부내륙선", "from": "감곡장호원", "to": "앙성온천", "km": 14.664, "down": 52995, "up": 51969, "daily": 288, "density": 288}, "geometry": {"type": "LineString", "coordinates": [[127.635582, 37.126969], [127.639551, 37.125674], [127.640366, 37.125408], [127.641878, 37.124932], [127.643742, 37.124304], [127.645547, 37.123669], [127.646419, 37.123269], [127.647365, 37.122817], [127.648016, 37.122478], [127.650025, 37.121265], [127.650185, 37.121187], [127.651075, 37.120501], [127.653111, 37.118846], [127.65753, 37.114952], [127.657695, 37.114806], [127.657943, 37.114588], [127.659046, 37.113645], [127.662188, 37.110904], [127.663292, 37.109941], [127.664808, 37.108626], [127.667684, 37.106345], [127.67002, 37.104953], [127.671847, 37.104109], [127.673563, 37.103478], [127.675755, 37.102828], [127.677842, 37.102392], [127.679902, 37.102142], [127.68303, 37.10202], [127.698066, 37.101446], [127.719148, 37.100479], [127.734455, 37.099864], [127.74922, 37.099361], [127.765515, 37.098793], [127.766549, 37.098768], [127.769586, 37.098628], [127.770911, 37.098522], [127.772128, 37.098385], [127.772983, 37.098259], [127.773612, 37.098145], [127.775156, 37.097778], [127.776171, 37.097483], [127.777372, 37.097083], [127.777989, 37.096852], [127.778768, 37.096562], [127.779585, 37.096155], [127.780628, 37.095632], [127.781715, 37.095098], [127.782364, 37.094728], [127.783645, 37.094052], [127.786265, 37.092549], [127.787, 37.092128]]}}, {"type": "Feature", "properties": {"line": "중부내륙선", "from": "앙성온천", "to": "충주", "km": 20.469, "down": 49831, "up": 48233, "daily": 269, "density": 269}, "geometry": {"type": "LineString", "coordinates": [[127.787, 37.092128], [127.787029, 37.092112], [127.787765, 37.091691], [127.788475, 37.091273], [127.789525, 37.090656], [127.789924, 37.090389], [127.790458, 37.090083], [127.790969, 37.089778], [127.791487, 37.089503], [127.79576, 37.087058], [127.798185, 37.085684], [127.799074, 37.085189], [127.810604, 37.078594], [127.815933, 37.076032], [127.819414, 37.074733], [127.824634, 37.072969], [127.828948, 37.072029], [127.832425, 37.07144], [127.833139, 37.071233], [127.835318, 37.070911], [127.839479, 37.070456], [127.840417, 37.070365], [127.842094, 37.070201], [127.843305, 37.070091], [127.853169, 37.069083], [127.854835, 37.068939], [127.857304, 37.068714], [127.858239, 37.068592], [127.859276, 37.068457], [127.863976, 37.067975], [127.864931, 37.06789], [127.865274, 37.06786], [127.866028, 37.067777], [127.86673, 37.067701], [127.866993, 37.067674], [127.869544, 37.067434], [127.872332, 37.067192], [127.873821, 37.067024], [127.874696, 37.066905], [127.875693, 37.066736], [127.876875, 37.066467], [127.878049, 37.066155], [127.879395, 37.065693], [127.880679, 37.065196], [127.88169, 37.064734], [127.882478, 37.064349], [127.883602, 37.063705], [127.884591, 37.063076], [127.885441, 37.062488], [127.886624, 37.06157], [127.890256, 37.058657], [127.893191, 37.056282], [127.896133, 37.053928], [127.896678, 37.053491], [127.897039, 37.053188], [127.899449, 37.051252], [127.900563, 37.050364], [127.900851, 37.050127], [127.901167, 37.049854], [127.902542, 37.048768], [127.904194, 37.047436], [127.904651, 37.047067], [127.90506, 37.046732], [127.905368, 37.046484], [127.905456, 37.046414], [127.906633, 37.045468], [127.908948, 37.043608], [127.909315, 37.043327], [127.909751, 37.042968], [127.910272, 37.04251], [127.91082, 37.041993], [127.911208, 37.041581], [127.911586, 37.04111], [127.911981, 37.040554], [127.912291, 37.040051], [127.91252, 37.039621], [127.9127, 37.039219], [127.912915, 37.038631], [127.913071, 37.038096], [127.913161, 37.037701], [127.913228, 37.037218], [127.913274, 37.036799], [127.913293, 37.036364], [127.91328, 37.035792], [127.913235, 37.035132], [127.912877, 37.031567], [127.9127, 37.030417], [127.912579, 37.029174], [127.912503, 37.028723], [127.912284, 37.027258], [127.912154, 37.025885], [127.912088, 37.025181], [127.912085, 37.023779], [127.912122, 37.023066], [127.91229, 37.021447], [127.912344, 37.020967], [127.912415, 37.020454], [127.912744, 37.018476], [127.915303, 37.005153], [127.915701, 37.003135], [127.915766, 37.002789], [127.915996, 37.001295], [127.916073, 37.000593], [127.916128, 37.000042], [127.916432, 36.993898], [127.916459, 36.992802], [127.916441, 36.992376], [127.916409, 36.991928], [127.916367, 36.991501], [127.916295, 36.991092], [127.916205, 36.990726], [127.91608, 36.990312], [127.91595, 36.989959], [127.915763, 36.989516], [127.915585, 36.989155], [127.915421, 36.988826], [127.915159, 36.988358], [127.91193, 36.982443], [127.911301, 36.981357], [127.910861, 36.980549], [127.91022, 36.979406], [127.909748, 36.978543], [127.909342, 36.977816], [127.909212, 36.977599], [127.909116, 36.97745], [127.909007, 36.977284], [127.908945, 36.977191], [127.908887, 36.9771], [127.908328, 36.976251], [127.908276, 36.976171], [127.908122, 36.975923], [127.90804, 36.975791], [127.90787, 36.975484]]}}, {"type": "Feature", "properties": {"line": "중앙선", "from": "경주", "to": "아화", "km": 15.581, "down": 899918, "up": 1615820, "daily": 6892, "density": 6892}, "geometry": {"type": "LineString", "coordinates": [[129.139277, 35.798528], [129.137638, 35.799459], [129.137144, 35.799723], [129.136858, 35.799875], [129.136551, 35.800066], [129.135981, 35.800384], [129.135794, 35.800485], [129.134888, 35.800986], [129.134868, 35.800998], [129.134631, 35.801137], [129.133268, 35.801939], [129.13153, 35.802955], [129.120562, 35.809309], [129.11965, 35.809999], [129.118886, 35.810758], [129.118319, 35.811578], [129.117839, 35.812617], [129.117555, 35.813716], [129.117449, 35.814524], [129.117492, 35.815506], [129.11764, 35.816257], [129.117906, 35.816933], [129.118099, 35.81727], [129.118393, 35.817686], [129.118836, 35.818275], [129.120242, 35.820033], [129.120416, 35.820245], [129.120573, 35.820435], [129.120725, 35.820625], [129.120923, 35.82087], [129.121734, 35.821858], [129.12191, 35.822073], [129.12201, 35.822195], [129.123778, 35.824358], [129.123566, 35.824172], [129.123746, 35.824432], [129.12393, 35.824696], [129.125589, 35.826749], [129.125941, 35.827163], [129.126569, 35.827989], [129.127337, 35.828932], [129.128895, 35.830855], [129.129349, 35.8314], [129.129615, 35.831752], [129.129781, 35.832], [129.129908, 35.832272], [129.129986, 35.832483], [129.130043, 35.832717], [129.130099, 35.832977], [129.130148, 35.833258], [129.130166, 35.83352], [129.130157, 35.833771], [129.130113, 35.834044], [129.13006, 35.834324], [129.129952, 35.834581], [129.129843, 35.834829], [129.129725, 35.835066], [129.12958, 35.835304], [129.1294, 35.835529], [129.129211, 35.835755], [129.128983, 35.835965], [129.128779, 35.836161], [129.128547, 35.836353], [129.128312, 35.836575], [129.128076, 35.836776], [129.127862, 35.836971], [129.127651, 35.837165], [129.126274, 35.838418], [129.123986, 35.840473], [129.121136, 35.843035], [129.120156, 35.843982], [129.11609, 35.848196], [129.115129, 35.849168], [129.114922, 35.849377], [129.114831, 35.84947], [129.114577, 35.849747], [129.103347, 35.862011], [129.100942, 35.864277], [129.098861, 35.865573], [129.096381, 35.866604], [129.09538, 35.86706], [129.082601, 35.872881], [129.07668, 35.875578], [129.076486, 35.875666], [129.074078, 35.876763], [129.073666, 35.876947], [129.073253, 35.87715], [129.072736, 35.877404], [129.07244, 35.877562], [129.068747, 35.879612], [129.06486, 35.882436], [129.064585, 35.882663], [129.063324, 35.883856], [129.06181, 35.885304], [129.061217, 35.885949], [129.05815, 35.88952], [129.057978, 35.889764], [129.057745, 35.890093], [129.05569, 35.892941], [129.054961, 35.893892], [129.053877, 35.895317], [129.053662, 35.8956], [129.052768, 35.896776], [129.052482, 35.897152], [129.051361, 35.898625]]}}, {"type": "Feature", "properties": {"line": "중앙선", "from": "아화", "to": "영천", "km": 15.096, "down": 904089, "up": 1619658, "daily": 6914, "density": 6914}, "geometry": {"type": "LineString", "coordinates": [[129.051361, 35.898625], [129.050735, 35.899448], [129.050286, 35.900034], [129.049608, 35.900923], [129.049466, 35.90111], [129.048588, 35.902251], [129.045554, 35.906293], [129.043773, 35.908743], [129.036729, 35.918336], [129.033983, 35.922547], [129.031756, 35.926835], [129.030245, 35.930269], [129.029751, 35.931384], [129.029096, 35.932863], [129.028548, 35.934101], [129.028421, 35.934387], [129.027367, 35.936764], [129.02546, 35.941064], [129.024263, 35.943764], [129.023114, 35.946332], [129.020331, 35.952801], [129.018389, 35.956601], [129.017822, 35.957503], [129.016904, 35.958716], [129.01575, 35.960135], [129.015607, 35.960338], [129.015432, 35.960563], [129.014582, 35.961402], [129.013927, 35.962026], [129.013248, 35.962541], [129.012628, 35.963016], [129.011985, 35.963493], [129.010907, 35.964198], [129.010247, 35.964634], [129.009407, 35.965103], [129.00815, 35.965749], [129.007522, 35.966034], [129.006431, 35.966497], [129.005336, 35.966921], [129.003837, 35.967423], [129.002565, 35.967805], [129.001496, 35.96808], [129.000288, 35.968321], [128.998839, 35.968527], [128.997423, 35.96869], [128.995607, 35.968829], [128.994495, 35.96884], [128.99293, 35.968813], [128.991139, 35.968703], [128.990543, 35.968653], [128.989784, 35.968569], [128.989027, 35.968467], [128.988413, 35.968375], [128.988134, 35.968328], [128.987805, 35.968272], [128.987442, 35.968199], [128.987177, 35.968145], [128.98692, 35.968084], [128.98665, 35.968021], [128.986387, 35.967954], [128.986108, 35.967884], [128.98567, 35.967771], [128.985257, 35.967652], [128.984939, 35.967557], [128.983999, 35.96725], [128.98068, 35.966191], [128.966805, 35.961991], [128.966464, 35.961893], [128.961618, 35.960499], [128.960453, 35.960242], [128.958866, 35.959986], [128.957144, 35.959769], [128.953933, 35.959606], [128.952128, 35.959517], [128.944936, 35.959275], [128.945, 35.959284], [128.945546, 35.959357], [128.942684, 35.959233], [128.938889, 35.959076]]}}, {"type": "Feature", "properties": {"line": "중앙선", "from": "영천", "to": "의성", "km": 52.276, "down": 532363, "up": 825552, "daily": 3720, "density": 3720, "through": 1}, "geometry": {"type": "LineString", "coordinates": [[128.938889, 35.959076], [128.935742, 35.958946], [128.934871, 35.958914], [128.931347, 35.958783], [128.930812, 35.958763], [128.927515, 35.958617], [128.926482, 35.958574], [128.925914, 35.958575], [128.925292, 35.958589], [128.924809, 35.958618], [128.924255, 35.958679], [128.923441, 35.958866], [128.923043, 35.958989], [128.922481, 35.959193], [128.921723, 35.95959], [128.921384, 35.959799], [128.920904, 35.960134], [128.920487, 35.960458], [128.92018, 35.960764], [128.919966, 35.961022], [128.919537, 35.961578], [128.919128, 35.962366], [128.918951, 35.962705], [128.918686, 35.963243], [128.918533, 35.963591], [128.91757, 35.965159], [128.917081, 35.965991], [128.916217, 35.967463], [128.91586, 35.96807], [128.912849, 35.97286], [128.912588, 35.973276], [128.912134, 35.974001], [128.911145, 35.975403], [128.910223, 35.976389], [128.909213, 35.977209], [128.907963, 35.978121], [128.904738, 35.980403], [128.902676, 35.981939], [128.902437, 35.982109], [128.902322, 35.982191], [128.900522, 35.983616], [128.89984, 35.984214], [128.898861, 35.985101], [128.897629, 35.986274], [128.894852, 35.989348], [128.892457, 35.992923], [128.891936, 35.993796], [128.891306, 35.995059], [128.890397, 35.997041], [128.889755, 35.998958], [128.888527, 36.002475], [128.887648, 36.004883], [128.886756, 36.007359], [128.885765, 36.009257], [128.884625, 36.010763], [128.884552, 36.010855], [128.884211, 36.011286], [128.883846, 36.011762], [128.882946, 36.012949], [128.881773, 36.014173], [128.881234, 36.01469], [128.879128, 36.016695], [128.877585, 36.01801], [128.876466, 36.018942], [128.874617, 36.020505], [128.872535, 36.022316], [128.870993, 36.02365], [128.870412, 36.024099], [128.868713, 36.02524], [128.868384, 36.025458], [128.867908, 36.025776], [128.867245, 36.026219], [128.866407, 36.026748], [128.8646, 36.027768], [128.851284, 36.034872], [128.849204, 36.036214], [128.847441, 36.037574], [128.845433, 36.03924], [128.844305, 36.040332], [128.84357, 36.041126], [128.839932, 36.045536], [128.836629, 36.049459], [128.836359, 36.049782], [128.835251, 36.051127], [128.83444, 36.052246], [128.833039, 36.054009], [128.832678, 36.054477], [128.83024, 36.057435], [128.81586, 36.074432], [128.789705, 36.105755], [128.772385, 36.125373], [128.768694, 36.130625], [128.768413, 36.131025], [128.767576, 36.13223], [128.756637, 36.146932], [128.751267, 36.153498], [128.750781, 36.154165], [128.750694, 36.154285], [128.750598, 36.154418], [128.750532, 36.15451], [128.748749, 36.156894], [128.748335, 36.15746], [128.747557, 36.158508], [128.74721, 36.158981], [128.745746, 36.16097], [128.744125, 36.163171], [128.741337, 36.166926], [128.73804, 36.171405], [128.737348, 36.172356], [128.735196, 36.175031], [128.722805, 36.191956], [128.721926, 36.193134], [128.714778, 36.202636], [128.713657, 36.204183], [128.713401, 36.204589], [128.712888, 36.205407], [128.71142, 36.208207], [128.698045, 36.232267], [128.697922, 36.232531], [128.696561, 36.235021], [128.69549, 36.237039], [128.695162, 36.237675], [128.693965, 36.239926], [128.693831, 36.240187], [128.693535, 36.240689], [128.69209, 36.243401], [128.689554, 36.247831], [128.688377, 36.250608], [128.687816, 36.251749], [128.687669, 36.25202], [128.687634, 36.252085], [128.687375, 36.252553], [128.68723, 36.252817], [128.685641, 36.255668], [128.685502, 36.255918], [128.685155, 36.256554], [128.683488, 36.259564], [128.681144, 36.264327], [128.680689, 36.265684], [128.680421, 36.26639], [128.680197, 36.267412], [128.680056, 36.268155], [128.679911, 36.269714], [128.679914, 36.270966], [128.6799, 36.271659], [128.68005, 36.273575], [128.680963, 36.278072], [128.681303, 36.280146], [128.681472, 36.281032], [128.681617, 36.281573], [128.681967, 36.283022], [128.682029, 36.283207], [128.682102, 36.283388], [128.682739, 36.286641], [128.683023, 36.288286], [128.683458, 36.290284], [128.683771, 36.291437], [128.685308, 36.29932], [128.686715, 36.304213], [128.687296, 36.306182], [128.688234, 36.309436], [128.689834, 36.313871], [128.69021, 36.314775], [128.69108, 36.317087], [128.692431, 36.321212], [128.69247, 36.321392], [128.692723, 36.322119], [128.694706, 36.329059], [128.69507, 36.335815], [128.695068, 36.336351], [128.695058, 36.336598], [128.694957, 36.338334], [128.694833, 36.338894], [128.694731, 36.339463], [128.694618, 36.340394], [128.694334, 36.3432], [128.69428, 36.343623], [128.693993, 36.346172], [128.693956, 36.346424], [128.693797, 36.347784], [128.693757, 36.34812], [128.693697, 36.34875], [128.693679, 36.348932], [128.693669, 36.34901], [128.693547, 36.349389], [128.69342, 36.350464], [128.693077, 36.353356]]}}, {"type": "Feature", "properties": {"line": "중앙선", "from": "의성", "to": "안동", "km": 25.109, "down": 539780, "up": 833684, "daily": 3763, "density": 3763}, "geometry": {"type": "LineString", "coordinates": [[128.693077, 36.353356], [128.692849, 36.35528], [128.692747, 36.355968], [128.692737, 36.35602], [128.692683, 36.356389], [128.692563, 36.35721], [128.692546, 36.357262], [128.692364, 36.357807], [128.692207, 36.358131], [128.692, 36.358508], [128.691394, 36.35934], [128.690171, 36.360495], [128.687576, 36.362949], [128.685561, 36.364849], [128.683857, 36.366451], [128.683308, 36.36702], [128.68295, 36.36739], [128.682755, 36.367716], [128.682447, 36.368364], [128.682265, 36.368915], [128.681974, 36.370671], [128.681796, 36.372159], [128.681564, 36.374099], [128.681344, 36.37646], [128.681112, 36.380639], [128.681088, 36.381073], [128.681079, 36.381233], [128.681052, 36.382816], [128.681046, 36.383189], [128.681522, 36.388389], [128.681542, 36.388502], [128.681558, 36.388631], [128.682799, 36.394795], [128.682843, 36.395041], [128.68285, 36.395283], [128.682904, 36.401916], [128.682856, 36.402436], [128.682745, 36.402949], [128.678962, 36.414518], [128.678818, 36.414904], [128.677449, 36.418282], [128.677307, 36.418571], [128.677121, 36.419133], [128.676863, 36.419964], [128.676839, 36.420055], [128.676172, 36.421606], [128.675404, 36.4235], [128.675323, 36.423699], [128.675117, 36.424266], [128.674539, 36.42596], [128.674432, 36.426272], [128.6739, 36.428275], [128.673496, 36.430444], [128.673183, 36.43244], [128.672925, 36.43424], [128.672866, 36.434578], [128.67258, 36.436725], [128.672348, 36.43888], [128.672143, 36.440299], [128.672075, 36.440868], [128.672052, 36.441017], [128.671653, 36.444133], [128.671347, 36.446223], [128.671094, 36.448318], [128.670771, 36.451065], [128.670738, 36.451268], [128.670432, 36.453164], [128.669895, 36.457028], [128.669777, 36.45792], [128.669756, 36.458084], [128.669699, 36.458512], [128.669689, 36.458587], [128.669661, 36.458799], [128.669543, 36.459697], [128.669235, 36.461936], [128.669204, 36.462165], [128.669191, 36.462261], [128.668866, 36.464628], [128.668783, 36.465233], [128.668769, 36.465333], [128.668685, 36.465943], [128.668486, 36.46739], [128.668227, 36.469323], [128.668084, 36.470377], [128.667949, 36.471268], [128.667945, 36.471365], [128.667848, 36.472216], [128.667745, 36.472972], [128.667633, 36.473368], [128.66753, 36.474117], [128.667476, 36.474506], [128.667327, 36.47576], [128.667222, 36.476879], [128.667201, 36.477105], [128.666842, 36.479609], [128.666546, 36.481711], [128.666057, 36.486118], [128.665809, 36.487988], [128.665767, 36.488304], [128.665757, 36.488412], [128.665705, 36.488964], [128.665641, 36.489932], [128.665575, 36.490917], [128.665582, 36.492993], [128.665625, 36.493649], [128.666245, 36.496155], [128.66641, 36.496819], [128.666824, 36.498503], [128.666916, 36.498813], [128.667134, 36.499549], [128.667516, 36.500837], [128.668301, 36.50336], [128.668518, 36.504066], [128.668788, 36.504941], [128.668974, 36.505546], [128.669227, 36.50633], [128.669487, 36.507135], [128.670175, 36.509529], [128.670198, 36.509609], [128.67032, 36.510084], [128.670426, 36.510498], [128.670494, 36.510766], [128.671217, 36.513766], [128.671316, 36.515012], [128.671341, 36.515405], [128.671358, 36.515765], [128.671446, 36.51762], [128.671539, 36.520093], [128.67172, 36.522311], [128.671724, 36.522357], [128.671753, 36.522892], [128.671841, 36.524536], [128.671879, 36.525238], [128.671959, 36.527234], [128.671991, 36.528701], [128.672014, 36.529742], [128.67209, 36.530843], [128.672163, 36.531911], [128.672299, 36.534031], [128.672313, 36.534332], [128.672352, 36.53514], [128.67236, 36.535327], [128.672768, 36.538133], [128.673108, 36.540551], [128.673374, 36.542556], [128.673776, 36.545113], [128.673942, 36.54615], [128.674146, 36.547421], [128.674344, 36.548742], [128.67477, 36.551095], [128.674852, 36.55163], [128.675203, 36.553925], [128.675222, 36.554135], [128.675322, 36.555214], [128.675487, 36.557002], [128.67558, 36.55932], [128.675549, 36.561777], [128.675515, 36.562821], [128.675288, 36.567111], [128.675147, 36.569728], [128.675115, 36.570298], [128.675069, 36.571114], [128.674899, 36.574143]]}}, {"type": "Feature", "properties": {"line": "중앙선", "from": "안동", "to": "영주", "km": 31.117, "down": 844775, "up": 1139617, "daily": 5437, "density": 5437}, "geometry": {"type": "LineString", "coordinates": [[128.674899, 36.574143], [128.67484, 36.575187], [128.674684, 36.577951], [128.674671, 36.578166], [128.674669, 36.578208], [128.674561, 36.579474], [128.674358, 36.583763], [128.674419, 36.585563], [128.674586, 36.587511], [128.674761, 36.589027], [128.674929, 36.590015], [128.675401, 36.592378], [128.675424, 36.592466], [128.675862, 36.594007], [128.676117, 36.594968], [128.676266, 36.59546], [128.676282, 36.595513], [128.676606, 36.596435], [128.676647, 36.596567], [128.677255, 36.598197], [128.677565, 36.599014], [128.677747, 36.599561], [128.678563, 36.601181], [128.679202, 36.602475], [128.680222, 36.604301], [128.681041, 36.605544], [128.681972, 36.606942], [128.682101, 36.607124], [128.682718, 36.608354], [128.683608, 36.609307], [128.684553, 36.610262], [128.68535, 36.611092], [128.686592, 36.612397], [128.688122, 36.614036], [128.689759, 36.615673], [128.689902, 36.615817], [128.690977, 36.616906], [128.692178, 36.618165], [128.693061, 36.619068], [128.693839, 36.619878], [128.694038, 36.620085], [128.695233, 36.621136], [128.696472, 36.622404], [128.697388, 36.623327], [128.698903, 36.624851], [128.699931, 36.625815], [128.700178, 36.626059], [128.700845, 36.626731], [128.701005, 36.626895], [128.701632, 36.62754], [128.703049, 36.62891], [128.704, 36.629892], [128.705109, 36.63102], [128.705519, 36.631436], [128.70581, 36.631687], [128.705939, 36.631797], [128.706988, 36.632686], [128.707389, 36.633079], [128.707848, 36.633637], [128.708273, 36.634153], [128.708334, 36.634218], [128.70855, 36.634446], [128.710026, 36.635802], [128.711297, 36.637124], [128.711578, 36.63742], [128.712376, 36.63826], [128.71343, 36.639635], [128.714496, 36.641087], [128.715253, 36.642614], [128.716226, 36.64448], [128.7166, 36.645507], [128.717506, 36.648058], [128.718084, 36.650803], [128.71822, 36.653145], [128.71821, 36.654564], [128.718084, 36.656196], [128.717976, 36.656913], [128.71745, 36.659273], [128.717184, 36.660128], [128.71686, 36.661149], [128.716385, 36.662294], [128.716008, 36.663164], [128.71568, 36.663783], [128.714736, 36.665494], [128.714422, 36.66601], [128.713486, 36.667323], [128.712713, 36.668315], [128.712632, 36.668409], [128.711996, 36.669178], [128.711382, 36.669812], [128.710487, 36.670697], [128.709764, 36.671371], [128.709378, 36.671694], [128.708758, 36.672257], [128.708372, 36.67257], [128.707281, 36.673422], [128.706724, 36.673859], [128.706261, 36.674204], [128.705517, 36.674681], [128.705161, 36.674921], [128.70386, 36.675796], [128.701894, 36.677121], [128.699985, 36.678404], [128.69727, 36.680185], [128.697184, 36.680236], [128.696511, 36.680684], [128.68166, 36.690599], [128.655365, 36.708151], [128.653886, 36.709183], [128.652549, 36.710166], [128.651224, 36.711184], [128.650047, 36.712128], [128.648858, 36.713121], [128.647872, 36.71401], [128.646972, 36.714894], [128.646133, 36.715768], [128.64579, 36.716149], [128.645457, 36.716531], [128.644877, 36.717249], [128.644342, 36.717966], [128.642464, 36.720484], [128.642255, 36.720776], [128.635304, 36.730514], [128.63499, 36.730976], [128.634688, 36.731435], [128.634507, 36.731729], [128.634332, 36.732034], [128.634166, 36.732337], [128.633772, 36.733116], [128.633332, 36.73404], [128.633089, 36.734567], [128.632839, 36.735143], [128.632709, 36.735447], [128.632488, 36.735992], [128.632307, 36.736515], [128.632146, 36.73704], [128.631702, 36.738435], [128.631359, 36.739697], [128.631007, 36.740929], [128.630767, 36.742012], [128.630175, 36.744437], [128.62992, 36.745857], [128.62972, 36.747114], [128.629728, 36.747401], [128.629617, 36.748091], [128.629574, 36.749559], [128.62959, 36.750591], [128.629605, 36.750866], [128.629604, 36.751145], [128.630779, 36.756687], [128.631438, 36.758648], [128.634485, 36.76471], [128.63523, 36.766139], [128.63854, 36.77245], [128.639241, 36.773823], [128.63982, 36.775037], [128.640039, 36.775582], [128.640521, 36.776848], [128.64096, 36.778692], [128.64118, 36.780666], [128.641094, 36.783055], [128.641003, 36.783626], [128.640706, 36.784997], [128.640473, 36.785695], [128.640168, 36.786523], [128.639359, 36.788057], [128.639247, 36.788263], [128.638232, 36.78994], [128.637107, 36.791497], [128.635543, 36.793259], [128.633375, 36.795404], [128.632547, 36.796454], [128.632281, 36.796848], [128.632155, 36.797066], [128.631588, 36.798037], [128.63073, 36.799934], [128.630388, 36.800807], [128.630251, 36.801152], [128.629587, 36.802706], [128.629167, 36.803727], [128.628839, 36.804509], [128.628767, 36.804674], [128.628495, 36.805333], [128.628356, 36.805656], [128.628149, 36.806151], [128.627757, 36.806936], [128.626991, 36.808258], [128.625498, 36.810916]]}}, {"type": "Feature", "properties": {"line": "중앙선", "from": "영주", "to": "풍기", "km": 12.562, "down": 1004727, "up": 1167482, "daily": 5951, "density": 5951}, "geometry": {"type": "LineString", "coordinates": [[128.625498, 36.810916], [128.6252, 36.811446], [128.624965, 36.811864], [128.624351, 36.813165], [128.624108, 36.813654], [128.62402, 36.813808], [128.623489, 36.814737], [128.622979, 36.81566], [128.622226, 36.816977], [128.620954, 36.819225], [128.620785, 36.819515], [128.620439, 36.820111], [128.620301, 36.820366], [128.619667, 36.821489], [128.619002, 36.822671], [128.617415, 36.825477], [128.616866, 36.826656], [128.616717, 36.827108], [128.616576, 36.827919], [128.616512, 36.828465], [128.616495, 36.828769], [128.616528, 36.829789], [128.61664, 36.830862], [128.61669, 36.831609], [128.616724, 36.832127], [128.616755, 36.832581], [128.616782, 36.832966], [128.61682, 36.833618], [128.61679, 36.834364], [128.616588, 36.835257], [128.616408, 36.835764], [128.616227, 36.836143], [128.615938, 36.836649], [128.615546, 36.837183], [128.613982, 36.839278], [128.613588, 36.839784], [128.612963, 36.840536], [128.61223, 36.84137], [128.611757, 36.841959], [128.611547, 36.84222], [128.611314, 36.842526], [128.610525, 36.84353], [128.61012, 36.844032], [128.609539, 36.844715], [128.609043, 36.845272], [128.608936, 36.845391], [128.608623, 36.845709], [128.608299, 36.846026], [128.607944, 36.84636], [128.607555, 36.846722], [128.607191, 36.847049], [128.606777, 36.847399], [128.606375, 36.847713], [128.605983, 36.848016], [128.605503, 36.848358], [128.605151, 36.848596], [128.604727, 36.84888], [128.604265, 36.849167], [128.603826, 36.849439], [128.603391, 36.849696], [128.602854, 36.849989], [128.602438, 36.850191], [128.602176, 36.850313], [128.601724, 36.850517], [128.601369, 36.850677], [128.596462, 36.853013], [128.595652, 36.853397], [128.59495, 36.853708], [128.594069, 36.854061], [128.593057, 36.854395], [128.592299, 36.854624], [128.592188, 36.854657], [128.591206, 36.854948], [128.590198, 36.855229], [128.58913, 36.855509], [128.587457, 36.855923], [128.58703, 36.856029], [128.584636, 36.856621], [128.584267, 36.856713], [128.583667, 36.856861], [128.575403, 36.858936], [128.574647, 36.859158], [128.574128, 36.859319], [128.573782, 36.859401], [128.572022, 36.859952], [128.571379, 36.860212], [128.570845, 36.860381], [128.570372, 36.860557], [128.567897, 36.861452], [128.566698, 36.86194], [128.56357, 36.863148], [128.561294, 36.864047], [128.550525, 36.868305], [128.548115, 36.869258], [128.546698, 36.869825], [128.545959, 36.870102], [128.544859, 36.87051], [128.543367, 36.871036], [128.543197, 36.871093], [128.542725, 36.871252], [128.542432, 36.871351], [128.541306, 36.871726], [128.540292, 36.872009], [128.539807, 36.872145], [128.538487, 36.872483], [128.537353, 36.872734], [128.53601, 36.872976], [128.534538, 36.873163], [128.52901, 36.873742], [128.528862, 36.873755], [128.528413, 36.873783], [128.526638, 36.873974], [128.526335, 36.874007], [128.525977, 36.874138], [128.525743, 36.874165], [128.52535, 36.874173], [128.525054, 36.874201], [128.523503, 36.874317]]}}, {"type": "Feature", "properties": {"line": "중앙선", "from": "풍기", "to": "단양", "km": 21.218, "down": 1062243, "up": 1224662, "daily": 6265, "density": 6265}, "geometry": {"type": "LineString", "coordinates": [[128.523503, 36.874317], [128.521834, 36.874441], [128.520657, 36.874592], [128.520508, 36.874607], [128.519165, 36.874727], [128.517957, 36.874866], [128.51617, 36.875102], [128.514554, 36.875362], [128.513162, 36.875638], [128.512674, 36.875745], [128.510098, 36.876397], [128.507547, 36.877077], [128.505316, 36.877587], [128.505127, 36.877645], [128.503159, 36.878037], [128.501296, 36.878381], [128.484249, 36.881434], [128.48166, 36.882013], [128.479658, 36.882561], [128.471626, 36.885734], [128.447216, 36.897622], [128.445033, 36.89852], [128.401212, 36.912249], [128.382343, 36.917702], [128.371815, 36.920979], [128.369795, 36.921979], [128.369011, 36.922367], [128.368342, 36.922699], [128.367171, 36.923278], [128.36468, 36.924674], [128.358829, 36.92872], [128.355136, 36.93233], [128.351955, 36.936384], [128.349241, 36.940616], [128.348373, 36.942429], [128.347328, 36.94603], [128.346649, 36.949621], [128.344975, 36.964811], [128.344675, 36.967], [128.344555, 36.968163], [128.344469, 36.969002], [128.344105, 36.972545], [128.344047, 36.973105]]}}, {"type": "Feature", "properties": {"line": "중앙선", "from": "단양", "to": "제천", "km": 22.399, "down": 1136779, "up": 1300091, "daily": 6676, "density": 6676}, "geometry": {"type": "LineString", "coordinates": [[128.344047, 36.973105], [128.343794, 36.975556], [128.343742, 36.97602], [128.343693, 36.976324], [128.343686, 36.976391], [128.343517, 36.977517], [128.342922, 36.981716], [128.34264, 36.983244], [128.342545, 36.983782], [128.342391, 36.984384], [128.342064, 36.985448], [128.341917, 36.985857], [128.341244, 36.987567], [128.340632, 36.988852], [128.336309, 36.996533], [128.335311, 36.998337], [128.333203, 37.002351], [128.332377, 37.005178], [128.332112, 37.00659], [128.332034, 37.007308], [128.331977, 37.008143], [128.331964, 37.008446], [128.332016, 37.009888], [128.332107, 37.011057], [128.332489, 37.016162], [128.332366, 37.016958], [128.332103, 37.01773], [128.331913, 37.018103], [128.331112, 37.019273], [128.330647, 37.019842], [128.329796, 37.020835], [128.32947, 37.021233], [128.328643, 37.022256], [128.328512, 37.022381], [128.327157, 37.023681], [128.324599, 37.02595], [128.323481, 37.026902], [128.322794, 37.027448], [128.322082, 37.028068], [128.32131, 37.028754], [128.320859, 37.029182], [128.320367, 37.029659], [128.319001, 37.030835], [128.318012, 37.031686], [128.317305, 37.032303], [128.31679, 37.03279], [128.315295, 37.034362], [128.31506, 37.034633], [128.312572, 37.037824], [128.312309, 37.038184], [128.311347, 37.039545], [128.311169, 37.039802], [128.310552, 37.040683], [128.310235, 37.041127], [128.308804, 37.043133], [128.308539, 37.043505], [128.307149, 37.045443], [128.307026, 37.045615], [128.306699, 37.046084], [128.305973, 37.047049], [128.305061, 37.048154], [128.304178, 37.049095], [128.30374, 37.049528], [128.303135, 37.050126], [128.302599, 37.050656], [128.301592, 37.05162], [128.293457, 37.059406], [128.292921, 37.059931], [128.285692, 37.066051], [128.284994, 37.066643], [128.284465, 37.06709], [128.284391, 37.067154], [128.2825, 37.068551], [128.281105, 37.069949], [128.28049, 37.070464], [128.279093, 37.071635], [128.271161, 37.078327], [128.270532, 37.078857], [128.268503, 37.080508], [128.267796, 37.081042], [128.267251, 37.081455], [128.266747, 37.081969], [128.265975, 37.082849], [128.261232, 37.08903], [128.260668, 37.089779], [128.259253, 37.091608], [128.25866, 37.092365], [128.25651, 37.094948], [128.254653, 37.097235], [128.251679, 37.100766], [128.248741, 37.104044], [128.248215, 37.104737], [128.247462, 37.105603], [128.246435, 37.107174], [128.24606, 37.107727], [128.244457, 37.110472], [128.240813, 37.116472], [128.239486, 37.118591], [128.239177, 37.119083], [128.238722, 37.119719], [128.238413, 37.120114], [128.238023, 37.120503], [128.237641, 37.120814], [128.237161, 37.121197], [128.236689, 37.121476], [128.236104, 37.121793], [128.235624, 37.122007], [128.235039, 37.122215], [128.234494, 37.12239], [128.233925, 37.122526], [128.233372, 37.122623], [128.232551, 37.122701], [128.231811, 37.122707], [128.230445, 37.122669], [128.227723, 37.122617], [128.223647, 37.122539], [128.221899, 37.122526], [128.22072, 37.122565], [128.220167, 37.122623], [128.219118, 37.122779], [128.21807, 37.122986], [128.21723, 37.123205], [128.216777, 37.123323], [128.21491, 37.123969], [128.213785, 37.124389], [128.209411, 37.125994], [128.208575, 37.126287], [128.20603, 37.127192]]}}, {"type": "Feature", "properties": {"line": "중앙선", "from": "제천", "to": "봉양", "km": 7.115, "down": 1792206, "up": 1865073, "daily": 10020, "density": 10020}, "geometry": {"type": "LineString", "coordinates": [[128.20603, 37.127192], [128.20321, 37.128195], [128.202938, 37.128297], [128.20217, 37.128619], [128.20136, 37.128958], [128.200408, 37.129297], [128.199395, 37.129689], [128.198675, 37.129915], [128.19811, 37.130022], [128.197613, 37.130083], [128.197404, 37.130106], [128.197119, 37.130118], [128.196794, 37.130121], [128.196535, 37.130113], [128.196176, 37.130101], [128.195756, 37.130058], [128.195059, 37.129942], [128.194263, 37.129748], [128.193804, 37.129593], [128.193027, 37.129245], [128.191015, 37.128287], [128.190727, 37.128164], [128.190303, 37.127983], [128.190273, 37.12797], [128.189168, 37.127656], [128.188238, 37.127534], [128.18627, 37.127368], [128.184795, 37.127176], [128.184619, 37.127169], [128.182103, 37.127069], [128.179599, 37.126998], [128.17482, 37.126796], [128.173019, 37.126752], [128.171805, 37.126708], [128.171763, 37.126707], [128.166773, 37.126551], [128.166013, 37.126517], [128.165133, 37.126435], [128.164063, 37.12629], [128.163556, 37.126163], [128.163357, 37.126113], [128.163072, 37.126016], [128.162461, 37.125801], [128.161695, 37.125506], [128.16042, 37.12494], [128.159456, 37.124507], [128.158376, 37.124128], [128.157613, 37.12385], [128.15628, 37.123447], [128.155821, 37.123355], [128.155354, 37.123315], [128.154916, 37.123314], [128.154497, 37.123353], [128.153957, 37.123442], [128.153516, 37.123522], [128.15089, 37.124434], [128.145878, 37.126174], [128.143223, 37.127285], [128.141582, 37.127922], [128.141038, 37.128065], [128.140801, 37.128121], [128.140535, 37.128178], [128.139928, 37.128299], [128.138869, 37.128479], [128.138015, 37.128617], [128.136578, 37.128852], [128.135011, 37.129113], [128.130992, 37.129785], [128.1297, 37.130001]]}}, {"type": "Feature", "properties": {"line": "중앙선", "from": "봉양", "to": "원주", "km": 30.034, "down": 937050, "up": 925192, "daily": 5102, "density": 5102}, "geometry": {"type": "LineString", "coordinates": [[128.1297, 37.130001], [128.129143, 37.130094], [128.128163, 37.130258], [128.127285, 37.130408], [128.126523, 37.130536], [128.126119, 37.1306], [128.125774, 37.130648], [128.125541, 37.130672], [128.125408, 37.130684], [128.125241, 37.130697], [128.125034, 37.130706], [128.124807, 37.130714], [128.124497, 37.13072], [128.124228, 37.130718], [128.123838, 37.13071], [128.123643, 37.130699], [128.123417, 37.130682], [128.123197, 37.130662], [128.122933, 37.130629], [128.122729, 37.130599], [128.122386, 37.130543], [128.122104, 37.130496], [128.121203, 37.130338], [128.121003, 37.130311], [128.115377, 37.129394], [128.115057, 37.129373], [128.114644, 37.129353], [128.112162, 37.129218], [128.110386, 37.129177], [128.109144, 37.129208], [128.108801, 37.129242], [128.108271, 37.129283], [128.105871, 37.129563], [128.103208, 37.130006], [128.101, 37.130476], [128.100451, 37.13061], [128.099722, 37.130765], [128.098865, 37.131014], [128.095464, 37.132264], [128.094988, 37.132472], [128.094301, 37.132797], [128.031324, 37.174989], [128.015494, 37.186404], [128.005724, 37.193626], [128.004267, 37.194954], [127.999706, 37.199114], [127.999448, 37.199321], [127.998702, 37.199873], [127.998332, 37.200166], [127.99811, 37.200357], [127.997949, 37.200505], [127.997742, 37.200695], [127.997537, 37.200942], [127.997391, 37.201138], [127.997333, 37.201213], [127.994769, 37.203959], [127.993797, 37.204972], [127.99353, 37.205368], [127.991734, 37.208892], [127.987609, 37.217154], [127.983262, 37.227658], [127.976867, 37.244197], [127.955615, 37.299842], [127.954114, 37.302885], [127.952913, 37.30473], [127.951368, 37.306677], [127.949314, 37.308609], [127.946809, 37.310234], [127.943757, 37.311703], [127.93803, 37.31438], [127.937049, 37.314828], [127.936005, 37.315252], [127.93585, 37.315307], [127.935417, 37.315466], [127.934913, 37.315631], [127.934468, 37.315758], [127.933868, 37.315893], [127.933097, 37.316036], [127.932219, 37.316175], [127.931461, 37.316249], [127.930817, 37.31629], [127.930079, 37.316324], [127.928477, 37.316373], [127.927947, 37.316376], [127.927325, 37.316382], [127.926766, 37.316388], [127.92517, 37.316391], [127.922821, 37.316389]]}}, {"type": "Feature", "properties": {"line": "중앙선", "from": "원주", "to": "서원주", "km": 8.417, "down": 1185041, "up": 1191542, "daily": 6511, "density": 6511}, "geometry": {"type": "LineString", "coordinates": [[127.922821, 37.316389], [127.922115, 37.316389], [127.919052, 37.316364], [127.918852, 37.316362], [127.918777, 37.316361], [127.917642, 37.316353], [127.908463, 37.316381], [127.906941, 37.316395], [127.90565, 37.316468], [127.905104, 37.316513], [127.904683, 37.316565], [127.90373, 37.316726], [127.90281, 37.316923], [127.901631, 37.317205], [127.900925, 37.317448], [127.89998, 37.317787], [127.895228, 37.319811], [127.892974, 37.320872], [127.891825, 37.321404], [127.891428, 37.321589], [127.890158, 37.32219], [127.88908, 37.322697], [127.888139, 37.323124], [127.886053, 37.32407], [127.87238, 37.330298], [127.868056, 37.332371], [127.86689, 37.332926], [127.866241, 37.333247], [127.865759, 37.333461], [127.860126, 37.33606], [127.859489, 37.336343], [127.855084, 37.338363], [127.854542, 37.338634], [127.854377, 37.338716], [127.854124, 37.338867], [127.853924, 37.338987], [127.853531, 37.339222], [127.852653, 37.339712], [127.851273, 37.3406], [127.850724, 37.340974], [127.849675, 37.341625], [127.848388, 37.342448], [127.848197, 37.34257], [127.847665, 37.34291], [127.847161, 37.34326], [127.84597, 37.344099], [127.845634, 37.34434], [127.845176, 37.344659], [127.844614, 37.345022], [127.843329, 37.345904], [127.842915, 37.346181], [127.842354, 37.346547], [127.839379, 37.348514]]}}, {"type": "Feature", "properties": {"line": "중앙선", "from": "서원주", "to": "삼산", "km": 7.207, "down": 3148148, "up": 3070392, "daily": 17037, "density": 17037}, "geometry": {"type": "LineString", "coordinates": [[127.839379, 37.348514], [127.839291, 37.348572], [127.838112, 37.349358], [127.836677, 37.350263], [127.836157, 37.350611], [127.83547, 37.35107], [127.835295, 37.351186], [127.834746, 37.351549], [127.83459, 37.351653], [127.829466, 37.355068], [127.827674, 37.356269], [127.816074, 37.364556], [127.815929, 37.364682], [127.812759, 37.367465], [127.812363, 37.367801], [127.811973, 37.368157], [127.810536, 37.369346], [127.809586, 37.370173], [127.804661, 37.374386], [127.803002, 37.375834], [127.802743, 37.376057], [127.802225, 37.376508], [127.802101, 37.376616], [127.801884, 37.376806], [127.801578, 37.377072], [127.800534, 37.37794], [127.797623, 37.380437], [127.797498, 37.380544], [127.797374, 37.380652], [127.797157, 37.38084], [127.795853, 37.382018], [127.790108, 37.387074], [127.789417, 37.387565], [127.788677, 37.387965], [127.788075, 37.388245], [127.787478, 37.388511], [127.783881, 37.390222], [127.783429, 37.390437], [127.783371, 37.390466], [127.781321, 37.39148], [127.779717, 37.392262]]}}, {"type": "Feature", "properties": {"line": "중앙선", "from": "삼산", "to": "양동", "km": 3.91, "down": 3149576, "up": 3071910, "daily": 17045, "density": 17045}, "geometry": {"type": "LineString", "coordinates": [[127.779717, 37.392262], [127.779531, 37.392353], [127.779161, 37.392503], [127.778204, 37.392969], [127.777169, 37.393451], [127.776767, 37.393644], [127.776671, 37.39369], [127.775357, 37.394397], [127.773637, 37.395287], [127.771699, 37.396289], [127.771467, 37.396418], [127.771242, 37.396542], [127.770936, 37.396731], [127.770628, 37.396953], [127.770394, 37.397168], [127.769899, 37.397628], [127.769638, 37.39791], [127.769389, 37.39824], [127.76719, 37.401196], [127.766999, 37.401446], [127.766019, 37.402772], [127.764643, 37.404717], [127.763062, 37.406926], [127.762215, 37.408144], [127.761442, 37.409286], [127.760241, 37.411255], [127.759661, 37.412225], [127.759543, 37.412422], [127.758791, 37.413696], [127.757456, 37.415855], [127.757182, 37.416295], [127.756491, 37.417407], [127.755847, 37.418518], [127.754755, 37.420265]]}}, {"type": "Feature", "properties": {"line": "중앙선", "from": "양동", "to": "매곡", "km": 3.023, "down": 3216454, "up": 3136226, "daily": 17405, "density": 17405}, "geometry": {"type": "LineString", "coordinates": [[127.754755, 37.420265], [127.753724, 37.421913], [127.753097, 37.422934], [127.752916, 37.423245], [127.752871, 37.423322], [127.752841, 37.423375], [127.749639, 37.428437], [127.749058, 37.429237], [127.748414, 37.43], [127.748232, 37.430178], [127.748062, 37.430345], [127.747611, 37.430779], [127.746891, 37.431328], [127.746294, 37.431736], [127.745369, 37.432292], [127.744342, 37.432804], [127.743408, 37.433182], [127.742427, 37.433501], [127.73871, 37.434502], [127.736356, 37.435061], [127.735883, 37.435172], [127.734673, 37.435457], [127.734006, 37.435615], [127.731658, 37.436197], [127.730139, 37.436573]]}}, {"type": "Feature", "properties": {"line": "중앙선", "from": "매곡", "to": "일신", "km": 3.762, "down": 3220243, "up": 3139914, "daily": 17425, "density": 17425}, "geometry": {"type": "LineString", "coordinates": [[127.730139, 37.436573], [127.728935, 37.436871], [127.728469, 37.436986], [127.726588, 37.437452], [127.722138, 37.438598], [127.721552, 37.438741], [127.694357, 37.444308], [127.693788, 37.444414], [127.692691, 37.44462], [127.691799, 37.444788], [127.69131, 37.44488], [127.690279, 37.445075], [127.688993, 37.44532]]}}, {"type": "Feature", "properties": {"line": "중앙선", "from": "일신", "to": "석불", "km": 3.458, "down": 3225124, "up": 3144631, "daily": 17451, "density": 17451}, "geometry": {"type": "LineString", "coordinates": [[127.688993, 37.44532], [127.688119, 37.445487], [127.68647, 37.445889], [127.685807, 37.445991], [127.684286, 37.446275], [127.672245, 37.450345], [127.670816, 37.450972], [127.661634, 37.455303], [127.661417, 37.455439], [127.660324, 37.456123], [127.655722, 37.45942], [127.65493, 37.459965]]}}, {"type": "Feature", "properties": {"line": "중앙선", "from": "석불", "to": "지평", "km": 2.953, "down": 3227840, "up": 3146955, "daily": 17465, "density": 17465}, "geometry": {"type": "LineString", "coordinates": [[127.65493, 37.459965], [127.653973, 37.460622], [127.650256, 37.463085], [127.640227, 37.469812], [127.63918, 37.470526], [127.638869, 37.470717], [127.636006, 37.472498], [127.635028, 37.473084], [127.633022, 37.474359], [127.632778, 37.474517], [127.632429, 37.47474], [127.631414, 37.475356], [127.629057, 37.476802]]}}, {"type": "Feature", "properties": {"line": "중앙선", "from": "지평", "to": "용문", "km": 3.583, "down": 3240643, "up": 3159929, "daily": 17536, "density": 17536}, "geometry": {"type": "LineString", "coordinates": [[127.629057, 37.476802], [127.627573, 37.477712], [127.627173, 37.477964], [127.625957, 37.47872], [127.625911, 37.47875], [127.625332, 37.479099], [127.625023, 37.479261], [127.623177, 37.480373], [127.62254, 37.480765], [127.621757, 37.481257], [127.619191, 37.482787], [127.613414, 37.486301], [127.612812, 37.48665], [127.612072, 37.487017], [127.611292, 37.487288], [127.610479, 37.487501], [127.609983, 37.487585], [127.609847, 37.4876], [127.609389, 37.48765], [127.608909, 37.48768], [127.608793, 37.487687], [127.608218, 37.487699], [127.60762, 37.487654], [127.607102, 37.487573], [127.606565, 37.487447], [127.606075, 37.487291], [127.604622, 37.486652], [127.597419, 37.483453], [127.595896, 37.482761], [127.594665, 37.482208]]}}, {"type": "Feature", "properties": {"line": "중앙선", "from": "용문", "to": "양평", "km": 10.522, "down": 3296554, "up": 3224260, "daily": 17865, "density": 17865, "through": 1}, "geometry": {"type": "LineString", "coordinates": [[127.594665, 37.482208], [127.594655, 37.482204], [127.594304, 37.482047], [127.593402, 37.481637], [127.592849, 37.481386], [127.592424, 37.481191], [127.589096, 37.479686], [127.589049, 37.479666], [127.588979, 37.479634], [127.583784, 37.477285], [127.583611, 37.477206], [127.576259, 37.473407], [127.575732, 37.473118], [127.57435, 37.472352], [127.571212, 37.470542], [127.570369, 37.470126], [127.569641, 37.469812], [127.568845, 37.46949], [127.568634, 37.469405], [127.567969, 37.4692], [127.565289, 37.468376], [127.56474, 37.468239], [127.564197, 37.468114], [127.563609, 37.467996], [127.562985, 37.467889], [127.562073, 37.467736], [127.560759, 37.467561], [127.559761, 37.467455], [127.558527, 37.467412], [127.556958, 37.467411], [127.555818, 37.467418], [127.554763, 37.467477], [127.553922, 37.467563], [127.552703, 37.467733], [127.551466, 37.468013], [127.549628, 37.468307], [127.546864, 37.468744], [127.545454, 37.468967], [127.544758, 37.469077], [127.542478, 37.469425], [127.540967, 37.469713], [127.540578, 37.469777], [127.539945, 37.46978], [127.53802, 37.470133], [127.536233, 37.470653], [127.535095, 37.471073], [127.534486, 37.471341], [127.533746, 37.471693], [127.531953, 37.472643], [127.530713, 37.473363], [127.529801, 37.474032], [127.529064, 37.474687], [127.528736, 37.47504], [127.526628, 37.477308], [127.526178, 37.477804], [127.525424, 37.478649], [127.524794, 37.479294], [127.524421, 37.479628], [127.524042, 37.479953], [127.523474, 37.480344], [127.522945, 37.480673], [127.52235, 37.480986], [127.521795, 37.481232], [127.521108, 37.481506], [127.520515, 37.481701], [127.519822, 37.481893], [127.519128, 37.482043], [127.518409, 37.482184], [127.51768, 37.482298], [127.514524, 37.482798], [127.510466, 37.483441], [127.500862, 37.484988], [127.49995, 37.48514], [127.499083, 37.485397], [127.49857, 37.485583], [127.497976, 37.485867], [127.497477, 37.486148], [127.497064, 37.48647], [127.496425, 37.487003], [127.495811, 37.487713], [127.494471, 37.489396], [127.493387, 37.490904], [127.493106, 37.491269], [127.4928, 37.491662], [127.491877, 37.492837]]}}, {"type": "Feature", "properties": {"line": "중앙선", "from": "양평", "to": "덕소", "km": 30.655, "down": 3544588, "up": 3495520, "daily": 19288, "density": 19288, "through": 8}, "geometry": {"type": "LineString", "coordinates": [[127.491877, 37.492837], [127.489967, 37.495268], [127.4895, 37.495863], [127.488928, 37.496605], [127.488754, 37.496832], [127.488511, 37.497133], [127.487152, 37.498851], [127.486431, 37.499518], [127.485687, 37.500212], [127.484861, 37.500915], [127.484026, 37.501544], [127.48396, 37.501586], [127.483839, 37.501665], [127.483302, 37.502002], [127.482646, 37.502411], [127.481882, 37.502873], [127.481223, 37.503249], [127.480451, 37.503658], [127.479653, 37.504045], [127.478625, 37.504505], [127.477745, 37.504871], [127.476732, 37.505242], [127.475686, 37.505628], [127.474945, 37.505881], [127.473886, 37.506143], [127.472669, 37.506444], [127.472007, 37.506608], [127.468167, 37.507554], [127.466875, 37.507878], [127.464645, 37.50844], [127.464386, 37.508504], [127.4536, 37.511233], [127.453396, 37.51128], [127.44884, 37.512495], [127.448436, 37.512603], [127.447823, 37.51274], [127.447407, 37.512845], [127.443217, 37.513901], [127.442149, 37.51417], [127.441088, 37.514437], [127.439861, 37.514761], [127.438609, 37.515045], [127.438491, 37.515075], [127.436159, 37.51566], [127.434989, 37.51594], [127.429159, 37.517455], [127.426735, 37.517981], [127.424428, 37.518391], [127.423194, 37.518537], [127.422432, 37.518627], [127.420477, 37.518782], [127.418144, 37.518884], [127.415992, 37.51888], [127.414264, 37.518818], [127.413392, 37.518763], [127.413079, 37.518732], [127.412359, 37.518669], [127.411011, 37.518515], [127.410546, 37.518456], [127.409596, 37.518325], [127.408692, 37.518164], [127.406747, 37.517794], [127.403174, 37.517017], [127.403019, 37.516983], [127.40187, 37.516706], [127.400395, 37.516384], [127.39934, 37.51615], [127.398246, 37.515907], [127.397445, 37.51573], [127.395622, 37.515332], [127.394214, 37.515016], [127.394093, 37.514989], [127.392963, 37.514751], [127.391046, 37.514353], [127.390238, 37.514198], [127.38964, 37.514102], [127.388949, 37.514039], [127.388398, 37.51402], [127.387854, 37.514035], [127.386927, 37.51408], [127.385975, 37.514208], [127.385168, 37.514364], [127.384521, 37.514545], [127.383718, 37.514845], [127.383445, 37.514962], [127.382203, 37.515506], [127.38174, 37.515727], [127.3813, 37.515962], [127.380899, 37.516213], [127.380469, 37.516506], [127.380049, 37.516828], [127.379666, 37.517173], [127.379264, 37.517614], [127.378817, 37.518142], [127.377978, 37.519182], [127.376509, 37.521145], [127.376101, 37.521712], [127.374513, 37.523677], [127.372685, 37.525962], [127.372462, 37.52624], [127.372392, 37.526328], [127.371569, 37.527316], [127.371066, 37.527936], [127.370875, 37.52817], [127.368985, 37.530548], [127.368788, 37.530797], [127.36842, 37.531195], [127.368084, 37.531579], [127.367701, 37.53197], [127.367296, 37.532351], [127.366759, 37.532863], [127.366308, 37.533219], [127.365302, 37.533895], [127.364695, 37.534263], [127.364443, 37.534407], [127.363716, 37.534788], [127.362896, 37.535171], [127.362097, 37.535485], [127.361066, 37.53586], [127.360298, 37.536101], [127.359354, 37.536357], [127.354927, 37.537543], [127.354855, 37.537563], [127.353828, 37.53786], [127.353666, 37.537904], [127.336257, 37.542617], [127.336043, 37.542726], [127.335634, 37.542886], [127.335363, 37.543003], [127.335039, 37.543137], [127.334722, 37.543292], [127.332759, 37.544187], [127.332028, 37.54455], [127.33194, 37.544593], [127.331649, 37.544746], [127.330014, 37.545527], [127.329, 37.546005], [127.328142, 37.54641], [127.327932, 37.546509], [127.324613, 37.548068], [127.324563, 37.548095], [127.321914, 37.549349], [127.320298, 37.550114], [127.312721, 37.553497], [127.310918, 37.554306], [127.309864, 37.554773], [127.309496, 37.554936], [127.308969, 37.555176], [127.308834, 37.555237], [127.306988, 37.556058], [127.306559, 37.556251], [127.305982, 37.556496], [127.304873, 37.557004], [127.304264, 37.557256], [127.303949, 37.557366], [127.303422, 37.55755], [127.303132, 37.557637], [127.302514, 37.557795], [127.301822, 37.557922], [127.301433, 37.557992], [127.301001, 37.558059], [127.300401, 37.55811], [127.299837, 37.558137], [127.29933, 37.558142], [127.298158, 37.558056], [127.296869, 37.557908], [127.295552, 37.557656], [127.294243, 37.557302], [127.292822, 37.556808], [127.260441, 37.544019], [127.25954, 37.543713], [127.258692, 37.543475], [127.257909, 37.543313], [127.256858, 37.543186], [127.255774, 37.543135], [127.254787, 37.54316], [127.253886, 37.543237], [127.252866, 37.543388], [127.251974, 37.543605], [127.251875, 37.543637], [127.251245, 37.543838], [127.250017, 37.54432], [127.24766, 37.5454], [127.247192, 37.545625], [127.247112, 37.545667], [127.246789, 37.545812], [127.246217, 37.546067], [127.245329, 37.546528], [127.244985, 37.546715], [127.244607, 37.546939], [127.244208, 37.547186], [127.244019, 37.547315], [127.243793, 37.547474], [127.24373, 37.547518], [127.243413, 37.547757], [127.243084, 37.548029], [127.242981, 37.548122], [127.242811, 37.54828], [127.242517, 37.548571], [127.241952, 37.549183], [127.24168, 37.549509], [127.241487, 37.549781], [127.241125, 37.550338], [127.240889, 37.550721], [127.24054, 37.5513], [127.240334, 37.551645], [127.240133, 37.551977], [127.239886, 37.552401], [127.239755, 37.55261], [127.23937, 37.553263], [127.239029, 37.553843], [127.238314, 37.555066], [127.238125, 37.555425], [127.238051, 37.555563], [127.237971, 37.555711], [127.237214, 37.557208], [127.236799, 37.558052], [127.23646, 37.55875], [127.23557, 37.560598], [127.235319, 37.561118], [127.234988, 37.561793], [127.234947, 37.561878], [127.233896, 37.564041], [127.233852, 37.564131], [127.233412, 37.565052], [127.232527, 37.566922], [127.232241, 37.567555], [127.232002, 37.568119], [127.231891, 37.568396], [127.231772, 37.5687], [127.231698, 37.568901], [127.231568, 37.569245], [127.231249, 37.57014], [127.230536, 37.572249], [127.230068, 37.573639], [127.22996, 37.573964], [127.229875, 37.574197], [127.229643, 37.574782], [127.229523, 37.575045], [127.229392, 37.575292], [127.229267, 37.575503], [127.229049, 37.575828], [127.228968, 37.57596], [127.228784, 37.576191], [127.228586, 37.576431], [127.228371, 37.576668], [127.228142, 37.576903], [127.227801, 37.577223], [127.22767, 37.57736], [127.227416, 37.577553], [127.227112, 37.577775], [127.226771, 37.578005], [127.226301, 37.578283], [127.226014, 37.57844], [127.225687, 37.578611], [127.225333, 37.578774], [127.224833, 37.578965], [127.224134, 37.579202], [127.22267, 37.57962], [127.221758, 37.579881], [127.221528, 37.579947], [127.221002, 37.580113], [127.220723, 37.580204], [127.220296, 37.580365], [127.21998, 37.580496], [127.219702, 37.580621], [127.219438, 37.580753], [127.219119, 37.580934], [127.215759, 37.58305], [127.215571, 37.583152], [127.214831, 37.583578], [127.213803, 37.584146], [127.21308, 37.58456], [127.212872, 37.584675], [127.212335, 37.584968], [127.212048, 37.585121], [127.211635, 37.585344], [127.208808, 37.586891]]}}, {"type": "Feature", "properties": {"line": "중앙선", "from": "덕소", "to": "망우", "km": 12.554, "down": 3507758, "up": 3452960, "daily": 19070, "density": 19070, "through": 3}, "geometry": {"type": "LineString", "coordinates": [[127.208808, 37.586891], [127.208808, 37.586891], [127.20766, 37.587519], [127.207306, 37.587712], [127.206627, 37.588085], [127.206117, 37.588361], [127.205977, 37.588435], [127.205371, 37.588762], [127.205123, 37.588898], [127.203994, 37.589533], [127.203398, 37.589885], [127.20313, 37.590059], [127.202811, 37.590287], [127.202473, 37.590538], [127.202112, 37.590839], [127.201782, 37.591127], [127.201469, 37.591433], [127.201298, 37.591603], [127.201149, 37.591775], [127.200889, 37.592081], [127.200623, 37.59243], [127.200513, 37.592584], [127.200315, 37.5929], [127.200065, 37.593299], [127.199849, 37.593702], [127.199783, 37.59383], [127.199637, 37.594103], [127.199435, 37.594484], [127.199232, 37.594905], [127.199012, 37.595327], [127.198805, 37.595749], [127.198681, 37.595989], [127.198598, 37.596168], [127.198374, 37.596599], [127.198174, 37.597002], [127.197973, 37.59743], [127.197777, 37.597839], [127.197568, 37.598263], [127.197365, 37.598669], [127.197149, 37.599094], [127.196939, 37.599506], [127.196729, 37.599934], [127.196516, 37.600344], [127.196353, 37.600674], [127.19631, 37.60076], [127.196102, 37.601179], [127.195992, 37.601382], [127.195956, 37.601466], [127.195829, 37.601741], [127.195713, 37.601961], [127.195598, 37.602175], [127.19558, 37.602207], [127.195519, 37.602341], [127.195446, 37.602491], [127.195409, 37.602565], [127.195311, 37.60275], [127.1952, 37.602958], [127.194904, 37.603516], [127.194703, 37.603868], [127.194608, 37.604018], [127.194543, 37.604121], [127.194368, 37.604372], [127.194054, 37.604816], [127.193873, 37.605066], [127.193866, 37.605074], [127.193639, 37.605355], [127.193383, 37.605672], [127.193332, 37.605735], [127.193136, 37.605973], [127.192972, 37.606173], [127.192932, 37.606216], [127.192763, 37.606424], [127.192573, 37.606649], [127.192551, 37.606678], [127.192288, 37.60699], [127.192025, 37.607325], [127.191982, 37.607377], [127.191909, 37.607468], [127.191675, 37.607753], [127.191357, 37.608145], [127.19111, 37.60845], [127.190802, 37.608824], [127.190429, 37.609277], [127.190121, 37.60965], [127.189789, 37.610033], [127.18948, 37.610389], [127.189387, 37.610496], [127.189132, 37.610769], [127.188796, 37.611115], [127.188427, 37.611479], [127.188037, 37.611803], [127.18786, 37.611937], [127.187614, 37.612133], [127.1872, 37.612428], [127.187016, 37.612555], [127.186743, 37.612731], [127.186393, 37.61294], [127.186348, 37.612964], [127.185953, 37.613178], [127.185519, 37.613389], [127.185065, 37.613582], [127.184599, 37.613767], [127.184135, 37.613925], [127.183649, 37.614068], [127.183505, 37.614109], [127.183255, 37.614167], [127.182978, 37.614234], [127.182669, 37.614309], [127.182554, 37.614333], [127.18211, 37.614412], [127.181607, 37.614479], [127.181114, 37.614534], [127.180589, 37.614572], [127.18008, 37.614592], [127.179521, 37.614589], [127.178988, 37.61457], [127.178498, 37.614529], [127.178151, 37.614496], [127.177804, 37.614452], [127.177319, 37.61437], [127.17674, 37.614255], [127.176217, 37.614127], [127.175691, 37.613989], [127.174612, 37.613667], [127.174109, 37.613517], [127.173564, 37.613361], [127.17098, 37.612597], [127.170854, 37.612558], [127.170335, 37.612398], [127.169843, 37.612246], [127.169371, 37.612095], [127.16884, 37.611925], [127.168324, 37.611754], [127.167805, 37.611575], [127.167289, 37.611394], [127.166779, 37.6112], [127.166293, 37.611001], [127.165826, 37.610802], [127.165737, 37.610764], [127.165373, 37.610606], [127.165013, 37.61045], [127.164545, 37.610243], [127.164161, 37.610075], [127.163946, 37.60998], [127.163378, 37.609729], [127.163013, 37.609571], [127.162666, 37.609416], [127.162313, 37.609263], [127.161934, 37.609091], [127.161617, 37.608956], [127.161219, 37.608777], [127.161197, 37.608768], [127.160685, 37.608548], [127.160512, 37.608474], [127.160132, 37.608306], [127.159638, 37.608087], [127.159133, 37.607868], [127.158739, 37.607693], [127.158355, 37.607522], [127.157994, 37.607365], [127.157689, 37.607225], [127.157437, 37.607119], [127.157159, 37.606996], [127.156927, 37.606898], [127.15674, 37.606818], [127.156506, 37.606715], [127.156254, 37.606604], [127.156149, 37.606558], [127.155959, 37.606473], [127.155483, 37.60627], [127.155112, 37.606112], [127.154765, 37.605975], [127.154356, 37.605827], [127.153774, 37.605651], [127.153395, 37.605541], [127.153019, 37.605447], [127.152613, 37.605362], [127.152038, 37.605231], [127.151512, 37.605106], [127.150965, 37.604991], [127.15047, 37.60488], [127.150371, 37.604858], [127.149353, 37.604623], [127.149039, 37.60455], [127.148719, 37.604476], [127.148404, 37.604405], [127.148091, 37.604333], [127.147764, 37.604257], [127.147485, 37.604192], [127.147301, 37.604152], [127.1468, 37.604039], [127.146297, 37.603922], [127.146121, 37.603882], [127.146012, 37.603856], [127.145903, 37.60383], [127.145813, 37.603809], [127.145374, 37.603707], [127.145282, 37.60369], [127.144923, 37.603607], [127.144523, 37.603518], [127.143379, 37.60324], [127.142927, 37.60313], [127.141895, 37.602912], [127.141644, 37.602854], [127.141394, 37.602798], [127.141249, 37.602766], [127.141131, 37.602738], [127.140891, 37.602682], [127.140419, 37.602577], [127.139913, 37.602481], [127.139406, 37.602392], [127.139137, 37.602354], [127.138879, 37.602331], [127.138638, 37.602319], [127.138357, 37.602306], [127.138095, 37.602303], [127.137831, 37.60231], [127.137545, 37.602332], [127.137311, 37.602349], [127.137068, 37.602381], [127.136813, 37.602428], [127.136309, 37.602524], [127.135819, 37.602648], [127.135314, 37.602778], [127.134973, 37.602877], [127.134736, 37.602937], [127.134235, 37.603083], [127.133748, 37.603225], [127.133257, 37.603368], [127.132881, 37.603478], [127.132404, 37.60362], [127.132132, 37.603701], [127.131993, 37.603745], [127.131567, 37.603867], [127.131325, 37.603935], [127.122984, 37.60641], [127.121535, 37.606759], [127.120001, 37.607056], [127.118671, 37.607252], [127.117255, 37.607362], [127.115995, 37.607429], [127.11474, 37.60747], [127.113756, 37.607477], [127.113497, 37.607467], [127.113023, 37.60744], [127.112504, 37.607398], [127.111949, 37.607346], [127.111389, 37.607286], [127.110807, 37.607208], [127.110267, 37.607108], [127.109763, 37.607017], [127.109267, 37.606918], [127.108715, 37.606787], [127.108336, 37.606697], [127.107427, 37.606466], [127.107231, 37.606416], [127.1069, 37.606329], [127.106364, 37.606168], [127.105882, 37.606035], [127.105477, 37.605909], [127.105055, 37.605749], [127.104717, 37.605605], [127.104387, 37.605447], [127.104085, 37.60528], [127.103782, 37.60509], [127.103452, 37.60485], [127.103128, 37.604587], [127.102867, 37.604347], [127.102505, 37.604018], [127.102233, 37.603762], [127.101951, 37.603504], [127.101588, 37.603211], [127.101288, 37.602996], [127.100973, 37.602797], [127.100716, 37.602652], [127.100426, 37.602505], [127.100246, 37.602416], [127.100006, 37.602314], [127.099551, 37.602128], [127.099085, 37.601956], [127.098872, 37.601877], [127.098586, 37.601766], [127.098326, 37.601665], [127.098003, 37.601544], [127.097762, 37.601453], [127.097547, 37.601367], [127.097326, 37.601288], [127.097067, 37.601186], [127.096774, 37.601076], [127.096495, 37.600972], [127.095746, 37.600684], [127.095431, 37.600568], [127.095029, 37.600406], [127.094653, 37.600243], [127.094357, 37.600115], [127.094279, 37.600081], [127.093916, 37.599925], [127.093531, 37.599758], [127.093134, 37.599599], [127.092116, 37.59921]]}}, {"type": "Feature", "properties": {"line": "중앙선", "from": "망우", "to": "상봉", "km": 0.621, "down": 3666589, "up": 3440587, "daily": 19472, "density": 19472}, "geometry": {"type": "LineString", "coordinates": [[127.092116, 37.59921], [127.091629, 37.599024], [127.090618, 37.598646], [127.090103, 37.598447], [127.08979, 37.598332], [127.089677, 37.59829], [127.089192, 37.598105], [127.088848, 37.597972], [127.088687, 37.597914], [127.088492, 37.597841], [127.088136, 37.597706], [127.08777, 37.597567], [127.087468, 37.597456], [127.087188, 37.597351], [127.086933, 37.597264], [127.086586, 37.597145], [127.086123, 37.597009], [127.085731, 37.596895], [127.08571, 37.59689]]}}, {"type": "Feature", "properties": {"line": "중앙선", "from": "상봉", "to": "청량리", "km": 3.92, "down": 3482795, "up": 3224043, "daily": 18375, "density": 18375, "through": 2}, "geometry": {"type": "LineString", "coordinates": [[127.08571, 37.59689], [127.085291, 37.596788], [127.084883, 37.59669], [127.08466, 37.596636], [127.084367, 37.596568], [127.084314, 37.596556], [127.083993, 37.596483], [127.083643, 37.596417], [127.083303, 37.596349], [127.082998, 37.596292], [127.082545, 37.596205], [127.082172, 37.596137], [127.081838, 37.596075], [127.081548, 37.596025], [127.081515, 37.596017], [127.081053, 37.595929], [127.080653, 37.595852], [127.080617, 37.595846], [127.080072, 37.595735], [127.07963, 37.595642], [127.079394, 37.595601], [127.078896, 37.595502], [127.078854, 37.595489], [127.078375, 37.595394], [127.077883, 37.595295], [127.077407, 37.59519], [127.076318, 37.594956], [127.074922, 37.594655], [127.07451, 37.594569], [127.074225, 37.594504], [127.074214, 37.594501], [127.073965, 37.594451], [127.073521, 37.594355], [127.073082, 37.594256], [127.072659, 37.594166], [127.072139, 37.594055], [127.071626, 37.593941], [127.071125, 37.593835], [127.070617, 37.593729], [127.07022, 37.593646], [127.069825, 37.593559], [127.069426, 37.593474], [127.068902, 37.593358], [127.068486, 37.593263], [127.068442, 37.593253], [127.068431, 37.59325], [127.06793, 37.593148], [127.067435, 37.593039], [127.06692, 37.592922], [127.066413, 37.592809], [127.065892, 37.592694], [127.06542, 37.592596], [127.064905, 37.592487], [127.064409, 37.592374], [127.063928, 37.59227], [127.063434, 37.592155], [127.063039, 37.592056], [127.062984, 37.59204], [127.062617, 37.591933], [127.062254, 37.591806], [127.061822, 37.591631], [127.061465, 37.591468], [127.061065, 37.591269], [127.060757, 37.591104], [127.060657, 37.591053], [127.0602, 37.590809], [127.05978, 37.590582], [127.05943, 37.590371], [127.05904, 37.590128], [127.058903, 37.590041], [127.058844, 37.590005], [127.05861, 37.589866], [127.057712, 37.589392], [127.057523, 37.589292], [127.057296, 37.589168], [127.057096, 37.589065], [127.056647, 37.588853], [127.056514, 37.5888], [127.056123, 37.588622], [127.05573, 37.58845], [127.055343, 37.588251], [127.05495, 37.588019], [127.054475, 37.587721], [127.054151, 37.587498], [127.053827, 37.587276], [127.053519, 37.587024], [127.053215, 37.586767], [127.052928, 37.586499], [127.052648, 37.586224], [127.052434, 37.58598], [127.052278, 37.585796], [127.052127, 37.585611], [127.051829, 37.585216], [127.05169, 37.58504], [127.051581, 37.5849], [127.051419, 37.584703], [127.051311, 37.58457], [127.051217, 37.584456], [127.051209, 37.584446], [127.05108, 37.584277], [127.050912, 37.584064], [127.050847, 37.583982], [127.050718, 37.583816], [127.050506, 37.58355], [127.050481, 37.583513], [127.050371, 37.583345], [127.05026, 37.583175], [127.050191, 37.583072], [127.050094, 37.582916], [127.049981, 37.582737], [127.049858, 37.582546], [127.049714, 37.582335], [127.049612, 37.5822], [127.049375, 37.581886], [127.048452, 37.580661]]}}, {"type": "Feature", "properties": {"line": "충북선", "from": "조치원", "to": "오송", "km": 4.387, "down": 0, "up": 0, "daily": 0, "density": 0}, "geometry": {"type": "LineString", "coordinates": [[127.296138, 36.601107], [127.295595, 36.60396], [127.295543, 36.6042], [127.295461, 36.604405], [127.295427, 36.604577], [127.295376, 36.604864], [127.295301, 36.605331], [127.295261, 36.605594], [127.295218, 36.60584], [127.295151, 36.606181], [127.295044, 36.606762], [127.295004, 36.606992], [127.29493, 36.607522], [127.294944, 36.607861], [127.294995, 36.608227], [127.295082, 36.608585], [127.295172, 36.608853], [127.295326, 36.609342], [127.295721, 36.610496], [127.295921, 36.610952], [127.295967, 36.611022], [127.296104, 36.611272], [127.296252, 36.611464], [127.296272, 36.611495], [127.296448, 36.611708], [127.296632, 36.611905], [127.296888, 36.612139], [127.297123, 36.612302], [127.297438, 36.612508], [127.297752, 36.612663], [127.29813, 36.612824], [127.298449, 36.612928], [127.299427, 36.613217], [127.300324, 36.613467], [127.300432, 36.613499], [127.302052, 36.613969], [127.30252, 36.614094], [127.303056, 36.614234], [127.303494, 36.614329], [127.303772, 36.614368], [127.304083, 36.6144], [127.304432, 36.614415], [127.304669, 36.614407], [127.305011, 36.614377], [127.305254, 36.614343], [127.305439, 36.614316], [127.305637, 36.614274], [127.305858, 36.614227], [127.306099, 36.614171], [127.306549, 36.614064], [127.309235, 36.61342], [127.309561, 36.613336], [127.309823, 36.613276], [127.310101, 36.613226], [127.310373, 36.613183], [127.310668, 36.61315], [127.311079, 36.613135], [127.311395, 36.613144], [127.311647, 36.61316], [127.311951, 36.613191], [127.31277, 36.613273], [127.312949, 36.613292], [127.315519, 36.613567], [127.315901, 36.613605], [127.316185, 36.613636], [127.316398, 36.613664], [127.316627, 36.613697], [127.316851, 36.61374], [127.317061, 36.613788], [127.317296, 36.613849], [127.317503, 36.613912], [127.317711, 36.613984], [127.317908, 36.614055], [127.318097, 36.614143], [127.318207, 36.614196], [127.318365, 36.614283], [127.318474, 36.614349], [127.318621, 36.614441], [127.318791, 36.614556], [127.319158, 36.614812], [127.319862, 36.615334], [127.319956, 36.615401], [127.320091, 36.615509], [127.320217, 36.615616], [127.320363, 36.61574], [127.320612, 36.615924], [127.320659, 36.615958], [127.320916, 36.616143], [127.320985, 36.616192], [127.321358, 36.616463], [127.321618, 36.616651], [127.32215, 36.617036], [127.324266, 36.618572], [127.325555, 36.619525], [127.327005, 36.620555]]}}, {"type": "Feature", "properties": {"line": "충북선", "from": "오송", "to": "청주", "km": 7.214, "down": 1005549, "up": 1001997, "daily": 5500, "density": 5500}, "geometry": {"type": "LineString", "coordinates": [[127.327005, 36.620555], [127.327408, 36.620841], [127.327469, 36.620883], [127.328138, 36.62137], [127.328606, 36.621709], [127.329341, 36.622241], [127.329982, 36.622703], [127.330314, 36.622945], [127.330501, 36.62308], [127.331484, 36.62379], [127.331642, 36.623899], [127.331808, 36.624007], [127.331984, 36.624115], [127.332075, 36.624168], [127.332165, 36.624217], [127.332261, 36.624267], [127.332361, 36.624317], [127.332488, 36.624375], [127.3326, 36.624423], [127.332691, 36.624459], [127.332797, 36.624499], [127.332978, 36.624561], [127.333196, 36.624624], [127.333319, 36.624655], [127.333485, 36.624693], [127.33363, 36.624721], [127.333776, 36.624745], [127.33391, 36.624763], [127.334055, 36.624779], [127.334259, 36.624793], [127.334424, 36.6248], [127.334654, 36.624805], [127.334916, 36.624804], [127.335151, 36.624799], [127.335734, 36.624779], [127.337073, 36.624733], [127.338867, 36.624647], [127.342922, 36.624562], [127.349295, 36.624342], [127.353269, 36.624208], [127.357491, 36.624048], [127.357956, 36.624038], [127.358243, 36.624041], [127.358513, 36.624051], [127.358853, 36.624074], [127.359137, 36.624102], [127.359564, 36.624144], [127.359834, 36.624177], [127.360137, 36.624219], [127.360632, 36.624315], [127.36127, 36.624491], [127.363195, 36.625216], [127.364985, 36.625919], [127.366642, 36.626572], [127.366907, 36.626676], [127.36742, 36.626878], [127.370116, 36.627933], [127.37049, 36.628099], [127.370606, 36.628156], [127.370801, 36.628251], [127.371357, 36.628584], [127.371971, 36.629039], [127.372586, 36.629531], [127.373188, 36.63001], [127.373535, 36.63026], [127.37362, 36.630312], [127.373933, 36.630536], [127.374313, 36.630788], [127.374606, 36.630966], [127.375075, 36.631227], [127.375498, 36.631459], [127.375782, 36.631604], [127.376381, 36.631884], [127.376935, 36.632121], [127.377595, 36.632381], [127.378087, 36.632552], [127.378631, 36.632733], [127.379195, 36.632931], [127.379695, 36.63309], [127.380204, 36.63326], [127.380849, 36.633541], [127.381275, 36.633781], [127.38144, 36.633897], [127.381746, 36.63413], [127.382143, 36.634435], [127.382524, 36.634751], [127.38298, 36.635117], [127.383358, 36.635433], [127.383827, 36.635811], [127.384195, 36.636085], [127.384301, 36.636174], [127.384719, 36.636502], [127.385065, 36.636777], [127.385375, 36.63704], [127.385736, 36.637387], [127.386054, 36.637761], [127.386355, 36.638168], [127.386735, 36.63872], [127.387053, 36.639183], [127.387334, 36.639602], [127.387682, 36.640102], [127.387824, 36.64032], [127.38802, 36.640639], [127.388288, 36.641102], [127.388551, 36.64158], [127.388796, 36.64201], [127.389054, 36.642489], [127.38933, 36.642987], [127.389578, 36.643453], [127.390284, 36.644776], [127.390502, 36.645163], [127.391272, 36.646549], [127.39171, 36.647344]]}}, {"type": "Feature", "properties": {"line": "충북선", "from": "청주", "to": "오근장", "km": 10.365, "down": 1044585, "up": 1048694, "daily": 5735, "density": 5735}, "geometry": {"type": "LineString", "coordinates": [[127.39171, 36.647344], [127.392194, 36.648224], [127.393493, 36.650613], [127.393928, 36.651445], [127.394553, 36.652558], [127.394958, 36.653222], [127.395354, 36.65369], [127.395726, 36.65403], [127.396224, 36.654374], [127.3973, 36.654956], [127.397738, 36.655168], [127.397802, 36.655201], [127.398904, 36.65576], [127.4004, 36.656534], [127.402079, 36.657386], [127.403091, 36.657899], [127.403948, 36.658336], [127.40428, 36.658505], [127.404974, 36.658861], [127.405643, 36.659199], [127.406708, 36.659753], [127.407082, 36.659943], [127.407661, 36.66023], [127.40825, 36.660515], [127.408806, 36.660756], [127.409312, 36.660957], [127.410031, 36.661221], [127.410911, 36.661482], [127.41175, 36.661687], [127.412553, 36.66185], [127.413376, 36.661985], [127.414262, 36.662106], [127.415073, 36.662208], [127.416042, 36.66234], [127.417144, 36.662487], [127.418061, 36.662602], [127.418431, 36.662649], [127.419821, 36.662855], [127.420787, 36.662981], [127.421334, 36.66306], [127.422492, 36.663226], [127.42331, 36.663327], [127.424169, 36.663435], [127.42466, 36.663498], [127.425734, 36.66365], [127.426636, 36.663763], [127.42694, 36.663802], [127.427601, 36.663866], [127.428762, 36.663958], [127.429558, 36.664014], [127.430078, 36.664047], [127.431209, 36.664109], [127.432131, 36.664163], [127.432834, 36.664212], [127.433469, 36.664276], [127.433885, 36.664358], [127.434576, 36.664553], [127.435118, 36.664771], [127.436318, 36.665329], [127.437202, 36.665761], [127.438525, 36.666377], [127.4392, 36.666698], [127.439491, 36.666838], [127.4396, 36.666886], [127.440217, 36.667186], [127.441146, 36.667631], [127.442152, 36.668113], [127.442958, 36.66849], [127.443491, 36.668776], [127.444739, 36.669478], [127.445349, 36.669863], [127.446713, 36.670672], [127.448002, 36.671426], [127.449815, 36.672501], [127.451301, 36.673386], [127.452706, 36.674207], [127.45361, 36.674718], [127.455456, 36.675819], [127.456441, 36.676407], [127.457292, 36.67691], [127.458765, 36.677779], [127.459861, 36.678422], [127.460801, 36.679043], [127.461688, 36.679748], [127.462211, 36.680223], [127.4624, 36.680394], [127.46311, 36.681151], [127.463794, 36.682], [127.464472, 36.682819], [127.465464, 36.684037], [127.46637, 36.685153], [127.467768, 36.686926], [127.46808, 36.687371], [127.469207, 36.688727], [127.469679, 36.689312], [127.470076, 36.689835], [127.470449, 36.690438], [127.470587, 36.690712], [127.470692, 36.690963], [127.470983, 36.691766], [127.471459, 36.6933], [127.471695, 36.693905], [127.472059, 36.694491], [127.472423, 36.694943], [127.473089, 36.695606], [127.474063, 36.696492], [127.474333, 36.696717], [127.474939, 36.697277], [127.475248, 36.697572], [127.475467, 36.69778], [127.476045, 36.698322], [127.476605, 36.698837], [127.477206, 36.699404], [127.477753, 36.699923], [127.477784, 36.699951]]}}, {"type": "Feature", "properties": {"line": "충북선", "from": "오근장", "to": "청주공항", "km": 2.816, "down": 1073806, "up": 1073297, "daily": 5882, "density": 5882}, "geometry": {"type": "LineString", "coordinates": [[127.477784, 36.699951], [127.47837, 36.700486], [127.478779, 36.700862], [127.479247, 36.701294], [127.479646, 36.701665], [127.479932, 36.701925], [127.480602, 36.702566], [127.48142, 36.703332], [127.481739, 36.70369], [127.482025, 36.704047], [127.48223, 36.704374], [127.48239, 36.704694], [127.482517, 36.704992], [127.482575, 36.70526], [127.482671, 36.705661], [127.482723, 36.705999], [127.482758, 36.706295], [127.482759, 36.70666], [127.482738, 36.70713], [127.482695, 36.707531], [127.48263, 36.708065], [127.48257, 36.708485], [127.48251, 36.708987], [127.482436, 36.709801], [127.482453, 36.710184], [127.482492, 36.710474], [127.482591, 36.711044], [127.482715, 36.71168], [127.482807, 36.712125], [127.482949, 36.7128], [127.483101, 36.713305], [127.48326, 36.7137], [127.483466, 36.714012], [127.483671, 36.714253], [127.483904, 36.714517], [127.484244, 36.714849], [127.484651, 36.715181], [127.484802, 36.7153], [127.484953, 36.715419], [127.485338, 36.715723], [127.4868, 36.716909], [127.487606, 36.717578], [127.487971, 36.717972], [127.488229, 36.718347], [127.488459, 36.718753], [127.488612, 36.719087], [127.488813, 36.719612], [127.489402, 36.721217], [127.489584, 36.721725], [127.489604, 36.721781], [127.489613, 36.721805]]}}, {"type": "Feature", "properties": {"line": "충북선", "from": "청주공항", "to": "증평", "km": 12.312, "down": 1056031, "up": 1058765, "daily": 5794, "density": 5794, "through": 1}, "geometry": {"type": "LineString", "coordinates": [[127.489613, 36.721805], [127.48978, 36.722272], [127.490109, 36.72321], [127.49028, 36.723689], [127.490376, 36.723924], [127.490477, 36.724157], [127.49054, 36.724284], [127.490607, 36.724404], [127.490676, 36.724523], [127.490747, 36.724637], [127.49081, 36.724742], [127.490881, 36.724839], [127.491029, 36.725036], [127.491128, 36.725154], [127.491236, 36.725269], [127.491359, 36.725392], [127.491471, 36.7255], [127.491608, 36.725616], [127.491806, 36.725776], [127.491972, 36.7259], [127.492448, 36.726225], [127.492968, 36.726491], [127.495049, 36.727393], [127.496196, 36.727907], [127.496624, 36.728057], [127.497184, 36.72823], [127.497729, 36.728341], [127.498493, 36.728383], [127.49901, 36.728389], [127.499611, 36.72833], [127.499882, 36.728301], [127.500519, 36.72819], [127.501375, 36.728034], [127.50197, 36.727952], [127.502544, 36.727856], [127.503728, 36.72765], [127.505133, 36.727411], [127.506169, 36.727233], [127.507277, 36.727076], [127.507668, 36.727052], [127.508352, 36.727063], [127.50891, 36.727117], [127.509784, 36.727226], [127.510409, 36.727312], [127.511453, 36.727448], [127.512807, 36.727622], [127.513811, 36.727747], [127.514425, 36.727828], [127.515139, 36.727921], [127.515208, 36.727931], [127.515439, 36.727951], [127.51646, 36.728097], [127.517362, 36.728198], [127.518199, 36.728303], [127.518899, 36.728344], [127.519776, 36.728366], [127.520835, 36.728364], [127.521948, 36.728346], [127.523142, 36.728333], [127.524233, 36.728323], [127.525398, 36.728318], [127.5257, 36.72833], [127.526564, 36.728364], [127.527943, 36.728428], [127.529102, 36.728499], [127.529459, 36.728515], [127.530027, 36.72854], [127.530963, 36.728581], [127.531972, 36.728624], [127.532603, 36.728656], [127.533109, 36.728682], [127.534174, 36.728729], [127.535054, 36.728772], [127.535764, 36.728809], [127.536175, 36.72883], [127.536902, 36.728862], [127.53728, 36.728879], [127.537553, 36.72889], [127.538352, 36.728921], [127.539495, 36.728974], [127.539965, 36.72902], [127.540479, 36.72909], [127.541101, 36.729263], [127.541424, 36.729396], [127.541747, 36.72953], [127.542225, 36.729804], [127.542561, 36.730038], [127.542951, 36.730403], [127.543258, 36.730784], [127.543504, 36.731169], [127.543691, 36.731558], [127.543862, 36.732013], [127.543994, 36.73247], [127.544207, 36.733181], [127.544329, 36.733609], [127.544386, 36.733795], [127.544534, 36.734282], [127.544736, 36.73494], [127.544893, 36.735475], [127.54542, 36.737263], [127.545629, 36.737937], [127.545987, 36.738726], [127.546381, 36.739523], [127.546582, 36.73996], [127.546651, 36.74011], [127.546722, 36.740265], [127.547119, 36.741103], [127.547716, 36.742378], [127.547779, 36.742513], [127.549707, 36.746567], [127.550038, 36.747499], [127.550169, 36.74823], [127.550208, 36.748487], [127.550622, 36.75125], [127.550729, 36.751688], [127.550899, 36.752167], [127.551219, 36.752705], [127.551441, 36.752975], [127.551787, 36.753313], [127.552102, 36.753572], [127.552515, 36.753832], [127.552917, 36.754022], [127.55425, 36.754586], [127.556403, 36.755478], [127.557465, 36.755947], [127.557907, 36.756193], [127.558348, 36.756473], [127.558712, 36.756765], [127.559063, 36.757096], [127.559205, 36.757269], [127.559406, 36.757511], [127.559707, 36.757975], [127.559864, 36.758271], [127.560046, 36.758707], [127.560172, 36.759132], [127.560438, 36.760031], [127.56091, 36.761771], [127.561171, 36.762764], [127.561365, 36.763249], [127.561503, 36.763591], [127.561706, 36.763978], [127.562134, 36.764867], [127.562592, 36.765757], [127.563052, 36.766672], [127.563937, 36.76843], [127.564116, 36.768823], [127.564324, 36.76917], [127.564547, 36.769538], [127.564759, 36.769799], [127.565013, 36.77008], [127.565368, 36.770403], [127.565839, 36.770689], [127.56619, 36.770912], [127.566483, 36.771068], [127.567105, 36.771357], [127.567877, 36.771708], [127.568435, 36.771987], [127.568752, 36.772119], [127.56923, 36.772301], [127.571631, 36.773362], [127.573515, 36.774186], [127.574881, 36.774787], [127.576074, 36.775299], [127.576483, 36.775467], [127.577202, 36.775722], [127.578362, 36.776111], [127.579707, 36.77655], [127.580609, 36.776857], [127.58102, 36.776998], [127.581225, 36.777068], [127.583159, 36.777765], [127.583981, 36.778029]]}}, {"type": "Feature", "properties": {"line": "충북선", "from": "증평", "to": "음성", "km": 23.319, "down": 1009089, "up": 1005663, "daily": 5520, "density": 5520, "through": 1}, "geometry": {"type": "LineString", "coordinates": [[127.583981, 36.778029], [127.58569, 36.778577], [127.587154, 36.779029], [127.58793, 36.779316], [127.588726, 36.779594], [127.589087, 36.779717], [127.589692, 36.779879], [127.590083, 36.779958], [127.59056, 36.780022], [127.591007, 36.780073], [127.591622, 36.780141], [127.592387, 36.780222], [127.592644, 36.780245], [127.59355, 36.780337], [127.595083, 36.780461], [127.596304, 36.780586], [127.597274, 36.780688], [127.598297, 36.780778], [127.599546, 36.780895], [127.601032, 36.781054], [127.603191, 36.781258], [127.605025, 36.781462], [127.606621, 36.781621], [127.607631, 36.78173], [127.607934, 36.781762], [127.608528, 36.78185], [127.609073, 36.781969], [127.609523, 36.782097], [127.609965, 36.782261], [127.610461, 36.782471], [127.611099, 36.78286], [127.61154, 36.783151], [127.612218, 36.78376], [127.61249, 36.784051], [127.612786, 36.784435], [127.612944, 36.784692], [127.613115, 36.784976], [127.613288, 36.785348], [127.613409, 36.785619], [127.613553, 36.785988], [127.613705, 36.786382], [127.613998, 36.787067], [127.614159, 36.787438], [127.614438, 36.788107], [127.614756, 36.788904], [127.614917, 36.789283], [127.615117, 36.789761], [127.615283, 36.79019], [127.615439, 36.790563], [127.615616, 36.791021], [127.615784, 36.791383], [127.615886, 36.791652], [127.616053, 36.792065], [127.616223, 36.792501], [127.61671, 36.793643], [127.617113, 36.794562], [127.617379, 36.795311], [127.61758, 36.796043], [127.617764, 36.796924], [127.617944, 36.797791], [127.618027, 36.798246], [127.618152, 36.798908], [127.61841, 36.800094], [127.618552, 36.800791], [127.618679, 36.801401], [127.618842, 36.802389], [127.618862, 36.802734], [127.618808, 36.803311], [127.618758, 36.803611], [127.618581, 36.804197], [127.61849, 36.8044], [127.61828, 36.804907], [127.618082, 36.80539], [127.617852, 36.805937], [127.617701, 36.806327], [127.617618, 36.806501], [127.617538, 36.806694], [127.617392, 36.807048], [127.617102, 36.807739], [127.617031, 36.808049], [127.616832, 36.808538], [127.61664, 36.808979], [127.616442, 36.809458], [127.61624, 36.809935], [127.616117, 36.810246], [127.615957, 36.810608], [127.615807, 36.810952], [127.61558, 36.811502], [127.615487, 36.8117], [127.615457, 36.811763], [127.615233, 36.812204], [127.614994, 36.812768], [127.61452, 36.813916], [127.614394, 36.81421], [127.614262, 36.814519], [127.613897, 36.815374], [127.613391, 36.816569], [127.613333, 36.816744], [127.613233, 36.817021], [127.613022, 36.817515], [127.612225, 36.819197], [127.611512, 36.821], [127.61072, 36.822874], [127.610697, 36.822917], [127.610686, 36.823165], [127.610627, 36.823499], [127.610625, 36.823791], [127.610659, 36.824137], [127.610754, 36.824565], [127.610934, 36.825033], [127.611913, 36.826792], [127.612128, 36.827171], [127.612622, 36.82803], [127.613271, 36.829258], [127.61347, 36.829722], [127.613615, 36.830336], [127.613754, 36.831538], [127.614178, 36.834621], [127.614242, 36.83502], [127.614441, 36.835857], [127.615224, 36.837982], [127.617139, 36.847358], [127.617241, 36.847848], [127.617327, 36.848105], [127.617504, 36.848457], [127.617756, 36.848831], [127.620245, 36.852445], [127.621039, 36.853557], [127.621324, 36.853935], [127.621608, 36.85427], [127.621833, 36.854476], [127.622155, 36.854763], [127.622488, 36.854991], [127.622874, 36.85527], [127.62333, 36.85554], [127.623684, 36.855716], [127.625647, 36.856695], [127.62583, 36.856802], [127.626264, 36.857072], [127.626527, 36.857244], [127.628104, 36.858467], [127.628651, 36.858854], [127.629016, 36.859098], [127.629365, 36.859296], [127.629783, 36.859485], [127.630212, 36.859631], [127.63062, 36.859742], [127.631022, 36.859806], [127.632047, 36.859927], [127.633007, 36.86003], [127.633544, 36.860141], [127.633973, 36.860274], [127.634343, 36.860438], [127.634681, 36.860609], [127.635099, 36.86085], [127.635775, 36.861305], [127.643682, 36.866133], [127.643924, 36.866309], [127.644675, 36.866965], [127.646933, 36.869201], [127.647152, 36.869421], [127.647969, 36.87024], [127.649471, 36.871695], [127.649927, 36.872163], [127.650307, 36.872493], [127.650543, 36.872665], [127.650881, 36.872879], [127.65097, 36.872928], [127.651032, 36.872961], [127.653397, 36.874094], [127.654598, 36.874628], [127.656227, 36.875399], [127.65649, 36.875511], [127.656994, 36.875743], [127.657305, 36.875892], [127.657665, 36.876055], [127.658083, 36.876242], [127.658391, 36.876378], [127.658456, 36.87641], [127.65851, 36.876439], [127.658841, 36.876578], [127.659174, 36.876722], [127.659559, 36.876891], [127.659804, 36.876981], [127.660027, 36.877063], [127.660365, 36.877215], [127.66065, 36.877338], [127.662465, 36.878146], [127.662749, 36.878277], [127.663753, 36.878715], [127.664209, 36.878895], [127.664644, 36.879046], [127.665121, 36.879191], [127.665626, 36.879295], [127.666033, 36.87935], [127.666446, 36.87938], [127.666881, 36.879385], [127.667742, 36.879335], [127.671113, 36.87914], [127.674233, 36.878981], [127.675273, 36.878902], [127.675533, 36.878902], [127.675982, 36.878904], [127.676336, 36.878904], [127.677172, 36.878985], [127.678122, 36.879209], [127.679307, 36.879709], [127.680155, 36.880344], [127.680839, 36.881062], [127.681268, 36.882041], [127.681662, 36.882916], [127.681995, 36.883873], [127.683138, 36.887498], [127.683851, 36.889506], [127.683975, 36.890703], [127.683846, 36.891506], [127.683234, 36.893486], [127.683119, 36.894043], [127.683105, 36.894541], [127.683194, 36.895105], [127.68362, 36.896435], [127.683883, 36.897173], [127.683926, 36.897292], [127.686287, 36.903925], [127.686742, 36.905062], [127.687311, 36.905928], [127.688373, 36.907112], [127.688647, 36.907404], [127.689108, 36.907949], [127.689688, 36.908931], [127.68979, 36.90915], [127.689881, 36.909452], [127.689975, 36.910063], [127.689892, 36.91334], [127.689934, 36.913731], [127.689988, 36.913919], [127.690358, 36.914837], [127.692193, 36.917449], [127.69385, 36.919808], [127.694017, 36.92007], [127.695385, 36.922012], [127.696019, 36.922911], [127.696486, 36.923481], [127.697006, 36.923983], [127.697768, 36.924485], [127.698787, 36.924926], [127.699978, 36.925214], [127.70022, 36.925246], [127.700863, 36.925334], [127.701931, 36.92548], [127.703936, 36.925754]]}}, {"type": "Feature", "properties": {"line": "충북선", "from": "음성", "to": "주덕", "km": 12.63, "down": 971421, "up": 967452, "daily": 5312, "density": 5312, "through": 1}, "geometry": {"type": "LineString", "coordinates": [[127.703936, 36.925754], [127.705783, 36.926007], [127.709102, 36.926454], [127.709301, 36.926481], [127.712048, 36.926852], [127.712333, 36.92689], [127.713935, 36.927095], [127.714438, 36.927155], [127.717385, 36.927541], [127.721429, 36.928057], [127.72199, 36.928062], [127.7225, 36.928033], [127.723644, 36.927846], [127.725523, 36.927361], [127.72635, 36.927177], [127.727013, 36.927158], [127.730107, 36.927416], [127.730612, 36.927448], [127.73079, 36.927437], [127.731245, 36.927411], [127.732712, 36.927179], [127.736147, 36.926515], [127.738166, 36.926072], [127.746865, 36.923724], [127.747883, 36.92351], [127.748752, 36.923378], [127.749832, 36.923245], [127.750322, 36.923184], [127.751501, 36.923038], [127.756451, 36.922436], [127.758479, 36.92219], [127.758905, 36.922137], [127.759985, 36.922002], [127.760111, 36.921987], [127.760243, 36.92197], [127.76097, 36.921921], [127.761696, 36.921967], [127.762147, 36.92204], [127.762726, 36.922211], [127.763141, 36.9224], [127.763687, 36.922682], [127.763933, 36.92285], [127.764237, 36.923077], [127.764475, 36.923312], [127.764883, 36.923816], [127.765113, 36.924219], [127.765257, 36.92455], [127.76539, 36.925117], [127.76544, 36.925466], [127.765322, 36.927986], [127.765322, 36.92829], [127.765322, 36.928411], [127.765339, 36.929097], [127.765383, 36.929406], [127.765468, 36.929724], [127.76562, 36.930062], [127.765796, 36.930384], [127.765998, 36.930703], [127.766436, 36.931151], [127.766911, 36.931545], [127.767985, 36.932318], [127.768063, 36.932374], [127.768946, 36.933009], [127.772716, 36.935722], [127.774319, 36.937064], [127.774606, 36.937479], [127.774662, 36.937549], [127.775202, 36.938402], [127.778191, 36.944673], [127.778681, 36.945712], [127.77904, 36.946298], [127.779576, 36.946919], [127.781311, 36.948458], [127.782161, 36.949266], [127.782485, 36.949768], [127.782788, 36.95038], [127.783103, 36.951018], [127.784127, 36.953537], [127.784717, 36.954954], [127.785089, 36.955808], [127.785634, 36.956737], [127.788136, 36.960647], [127.78851, 36.961273], [127.790163, 36.964037], [127.790346, 36.964484], [127.790921, 36.966033], [127.79132, 36.967129], [127.791489, 36.967513], [127.792083, 36.968529], [127.793402, 36.970185], [127.794184, 36.970998], [127.794383, 36.971169], [127.794744, 36.971425], [127.795128, 36.971672], [127.795909, 36.972054], [127.796457, 36.972274], [127.796798, 36.972386], [127.797829, 36.97262], [127.798417, 36.972686], [127.799187, 36.972762], [127.801272, 36.972967], [127.802358, 36.973079], [127.802838, 36.973121]]}}, {"type": "Feature", "properties": {"line": "충북선", "from": "주덕", "to": "충주", "km": 10.892, "down": 940984, "up": 935345, "daily": 5141, "density": 5141, "through": 1}, "geometry": {"type": "LineString", "coordinates": [[127.802838, 36.973121], [127.802838, 36.973121], [127.804131, 36.973244], [127.806734, 36.973494], [127.807909, 36.973607], [127.809337, 36.973713], [127.809818, 36.97371], [127.810398, 36.973659], [127.81514, 36.972818], [127.816093, 36.97264], [127.81648, 36.972542], [127.816912, 36.972417], [127.817278, 36.972269], [127.817508, 36.972168], [127.817725, 36.972057], [127.817894, 36.971969], [127.818096, 36.971847], [127.818384, 36.971679], [127.820158, 36.970563], [127.821405, 36.969792], [127.822336, 36.969226], [127.822736, 36.969007], [127.823098, 36.96884], [127.823321, 36.968757], [127.823592, 36.968673], [127.823873, 36.968609], [127.824155, 36.968551], [127.82456, 36.968495], [127.826038, 36.968337], [127.827258, 36.968202], [127.827361, 36.96819], [127.827446, 36.96818], [127.829264, 36.967981], [127.830571, 36.967842], [127.831402, 36.967752], [127.831943, 36.967679], [127.832099, 36.967653], [127.832569, 36.96757], [127.832939, 36.967471], [127.833367, 36.967343], [127.834099, 36.967115], [127.835907, 36.966552], [127.837538, 36.966065], [127.839056, 36.965725], [127.840134, 36.965477], [127.840659, 36.965367], [127.841285, 36.96528], [127.841783, 36.965239], [127.842146, 36.96522], [127.84239, 36.96521], [127.842809, 36.965211], [127.844509, 36.965188], [127.845734, 36.965187], [127.846305, 36.965156], [127.846687, 36.965135], [127.847443, 36.965082], [127.848937, 36.965001], [127.849538, 36.964949], [127.850455, 36.964882], [127.851094, 36.964826], [127.852767, 36.964676], [127.85399, 36.964581], [127.854484, 36.964538], [127.855396, 36.964475], [127.856324, 36.964448], [127.857354, 36.964419], [127.859269, 36.964384], [127.859703, 36.964366], [127.860036, 36.964346], [127.860486, 36.964289], [127.861817, 36.964072], [127.864279, 36.963656], [127.866871, 36.963223], [127.869295, 36.962807], [127.870654, 36.962581], [127.871307, 36.962473], [127.871859, 36.962348], [127.872857, 36.962108], [127.879819, 36.960506], [127.879938, 36.960479], [127.881913, 36.960068], [127.882298, 36.959991], [127.882613, 36.959938], [127.88288, 36.959897], [127.883453, 36.95985], [127.884242, 36.959796], [127.885316, 36.959716], [127.887559, 36.959564], [127.888551, 36.959498], [127.889993, 36.959394], [127.892765, 36.959226], [127.893913, 36.959115], [127.89513, 36.95905], [127.895205, 36.959048], [127.895672, 36.959045], [127.896198, 36.959076], [127.896863, 36.959165], [127.897021, 36.959206], [127.897165, 36.959239], [127.897283, 36.95927], [127.897408, 36.959303], [127.897577, 36.959355], [127.897788, 36.959426], [127.897886, 36.959462], [127.897982, 36.9595], [127.898133, 36.959561], [127.898281, 36.959626], [127.898467, 36.959715], [127.898608, 36.959788], [127.898741, 36.959862], [127.898912, 36.959965], [127.899045, 36.96005], [127.899182, 36.960145], [127.899311, 36.960241], [127.899463, 36.960358], [127.899571, 36.960448], [127.89971, 36.960571], [127.899811, 36.960669], [127.899927, 36.960787], [127.90011, 36.960993], [127.900159, 36.961052], [127.900205, 36.961109], [127.900283, 36.961214], [127.900354, 36.961315], [127.900432, 36.961432], [127.900504, 36.961545], [127.900624, 36.961745], [127.90079, 36.962038], [127.900994, 36.962404], [127.901893, 36.964018], [127.902244, 36.96466], [127.902782, 36.965628], [127.902944, 36.96592], [127.90331, 36.966583], [127.904079, 36.967966], [127.904622, 36.968953], [127.90479, 36.96926], [127.905096, 36.969816], [127.905292, 36.970163], [127.905433, 36.97042], [127.905638, 36.970792], [127.905789, 36.971063], [127.905823, 36.971127], [127.905878, 36.971224], [127.905938, 36.97133], [127.905989, 36.971425], [127.906178, 36.971764], [127.906304, 36.971992], [127.906511, 36.972365], [127.906612, 36.972551], [127.906714, 36.972734], [127.906845, 36.972968], [127.906926, 36.97312], [127.90704, 36.973322], [127.90722, 36.973646], [127.907971, 36.975003], [127.908105, 36.975244]]}}, {"type": "Feature", "properties": {"line": "충북선", "from": "충주", "to": "삼탄", "km": 18.163, "down": 766570, "up": 749201, "daily": 4153, "density": 4153, "through": 1}, "geometry": {"type": "LineString", "coordinates": [[127.908105, 36.975244], [127.90858, 36.976102], [127.908721, 36.976355], [127.909409, 36.977607], [127.90977, 36.978248], [127.909906, 36.978488], [127.91039, 36.979361], [127.910486, 36.979541], [127.910624, 36.979787], [127.911091, 36.980618], [127.911464, 36.981291], [127.912914, 36.983893], [127.914851, 36.987366], [127.915507, 36.98854], [127.915746, 36.989017], [127.915937, 36.989404], [127.916066, 36.989701], [127.91621, 36.990079], [127.916416, 36.990787], [127.916525, 36.991528], [127.916582, 36.992195], [127.916536, 36.993479], [127.916415, 36.996313], [127.916393, 36.99665], [127.916366, 36.997291], [127.916322, 36.998269], [127.916237, 37.000194], [127.91605, 37.004344], [127.916026, 37.004861], [127.916018, 37.005041], [127.916012, 37.005224], [127.91601, 37.005428], [127.916013, 37.005657], [127.916017, 37.005798], [127.916024, 37.005913], [127.916032, 37.005991], [127.916051, 37.006181], [127.91609, 37.006456], [127.916119, 37.006613], [127.916138, 37.006704], [127.916238, 37.00711], [127.916303, 37.007321], [127.916347, 37.007445], [127.916417, 37.007637], [127.916487, 37.007807], [127.916662, 37.008119], [127.916967, 37.008675], [127.917485, 37.009426], [127.917991, 37.009957], [127.918305, 37.010233], [127.918469, 37.010375], [127.918955, 37.010764], [127.919394, 37.011074], [127.91991, 37.011374], [127.920522, 37.011671], [127.921356, 37.012019], [127.922341, 37.012453], [127.923071, 37.012728], [127.923737, 37.013], [127.924929, 37.013495], [127.926063, 37.013985], [127.926696, 37.014259], [127.932702, 37.016724], [127.934898, 37.017626], [127.936136, 37.018126], [127.936552, 37.018258], [127.936993, 37.018364], [127.937558, 37.018464], [127.938094, 37.018495], [127.938595, 37.018509], [127.939179, 37.018457], [127.939891, 37.018353], [127.940701, 37.018224], [127.941431, 37.018092], [127.942103, 37.018062], [127.943038, 37.018116], [127.943681, 37.01821], [127.944533, 37.018325], [127.949799, 37.019012], [127.952543, 37.01941], [127.953984, 37.019619], [127.954557, 37.01974], [127.955127, 37.019926], [127.955508, 37.020082], [127.95592, 37.020321], [127.956266, 37.020568], [127.9567, 37.020955], [127.957211, 37.021638], [127.957357, 37.021912], [127.957574, 37.02252], [127.958365, 37.024972], [127.95895, 37.02615], [127.959261, 37.026798], [127.959464, 37.027207], [127.959715, 37.027531], [127.96011, 37.027926], [127.960538, 37.028269], [127.961164, 37.028603], [127.961995, 37.028909], [127.962876, 37.029039], [127.964015, 37.029128], [127.965177, 37.029186], [127.965936, 37.029281], [127.966465, 37.0294], [127.966937, 37.02955], [127.967284, 37.029695], [127.967651, 37.02988], [127.96799, 37.030099], [127.968333, 37.030365], [127.968565, 37.030596], [127.968935, 37.030976], [127.970032, 37.032213], [127.971352, 37.033583], [127.972024, 37.034339], [127.972289, 37.034664], [127.972537, 37.035102], [127.972758, 37.035651], [127.972836, 37.036027], [127.972877, 37.03636], [127.97291, 37.036666], [127.972878, 37.036978], [127.97283, 37.037201], [127.972673, 37.037743], [127.972496, 37.038492], [127.972314, 37.039305], [127.972132, 37.040164], [127.972012, 37.040872], [127.972022, 37.041446], [127.972168, 37.042098], [127.972359, 37.04276], [127.972457, 37.042938], [127.972775, 37.043437], [127.973226, 37.043979], [127.973804, 37.044451], [127.97448, 37.04489], [127.978962, 37.047192], [127.979806, 37.047602], [128.020516, 37.068961], [128.021364, 37.069346], [128.021847, 37.069594], [128.02278, 37.070082], [128.022881, 37.070127], [128.023188, 37.070262], [128.023402, 37.070356], [128.023992, 37.070579], [128.024657, 37.070793], [128.025237, 37.07093], [128.025816, 37.071032], [128.027318, 37.071169], [128.02794, 37.071229], [128.028686, 37.071323], [128.02926, 37.071452], [128.030043, 37.071726], [128.03102, 37.072222], [128.032404, 37.072975], [128.033376, 37.073376], [128.034349, 37.073553], [128.035347, 37.073592], [128.038669, 37.073503]]}}, {"type": "Feature", "properties": {"line": "충북선", "from": "삼탄", "to": "봉양", "km": 12.902, "down": 764128, "up": 747175, "daily": 4141, "density": 4141, "through": 1}, "geometry": {"type": "LineString", "coordinates": [[128.038669, 37.073503], [128.040807, 37.073445], [128.041411, 37.073494], [128.042052, 37.073622], [128.04273, 37.073838], [128.04342, 37.074153], [128.044591, 37.074831], [128.048399, 37.077181], [128.049261, 37.077614], [128.050796, 37.078202], [128.051227, 37.078358], [128.052024, 37.078676], [128.052357, 37.078805], [128.054732, 37.07987], [128.055505, 37.080341], [128.056266, 37.080923], [128.056824, 37.081607], [128.057189, 37.082352], [128.057414, 37.083114], [128.057597, 37.08421], [128.057715, 37.085014], [128.057825, 37.085343], [128.058069, 37.085978], [128.05923, 37.088562], [128.059464, 37.088955], [128.059846, 37.089348], [128.060265, 37.089673], [128.060647, 37.08987], [128.063099, 37.09102], [128.063716, 37.091413], [128.064344, 37.091954], [128.064966, 37.092752], [128.065352, 37.093659], [128.065438, 37.09472], [128.065116, 37.097253], [128.064901, 37.098349], [128.064901, 37.099495], [128.065073, 37.100967], [128.065652, 37.102114], [128.066403, 37.102884], [128.067455, 37.103466], [128.068613, 37.103808], [128.069708, 37.103876], [128.070796, 37.103748], [128.073265, 37.103481], [128.073284, 37.103479], [128.073845, 37.103417], [128.074136, 37.103381], [128.074468, 37.103333], [128.074598, 37.103312], [128.074703, 37.103292], [128.074814, 37.10327], [128.074991, 37.10323], [128.075126, 37.103193], [128.075239, 37.103159], [128.075389, 37.103112], [128.07548, 37.103079], [128.075676, 37.103002], [128.075851, 37.102928], [128.075982, 37.102864], [128.076087, 37.102808], [128.076218, 37.102736], [128.07632, 37.102678], [128.076405, 37.102624], [128.076503, 37.102562], [128.076694, 37.102427], [128.077021, 37.102172], [128.077666, 37.101637], [128.077974, 37.101379], [128.077974, 37.101379], [128.080019, 37.099675], [128.080216, 37.09951], [128.08084, 37.09899], [128.081325, 37.098611], [128.081484, 37.098497], [128.081668, 37.098376], [128.081803, 37.09829], [128.081951, 37.098207], [128.082149, 37.098106], [128.082317, 37.098028], [128.082549, 37.097933], [128.082823, 37.097839], [128.082987, 37.09779], [128.083208, 37.097734], [128.083439, 37.097686], [128.083743, 37.097634], [128.08405, 37.097607], [128.08432, 37.097593], [128.084578, 37.097594], [128.084803, 37.097603], [128.085001, 37.09762], [128.085216, 37.097647], [128.085418, 37.09768], [128.085544, 37.097702], [128.085708, 37.09774], [128.085888, 37.097785], [128.086071, 37.097839], [128.086261, 37.0979], [128.086408, 37.097957], [128.086563, 37.098019], [128.08672, 37.098089], [128.086787, 37.098121], [128.086922, 37.098192], [128.087045, 37.098259], [128.087191, 37.098345], [128.087312, 37.098422], [128.087445, 37.098511], [128.087624, 37.098648], [128.087758, 37.098762], [128.087892, 37.098886], [128.088008, 37.099006], [128.088126, 37.099136], [128.088246, 37.099285], [128.088355, 37.099434], [128.088434, 37.099555], [128.088521, 37.099699], [128.088578, 37.099803], [128.088605, 37.099858], [128.088676, 37.100007], [128.088709, 37.100079], [128.08874, 37.100157], [128.088788, 37.100273], [128.088826, 37.100368], [128.088893, 37.100542], [128.089009, 37.100848], [128.089117, 37.101137], [128.089288, 37.101593], [128.089969, 37.103394], [128.090066, 37.103628], [128.090123, 37.103755], [128.090166, 37.103844], [128.090266, 37.104044], [128.090393, 37.104265], [128.090595, 37.10459], [128.090755, 37.10483], [128.090898, 37.105042], [128.091041, 37.105249], [128.091122, 37.105347], [128.091356, 37.105671], [128.091682, 37.106197], [128.091884, 37.106495], [128.091981, 37.106628], [128.0921, 37.106759], [128.092244, 37.106898], [128.092419, 37.107037], [128.092689, 37.107236], [128.092836, 37.107337], [128.092949, 37.107409], [128.093094, 37.107494], [128.093228, 37.107567], [128.093367, 37.107637], [128.093495, 37.107697], [128.093669, 37.10777], [128.093848, 37.107838], [128.094033, 37.107899], [128.094169, 37.10794], [128.094367, 37.107994], [128.094668, 37.108065], [128.094948, 37.108122], [128.09512, 37.108154], [128.095744, 37.108271], [128.09636, 37.108393], [128.09708, 37.108528], [128.098286, 37.108762], [128.098798, 37.108855], [128.099073, 37.108911], [128.099264, 37.108948], [128.099459, 37.108986], [128.099691, 37.109037], [128.100063, 37.109137], [128.100256, 37.109193], [128.100515, 37.109285], [128.100679, 37.109347], [128.100925, 37.109448], [128.101117, 37.10953], [128.101301, 37.109621], [128.101423, 37.109685], [128.10154, 37.109747], [128.101653, 37.109809], [128.101827, 37.109913], [128.102008, 37.110029], [128.102196, 37.110161], [128.102306, 37.110239], [128.102468, 37.110357], [128.102595, 37.11046], [128.102703, 37.110551], [128.102819, 37.110652], [128.102937, 37.110765], [128.103043, 37.11087], [128.103152, 37.110981], [128.103246, 37.111087], [128.103325, 37.111179], [128.103601, 37.111544], [128.103699, 37.11169], [128.103817, 37.111877], [128.10391, 37.112028], [128.104601, 37.113225], [128.104735, 37.113438], [128.104981, 37.113871], [128.105182, 37.114217], [128.105367, 37.114539], [128.105485, 37.114739], [128.105625, 37.114992], [128.105702, 37.115139], [128.106088, 37.115747], [128.10624, 37.115983], [128.106452, 37.116306], [128.106612, 37.1166], [128.106685, 37.116764], [128.106718, 37.116841], [128.106788, 37.117055], [128.106959, 37.117461], [128.107066, 37.117734], [128.107121, 37.117895], [128.107189, 37.118102], [128.107232, 37.118257], [128.107271, 37.118407], [128.107366, 37.118791], [128.107739, 37.120481], [128.10788, 37.121125], [128.108015, 37.121744], [128.108179, 37.122469], [128.108334, 37.123169], [128.108436, 37.123628], [128.108521, 37.124026], [128.108614, 37.124426], [128.108696, 37.124793], [128.108746, 37.125], [128.108786, 37.12516], [128.10885, 37.125388], [128.108896, 37.125529], [128.108955, 37.125694], [128.109024, 37.125872], [128.109096, 37.126038], [128.10914, 37.126132], [128.109203, 37.126249], [128.10929, 37.126392], [128.109399, 37.126568], [128.109501, 37.126715], [128.109631, 37.126883], [128.109787, 37.127067], [128.110053, 37.127358], [128.110311, 37.12763], [128.110534, 37.127863], [128.110752, 37.128073], [128.110921, 37.128233], [128.111093, 37.128386], [128.111264, 37.128536], [128.111409, 37.128659], [128.11156, 37.128774], [128.111731, 37.128885], [128.111903, 37.128977], [128.11211, 37.129082], [128.112244, 37.129149], [128.112635, 37.12932], [128.112809, 37.129397], [128.113015, 37.12947], [128.113314, 37.129575], [128.113604, 37.129672], [128.113803, 37.12973], [128.114029, 37.129796], [128.11421, 37.129845], [128.114399, 37.129895], [128.114617, 37.129947], [128.114842, 37.129999], [128.115331, 37.130112], [128.116432, 37.130353], [128.116782, 37.130428], [128.117115, 37.130493], [128.11736, 37.130536], [128.117616, 37.130572], [128.11778, 37.130593], [128.117945, 37.13061], [128.118152, 37.130629], [128.118273, 37.130639], [128.118464, 37.130652], [128.118823, 37.130675], [128.11991, 37.130723], [128.120774, 37.130762], [128.121455, 37.130793], [128.122415, 37.130841], [128.122837, 37.130859], [128.123246, 37.130877], [128.123585, 37.130881], [128.124053, 37.130879], [128.12439, 37.130866], [128.124839, 37.130842], [128.12511, 37.13082], [128.12532, 37.1308], [128.125545, 37.130774], [128.125738, 37.130746], [128.125958, 37.130714], [128.126316, 37.130654], [128.127112, 37.130516], [128.128037, 37.130358], [128.128424, 37.130293], [128.128537, 37.130275], [128.129017, 37.130195], [128.129082, 37.130183], [128.12919, 37.130164], [128.130059, 37.130019]]}}, {"type": "Feature", "properties": {"line": "태백선", "from": "제천", "to": "쌍룡", "km": 18.657, "down": 237965, "up": 240552, "daily": 1311, "density": 1311, "through": 1}, "geometry": {"type": "LineString", "coordinates": [[128.203993, 37.127744], [128.208766, 37.12602], [128.209335, 37.125853], [128.209878, 37.125672], [128.21064, 37.125418], [128.213685, 37.124287], [128.214808, 37.123873], [128.216197, 37.12336], [128.217462, 37.122994], [128.218348, 37.122797], [128.220291, 37.122436], [128.221438, 37.122329], [128.222307, 37.122294], [128.228147, 37.122464], [128.230229, 37.122501], [128.231788, 37.12259], [128.233701, 37.122823], [128.235493, 37.123201], [128.240353, 37.124587], [128.24144, 37.124922], [128.241599, 37.124969], [128.244314, 37.125721], [128.25198, 37.127691], [128.253655, 37.128122], [128.254747, 37.128463], [128.256329, 37.128923], [128.25746, 37.129314], [128.258761, 37.129844], [128.259976, 37.130582], [128.260903, 37.131219], [128.261799, 37.131979], [128.262599, 37.132781], [128.262835, 37.133004], [128.265254, 37.136773], [128.265525, 37.137698], [128.266215, 37.1393], [128.268993, 37.146064], [128.270301, 37.157679], [128.271056, 37.162751], [128.272086, 37.165555], [128.273438, 37.168257], [128.27582, 37.171078], [128.281935, 37.176874], [128.289714, 37.183097], [128.290834, 37.183968], [128.291106, 37.184224], [128.291565, 37.184656], [128.291881, 37.185138], [128.292505, 37.186208], [128.292683, 37.186948], [128.292732, 37.187206], [128.292752, 37.187465], [128.292574, 37.189105], [128.292539, 37.189763], [128.292656, 37.190257], [128.293014, 37.191024], [128.293553, 37.191713], [128.295929, 37.194336], [128.296751, 37.195382], [128.297852, 37.196599], [128.29842, 37.197342], [128.2991, 37.198288], [128.299429, 37.198746], [128.30027, 37.200101], [128.300685, 37.20043], [128.301117, 37.200733], [128.301732, 37.201029], [128.302125, 37.201155], [128.302245, 37.201178], [128.303094, 37.201252], [128.303645, 37.201226], [128.304279, 37.201096], [128.304705, 37.200937], [128.305325, 37.200554], [128.306586, 37.199333], [128.307353, 37.19851], [128.307625, 37.198218], [128.307891, 37.197669], [128.308478, 37.19536], [128.30864, 37.194936], [128.308864, 37.194575], [128.309147, 37.194225], [128.309445, 37.193965], [128.309924, 37.193669], [128.31044, 37.193434], [128.310963, 37.193246], [128.311561, 37.193148], [128.312242, 37.193173], [128.313504, 37.193244], [128.314915, 37.193239], [128.31676, 37.192944], [128.321132, 37.191828], [128.321883, 37.191577], [128.322278, 37.191405], [128.322785, 37.191047], [128.323119, 37.190726], [128.323507, 37.19012], [128.323673, 37.189594], [128.323963, 37.188184], [128.324548, 37.185342], [128.324791, 37.184529], [128.325035, 37.184028], [128.325299, 37.183641], [128.326129, 37.182623], [128.326616, 37.182162], [128.32794, 37.180488], [128.328221, 37.180078], [128.328341, 37.179904], [128.328546, 37.179458], [128.328638, 37.179209], [128.328794, 37.178499], [128.328828, 37.177928], [128.32879, 37.174224]]}}, {"type": "Feature", "properties": {"line": "태백선", "from": "쌍룡", "to": "영월", "km": 16.195, "down": 237848, "up": 240110, "daily": 1309, "density": 1309, "through": 2}, "geometry": {"type": "LineString", "coordinates": [[128.32879, 37.174224], [128.328767, 37.172052], [128.328759, 37.171449], [128.328824, 37.171152], [128.328872, 37.170973], [128.328963, 37.170769], [128.329166, 37.170466], [128.329279, 37.170298], [128.329634, 37.169904], [128.330038, 37.169581], [128.330478, 37.169342], [128.330919, 37.169153], [128.334193, 37.16807], [128.334555, 37.167971], [128.334884, 37.167931], [128.335306, 37.167921], [128.335788, 37.167957], [128.33633, 37.168053], [128.337833, 37.168421], [128.338218, 37.168472], [128.338652, 37.168493], [128.339056, 37.168484], [128.341083, 37.168285], [128.341704, 37.168289], [128.342216, 37.168355], [128.342625, 37.168467], [128.343028, 37.168621], [128.343488, 37.168876], [128.344574, 37.169635], [128.344673, 37.169704], [128.347513, 37.171838], [128.349001, 37.172997], [128.349489, 37.173306], [128.350032, 37.173553], [128.350775, 37.173761], [128.351509, 37.173875], [128.352031, 37.173903], [128.352578, 37.173892], [128.353113, 37.173796], [128.354084, 37.173504], [128.35515, 37.173171], [128.355586, 37.1731], [128.356047, 37.173055], [128.356637, 37.173082], [128.357392, 37.173291], [128.357686, 37.173425], [128.358176, 37.173648], [128.359698, 37.17419], [128.361207, 37.174627], [128.362882, 37.174933], [128.364725, 37.17509], [128.366832, 37.175209], [128.36753, 37.175303], [128.368432, 37.175549], [128.371481, 37.176621], [128.372486, 37.176971], [128.373381, 37.177379], [128.373805, 37.177641], [128.374066, 37.177852], [128.374305, 37.178117], [128.374546, 37.178527], [128.374716, 37.178982], [128.37479, 37.17947], [128.374732, 37.180034], [128.374322, 37.181641], [128.374317, 37.181987], [128.374327, 37.18232], [128.374412, 37.182643], [128.374592, 37.183051], [128.374832, 37.183408], [128.375079, 37.183687], [128.375314, 37.183908], [128.375693, 37.184154], [128.376044, 37.184334], [128.376436, 37.184483], [128.378498, 37.185042], [128.379555, 37.185267], [128.381069, 37.185419], [128.381432, 37.185482], [128.381883, 37.1856], [128.382266, 37.185759], [128.382518, 37.185894], [128.382677, 37.185996], [128.383458, 37.186492], [128.383771, 37.186698], [128.384052, 37.186859], [128.384532, 37.187061], [128.384989, 37.187202], [128.385446, 37.187268], [128.385879, 37.187287], [128.386287, 37.18725], [128.390309, 37.186613], [128.391288, 37.186459], [128.391739, 37.186351], [128.393176, 37.185779], [128.39325, 37.185755], [128.39432, 37.185324], [128.395976, 37.184789], [128.397248, 37.184379], [128.398034, 37.184176], [128.399839, 37.183639], [128.400176, 37.183564], [128.400599, 37.183525], [128.401102, 37.183537], [128.401717, 37.183632], [128.402314, 37.183819], [128.403277, 37.184255], [128.404278, 37.184657], [128.404565, 37.184744], [128.404988, 37.184816], [128.406375, 37.184943], [128.406812, 37.184989], [128.407569, 37.185062], [128.40868, 37.185251], [128.412006, 37.186097], [128.412866, 37.186298], [128.413646, 37.186396], [128.414157, 37.186419], [128.414736, 37.186372], [128.41539, 37.18618], [128.415931, 37.185951], [128.416537, 37.185522], [128.41816, 37.184369], [128.418725, 37.184028], [128.419114, 37.183809], [128.419589, 37.183615], [128.422713, 37.18296], [128.427722, 37.182176], [128.428049, 37.182017], [128.428602, 37.181576], [128.4304, 37.178374], [128.431098, 37.177571], [128.434222, 37.174979], [128.435944, 37.173144], [128.436358, 37.172823], [128.436556, 37.172685], [128.43676, 37.172573], [128.436973, 37.172461], [128.437197, 37.172362], [128.437423, 37.172272], [128.437655, 37.17219], [128.443239, 37.171219], [128.445248, 37.170909], [128.446405, 37.170702], [128.447053, 37.170586], [128.447256, 37.170554], [128.447537, 37.170528], [128.447776, 37.170524], [128.448062, 37.170515], [128.448361, 37.170521], [128.448643, 37.170544], [128.448994, 37.170598], [128.449331, 37.170669], [128.449638, 37.170764], [128.449985, 37.170872], [128.451508, 37.171415], [128.45464, 37.172558], [128.454834, 37.17262], [128.455238, 37.172751], [128.455671, 37.172856], [128.456119, 37.17292], [128.457007, 37.173016], [128.458805, 37.173216], [128.462424, 37.173603], [128.465229, 37.17388], [128.465864, 37.173982], [128.466719, 37.174166], [128.467635, 37.174442], [128.468557, 37.174838], [128.474832, 37.17847], [128.475653, 37.178939], [128.476249, 37.1793], [128.476506, 37.179442], [128.477238, 37.179873], [128.477397, 37.179973], [128.478551, 37.180643], [128.479273, 37.181086], [128.481016, 37.182072]]}}, {"type": "Feature", "properties": {"line": "태백선", "from": "영월", "to": "예미", "km": 17.58, "down": 180982, "up": 179677, "daily": 988, "density": 988, "through": 3}, "geometry": {"type": "LineString", "coordinates": [[128.481016, 37.182072], [128.482506, 37.182915], [128.483058, 37.183249], [128.485025, 37.184437], [128.485895, 37.184876], [128.486664, 37.18513], [128.487263, 37.185228], [128.487771, 37.185273], [128.488298, 37.185268], [128.488886, 37.185204], [128.489349, 37.185092], [128.489866, 37.184934], [128.490507, 37.184675], [128.494407, 37.182587], [128.495109, 37.1824], [128.495936, 37.182253], [128.496964, 37.182295], [128.498484, 37.182488], [128.499125, 37.182543], [128.499603, 37.182506], [128.500891, 37.182191], [128.502156, 37.181874], [128.502886, 37.181703], [128.503516, 37.181604], [128.503885, 37.181592], [128.504246, 37.181618], [128.504974, 37.18177], [128.505525, 37.181931], [128.506256, 37.18226], [128.507422, 37.182784], [128.508488, 37.183266], [128.509048, 37.18352], [128.509206, 37.183592], [128.50973, 37.18389], [128.510206, 37.18434], [128.510564, 37.1848], [128.511294, 37.18586], [128.512334, 37.187352], [128.512641, 37.187707], [128.513069, 37.188114], [128.513638, 37.188511], [128.514318, 37.188818], [128.514848, 37.188978], [128.515511, 37.189116], [128.516473, 37.189215], [128.51717, 37.189271], [128.517758, 37.189275], [128.51853, 37.189189], [128.519093, 37.189074], [128.519651, 37.188886], [128.52039, 37.188544], [128.521095, 37.188136], [128.522039, 37.187578], [128.523173, 37.186845], [128.523644, 37.186613], [128.524087, 37.186482], [128.524924, 37.186363], [128.527719, 37.186407], [128.528202, 37.186403], [128.528745, 37.186372], [128.529231, 37.18628], [128.529751, 37.186117], [128.534736, 37.184362], [128.535928, 37.18396], [128.536358, 37.183842], [128.536811, 37.183769], [128.537283, 37.183739], [128.537804, 37.18379], [128.538271, 37.183911], [128.538735, 37.184101], [128.539231, 37.184458], [128.539596, 37.18483], [128.539802, 37.185173], [128.540224, 37.186104], [128.54029, 37.186284], [128.540587, 37.186634], [128.540885, 37.186921], [128.541127, 37.187086], [128.54139, 37.187226], [128.541645, 37.187324], [128.541803, 37.18736], [128.542003, 37.187405], [128.542518, 37.187483], [128.544629, 37.1878], [128.546782, 37.188193], [128.54742, 37.188268], [128.550086, 37.188522], [128.550989, 37.188606], [128.552425, 37.188743], [128.552928, 37.188867], [128.553386, 37.189053], [128.553741, 37.189247], [128.553902, 37.189355], [128.554521, 37.189799], [128.555139, 37.190248], [128.555502, 37.190531], [128.557891, 37.192396], [128.55842, 37.192833], [128.558871, 37.193134], [128.559707, 37.19355], [128.560207, 37.193751], [128.561403, 37.194184], [128.562266, 37.194417], [128.562959, 37.19444], [128.563978, 37.194204], [128.564788, 37.193826], [128.565242, 37.193557], [128.565922, 37.193182], [128.566379, 37.193005], [128.567051, 37.192919], [128.567906, 37.192943], [128.568269, 37.193032], [128.568603, 37.193152], [128.569269, 37.193469], [128.569921, 37.194116], [128.570168, 37.19477], [128.570495, 37.195317], [128.57101, 37.195915], [128.571681, 37.196313], [128.572325, 37.19672], [128.572826, 37.197005], [128.573792, 37.197562], [128.57421, 37.197892], [128.574565, 37.198302], [128.575233, 37.199173], [128.575617, 37.199596], [128.576066, 37.199944], [128.576671, 37.20025], [128.577823, 37.20063], [128.578254, 37.200772], [128.578985, 37.200973], [128.579368, 37.201052], [128.579787, 37.201073], [128.580417, 37.201035], [128.581028, 37.200899], [128.581633, 37.200676], [128.582172, 37.200454], [128.583678, 37.199916], [128.583925, 37.199807], [128.584404, 37.199581], [128.585046, 37.199177], [128.586113, 37.198035], [128.586523, 37.197541], [128.58705, 37.197092], [128.587503, 37.196839], [128.588111, 37.196602], [128.588815, 37.196476], [128.589643, 37.19645], [128.590381, 37.196458], [128.590961, 37.196381], [128.591363, 37.196272], [128.592028, 37.195998], [128.592692, 37.19553], [128.593673, 37.194534], [128.593969, 37.194274], [128.594629, 37.193866], [128.595138, 37.193689], [128.595746, 37.193552], [128.596282, 37.193559], [128.598007, 37.193711], [128.601202, 37.194549], [128.605299, 37.195339], [128.605803, 37.19552], [128.60958, 37.197033], [128.6103, 37.19734], [128.611049, 37.197484], [128.611665, 37.19749], [128.616776, 37.196802], [128.617414, 37.196783], [128.617786, 37.196801], [128.618776, 37.196846], [128.619275, 37.196919], [128.620372, 37.197079], [128.620578, 37.197096], [128.622156, 37.197222], [128.623115, 37.197392], [128.624222, 37.197723], [128.625649, 37.198305], [128.626025, 37.198537], [128.626448, 37.198774], [128.626634, 37.198878], [128.627112, 37.199074], [128.627591, 37.199215], [128.628223, 37.199303], [128.631868, 37.199448], [128.632713, 37.199607], [128.633389, 37.199846], [128.637346, 37.202824], [128.637956, 37.203582], [128.63855, 37.204824], [128.639199, 37.206035], [128.6406, 37.20779], [128.641706, 37.209653], [128.64216, 37.210249], [128.642572, 37.210656], [128.643062, 37.210972], [128.643507, 37.211235], [128.644548, 37.211679], [128.64632, 37.212201], [128.648222, 37.21271]]}}, {"type": "Feature", "properties": {"line": "태백선", "from": "예미", "to": "민둥산", "km": 17.675, "down": 173157, "up": 171006, "daily": 943, "density": 943, "through": 3}, "geometry": {"type": "LineString", "coordinates": [[128.648222, 37.21271], [128.648478, 37.212779], [128.650132, 37.213177], [128.652017, 37.213718], [128.653363, 37.21408], [128.655328, 37.214628], [128.656077, 37.214836], [128.65665, 37.21497], [128.657041, 37.215032], [128.657901, 37.215044], [128.658148, 37.215006], [128.658374, 37.214945], [128.658562, 37.21489], [128.658794, 37.214789], [128.658931, 37.21472], [128.65914, 37.214596], [128.659324, 37.214484], [128.659501, 37.21436], [128.659678, 37.214181], [128.659812, 37.214001], [128.659941, 37.2138], [128.660155, 37.213416], [128.660461, 37.212869], [128.660659, 37.212609], [128.660836, 37.212399], [128.661013, 37.212232], [128.661212, 37.212083], [128.661443, 37.211933], [128.66176, 37.211776], [128.662059, 37.211669], [128.662274, 37.211609], [128.662529, 37.211549], [128.662851, 37.211491], [128.663175, 37.211453], [128.663583, 37.211421], [128.66398, 37.211442], [128.664284, 37.211479], [128.664669, 37.211583], [128.664992, 37.21169], [128.665285, 37.211797], [128.665582, 37.211952], [128.665837, 37.2121], [128.666045, 37.21225], [128.666299, 37.212491], [128.666464, 37.212737], [128.667984, 37.216023], [128.668154, 37.216298], [128.668421, 37.216596], [128.668683, 37.216796], [128.668996, 37.216974], [128.669382, 37.217171], [128.669618, 37.217235], [128.669924, 37.217303], [128.670079, 37.217325], [128.670302, 37.217342], [128.670594, 37.217353], [128.670841, 37.217331], [128.671132, 37.217302], [128.67138, 37.217263], [128.67164, 37.217205], [128.673149, 37.216903], [128.674653, 37.216567], [128.674848, 37.21653], [128.675122, 37.2165], [128.675358, 37.216475], [128.675567, 37.216475], [128.675854, 37.216479], [128.67638, 37.216532], [128.677272, 37.216685], [128.678131, 37.216846], [128.678786, 37.216953], [128.68028, 37.217186], [128.680599, 37.217222], [128.680921, 37.217233], [128.681261, 37.217229], [128.681683, 37.217188], [128.682471, 37.217077], [128.683081, 37.216988], [128.68363, 37.216889], [128.683936, 37.216818], [128.684166, 37.21674], [128.684354, 37.216663], [128.684767, 37.21647], [128.685159, 37.216295], [128.6857, 37.216033], [128.686224, 37.215783], [128.686677, 37.215597], [128.686905, 37.215505], [128.687318, 37.21539], [128.687573, 37.215334], [128.687921, 37.215281], [128.688286, 37.215242], [128.688597, 37.215227], [128.688973, 37.215232], [128.689587, 37.215296], [128.690002, 37.215364], [128.691479, 37.215583], [128.692924, 37.215838], [128.693739, 37.216013], [128.695399, 37.216364], [128.695874, 37.216496], [128.695985, 37.216545], [128.69618, 37.216631], [128.696437, 37.216755], [128.696637, 37.216854], [128.696735, 37.216902], [128.697247, 37.217237], [128.697347, 37.217316], [128.697492, 37.217461], [128.698591, 37.21888], [128.698859, 37.219217], [128.698983, 37.219409], [128.699107, 37.219628], [128.699208, 37.21981], [128.699289, 37.220012], [128.699354, 37.220239], [128.699394, 37.220416], [128.699412, 37.22057], [128.699424, 37.220687], [128.699423, 37.222374], [128.69945, 37.223391], [128.699417, 37.224659], [128.699412, 37.224796], [128.699396, 37.22495], [128.699326, 37.225159], [128.699251, 37.225326], [128.699149, 37.225505], [128.699063, 37.22565], [128.698301, 37.226637], [128.6976, 37.227594], [128.697538, 37.227679], [128.69738, 37.227806], [128.697256, 37.227892], [128.697064, 37.228019], [128.696852, 37.228151], [128.695292, 37.228905], [128.695067, 37.22902], [128.694804, 37.229179], [128.694597, 37.229337], [128.69438, 37.229509], [128.694182, 37.229689], [128.69408, 37.229832], [128.693951, 37.230003], [128.69386, 37.230174], [128.693779, 37.230375], [128.693715, 37.230579], [128.693672, 37.230776], [128.693656, 37.230947], [128.693651, 37.231126], [128.693675, 37.231344], [128.693729, 37.231727], [128.693876, 37.2321], [128.69415, 37.23254], [128.694332, 37.232758], [128.694552, 37.232984], [128.694777, 37.233142], [128.695088, 37.233347], [128.695405, 37.233522], [128.696633, 37.234179], [128.696831, 37.234273], [128.697025, 37.234356], [128.697247, 37.23447], [128.697528, 37.234634], [128.697692, 37.234728], [128.697988, 37.23487], [128.698182, 37.234934], [128.698371, 37.234987], [128.698633, 37.235039], [128.698811, 37.235064], [128.699066, 37.235079], [128.699333, 37.235079], [128.699694, 37.23506], [128.699938, 37.235044], [128.700584, 37.235022], [128.700862, 37.23502], [128.701261, 37.234992], [128.701619, 37.234983], [128.701913, 37.234967], [128.702196, 37.234956], [128.70291, 37.234943], [128.703105, 37.234942], [128.703303, 37.234953], [128.703528, 37.23497], [128.703741, 37.23501], [128.703915, 37.235058], [128.704155, 37.235139], [128.704412, 37.235235], [128.704665, 37.235381], [128.705475, 37.235882], [128.705852, 37.236087], [128.70618, 37.236257], [128.706451, 37.236359], [128.706634, 37.236408], [128.706891, 37.236464], [128.707114, 37.236512], [128.707388, 37.236535], [128.707671, 37.236535], [128.707864, 37.236533], [128.708049, 37.236525], [128.709277, 37.236347], [128.709403, 37.236328], [128.710377, 37.236187], [128.724893, 37.233552], [128.727339, 37.233296], [128.72927, 37.233279], [128.730424, 37.233428], [128.730772, 37.233522], [128.730992, 37.233608], [128.731362, 37.233736], [128.731525, 37.233803], [128.732248, 37.234271], [128.732732, 37.234659], [128.733074, 37.234986], [128.733301, 37.235321], [128.733437, 37.235547], [128.733549, 37.235734], [128.733688, 37.236095], [128.733866, 37.236635], [128.734383, 37.238205], [128.734667, 37.23878], [128.734806, 37.239019], [128.735005, 37.239301], [128.735493, 37.239928], [128.736791, 37.241534], [128.73699, 37.241726], [128.737269, 37.241961], [128.737553, 37.242154], [128.737707, 37.242239], [128.737923, 37.242359], [128.73817, 37.242487], [128.738476, 37.242593], [128.738792, 37.24267], [128.739184, 37.242734], [128.739436, 37.242768], [128.739951, 37.242845], [128.74031, 37.242948], [128.740809, 37.243097], [128.74126, 37.243281], [128.741496, 37.243418], [128.741657, 37.243529], [128.741812, 37.243712], [128.743911, 37.246213], [128.744242, 37.24665], [128.744811, 37.247474], [128.744961, 37.247701], [128.745113, 37.247998], [128.745734, 37.249443], [128.746007, 37.249926], [128.746082, 37.250152], [128.746125, 37.250387], [128.746329, 37.250814], [128.746286, 37.251053], [128.74626, 37.251181], [128.7462, 37.251424], [128.746061, 37.25204], [128.745744, 37.25293], [128.745511, 37.253303], [128.745323, 37.253617], [128.745121, 37.253943], [128.744882, 37.254161], [128.744827, 37.254366], [128.744787, 37.254707], [128.744795, 37.255041], [128.744827, 37.25528], [128.744881, 37.255489], [128.744967, 37.255741], [128.745092, 37.255962], [128.745232, 37.256172], [128.745375, 37.256369], [128.745511, 37.256547], [128.745706, 37.256726], [128.745932, 37.256885], [128.746037, 37.256949], [128.746141, 37.257013], [128.74641, 37.257154], [128.746662, 37.25727], [128.746903, 37.257368], [128.747002, 37.257398], [128.747102, 37.257428], [128.748142, 37.257658], [128.749227, 37.257914], [128.750375, 37.258147], [128.751082, 37.258247], [128.751495, 37.25829], [128.751908, 37.25832], [128.75231, 37.25832], [128.752681, 37.258299], [128.753045, 37.258256], [128.753614, 37.258171], [128.754725, 37.258004], [128.755062, 37.257944], [128.755336, 37.257876], [128.755572, 37.257808], [128.756023, 37.257675], [128.75635, 37.25762], [128.756613, 37.257598], [128.756886, 37.257594], [128.757171, 37.257611], [128.757471, 37.257633], [128.757734, 37.257654], [128.758163, 37.257726], [128.758502, 37.257796], [128.758737, 37.257872], [128.758984, 37.257957], [128.759215, 37.258043], [128.759488, 37.258153], [128.761017, 37.258649], [128.761371, 37.258764], [128.761677, 37.258837], [128.761988, 37.258888], [128.762278, 37.258909], [128.76254, 37.258909], [128.762868, 37.258892], [128.763168, 37.258867], [128.763452, 37.258807], [128.764772, 37.258423], [128.765303, 37.25826], [128.765915, 37.258055], [128.767588, 37.257415], [128.769117, 37.256838], [128.769541, 37.25671], [128.770013, 37.256586], [128.771118, 37.256339], [128.772277, 37.25607], [128.772845, 37.255899], [128.773216, 37.255784], [128.773618, 37.255613], [128.773977, 37.255446], [128.774303, 37.255244], [128.77449, 37.255087], [128.774605, 37.254943], [128.774739, 37.254734], [128.774852, 37.25449], [128.774943, 37.2542], [128.775007, 37.253696], [128.775029, 37.253295], [128.775023, 37.252855], [128.774991, 37.252641], [128.774954, 37.252475], [128.774895, 37.252308], [128.774803, 37.252142], [128.774627, 37.251881], [128.774476, 37.251685], [128.773173, 37.250066], [128.772926, 37.249657], [128.772873, 37.249533], [128.772725, 37.248834], [128.772645, 37.248348], [128.772614, 37.247911], [128.772645, 37.247293], [128.7727, 37.246881], [128.773329, 37.244056], [128.773358, 37.243655], [128.773364, 37.243616]]}}, {"type": "Feature", "properties": {"line": "태백선", "from": "민둥산", "to": "사북", "km": 5.812, "down": 159843, "up": 159797, "daily": 876, "density": 876}, "geometry": {"type": "LineString", "coordinates": [[128.773364, 37.243616], [128.773449, 37.243072], [128.773572, 37.242597], [128.773645, 37.242427], [128.773715, 37.242334], [128.773829, 37.242191], [128.773941, 37.242068], [128.774123, 37.241887], [128.774455, 37.241547], [128.77534, 37.240659], [128.776091, 37.239818], [128.776996, 37.238703], [128.77828, 37.237148], [128.778532, 37.236892], [128.778757, 37.236713], [128.778934, 37.236589], [128.779106, 37.236482], [128.779355, 37.23637], [128.779579, 37.236298], [128.779816, 37.236234], [128.78005, 37.2362], [128.78034, 37.236162], [128.780554, 37.23614], [128.780849, 37.236132], [128.781166, 37.236153], [128.781461, 37.236192], [128.78174, 37.23629], [128.781954, 37.236375], [128.782178, 37.236504], [128.782464, 37.23667], [128.78267, 37.23678], [128.782908, 37.236939], [128.783036, 37.237084], [128.783158, 37.237305], [128.783321, 37.237577], [128.78347, 37.237901], [128.783648, 37.238298], [128.784301, 37.239666], [128.784516, 37.240031], [128.784747, 37.240302], [128.785031, 37.240544], [128.785374, 37.240776], [128.785709, 37.240964], [128.786149, 37.241133], [128.786707, 37.241257], [128.787364, 37.241312], [128.787925, 37.241276], [128.788408, 37.241188], [128.788815, 37.241065], [128.789199, 37.240876], [128.789311, 37.240812], [128.78954, 37.240687], [128.789822, 37.240465], [128.790105, 37.240237], [128.790327, 37.239963], [128.790545, 37.239596], [128.790829, 37.239001], [128.791465, 37.237633], [128.791696, 37.237089], [128.791789, 37.236798], [128.791835, 37.23649], [128.791805, 37.236105], [128.791742, 37.235823], [128.791623, 37.235456], [128.791063, 37.234291], [128.7908, 37.233693], [128.790741, 37.233458], [128.790682, 37.233223], [128.790666, 37.232993], [128.790709, 37.232647], [128.790838, 37.232284], [128.791042, 37.231929], [128.79131, 37.2316], [128.79161, 37.23128], [128.791873, 37.231037], [128.792173, 37.230789], [128.792514, 37.230515], [128.792941, 37.2302], [128.793509, 37.229789], [128.793775, 37.229608], [128.79404, 37.22945], [128.79459, 37.229063], [128.795089, 37.228711], [128.795588, 37.228423], [128.795937, 37.228282], [128.796119, 37.228237], [128.796385, 37.228177], [128.796656, 37.22813], [128.797027, 37.228119], [128.797511, 37.228134], [128.797971, 37.228151], [128.799842, 37.228212], [128.800359, 37.228223], [128.800784, 37.228215], [128.801063, 37.228185], [128.801347, 37.228136], [128.801558, 37.228091], [128.801744, 37.228038], [128.801955, 37.227963], [128.803366, 37.227449], [128.803396, 37.227438], [128.803677, 37.227363], [128.803985, 37.227274], [128.80431, 37.227235], [128.804748, 37.227212], [128.805182, 37.227269], [128.805964, 37.227473], [128.806749, 37.227645], [128.80709, 37.227704], [128.807466, 37.227716], [128.807713, 37.227713], [128.808, 37.227679], [128.808375, 37.227578], [128.808487, 37.227541], [128.808725, 37.227455], [128.808988, 37.227342], [128.809144, 37.227254], [128.810319, 37.226468], [128.810474, 37.22637], [128.810665, 37.226272], [128.810847, 37.226186], [128.811043, 37.22611], [128.811265, 37.226035], [128.811488, 37.225964], [128.811678, 37.225922], [128.811898, 37.225879], [128.812118, 37.225851], [128.812341, 37.225834], [128.81259, 37.225823], [128.8128, 37.225825], [128.814198, 37.225865], [128.814686, 37.225879], [128.815262, 37.225884], [128.815454, 37.225893], [128.817041, 37.225924]]}}, {"type": "Feature", "properties": {"line": "태백선", "from": "사북", "to": "고한", "km": 4.607, "down": 94824, "up": 95968, "daily": 523, "density": 523}, "geometry": {"type": "LineString", "coordinates": [[128.817041, 37.225924], [128.822208, 37.226027], [128.822949, 37.226056], [128.823421, 37.226025], [128.823668, 37.225999], [128.823968, 37.225926], [128.824293, 37.225843], [128.824521, 37.225765], [128.824718, 37.225688], [128.825039, 37.225537], [128.825253, 37.225403], [128.825495, 37.225231], [128.825745, 37.225001], [128.825971, 37.224734], [128.826162, 37.224457], [128.826323, 37.224095], [128.826463, 37.223548], [128.8267, 37.222306], [128.826728, 37.222178], [128.826772, 37.221976], [128.826868, 37.2217], [128.827003, 37.221485], [128.827189, 37.221223], [128.827445, 37.220953], [128.827751, 37.22072], [128.830293, 37.218993], [128.830706, 37.218728], [128.831189, 37.218363], [128.83146, 37.218184], [128.831645, 37.218043], [128.831792, 37.217895], [128.831929, 37.217722], [128.832077, 37.217476], [128.832176, 37.217237], [128.832391, 37.216889], [128.832493, 37.216678], [128.832498, 37.216398], [128.832479, 37.215425], [128.832515, 37.215096], [128.832573, 37.214809], [128.832774, 37.214159], [128.833142, 37.213484], [128.833643, 37.212741], [128.833879, 37.21232], [128.834123, 37.211959], [128.834273, 37.211801], [128.834448, 37.211636], [128.834687, 37.211421], [128.834901, 37.211237], [128.835126, 37.211064], [128.835411, 37.210861], [128.835668, 37.210703], [128.83591, 37.210562], [128.836202, 37.210406], [128.836425, 37.210295], [128.836645, 37.210192], [128.836875, 37.210086], [128.837098, 37.209996], [128.837245, 37.209938], [128.840335, 37.208983], [128.840536, 37.208924], [128.840756, 37.208845], [128.840982, 37.208751], [128.841177, 37.208657], [128.841371, 37.208541], [128.84151, 37.208447], [128.841805, 37.208209], [128.841941, 37.208098], [128.84288, 37.20734], [128.842979, 37.20726], [128.843258, 37.207034], [128.84387, 37.206539], [128.844122, 37.206369], [128.844431, 37.2062], [128.844696, 37.206072], [128.846121, 37.205414], [128.846722, 37.205142], [128.84722, 37.204882], [128.847416, 37.20476], [128.847749, 37.204512], [128.849108, 37.203478], [128.850329, 37.202483], [128.850621, 37.202255], [128.851829, 37.201404], [128.852628, 37.200727], [128.852725, 37.200647]]}}, {"type": "Feature", "properties": {"line": "태백선", "from": "고한", "to": "태백", "km": 15.013, "down": 81509, "up": 81630, "daily": 447, "density": 447, "through": 1}, "geometry": {"type": "LineString", "coordinates": [[128.852725, 37.200647], [128.854784, 37.198945], [128.856368, 37.197725], [128.857361, 37.196928], [128.858081, 37.196493], [128.858397, 37.196293], [128.859009, 37.196083], [128.859637, 37.195917], [128.860189, 37.195781], [128.860843, 37.195617], [128.861567, 37.195476], [128.862109, 37.195373], [128.862838, 37.19525], [128.863837, 37.195032], [128.864362, 37.194882], [128.864854, 37.194703], [128.865312, 37.194508], [128.867019, 37.193737], [128.867475, 37.19356], [128.867943, 37.193408], [128.868307, 37.193339], [128.868744, 37.193295], [128.869494, 37.193266], [128.870149, 37.193233], [128.870516, 37.193195], [128.870949, 37.193115], [128.871409, 37.192975], [128.871726, 37.192852], [128.872099, 37.192654], [128.872351, 37.192488], [128.872823, 37.192176], [128.873499, 37.191672], [128.873755, 37.191505], [128.874239, 37.191261], [128.875148, 37.190904], [128.875329, 37.190826], [128.876114, 37.190495], [128.876543, 37.190287], [128.876706, 37.19019], [128.876982, 37.190025], [128.877456, 37.189724], [128.877662, 37.189606], [128.878145, 37.189238], [128.878455, 37.189], [128.878804, 37.188755], [128.879152, 37.188514], [128.880953, 37.187279], [128.88122, 37.187114], [128.881527, 37.186951], [128.882076, 37.186741], [128.88256, 37.186597], [128.883093, 37.186483], [128.883565, 37.186428], [128.884258, 37.186412], [128.884618, 37.186417], [128.885148, 37.18648], [128.886014, 37.186686], [128.887068, 37.18697], [128.936391, 37.196341], [128.936669, 37.196393], [128.939492, 37.197191], [128.940884, 37.197576], [128.943047, 37.198146], [128.943709, 37.198324], [128.949494, 37.199882], [128.951007, 37.20029], [128.951552, 37.20038], [128.952032, 37.200445], [128.952462, 37.200439], [128.952893, 37.200387], [128.953239, 37.20032], [128.953652, 37.200187], [128.95404, 37.200035], [128.95759, 37.198538], [128.957966, 37.198366], [128.958222, 37.198189], [128.958324, 37.198083], [128.958581, 37.197872], [128.958774, 37.197677], [128.958948, 37.197449], [128.95912, 37.197127], [128.959239, 37.196764], [128.959267, 37.196456], [128.959272, 37.196202], [128.959259, 37.195916], [128.959253, 37.195638], [128.959192, 37.195386], [128.958482, 37.194097], [128.957961, 37.193319], [128.957676, 37.192833], [128.957408, 37.192256], [128.956928, 37.191227], [128.954784, 37.187547], [128.953659, 37.185762], [128.953458, 37.185347], [128.953302, 37.184924], [128.953224, 37.184501], [128.95317, 37.18366], [128.953317, 37.183189], [128.953499, 37.182858], [128.953712, 37.182589], [128.954125, 37.182229], [128.954577, 37.18198], [128.955168, 37.181782], [128.955815, 37.181679], [128.956433, 37.181629], [128.957095, 37.181654], [128.957741, 37.181727], [128.958474, 37.181904], [128.960295, 37.182564], [128.960961, 37.182746], [128.961393, 37.182904], [128.96181, 37.183022], [128.962306, 37.183096], [128.96278, 37.183111], [128.96347, 37.183033], [128.964014, 37.182884], [128.96455, 37.182667], [128.964847, 37.182492], [128.965222, 37.182148], [128.965364, 37.181984], [128.966638, 37.180343], [128.966956, 37.180056], [128.967247, 37.179836], [128.967572, 37.179638], [128.967969, 37.179452], [128.968726, 37.179204], [128.970453, 37.178708], [128.971005, 37.178606], [128.971628, 37.178544], [128.974573, 37.178482], [128.974799, 37.178477], [128.976725, 37.178432], [128.977588, 37.178375], [128.978197, 37.178279], [128.978791, 37.178133], [128.979336, 37.177941], [128.980214, 37.177557], [128.980583, 37.17741], [128.980787, 37.177329], [128.98255, 37.176627], [128.98403, 37.175959]]}}, {"type": "Feature", "properties": {"line": "태백선", "from": "태백", "to": "영동선", "stub": "영동선", "km": 8.614, "down": 25141, "up": 26131, "daily": 140, "density": 140}, "geometry": {"type": "LineString", "coordinates": [[128.98403, 37.175959], [128.985636, 37.175234], [128.986387, 37.17489], [128.987307, 37.174343], [128.987696, 37.174049], [128.988404, 37.173401], [128.988633, 37.173129], [128.989843, 37.171533], [128.990027, 37.171296], [128.990431, 37.170676], [128.990671, 37.170213], [128.99082, 37.169767], [128.990862, 37.16939], [128.991178, 37.166751], [128.99119, 37.166474], [128.991178, 37.166175], [128.991099, 37.165853], [128.990978, 37.165528], [128.990731, 37.16516], [128.990467, 37.164878], [128.989833, 37.164374], [128.989476, 37.164015], [128.989175, 37.163712], [128.988931, 37.163394], [128.988758, 37.1631], [128.9886, 37.162776], [128.988446, 37.162319], [128.988342, 37.161922], [128.988319, 37.161524], [128.988308, 37.161205], [128.988334, 37.160814], [128.988385, 37.160499], [128.988625, 37.159261], [128.988781, 37.158424], [128.988817, 37.158176], [128.98905, 37.156551], [128.989135, 37.155727], [128.989185, 37.155304], [128.989404, 37.154187], [128.989878, 37.150057], [128.989928, 37.149431], [128.990006, 37.149126], [128.990133, 37.148782], [128.990282, 37.148517], [128.990445, 37.148291], [128.990579, 37.148145], [128.99086, 37.147905], [128.991132, 37.147711], [128.99129, 37.147617], [128.991726, 37.147413], [128.992335, 37.147199], [128.993083, 37.146952], [128.993346, 37.146847], [128.993539, 37.146768], [128.993714, 37.146674], [128.994031, 37.146479], [128.994262, 37.146243], [128.994484, 37.14596], [128.994657, 37.145656], [128.994792, 37.145287], [128.994866, 37.14485], [128.994977, 37.143789], [128.995033, 37.143553], [128.995224, 37.14318], [128.995378, 37.142934], [128.995567, 37.142605], [128.995837, 37.142291], [128.99622, 37.141999], [128.996702, 37.141785], [128.997072, 37.141692], [128.997448, 37.141638], [128.99775, 37.141628], [128.998557, 37.141628], [128.999001, 37.141584], [128.999444, 37.141539], [129.00285, 37.140573], [129.003244, 37.140511], [129.003622, 37.140494], [129.003972, 37.140551], [129.005657, 37.141224], [129.006082, 37.141412], [129.006319, 37.141508], [129.006553, 37.141588], [129.006706, 37.141624], [129.006836, 37.141644], [129.007029, 37.141667], [129.016631, 37.1419], [129.018078, 37.141802], [129.019587, 37.141614], [129.020059, 37.14158], [129.020436, 37.141621], [129.02085, 37.141725], [129.021992, 37.142013], [129.025399, 37.142955], [129.026069, 37.143156], [129.026536, 37.143358], [129.028226, 37.14421], [129.028551, 37.144359], [129.02898, 37.144514], [129.030482, 37.145057], [129.031088, 37.145219], [129.031288, 37.145255], [129.031473, 37.145272], [129.031722, 37.145278], [129.032014, 37.145266], [129.032288, 37.14525], [129.032618, 37.145191], [129.032806, 37.145153], [129.03312, 37.145054], [129.033407, 37.144933], [129.033701, 37.144784], [129.033959, 37.1446], [129.034256, 37.1443], [129.034433, 37.144066], [129.034596, 37.143766], [129.034809, 37.143223], [129.035197, 37.142195], [129.035336, 37.141794], [129.035391, 37.141545], [129.035416, 37.141295], [129.035404, 37.141057], [129.035344, 37.140791], [129.035264, 37.140576], [129.035175, 37.140408], [129.035041, 37.140203], [129.034183, 37.139066], [129.033765, 37.13845]]}}, {"type": "Feature", "properties": {"line": "호남고속선", "from": "오송", "to": "공주", "km": 44.143, "down": 13221351, "up": 13254517, "daily": 72537, "density": 72537}, "geometry": {"type": "LineString", "coordinates": [[127.325954, 36.620984], [127.329162, 36.618167], [127.331795, 36.615782], [127.332725, 36.614886], [127.336675, 36.611343], [127.338678, 36.609508], [127.341038, 36.607407], [127.342754, 36.605793], [127.344103, 36.604419], [127.345705, 36.602618], [127.34706, 36.600965], [127.348255, 36.599375], [127.348543, 36.598969], [127.349589, 36.597324], [127.350697, 36.595436], [127.351304, 36.59429], [127.351941, 36.59305], [127.352431, 36.591913], [127.352849, 36.590894], [127.353155, 36.590116], [127.353552, 36.58895], [127.353972, 36.587679], [127.354187, 36.586814], [127.354367, 36.586092], [127.354617, 36.584955], [127.355015, 36.583095], [127.355294, 36.581513], [127.355511, 36.580248], [127.355912, 36.578426], [127.356192, 36.576686], [127.357194, 36.5698], [127.357393, 36.568248], [127.357541, 36.567096], [127.35789, 36.564373], [127.357902, 36.564284], [127.358119, 36.562605], [127.35834, 36.560928], [127.358812, 36.557847], [127.358871, 36.557396], [127.358935, 36.556905], [127.359, 36.556406], [127.359064, 36.555914], [127.35916, 36.554963], [127.359234, 36.55407], [127.359293, 36.55268], [127.359317, 36.551233], [127.359261, 36.549548], [127.359215, 36.548569], [127.359189, 36.548212], [127.359158, 36.547849], [127.359128, 36.547531], [127.359042, 36.546429], [127.358967, 36.54592], [127.358774, 36.544679], [127.35849, 36.542856], [127.358319, 36.542242], [127.35815, 36.541711], [127.356898, 36.537923], [127.356084, 36.535466], [127.35408, 36.528981], [127.350932, 36.519164], [127.350897, 36.519047], [127.349122, 36.513402], [127.348965, 36.513005], [127.346944, 36.507077], [127.346291, 36.505472], [127.345502, 36.503877], [127.344615, 36.502332], [127.343678, 36.500816], [127.342155, 36.498663], [127.341219, 36.497372], [127.340371, 36.496199], [127.338682, 36.493951], [127.337355, 36.49237], [127.335536, 36.490337], [127.333897, 36.488636], [127.33223, 36.487041], [127.330843, 36.485779], [127.329657, 36.484752], [127.328234, 36.483543], [127.326948, 36.48257], [127.325779, 36.481689], [127.325415, 36.481426], [127.324912, 36.481057], [127.32215, 36.479197], [127.319469, 36.477522], [127.31829, 36.476827], [127.317494, 36.476383], [127.31702, 36.476125], [127.314173, 36.474626], [127.283124, 36.457634], [127.28287, 36.457479], [127.276566, 36.453909], [127.276196, 36.453739], [127.273642, 36.452411], [127.261979, 36.445453], [127.218039, 36.420812], [127.21767, 36.420584], [127.215333, 36.419257], [127.214574, 36.418821], [127.148272, 36.381273], [127.146835, 36.38042], [127.144338, 36.378998], [127.143479, 36.378557], [127.135973, 36.374335], [127.134817, 36.373649], [127.134422, 36.373414], [127.134, 36.373176], [127.133453, 36.372866], [127.117186, 36.363384], [127.116045, 36.362454], [127.113119, 36.359933], [127.11134, 36.358387], [127.109934, 36.356963], [127.109223, 36.35602], [127.108486, 36.355092], [127.107658, 36.35411], [127.10612, 36.352156], [127.105365, 36.350976], [127.103652, 36.348109], [127.102857, 36.346666], [127.101926, 36.344702], [127.100335, 36.341035], [127.100149, 36.3406], [127.099627, 36.33938], [127.099492, 36.339063], [127.09887, 36.337614], [127.098759, 36.337353], [127.098161, 36.335959], [127.098015, 36.335608], [127.097846, 36.335231], [127.097507, 36.334368], [127.097217, 36.333691], [127.096615, 36.332243]]}}, {"type": "Feature", "properties": {"line": "호남고속선", "from": "공주", "to": "익산", "km": 46.287, "down": 13160413, "up": 13191821, "daily": 72198, "density": 72198}, "geometry": {"type": "LineString", "coordinates": [[127.096615, 36.332243], [127.095925, 36.330582], [127.095777, 36.330237], [127.095455, 36.329509], [127.094856, 36.328153], [127.094656, 36.327711], [127.092793, 36.32296], [127.09189, 36.320806], [127.091088, 36.318973], [127.089995, 36.316339], [127.089765, 36.315782], [127.089442, 36.315003], [127.088566, 36.313043], [127.083429, 36.300539], [127.082176, 36.297166], [127.081767, 36.29615], [127.080335, 36.291818], [127.076728, 36.280836], [127.075841, 36.27829], [127.074949, 36.275989], [127.07385, 36.273252], [127.073262, 36.271752], [127.072603, 36.270226], [127.071934, 36.268663], [127.071235, 36.267019], [127.069808, 36.263632], [127.06892, 36.261649], [127.066906, 36.256828], [127.065582, 36.253697], [127.064682, 36.251816], [127.06451, 36.251431], [127.062151, 36.245751], [127.06083, 36.242787], [127.060625, 36.242246], [127.059964, 36.240768], [127.059092, 36.238656], [127.056464, 36.232251], [127.05585, 36.230584], [127.0557, 36.230126], [127.055565, 36.229699], [127.05504, 36.228031], [127.053898, 36.224331], [127.053117, 36.221908], [127.052392, 36.219654], [127.049919, 36.212257], [127.047466, 36.204716], [127.04647, 36.201485], [127.045683, 36.198705], [127.045141, 36.196593], [127.04459, 36.194276], [127.042895, 36.186212], [127.042304, 36.183625], [127.041544, 36.180609], [127.040623, 36.177281], [127.033372, 36.152279], [127.030351, 36.1418], [127.029184, 36.137781], [127.028907, 36.136825], [127.028827, 36.136536], [127.028521, 36.135482], [127.026351, 36.128174], [127.023663, 36.118862], [127.02155, 36.111611], [127.021268, 36.110615], [127.020965, 36.109561], [127.020624, 36.10842], [127.020327, 36.107513], [127.020107, 36.106737], [127.020045, 36.10654], [127.020013, 36.106438], [127.019886, 36.106032], [127.019613, 36.10531], [127.019301, 36.104591], [127.018848, 36.103344], [127.018577, 36.102679], [127.018171, 36.101811], [127.017545, 36.100596], [127.017047, 36.099584], [127.016189, 36.097654], [127.015502, 36.096467], [127.015125, 36.095779], [127.01493, 36.095444], [127.014464, 36.094658], [127.011756, 36.090621], [127.010022, 36.088094], [127.009963, 36.088008], [127.009611, 36.087495], [127.007949, 36.085132], [127.003989, 36.079561], [126.991564, 36.061633], [126.990625, 36.060342], [126.989895, 36.059299], [126.985894, 36.053552], [126.983385, 36.050058], [126.975632, 36.038517], [126.973354, 36.035316], [126.971964, 36.033161], [126.969838, 36.029783], [126.96881, 36.027663], [126.968487, 36.027001], [126.967697, 36.025479], [126.967508, 36.02511], [126.966864, 36.023806], [126.96602, 36.022129], [126.965411, 36.020901], [126.964638, 36.019456], [126.963109, 36.016434], [126.96179, 36.013785], [126.960212, 36.010625], [126.959798, 36.009805], [126.959747, 36.009703], [126.957305, 36.004893], [126.95534, 36.001075], [126.953756, 35.997844], [126.952153, 35.99448], [126.951115, 35.992561], [126.948985, 35.988272], [126.948153, 35.986459], [126.947782, 35.985463], [126.947444, 35.984401], [126.94718, 35.983356], [126.946926, 35.982283], [126.946781, 35.981507], [126.946674, 35.980739], [126.946386, 35.977619], [126.946185, 35.973946], [126.946178, 35.973849], [126.946158, 35.97349], [126.946134, 35.973027], [126.94612, 35.972584], [126.946095, 35.972125], [126.946073, 35.971697], [126.946059, 35.971388], [126.946033, 35.970926], [126.946012, 35.97051], [126.945987, 35.970114], [126.945957, 35.969618], [126.945932, 35.969132], [126.945935, 35.968759], [126.945934, 35.968444], [126.94595, 35.96803], [126.945977, 35.967675], [126.946013, 35.967314], [126.946061, 35.966957], [126.946129, 35.966536], [126.946219, 35.966125], [126.946352, 35.965592], [126.94646, 35.965208], [126.94842, 35.959086], [126.948523, 35.958681], [126.948609, 35.9583], [126.948676, 35.957907], [126.948727, 35.957507], [126.948761, 35.9571], [126.948785, 35.956696], [126.948804, 35.956324], [126.948825, 35.955968], [126.948833, 35.955592], [126.949025, 35.950105], [126.949026, 35.949937], [126.949022, 35.949764], [126.949012, 35.949608], [126.949, 35.94945], [126.948978, 35.949269], [126.94895, 35.949117], [126.948914, 35.948946], [126.94879, 35.948521], [126.948711, 35.9483], [126.94864, 35.948104], [126.948166, 35.946874], [126.94794, 35.946285], [126.947764, 35.94582], [126.947583, 35.945361], [126.947486, 35.945101], [126.946573, 35.942741], [126.945991, 35.941237]]}}, {"type": "Feature", "properties": {"line": "호남고속선", "from": "익산", "to": "정읍", "km": 42.454, "down": 7384923, "up": 7457851, "daily": 40665, "density": 40665}, "geometry": {"type": "LineString", "coordinates": [[126.945991, 35.941237], [126.945149, 35.939061], [126.944324, 35.936911], [126.944268, 35.936763], [126.944041, 35.936197], [126.943743, 35.93543], [126.943634, 35.935149], [126.943352, 35.934355], [126.94314, 35.933633], [126.943065, 35.933361], [126.942958, 35.932914], [126.942725, 35.932026], [126.94253, 35.931226], [126.942427, 35.930816], [126.942073, 35.929433], [126.941835, 35.928552], [126.941745, 35.928219], [126.940966, 35.925203], [126.940513, 35.923674], [126.940153, 35.922367], [126.939663, 35.920339], [126.93938, 35.919199], [126.939144, 35.918059], [126.938956, 35.916921], [126.938784, 35.915529], [126.93865, 35.914077], [126.938588, 35.911895], [126.938553, 35.906813], [126.938508, 35.900334], [126.938446, 35.891378], [126.938365, 35.885426], [126.938336, 35.877929], [126.93829, 35.869979], [126.938247, 35.867005], [126.938162, 35.861547], [126.938044, 35.860167], [126.937819, 35.857944], [126.937443, 35.855554], [126.936134, 35.846483], [126.934997, 35.838891], [126.934418, 35.835133], [126.93417, 35.833413], [126.933787, 35.830748], [126.933688, 35.830063], [126.932998, 35.825282], [126.932822, 35.824143], [126.932509, 35.822047], [126.93191, 35.817975], [126.931886, 35.817813], [126.931595, 35.815977], [126.931092, 35.812803], [126.930267, 35.806853], [126.929225, 35.799925], [126.928031, 35.791635], [126.927472, 35.787428], [126.92712, 35.785207], [126.926774, 35.783641], [126.926467, 35.782187], [126.926105, 35.780465], [126.925781, 35.779137], [126.925419, 35.777739], [126.92496, 35.776066], [126.924474, 35.774532], [126.924182, 35.773612], [126.923728, 35.772236], [126.923388, 35.771233], [126.922562, 35.768678], [126.922254, 35.767679], [126.922019, 35.766675], [126.921893, 35.766301], [126.920672, 35.762684], [126.920416, 35.761901], [126.91989, 35.760282], [126.919078, 35.757828], [126.918594, 35.7566], [126.917581, 35.753516], [126.916888, 35.751396], [126.916242, 35.749388], [126.915671, 35.747601], [126.915299, 35.746395], [126.914775, 35.744365], [126.914386, 35.742938], [126.913808, 35.741034], [126.913396, 35.739316], [126.913028, 35.737733], [126.912719, 35.7363], [126.912308, 35.734436], [126.91207, 35.733254], [126.911927, 35.73236], [126.911586, 35.731018], [126.910992, 35.728271], [126.910336, 35.725321], [126.909854, 35.723118], [126.909248, 35.720437], [126.908707, 35.717942], [126.907577, 35.712737], [126.907286, 35.711458], [126.90671, 35.708755], [126.906215, 35.706638], [126.905986, 35.705469], [126.905127, 35.70158], [126.904742, 35.6999], [126.904347, 35.698084], [126.903838, 35.695634], [126.903155, 35.692709], [126.902787, 35.691038], [126.902435, 35.689349], [126.902089, 35.68773], [126.901488, 35.685038], [126.900713, 35.681611], [126.900182, 35.679209], [126.899657, 35.677265], [126.899072, 35.67529], [126.898595, 35.673811], [126.897924, 35.671832], [126.897074, 35.66968], [126.896296, 35.667728], [126.896078, 35.667016], [126.895437, 35.665587], [126.894138, 35.662883], [126.892175, 35.659328], [126.889653, 35.65481], [126.888192, 35.652043], [126.883028, 35.642766], [126.880906, 35.639112], [126.879209, 35.636039], [126.877845, 35.633442], [126.877341, 35.632575], [126.875888, 35.63008], [126.873954, 35.626528], [126.872928, 35.624629], [126.872782, 35.624361], [126.872402, 35.623656], [126.872331, 35.623532], [126.87181, 35.622646], [126.870779, 35.620698], [126.869595, 35.618554], [126.866579, 35.613122], [126.865816, 35.611729], [126.864917, 35.61007], [126.863379, 35.607359], [126.861995, 35.605034], [126.858726, 35.599162], [126.857428, 35.596727], [126.857105, 35.59618], [126.856394, 35.595115], [126.855764, 35.594006], [126.854298, 35.591618], [126.854264, 35.591568], [126.854203, 35.591477], [126.852968, 35.58964], [126.851969, 35.588256], [126.851786, 35.588013], [126.848935, 35.584337], [126.847539, 35.582625], [126.846807, 35.581674], [126.846351, 35.581079], [126.845474, 35.579911], [126.845335, 35.579701], [126.84375, 35.577726], [126.843062, 35.57682], [126.84303, 35.576779], [126.842169, 35.575647]]}}, {"type": "Feature", "properties": {"line": "호남고속선", "from": "정읍", "to": "광주송정", "km": 50.916, "down": 6987174, "up": 7062889, "daily": 38493, "density": 38493}, "geometry": {"type": "LineString", "coordinates": [[126.842169, 35.575647], [126.841951, 35.57536], [126.839414, 35.572128], [126.839022, 35.571591], [126.838513, 35.570892], [126.83773, 35.569866], [126.835866, 35.56742], [126.835109, 35.566326], [126.834208, 35.565167], [126.832966, 35.563549], [126.832326, 35.562634], [126.831136, 35.56083], [126.831079, 35.560742], [126.830575, 35.559978], [126.829921, 35.558968], [126.829155, 35.557648], [126.828669, 35.55681], [126.828146, 35.555852], [126.826596, 35.552828], [126.824018, 35.547684], [126.823047, 35.54568], [126.821118, 35.541613], [126.819828, 35.538927], [126.819148, 35.537517], [126.818413, 35.535946], [126.817677, 35.534437], [126.816811, 35.532641], [126.816422, 35.531833], [126.815548, 35.530032], [126.813814, 35.526378], [126.813455, 35.52552], [126.812665, 35.524035], [126.812101, 35.522911], [126.811535, 35.521783], [126.810822, 35.520343], [126.810726, 35.52014], [126.809582, 35.517722], [126.809248, 35.517072], [126.808923, 35.516349], [126.808457, 35.515383], [126.808139, 35.514742], [126.80695, 35.512286], [126.806545, 35.511456], [126.805423, 35.509145], [126.805188, 35.50868], [126.804682, 35.507569], [126.803482, 35.505083], [126.802512, 35.503067], [126.801245, 35.500449], [126.799967, 35.497776], [126.799756, 35.497336], [126.799494, 35.496764], [126.798404, 35.494298], [126.797616, 35.492709], [126.79623, 35.489786], [126.795568, 35.488538], [126.7955, 35.488394], [126.795164, 35.487663], [126.794827, 35.486929], [126.794521, 35.486338], [126.794319, 35.485911], [126.793915, 35.484941], [126.79383, 35.484729], [126.793447, 35.483708], [126.79333, 35.4834], [126.79304, 35.482682], [126.79291, 35.482287], [126.792451, 35.480956], [126.792038, 35.479416], [126.791819, 35.478613], [126.791659, 35.477988], [126.784769, 35.443728], [126.784372, 35.442655], [126.784139, 35.441776], [126.783847, 35.44057], [126.783596, 35.439577], [126.781185, 35.431359], [126.780923, 35.430401], [126.780273, 35.428204], [126.780162, 35.427766], [126.777215, 35.416177], [126.77711, 35.41561], [126.777035, 35.415207], [126.776773, 35.413694], [126.776702, 35.413298], [126.776651, 35.413013], [126.776628, 35.412822], [126.774818, 35.400419], [126.774345, 35.397167], [126.774133, 35.395821], [126.773919, 35.394313], [126.77377, 35.393311], [126.773691, 35.392749], [126.773661, 35.392537], [126.7736, 35.392128], [126.772783, 35.386636], [126.76937, 35.363097], [126.769227, 35.362343], [126.768948, 35.360397], [126.768859, 35.359743], [126.76768, 35.35155], [126.767529, 35.350494], [126.767343, 35.349304], [126.766939, 35.346652], [126.76645, 35.34331], [126.765924, 35.339711], [126.765775, 35.338684], [126.765636, 35.337593], [126.765402, 35.336074], [126.765373, 35.335873], [126.765088, 35.333902], [126.764487, 35.329924], [126.764262, 35.328358], [126.764185, 35.327724], [126.763956, 35.326115], [126.76367, 35.324101], [126.763333, 35.321915], [126.763062, 35.320076], [126.762915, 35.319128], [126.762609, 35.31688], [126.762466, 35.315895], [126.762265, 35.314242], [126.762178, 35.313234], [126.762097, 35.31233], [126.762049, 35.311399], [126.762063, 35.310218], [126.761977, 35.308497], [126.761985, 35.308252], [126.761996, 35.307945], [126.762008, 35.307397], [126.762035, 35.306396], [126.762045, 35.306272], [126.762078, 35.305355], [126.762632, 35.295945], [126.762748, 35.293785], [126.762832, 35.292258], [126.76299, 35.289931], [126.763762, 35.276612], [126.763768, 35.276475], [126.763981, 35.273753], [126.763984, 35.272509], [126.764086, 35.27099], [126.764102, 35.270533], [126.764219, 35.269255], [126.764389, 35.26842], [126.764409, 35.268047], [126.765547, 35.246153], [126.76559, 35.24555], [126.765611, 35.245178], [126.765697, 35.243839], [126.765734, 35.243131], [126.76584, 35.241929], [126.765919, 35.241157], [126.765999, 35.240477], [126.766193, 35.239117], [126.766355, 35.237995], [126.766458, 35.237404], [126.766702, 35.236066], [126.768733, 35.229171], [126.769049, 35.228125], [126.769397, 35.227188], [126.770506, 35.224512], [126.770615, 35.224277], [126.771435, 35.222485], [126.771493, 35.222357], [126.771828, 35.221613], [126.773221, 35.2185], [126.773618, 35.217514], [126.774299, 35.215937], [126.775105, 35.214096], [126.776177, 35.211725], [126.776228, 35.211624], [126.777883, 35.207952], [126.779039, 35.205377], [126.779652, 35.203959], [126.780523, 35.202002], [126.781104, 35.200591], [126.78179, 35.199123], [126.782155, 35.198211], [126.782829, 35.196728], [126.783297, 35.195636], [126.783485, 35.195201], [126.78394, 35.194254], [126.784934, 35.191967], [126.785576, 35.190549], [126.786263, 35.189126], [126.787793, 35.186184], [126.788975, 35.184145], [126.790072, 35.182378], [126.799323, 35.167505], [126.799585, 35.166959], [126.799942, 35.166232], [126.800143, 35.165606], [126.800207, 35.165348], [126.800375, 35.164584], [126.800401, 35.164324], [126.800422, 35.16391], [126.800409, 35.163614], [126.800325, 35.162889], [126.799873, 35.160932], [126.799476, 35.159365], [126.798736, 35.156574], [126.797694, 35.15261], [126.797439, 35.151562], [126.797066, 35.150293], [126.796722, 35.14909], [126.79641, 35.148344], [126.795933, 35.1474], [126.794792, 35.145496], [126.79466, 35.145275], [126.794606, 35.145185], [126.794457, 35.144936], [126.793366, 35.14313], [126.792757, 35.14213], [126.792518, 35.141739], [126.792135, 35.141211], [126.791963, 35.140985], [126.791032, 35.139759], [126.790896, 35.13957], [126.789862, 35.137851]]}}, {"type": "Feature", "properties": {"line": "호남선", "from": "서대전", "to": "경부선", "stub": "경부선", "km": 6.011, "down": 185095, "up": 185048, "daily": 1014, "density": 1014}, "geometry": {"type": "LineString", "coordinates": [[127.42365, 36.370972], [127.423418, 36.369963], [127.422932, 36.36841], [127.422686, 36.367595], [127.422417, 36.366602], [127.422105, 36.365637], [127.421775, 36.364861], [127.421084, 36.363629], [127.420601, 36.36283], [127.420278, 36.362284], [127.419662, 36.361203], [127.418516, 36.359212], [127.418105, 36.358459], [127.417836, 36.35795], [127.417428, 36.35717], [127.417186, 36.356601], [127.416964, 36.35613], [127.416807, 36.355784], [127.416612, 36.355433], [127.416454, 36.355246], [127.415486, 36.354131], [127.412042, 36.350317], [127.411241, 36.34942], [127.411116, 36.349278], [127.410585, 36.348691], [127.410465, 36.348557], [127.409319, 36.347281], [127.409176, 36.347111], [127.408653, 36.346547], [127.408, 36.345711], [127.407275, 36.344691], [127.40697, 36.344124], [127.406634, 36.34341], [127.405759, 36.341303], [127.405571, 36.340843], [127.404997, 36.339455], [127.404796, 36.338989], [127.404592, 36.338562], [127.404384, 36.338215], [127.404108, 36.337823], [127.403803, 36.337484], [127.403381, 36.337096], [127.402823, 36.33666], [127.401963, 36.336036], [127.401384, 36.335615], [127.400921, 36.335206], [127.4007, 36.334953], [127.400358, 36.334499], [127.40012, 36.334036], [127.399933, 36.333547], [127.399852, 36.333196], [127.399767, 36.332628], [127.399758, 36.332292], [127.399798, 36.331854], [127.399874, 36.331494], [127.399964, 36.331175], [127.400079, 36.330855], [127.401233, 36.327712], [127.401356, 36.327393], [127.401866, 36.326018], [127.401926, 36.325853], [127.401986, 36.325689], [127.402252, 36.324969], [127.403148, 36.322483]]}}, {"type": "Feature", "properties": {"line": "호남선", "from": "서대전", "to": "계룡", "km": 19.57, "down": 724284, "up": 739710, "daily": 4011, "density": 4011}, "geometry": {"type": "LineString", "coordinates": [[127.403148, 36.322483], [127.403537, 36.321403], [127.403585, 36.321271], [127.403632, 36.321103], [127.4037, 36.320834], [127.403747, 36.320569], [127.403807, 36.320144], [127.403818, 36.319854], [127.403814, 36.319592], [127.403808, 36.31932], [127.403768, 36.318939], [127.403478, 36.317448], [127.403247, 36.316409], [127.403029, 36.315377], [127.402823, 36.314469], [127.402664, 36.313982], [127.402374, 36.313383], [127.402057, 36.312902], [127.401837, 36.312615], [127.401483, 36.312231], [127.400802, 36.311643], [127.400388, 36.311346], [127.397906, 36.309861], [127.396163, 36.308888], [127.395735, 36.308692], [127.395369, 36.30855], [127.394809, 36.308379], [127.394117, 36.308207], [127.391948, 36.307837], [127.389718, 36.307474], [127.388954, 36.307403], [127.388498, 36.307399], [127.387785, 36.307449], [127.387364, 36.307515], [127.387054, 36.307574], [127.386551, 36.307709], [127.38603, 36.307897], [127.38529, 36.30827], [127.3834, 36.309323], [127.382695, 36.309715], [127.381291, 36.310506], [127.380886, 36.310693], [127.38056, 36.310808], [127.380284, 36.310888], [127.380021, 36.310952], [127.379571, 36.311039], [127.37902, 36.311098], [127.378576, 36.31111], [127.378169, 36.311084], [127.378135, 36.311082], [127.378023, 36.311074], [127.377869, 36.311057], [127.377504, 36.311011], [127.377148, 36.310946], [127.376345, 36.310748], [127.375817, 36.310601], [127.375639, 36.310549], [127.374191, 36.310154], [127.373779, 36.31006], [127.373422, 36.309993], [127.373226, 36.309966], [127.372879, 36.309934], [127.370205, 36.30996], [127.368935, 36.309954], [127.368608, 36.309924], [127.36825, 36.309876], [127.367831, 36.309805], [127.367493, 36.309722], [127.367336, 36.309682], [127.365936, 36.309214], [127.363906, 36.308555], [127.363512, 36.308422], [127.363099, 36.308256], [127.362542, 36.307974], [127.362001, 36.307647], [127.361727, 36.30746], [127.361248, 36.307059], [127.360555, 36.306317], [127.359426, 36.305082], [127.359115, 36.30475], [127.358272, 36.303874], [127.35798, 36.303528], [127.357508, 36.302903], [127.357227, 36.302485], [127.357037, 36.302168], [127.356919, 36.301818], [127.35681, 36.301428], [127.356751, 36.30112], [127.356723, 36.300819], [127.356717, 36.300471], [127.356763, 36.299987], [127.356843, 36.299528], [127.357157, 36.298369], [127.357211, 36.298169], [127.357306, 36.297821], [127.357428, 36.297363], [127.357544, 36.296866], [127.357681, 36.296337], [127.357782, 36.295879], [127.357902, 36.295453], [127.35794, 36.295271], [127.358027, 36.294753], [127.358034, 36.294305], [127.357997, 36.293869], [127.357925, 36.293517], [127.357812, 36.293162], [127.357654, 36.292814], [127.357474, 36.292472], [127.356634, 36.291204], [127.355773, 36.289904], [127.354985, 36.288703], [127.354215, 36.287521], [127.353391, 36.286197], [127.353016, 36.285571], [127.3528, 36.285193], [127.352441, 36.28467], [127.352317, 36.284493], [127.351877, 36.284011], [127.351541, 36.283706], [127.351212, 36.283439], [127.35061, 36.283034], [127.349625, 36.282454], [127.349124, 36.282144], [127.348698, 36.281837], [127.348453, 36.281637], [127.347813, 36.281037], [127.347373, 36.280408], [127.346988, 36.279647], [127.346718, 36.278863], [127.346345, 36.277667], [127.346058, 36.276681], [127.345786, 36.275797], [127.345358, 36.274374], [127.345271, 36.273925], [127.345203, 36.273421], [127.345188, 36.273081], [127.345201, 36.272712], [127.345264, 36.272282], [127.345369, 36.27187], [127.345506, 36.271465], [127.345751, 36.270797], [127.345988, 36.270164], [127.346097, 36.269856], [127.346192, 36.269478], [127.346256, 36.269145], [127.346295, 36.2688], [127.346201, 36.267749], [127.345936, 36.266759], [127.345838, 36.266542], [127.345688, 36.26626], [127.345604, 36.266123], [127.345408, 36.265844], [127.345045, 36.265363], [127.344467, 36.264721], [127.343719, 36.263859], [127.342964, 36.263014], [127.342086, 36.262028], [127.341845, 36.261748], [127.341595, 36.261392], [127.341297, 36.260894], [127.341102, 36.26045], [127.340901, 36.260007], [127.340736, 36.259692], [127.340685, 36.259608], [127.340615, 36.259474], [127.340358, 36.258833], [127.339986, 36.257857], [127.339753, 36.257257], [127.339267, 36.256118], [127.338962, 36.255359], [127.338805, 36.254958], [127.338327, 36.253811], [127.338316, 36.253785], [127.338255, 36.253624], [127.338132, 36.25331], [127.337898, 36.252816], [127.337648, 36.252405], [127.337421, 36.252087], [127.337195, 36.25183], [127.336861, 36.251494], [127.336504, 36.251187], [127.336169, 36.250936], [127.335789, 36.25068], [127.335222, 36.250398], [127.334739, 36.250186], [127.334144, 36.249971], [127.333606, 36.249826], [127.333235, 36.249744], [127.332861, 36.249681], [127.33235, 36.249624], [127.331787, 36.249612], [127.331326, 36.249636], [127.33065, 36.249711], [127.33004, 36.249829], [127.329181, 36.250045], [127.328409, 36.250259], [127.327524, 36.250513], [127.327062, 36.250619], [127.32654, 36.250703], [127.326155, 36.250743], [127.325505, 36.250761], [127.324981, 36.250746], [127.324401, 36.250692], [127.323823, 36.250595], [127.32334, 36.25049], [127.321894, 36.25011], [127.320686, 36.249862], [127.320093, 36.249777], [127.319458, 36.24973], [127.319299, 36.249724], [127.318501, 36.249755], [127.317994, 36.249792], [127.317619, 36.249848], [127.317106, 36.249961], [127.316614, 36.250097], [127.315976, 36.250313], [127.315378, 36.250568], [127.314893, 36.250774], [127.31418, 36.25106], [127.313658, 36.251246], [127.313219, 36.251365], [127.312528, 36.251506], [127.311081, 36.251701], [127.30982, 36.251859], [127.308713, 36.252098], [127.307677, 36.252451], [127.30692, 36.252789], [127.30618, 36.253197], [127.305571, 36.253615], [127.304998, 36.254071], [127.304447, 36.254623], [127.303978, 36.255189], [127.303597, 36.255733], [127.303277, 36.256346], [127.302671, 36.257624], [127.301666, 36.259803], [127.300463, 36.262353], [127.300097, 36.262885], [127.299604, 36.263385], [127.299219, 36.263658], [127.29856, 36.264034], [127.298036, 36.264243], [127.297679, 36.264354], [127.297374, 36.264434], [127.297125, 36.264466], [127.296861, 36.264509], [127.29653, 36.264525], [127.296092, 36.264525], [127.295795, 36.264502], [127.295195, 36.264393], [127.294181, 36.26421], [127.29324, 36.264045], [127.2923, 36.263931], [127.292125, 36.263924], [127.29205, 36.263921], [127.29191, 36.263921], [127.291508, 36.26394], [127.291074, 36.263974], [127.290872, 36.264013], [127.290581, 36.264066], [127.290381, 36.264106], [127.290151, 36.264155], [127.289704, 36.264304], [127.289311, 36.264415], [127.287774, 36.264794], [127.287381, 36.264876], [127.287012, 36.264937], [127.28662, 36.264976], [127.286312, 36.264985], [127.285962, 36.26497], [127.285607, 36.264937], [127.285267, 36.264897], [127.282931, 36.264391], [127.28274, 36.264352], [127.282468, 36.264313], [127.282108, 36.264275], [127.281793, 36.264261], [127.281413, 36.264262], [127.28107, 36.264284], [127.280657, 36.264345], [127.280354, 36.26441], [127.280034, 36.264499], [127.279778, 36.264578], [127.279352, 36.264725], [127.277749, 36.265305], [127.277512, 36.265407], [127.277218, 36.26555], [127.276961, 36.265695], [127.276716, 36.265855], [127.276482, 36.26603], [127.27627, 36.266202], [127.274759, 36.267527], [127.274084, 36.268122], [127.273769, 36.268385], [127.273444, 36.268654], [127.273209, 36.268831], [127.273008, 36.268967], [127.272814, 36.269091], [127.272585, 36.269225], [127.272349, 36.269353], [127.272046, 36.269507], [127.26983, 36.270669], [127.269682, 36.270746], [127.268569, 36.271323], [127.268304, 36.271462], [127.266521, 36.272393]]}}, {"type": "Feature", "properties": {"line": "호남선", "from": "계룡", "to": "연산", "km": 14.223, "down": 652793, "up": 672729, "daily": 3632, "density": 3632}, "geometry": {"type": "LineString", "coordinates": [[127.266521, 36.272393], [127.264391, 36.273505], [127.26323, 36.274113], [127.262857, 36.274308], [127.262561, 36.274455], [127.262326, 36.274557], [127.262119, 36.274638], [127.261868, 36.27473], [127.261687, 36.274791], [127.261538, 36.274833], [127.261328, 36.274887], [127.261025, 36.274954], [127.259936, 36.275194], [127.259871, 36.275208], [127.259623, 36.275256], [127.257424, 36.275716], [127.257066, 36.275807], [127.256643, 36.275929], [127.256175, 36.276088], [127.255842, 36.276222], [127.255572, 36.27635], [127.255289, 36.276502], [127.255161, 36.276576], [127.254856, 36.276769], [127.254509, 36.277009], [127.252618, 36.278369], [127.251958, 36.278856], [127.251437, 36.279219], [127.250735, 36.279728], [127.250468, 36.279908], [127.250167, 36.280095], [127.249798, 36.280292], [127.249469, 36.280456], [127.249051, 36.280656], [127.248724, 36.280804], [127.248297, 36.280998], [127.246205, 36.281962], [127.245929, 36.282082], [127.245686, 36.282188], [127.245182, 36.282385], [127.244365, 36.282677], [127.244143, 36.282745], [127.243512, 36.28292], [127.240031, 36.283815], [127.237856, 36.284369], [127.236868, 36.284627], [127.23677, 36.284652], [127.235681, 36.284955], [127.233656, 36.285781], [127.23305, 36.285964], [127.231025, 36.286196], [127.229128, 36.286319], [127.228152, 36.286302], [127.227353, 36.286204], [127.226602, 36.28601], [127.224708, 36.285296], [127.223635, 36.28476], [127.221161, 36.283136], [127.220741, 36.282832], [127.220483, 36.282634], [127.220119, 36.282291], [127.219755, 36.281881], [127.219502, 36.281441], [127.219255, 36.280548], [127.21926, 36.27959], [127.219504, 36.278793], [127.219979, 36.278057], [127.220607, 36.277517], [127.221315, 36.277041], [127.224095, 36.275357], [127.224316, 36.275223], [127.224611, 36.275037], [127.225309, 36.274583], [127.225733, 36.274185], [127.226089, 36.273754], [127.226349, 36.273328], [127.226542, 36.272824], [127.226684, 36.272129], [127.226905, 36.271036], [127.226926, 36.270783], [127.226897, 36.270026], [127.22654, 36.268731], [127.226328, 36.267758], [127.226449, 36.266646], [127.226905, 36.265461], [127.227883, 36.263035], [127.228012, 36.262716], [127.228058, 36.262601], [127.228132, 36.2624], [127.228263, 36.262046], [127.228399, 36.261461], [127.228377, 36.255769], [127.228339, 36.25363], [127.2283, 36.251464], [127.228273, 36.249582], [127.228237, 36.248197], [127.228158, 36.2469], [127.228152, 36.246805], [127.228072, 36.246457], [127.22795, 36.245814], [127.227901, 36.245561], [127.22777, 36.24509], [127.22687, 36.241855], [127.226784, 36.241274], [127.226738, 36.240106], [127.226768, 36.239325], [127.226773, 36.239202], [127.226866, 36.23863], [127.227048, 36.237642], [127.227353, 36.236696], [127.227608, 36.235691], [127.227701, 36.235144], [127.227763, 36.233856], [127.227758, 36.233739], [127.227687, 36.232666], [127.2275, 36.231566], [127.227388, 36.230873], [127.2272, 36.229654], [127.226952, 36.228119], [127.226731, 36.226623], [127.226514, 36.225052], [127.226232, 36.224196], [127.225955, 36.223616], [127.225432, 36.222872], [127.224576, 36.221971], [127.223905, 36.221469], [127.223093, 36.220942], [127.220702, 36.219752], [127.21644, 36.217611], [127.216262, 36.217521], [127.214985, 36.216872], [127.213765, 36.216314], [127.212604, 36.215925], [127.212057, 36.215753], [127.211462, 36.2156], [127.209142, 36.214992], [127.206744, 36.214362], [127.206405, 36.214257], [127.206, 36.214115], [127.205466, 36.213909], [127.204458, 36.213438], [127.204118, 36.213295], [127.202747, 36.212718], [127.200936, 36.211947]]}}, {"type": "Feature", "properties": {"line": "호남선", "from": "연산", "to": "논산", "km": 11.263, "down": 642922, "up": 662416, "daily": 3576, "density": 3576}, "geometry": {"type": "LineString", "coordinates": [[127.200936, 36.211947], [127.20084, 36.211906], [127.197423, 36.210456], [127.196608, 36.21011], [127.196344, 36.210015], [127.195524, 36.209691], [127.195051, 36.209537], [127.194527, 36.209405], [127.194026, 36.209302], [127.193465, 36.209217], [127.192841, 36.209178], [127.192186, 36.209179], [127.191524, 36.209227], [127.190922, 36.209299], [127.190461, 36.20941], [127.189661, 36.20962], [127.187375, 36.210276], [127.186235, 36.210603], [127.182624, 36.21164], [127.178735, 36.212749], [127.177991, 36.213003], [127.177551, 36.213189], [127.177096, 36.213412], [127.176468, 36.213804], [127.175967, 36.214196], [127.175636, 36.214502], [127.175328, 36.214823], [127.173924, 36.216567], [127.173681, 36.216757], [127.172505, 36.218427], [127.170942, 36.22037], [127.170596, 36.220711], [127.170099, 36.221136], [127.169582, 36.221408], [127.169104, 36.221721], [127.16897, 36.221813], [127.168276, 36.222236], [127.167666, 36.222473], [127.167171, 36.222628], [127.166473, 36.222817], [127.164999, 36.223067], [127.163786, 36.22325], [127.162172, 36.223468], [127.161533, 36.223555], [127.159325, 36.223879], [127.158178, 36.224036], [127.157435, 36.224154], [127.156804, 36.224258], [127.156571, 36.2243], [127.15639, 36.224333], [127.155421, 36.224545], [127.154457, 36.224774], [127.153329, 36.225087], [127.152497, 36.225352], [127.151634, 36.22565], [127.15064, 36.226021], [127.149596, 36.226499], [127.1473, 36.227579], [127.146033, 36.228187], [127.14504, 36.228657], [127.144613, 36.228803], [127.144347, 36.228883], [127.143403, 36.229131], [127.142643, 36.229262], [127.142054, 36.229337], [127.14166, 36.229364], [127.141172, 36.229348], [127.140729, 36.229325], [127.14002, 36.229207], [127.139442, 36.22907], [127.138884, 36.228881], [127.138399, 36.228681], [127.138099, 36.228523], [127.138015, 36.228477], [127.137713, 36.22831], [127.136747, 36.227699], [127.135161, 36.226693], [127.133536, 36.225655], [127.131942, 36.224636], [127.131895, 36.224606], [127.129467, 36.223067], [127.128224, 36.222259], [127.127596, 36.221871], [127.126998, 36.221507], [127.126355, 36.221188], [127.125407, 36.220747], [127.124321, 36.220264], [127.123029, 36.219697], [127.12132, 36.218939], [127.120219, 36.218455], [127.119683, 36.218219], [127.118722, 36.217807], [127.11819, 36.217553], [127.117632, 36.217265], [127.117256, 36.217069], [127.116646, 36.21669], [127.115791, 36.216116], [127.114842, 36.215426], [127.114688, 36.215311], [127.113946, 36.214751], [127.112152, 36.21345], [127.11008, 36.211931], [127.10978, 36.21169], [127.109461, 36.211516], [127.109147, 36.211368], [127.108778, 36.211224], [127.108324, 36.211079], [127.108078, 36.211029], [127.107528, 36.210946], [127.106762, 36.210841], [127.100169, 36.210152], [127.098865, 36.209989], [127.098501, 36.20992], [127.09816, 36.209829], [127.097887, 36.20973], [127.097639, 36.209635], [127.09741, 36.209535], [127.097133, 36.209389], [127.096804, 36.209202], [127.096609, 36.209087], [127.096129, 36.2088], [127.094656, 36.207947], [127.092865, 36.20689]]}}, {"type": "Feature", "properties": {"line": "호남선", "from": "논산", "to": "강경", "km": 9.77, "down": 346237, "up": 368961, "daily": 1959, "density": 1959}, "geometry": {"type": "LineString", "coordinates": [[127.092865, 36.20689], [127.0907, 36.205613], [127.089458, 36.204906], [127.089244, 36.204785], [127.089105, 36.204704], [127.086462, 36.203172], [127.086139, 36.202982], [127.085073, 36.202351], [127.084706, 36.202133], [127.0842, 36.201843], [127.083831, 36.201614], [127.083607, 36.201457], [127.083419, 36.201307], [127.083141, 36.201052], [127.082841, 36.200765], [127.082416, 36.200276], [127.08142, 36.199105], [127.080842, 36.19841], [127.07988, 36.19724], [127.079404, 36.196661], [127.078812, 36.195979], [127.077783, 36.194892], [127.0762, 36.19333], [127.076166, 36.193297], [127.075582, 36.19272], [127.074713, 36.191854], [127.073829, 36.190972], [127.07342, 36.190537], [127.073178, 36.190239], [127.073011, 36.190008], [127.072867, 36.189757], [127.072719, 36.189484], [127.072561, 36.189133], [127.072419, 36.188751], [127.072138, 36.188007], [127.071598, 36.186596], [127.071136, 36.185389], [127.069789, 36.181996], [127.069258, 36.180607], [127.068973, 36.179742], [127.068842, 36.179294], [127.0687, 36.178606], [127.068639, 36.178104], [127.068476, 36.17663], [127.068423, 36.176048], [127.068327, 36.175593], [127.068179, 36.17513], [127.067994, 36.1747], [127.067793, 36.174329], [127.067514, 36.173904], [127.067199, 36.173477], [127.066392, 36.172476], [127.06558, 36.171446], [127.063721, 36.169148], [127.061891, 36.166861], [127.061446, 36.166445], [127.06065, 36.16589], [127.059962, 36.16553], [127.059231, 36.165203], [127.05787, 36.164613], [127.057166, 36.164308], [127.056364, 36.164013], [127.055657, 36.163789], [127.055109, 36.163667], [127.05433, 36.163549], [127.053676, 36.163482], [127.052672, 36.163405], [127.052298, 36.163372], [127.051506, 36.163322], [127.048041, 36.163047], [127.044477, 36.16278], [127.044202, 36.16276], [127.043397, 36.1627], [127.042081, 36.162596], [127.037956, 36.162269], [127.033876, 36.161968], [127.033641, 36.161953], [127.033218, 36.161922], [127.032718, 36.161879], [127.032351, 36.16184], [127.031974, 36.161796], [127.031049, 36.161669], [127.030432, 36.161571], [127.029722, 36.161426], [127.029054, 36.161263], [127.028314, 36.161047], [127.027435, 36.16076], [127.026847, 36.160557], [127.025983, 36.160193], [127.02528, 36.159868], [127.025032, 36.159739], [127.024708, 36.159563], [127.024281, 36.159313], [127.023952, 36.159123], [127.023563, 36.15887], [127.022455, 36.158159], [127.021632, 36.157681], [127.021568, 36.157642], [127.021341, 36.157499], [127.020554, 36.156974], [127.018353, 36.155565], [127.017252, 36.154857]]}}, {"type": "Feature", "properties": {"line": "호남선", "from": "강경", "to": "함열", "km": 11.401, "down": 280026, "up": 305267, "daily": 1604, "density": 1604}, "geometry": {"type": "LineString", "coordinates": [[127.017252, 36.154857], [127.015493, 36.153724], [127.014399, 36.153013], [127.013196, 36.152224], [127.012885, 36.151983], [127.012728, 36.151852], [127.012428, 36.151566], [127.012194, 36.151292], [127.012041, 36.151112], [127.01186, 36.150887], [127.011708, 36.150649], [127.011477, 36.150233], [127.011373, 36.150048], [127.011261, 36.149791], [127.011198, 36.149632], [127.011129, 36.149425], [127.011079, 36.149209], [127.011022, 36.148922], [127.010981, 36.148613], [127.010965, 36.148285], [127.011028, 36.147457], [127.01116, 36.146871], [127.011432, 36.145936], [127.01155, 36.145501], [127.011618, 36.145219], [127.011661, 36.144976], [127.011691, 36.144764], [127.011715, 36.14445], [127.011709, 36.14414], [127.011683, 36.143884], [127.011635, 36.143502], [127.011545, 36.1431], [127.01126, 36.142348], [127.009091, 36.137007], [127.008943, 36.136651], [127.008203, 36.134858], [127.007839, 36.13406], [127.007621, 36.133685], [127.007403, 36.133362], [127.007164, 36.133045], [127.006916, 36.132726], [127.006532, 36.132317], [127.006363, 36.132158], [127.006074, 36.131916], [127.005793, 36.131693], [127.005488, 36.131451], [127.004875, 36.131073], [127.004872, 36.131071], [127.00423, 36.130728], [127.002542, 36.12995], [127.000553, 36.129039], [126.997077, 36.127453], [126.996705, 36.127252], [126.996343, 36.127025], [126.996062, 36.126831], [126.995666, 36.126511], [126.995304, 36.126137], [126.995141, 36.125946], [126.994854, 36.125625], [126.994678, 36.12538], [126.994521, 36.125022], [126.994239, 36.124466], [126.994111, 36.124061], [126.99332, 36.121562], [126.992222, 36.11811], [126.991996, 36.117388], [126.99172, 36.116522], [126.99081, 36.113521], [126.990671, 36.112989], [126.990611, 36.112502], [126.990528, 36.111712], [126.990525, 36.108723], [126.990535, 36.104839], [126.990532, 36.102624], [126.990484, 36.102099], [126.990341, 36.101606], [126.99007, 36.101017], [126.989768, 36.10054], [126.989354, 36.100063], [126.988972, 36.099697], [126.988511, 36.099347], [126.988034, 36.099028], [126.987556, 36.098821], [126.98684, 36.098583], [126.986092, 36.098424], [126.986013, 36.09841], [126.984273, 36.098088], [126.970739, 36.09545], [126.963529, 36.09404], [126.963352, 36.094024], [126.962568, 36.093883], [126.961911, 36.093745], [126.961359, 36.093635], [126.960879, 36.09351], [126.960446, 36.093375], [126.960024, 36.093192], [126.959552, 36.092971], [126.959117, 36.09273], [126.958642, 36.092419], [126.958241, 36.092096], [126.957834, 36.091676], [126.95749, 36.091269], [126.95721, 36.090874], [126.956866, 36.090314], [126.956688, 36.089856], [126.95651, 36.08936], [126.955733, 36.085604], [126.955695, 36.085133], [126.955669, 36.084599], [126.955759, 36.084077], [126.956046, 36.082723], [126.956613, 36.080173]]}}, {"type": "Feature", "properties": {"line": "호남선", "from": "함열", "to": "익산", "km": 15.863, "down": 265127, "up": 291805, "daily": 1526, "density": 1526}, "geometry": {"type": "LineString", "coordinates": [[126.956613, 36.080173], [126.957454, 36.076387], [126.957923, 36.074262], [126.958012, 36.073817], [126.958032, 36.073471], [126.958057, 36.072962], [126.958018, 36.071393], [126.95795, 36.068672], [126.957917, 36.068227], [126.957866, 36.067858], [126.957764, 36.067476], [126.95765, 36.067107], [126.957459, 36.066699], [126.957213, 36.066147], [126.953119, 36.058855], [126.952945, 36.058571], [126.951802, 36.056532], [126.947852, 36.04953], [126.946728, 36.047541], [126.946448, 36.046956], [126.946282, 36.046446], [126.946219, 36.046014], [126.946168, 36.04553], [126.946428, 36.037963], [126.946518, 36.035233], [126.946684, 36.030517], [126.946714, 36.030089], [126.946663, 36.029539], [126.946561, 36.02901], [126.946306, 36.028458], [126.946029, 36.027922], [126.944648, 36.025919], [126.944298, 36.02528], [126.944048, 36.024654], [126.943933, 36.024233], [126.943801, 36.023718], [126.943666, 36.02289], [126.942504, 36.015276], [126.941809, 36.010531], [126.941791, 36.010285], [126.941778, 36.010016], [126.94179, 36.009517], [126.941884, 36.00878], [126.941958, 36.008085], [126.942416, 36.003643], [126.942552, 36.002277], [126.942608, 36.001838], [126.943393, 35.995033], [126.943394, 35.994762], [126.943565, 35.993503], [126.943646, 35.99275], [126.944015, 35.989405], [126.944068, 35.988951], [126.944146, 35.988311], [126.944333, 35.985565], [126.944574, 35.98427], [126.944693, 35.983592], [126.944745, 35.983366], [126.945077, 35.982216], [126.945654, 35.980596], [126.94645, 35.978638], [126.946528, 35.978428], [126.9466, 35.978209], [126.94667, 35.977995], [126.94673, 35.977776], [126.946776, 35.977536], [126.946808, 35.977295], [126.946822, 35.977046], [126.946833, 35.976795], [126.946814, 35.976517], [126.946795, 35.976228], [126.946479, 35.974016], [126.946463, 35.973833], [126.946455, 35.973792], [126.946407, 35.973344], [126.946367, 35.972935], [126.946327, 35.972522], [126.946294, 35.97217], [126.946256, 35.971761], [126.94622, 35.971375], [126.946176, 35.970917], [126.946137, 35.970501], [126.946101, 35.970101], [126.946068, 35.969614], [126.946045, 35.969127], [126.946039, 35.968747], [126.946042, 35.968443], [126.946052, 35.968034], [126.946079, 35.96768], [126.946118, 35.967323], [126.946165, 35.966964], [126.946233, 35.966547], [126.946321, 35.96614], [126.946451, 35.965606], [126.946561, 35.965229], [126.948514, 35.959108], [126.948616, 35.958694], [126.948707, 35.95831], [126.94877, 35.957916], [126.948824, 35.957504], [126.948855, 35.957098], [126.948885, 35.956697], [126.948898, 35.956328], [126.94892, 35.95597], [126.948928, 35.955594], [126.949119, 35.950107], [126.949121, 35.949936], [126.949117, 35.949762], [126.949106, 35.949603], [126.949095, 35.94944], [126.949072, 35.94926], [126.949043, 35.949105], [126.949006, 35.948931], [126.948882, 35.948503], [126.948803, 35.948285], [126.948728, 35.948086], [126.948605, 35.947766], [126.94802, 35.946258], [126.947673, 35.945312], [126.947494, 35.944845], [126.947491, 35.944836], [126.94741, 35.944623], [126.947343, 35.944401], [126.947294, 35.944231], [126.94712, 35.943616], [126.947073, 35.94344], [126.947021, 35.94329], [126.946959, 35.943111], [126.946788, 35.942668], [126.946213, 35.941181]]}}, {"type": "Feature", "properties": {"line": "호남선", "from": "익산", "to": "김제", "km": 17.827, "down": 205822, "up": 213380, "daily": 1148, "density": 1148}, "geometry": {"type": "LineString", "coordinates": [[126.946213, 35.941181], [126.945366, 35.938991], [126.945216, 35.938602], [126.945167, 35.938464], [126.94511, 35.938319], [126.945026, 35.93814], [126.94495, 35.937968], [126.94484, 35.937745], [126.94463, 35.937337], [126.944425, 35.936902], [126.944374, 35.936778], [126.944054, 35.935964], [126.943842, 35.935411], [126.94373, 35.935118], [126.943465, 35.93433], [126.943266, 35.933617], [126.943187, 35.933306], [126.943061, 35.932842], [126.942874, 35.932116], [126.942777, 35.931757], [126.942345, 35.930076], [126.942099, 35.929102], [126.941946, 35.928507], [126.941877, 35.928263], [126.941599, 35.927254], [126.941376, 35.926142], [126.940798, 35.923669], [126.940486, 35.92251], [126.940427, 35.922293], [126.940119, 35.921162], [126.939828, 35.920299], [126.939767, 35.9201], [126.939575, 35.919498], [126.939411, 35.918971], [126.939076, 35.917852], [126.938945, 35.917348], [126.93884, 35.916927], [126.938776, 35.916574], [126.938716, 35.916157], [126.938679, 35.915716], [126.938629, 35.91525], [126.938555, 35.914467], [126.938154, 35.909338], [126.93815, 35.909266], [126.938147, 35.909206], [126.938121, 35.908734], [126.937948, 35.906823], [126.937776, 35.904627], [126.937399, 35.899822], [126.937376, 35.899529], [126.937259, 35.898037], [126.937246, 35.897867], [126.937098, 35.896012], [126.937037, 35.894829], [126.937038, 35.894536], [126.937078, 35.894037], [126.937138, 35.893585], [126.937243, 35.893163], [126.937365, 35.892747], [126.937574, 35.892204], [126.939331, 35.888201], [126.939429, 35.887999], [126.940135, 35.886348], [126.940368, 35.885853], [126.941451, 35.883447], [126.941847, 35.882428], [126.942205, 35.881417], [126.942959, 35.879248], [126.943062, 35.878943], [126.943581, 35.877405], [126.944264, 35.875473], [126.945192, 35.87288], [126.945295, 35.872522], [126.945443, 35.872088], [126.946839, 35.867727], [126.947013, 35.867133], [126.947067, 35.866711], [126.94711, 35.866385], [126.947143, 35.865905], [126.947121, 35.865408], [126.947008, 35.864748], [126.946769, 35.863372], [126.946134, 35.859887], [126.9457, 35.857516], [126.945287, 35.855769], [126.945027, 35.855158], [126.944834, 35.854652], [126.944509, 35.854084], [126.94412, 35.853521], [126.942736, 35.851154], [126.94101, 35.848087], [126.93994, 35.846252], [126.939031, 35.84469], [126.938893, 35.844408], [126.938431, 35.843559], [126.938216, 35.843154], [126.938006, 35.84271], [126.937791, 35.842238], [126.937605, 35.841718], [126.937456, 35.841089], [126.937404, 35.840526], [126.937385, 35.840055], [126.937406, 35.83942], [126.937432, 35.838127], [126.937432, 35.832141], [126.9374, 35.831692], [126.937349, 35.831278], [126.937236, 35.830782], [126.937095, 35.830328], [126.936919, 35.829887], [126.936687, 35.829414], [126.936627, 35.829312], [126.936466, 35.829033], [126.936098, 35.828492], [126.935679, 35.827941], [126.933132, 35.824949], [126.928693, 35.819733], [126.927029, 35.817702], [126.923632, 35.813311], [126.920986, 35.809874], [126.917117, 35.804808], [126.915387, 35.802688], [126.91486, 35.802167], [126.907437, 35.79587], [126.904998, 35.7938], [126.904252, 35.793137]]}}, {"type": "Feature", "properties": {"line": "호남선", "from": "김제", "to": "신태인", "km": 12.31, "down": 132250, "up": 140706, "daily": 748, "density": 748}, "geometry": {"type": "LineString", "coordinates": [[126.904252, 35.793137], [126.903287, 35.792281], [126.903112, 35.792144], [126.903031, 35.792079], [126.902361, 35.791547], [126.901843, 35.791072], [126.901202, 35.790484], [126.900663, 35.789968], [126.90022, 35.789501], [126.899849, 35.789013], [126.899539, 35.788503], [126.899153, 35.787493], [126.899069, 35.787236], [126.899018, 35.787007], [126.898894, 35.786225], [126.898832, 35.785672], [126.898814, 35.784968], [126.898903, 35.784035], [126.900084, 35.777066], [126.900205, 35.776175], [126.901074, 35.770537], [126.901104, 35.770305], [126.901972, 35.765193], [126.902708, 35.760635], [126.902723, 35.760546], [126.902739, 35.760446], [126.90277, 35.760252], [126.904003, 35.752623], [126.904024, 35.751908], [126.903874, 35.750707], [126.903595, 35.749958], [126.903123, 35.748669], [126.903067, 35.74852], [126.90299, 35.748315], [126.896407, 35.730782], [126.896315, 35.730532], [126.896111, 35.729973], [126.894283, 35.724982], [126.893941, 35.724094], [126.893895, 35.723975], [126.893186, 35.722133], [126.892965, 35.72152], [126.891802, 35.718467], [126.891759, 35.718354], [126.891707, 35.718216], [126.888813, 35.710372], [126.888088, 35.708783], [126.887544, 35.707728], [126.886475, 35.705893], [126.882126, 35.69829], [126.881834, 35.697721], [126.881373, 35.696743], [126.88118, 35.695798], [126.88115, 35.694491], [126.88155, 35.693109], [126.881666, 35.692766], [126.882474, 35.6911], [126.882688, 35.69066], [126.882702, 35.690632], [126.884165, 35.687737]]}}, {"type": "Feature", "properties": {"line": "호남선", "from": "신태인", "to": "정읍", "km": 13.475, "down": 111725, "up": 122511, "daily": 642, "density": 642}, "geometry": {"type": "LineString", "coordinates": [[126.884165, 35.687737], [126.885476, 35.685145], [126.886118, 35.683878], [126.886297, 35.683483], [126.886332, 35.683408], [126.886395, 35.683273], [126.886665, 35.682705], [126.886839, 35.682143], [126.887017, 35.681442], [126.887032, 35.681169], [126.887037, 35.681069], [126.887287, 35.678101], [126.887402, 35.675809], [126.887409, 35.675725], [126.887922, 35.666852], [126.887929, 35.666175], [126.887874, 35.665558], [126.887771, 35.664917], [126.887403, 35.663781], [126.8856, 35.65966], [126.883556, 35.655191], [126.882434, 35.652685], [126.879771, 35.646419], [126.879601, 35.646082], [126.874933, 35.635694], [126.874441, 35.63466], [126.874077, 35.634079], [126.873727, 35.63357], [126.87322, 35.633032], [126.872933, 35.632783], [126.872115, 35.632074], [126.871067, 35.631181], [126.866357, 35.62709], [126.864186, 35.625169], [126.863751, 35.624663], [126.863291, 35.624031], [126.862776, 35.622919], [126.861414, 35.619753], [126.860289, 35.617144], [126.859505, 35.615337], [126.859447, 35.615192], [126.858406, 35.612974], [126.85806, 35.612305], [126.857455, 35.611303], [126.855466, 35.608128], [126.854369, 35.606493], [126.853997, 35.605788], [126.853537, 35.604672], [126.853059, 35.602941], [126.852187, 35.599615], [126.85091, 35.59488], [126.850582, 35.593663], [126.84976, 35.59074], [126.848368, 35.58546], [126.848287, 35.585182], [126.847929, 35.583958], [126.847661, 35.583256], [126.847284, 35.582508], [126.846897, 35.581941], [126.846653, 35.58163], [126.846219, 35.581078], [126.845465, 35.580149], [126.844504, 35.578998], [126.842976, 35.577192], [126.841993, 35.575915], [126.841893, 35.575785]]}}, {"type": "Feature", "properties": {"line": "호남선", "from": "정읍", "to": "백양사", "km": 17.475, "down": 1465, "up": 3840, "daily": 15, "density": 15}, "geometry": {"type": "LineString", "coordinates": [[126.841893, 35.575785], [126.840724, 35.574267], [126.840685, 35.574216], [126.839106, 35.572172], [126.839054, 35.572108], [126.838264, 35.571101], [126.837413, 35.570037], [126.835263, 35.567218], [126.834642, 35.566427], [126.834229, 35.565901], [126.833812, 35.565293], [126.833184, 35.564302], [126.832821, 35.563606], [126.83248, 35.562658], [126.832328, 35.562271], [126.832117, 35.561359], [126.832074, 35.561077], [126.831911, 35.559733], [126.831619, 35.55761], [126.831234, 35.556323], [126.830984, 35.555725], [126.830351, 35.554442], [126.829664, 35.553036], [126.829295, 35.552287], [126.829241, 35.55217], [126.828133, 35.549756], [126.827234, 35.547747], [126.825831, 35.544988], [126.825452, 35.544129], [126.825187, 35.543384], [126.824927, 35.542397], [126.824282, 35.539603], [126.823134, 35.534125], [126.822539, 35.531455], [126.822246, 35.530573], [126.821721, 35.529608], [126.820866, 35.528294], [126.820427, 35.527618], [126.819858, 35.526743], [126.819179, 35.525694], [126.819072, 35.525528], [126.816711, 35.521877], [126.816565, 35.521652], [126.814866, 35.51902], [126.814684, 35.518732], [126.812737, 35.515602], [126.81259, 35.515351], [126.812108, 35.514487], [126.811632, 35.513341], [126.811301, 35.512191], [126.811129, 35.510916], [126.811064, 35.507248], [126.811031, 35.506735], [126.810974, 35.506184], [126.810893, 35.505691], [126.810812, 35.505336], [126.810676, 35.504819], [126.810547, 35.504412], [126.810397, 35.503996], [126.810171, 35.50347], [126.809909, 35.502942], [126.809574, 35.502355], [126.809232, 35.501837], [126.809031, 35.501594], [126.808034, 35.500144], [126.807957, 35.500039], [126.805823, 35.497202], [126.80423, 35.494993], [126.803022, 35.493324], [126.802801, 35.493005], [126.798809, 35.487491], [126.798608, 35.487212], [126.798323, 35.486814], [126.796437, 35.48427], [126.79573, 35.482924], [126.795335, 35.481699], [126.79517, 35.480072], [126.795279, 35.479136], [126.795445, 35.47857], [126.795604, 35.478109], [126.795807, 35.477674], [126.797048, 35.475588], [126.798933, 35.473155], [126.809306, 35.457403], [126.809728, 35.456735], [126.810286, 35.455745], [126.811308, 35.453763], [126.813134, 35.450052], [126.813514, 35.449008], [126.813656, 35.448511], [126.813762, 35.447703], [126.813773, 35.446868], [126.813664, 35.446154], [126.813543, 35.445622], [126.813394, 35.445204], [126.812489, 35.442866], [126.811578, 35.440552], [126.81082, 35.438642], [126.80993, 35.4366], [126.809633, 35.435938], [126.809613, 35.435895], [126.809569, 35.435796], [126.809469, 35.43556], [126.808923, 35.434273], [126.808283, 35.432828], [126.808172, 35.432571], [126.807792, 35.43171]]}}, {"type": "Feature", "properties": {"line": "호남선", "from": "백양사", "to": "장성", "km": 15.032, "down": -4930, "up": -764, "daily": -16, "density": -16}, "geometry": {"type": "LineString", "coordinates": [[126.807792, 35.43171], [126.807098, 35.430137], [126.806917, 35.429677], [126.80677, 35.429395], [126.806695, 35.429218], [126.806498, 35.428756], [126.806061, 35.427526], [126.805868, 35.426783], [126.80576, 35.426184], [126.805707, 35.425817], [126.805707, 35.42541], [126.805776, 35.4235], [126.806023, 35.419111], [126.80612, 35.416501], [126.806114, 35.415998], [126.806023, 35.414603], [126.805535, 35.410881], [126.805363, 35.40935], [126.805159, 35.407709], [126.804725, 35.404324], [126.804677, 35.403852], [126.804408, 35.402256], [126.804317, 35.401644], [126.804191, 35.401228], [126.803952, 35.400503], [126.802123, 35.39575], [126.801109, 35.392947], [126.799532, 35.388705], [126.797912, 35.384458], [126.796319, 35.380141], [126.796269, 35.380017], [126.796076, 35.379565], [126.795959, 35.379284], [126.794613, 35.375916], [126.79222, 35.370987], [126.791754, 35.370028], [126.790482, 35.367369], [126.789002, 35.363077], [126.787398, 35.358326], [126.786609, 35.356305], [126.783203, 35.347646], [126.782666, 35.346215], [126.78191, 35.344194], [126.781111, 35.340461], [126.780566, 35.337519], [126.780253, 35.335779], [126.780129, 35.335079], [126.779719, 35.332884], [126.778948, 35.328649], [126.778868, 35.328212], [126.778568, 35.326466], [126.778458, 35.325862], [126.778321, 35.324853], [126.778281, 35.324455], [126.77826, 35.323971], [126.778262, 35.323411], [126.778321, 35.322684], [126.778447, 35.321823], [126.778509, 35.321393], [126.779206, 35.31699], [126.780048, 35.311867], [126.780057, 35.311808], [126.780073, 35.31171], [126.780087, 35.311626], [126.78011, 35.311485], [126.780236, 35.310691], [126.780408, 35.309625], [126.780521, 35.308922], [126.780557, 35.308552], [126.780567, 35.308438], [126.780577, 35.308334], [126.780604, 35.307596], [126.78055, 35.306561], [126.780281, 35.304355], [126.779901, 35.301662], [126.779701, 35.300119]]}}, {"type": "Feature", "properties": {"line": "호남선", "from": "장성", "to": "광주송정", "km": 21.967, "down": -54519, "up": -49216, "daily": -284, "density": -284}, "geometry": {"type": "LineString", "coordinates": [[126.779701, 35.300119], [126.779493, 35.29852], [126.779214, 35.296134], [126.779166, 35.295473], [126.778987, 35.294468], [126.778911, 35.29409], [126.778662, 35.29317], [126.778491, 35.29283], [126.77844, 35.292732], [126.77794, 35.291762], [126.777332, 35.291023], [126.777149, 35.290786], [126.776189, 35.289645], [126.773258, 35.286451], [126.773184, 35.28637], [126.767863, 35.280572], [126.765739, 35.278667], [126.763575, 35.277213], [126.761257, 35.275766], [126.758036, 35.273165], [126.757006, 35.272092], [126.756925, 35.272004], [126.756687, 35.271748], [126.75394, 35.268759], [126.752178, 35.266551], [126.747213, 35.259057], [126.745566, 35.255811], [126.744499, 35.25308], [126.74319, 35.249807], [126.742578, 35.248276], [126.74051, 35.244881], [126.739563, 35.243249], [126.739118, 35.242044], [126.738536, 35.239525], [126.738377, 35.238671], [126.738357, 35.238559], [126.737388, 35.233347], [126.736575, 35.229191], [126.736058, 35.226971], [126.736056, 35.226933], [126.736049, 35.226817], [126.736015, 35.226176], [126.736082, 35.225435], [126.736339, 35.224221], [126.736888, 35.223014], [126.737912, 35.22165], [126.738924, 35.22079], [126.739331, 35.220516], [126.740486, 35.219871], [126.742535, 35.218992], [126.743274, 35.218692], [126.743819, 35.218468], [126.750312, 35.215882], [126.750681, 35.21575], [126.753956, 35.214433], [126.755343, 35.213778], [126.756539, 35.213002], [126.757668, 35.211911], [126.758278, 35.211057], [126.75833, 35.210985], [126.760182, 35.208391], [126.762569, 35.205034], [126.763027, 35.204466], [126.763422, 35.203984], [126.76373, 35.203655], [126.765012, 35.202533], [126.765673, 35.20205], [126.775615, 35.194577], [126.776787, 35.193775], [126.784003, 35.189996], [126.786036, 35.18893], [126.787683, 35.188117], [126.788536, 35.187586], [126.789287, 35.186981], [126.789878, 35.186455], [126.790296, 35.185977], [126.790907, 35.185048], [126.791584, 35.183749], [126.792141, 35.182584], [126.793681, 35.179304], [126.796197, 35.174143], [126.796987, 35.17256], [126.79772, 35.171091], [126.798236, 35.170065], [126.798793, 35.168956], [126.799231, 35.168046], [126.799664, 35.167178], [126.799961, 35.166536], [126.800109, 35.166194], [126.800334, 35.165496], [126.800503, 35.164602], [126.800535, 35.164352], [126.80056, 35.163867], [126.800471, 35.162902], [126.800288, 35.162002], [126.799983, 35.160737], [126.799615, 35.159343], [126.798875, 35.156537], [126.797845, 35.15258], [126.797208, 35.150249], [126.796838, 35.148994], [126.796547, 35.148297], [126.796044, 35.147331], [126.794911, 35.145426], [126.794729, 35.145119], [126.794588, 35.144881], [126.793522, 35.143071], [126.792679, 35.141706], [126.792607, 35.14159], [126.791972, 35.14057], [126.79022, 35.137663]]}}, {"type": "Feature", "properties": {"line": "호남선", "from": "광주송정", "to": "나주", "km": 15.779, "down": 2146153, "up": 2157076, "daily": 11790, "density": 11790}, "geometry": {"type": "LineString", "coordinates": [[126.79022, 35.137663], [126.789398, 35.136299], [126.788893, 35.135461], [126.788238, 35.134433], [126.788066, 35.134157], [126.787653, 35.133425], [126.78717, 35.132684], [126.786981, 35.132353], [126.786667, 35.1318], [126.786232, 35.13106], [126.785408, 35.129763], [126.784933, 35.129149], [126.784456, 35.128579], [126.783745, 35.127878], [126.783307, 35.127515], [126.782751, 35.127066], [126.777336, 35.123371], [126.777045, 35.123169], [126.776165, 35.122577], [126.775602, 35.122197], [126.771629, 35.119534], [126.771115, 35.119216], [126.768607, 35.117591], [126.768167, 35.117295], [126.766963, 35.116492], [126.765064, 35.115187], [126.764941, 35.115107], [126.763624, 35.114217], [126.76301, 35.113774], [126.762422, 35.11334], [126.76216, 35.113145], [126.761923, 35.112958], [126.761184, 35.112355], [126.760571, 35.111799], [126.760177, 35.111398], [126.759631, 35.110808], [126.759132, 35.110258], [126.758975, 35.110068], [126.758805, 35.109855], [126.758348, 35.109238], [126.75827, 35.109132], [126.758113, 35.108908], [126.757543, 35.108037], [126.75739, 35.107773], [126.75726, 35.107565], [126.756907, 35.1069], [126.756378, 35.105799], [126.755978, 35.104897], [126.754687, 35.102055], [126.754603, 35.10187], [126.753508, 35.09937], [126.753259, 35.098833], [126.752697, 35.09756], [126.75245, 35.096936], [126.752295, 35.09653], [126.752056, 35.09586], [126.751958, 35.095589], [126.751686, 35.094854], [126.751195, 35.093379], [126.751179, 35.093318], [126.750885, 35.092402], [126.750226, 35.090427], [126.749326, 35.08767], [126.749108, 35.087056], [126.748622, 35.08556], [126.748572, 35.085354], [126.748513, 35.085137], [126.748321, 35.084402], [126.748196, 35.0838], [126.748138, 35.083318], [126.748111, 35.083112], [126.748078, 35.082848], [126.748044, 35.08243], [126.747779, 35.07909], [126.747686, 35.078342], [126.747586, 35.077685], [126.747528, 35.077388], [126.747483, 35.077158], [126.74744, 35.076955], [126.747354, 35.076609], [126.747286, 35.076346], [126.747158, 35.075927], [126.747024, 35.075519], [126.746552, 35.074286], [126.746113, 35.07332], [126.745942, 35.072979], [126.745819, 35.072732], [126.745606, 35.072315], [126.74534, 35.071783], [126.744724, 35.070673], [126.744261, 35.069771], [126.741398, 35.06455], [126.741248, 35.064246], [126.740904, 35.0636], [126.740031, 35.061999], [126.739648, 35.061271], [126.738553, 35.059254], [126.737679, 35.05761], [126.737399, 35.057067], [126.736928, 35.056204], [126.736597, 35.055568], [126.736563, 35.055492], [126.73618, 35.054789], [126.736124, 35.054692], [126.736005, 35.054484], [126.735861, 35.054205], [126.735213, 35.052969], [126.73504, 35.052664], [126.734773, 35.052149], [126.733467, 35.049782], [126.732461, 35.047908], [126.731549, 35.046238], [126.731402, 35.045979], [126.730615, 35.044525], [126.730378, 35.044053], [126.729529, 35.042421], [126.729182, 35.041786], [126.728902, 35.041294], [126.728538, 35.040635], [126.728451, 35.040476], [126.728118, 35.039797], [126.728034, 35.039624], [126.727823, 35.039118], [126.727763, 35.038958], [126.727664, 35.038697], [126.727473, 35.038115], [126.727376, 35.037767], [126.727323, 35.037549], [126.727263, 35.037292], [126.727151, 35.036741], [126.727112, 35.036447], [126.727077, 35.036196], [126.727041, 35.03597], [126.727007, 35.035543], [126.726992, 35.035271], [126.726973, 35.035026], [126.726947, 35.034766], [126.726818, 35.032621], [126.726807, 35.032422], [126.726686, 35.03038], [126.726441, 35.025953], [126.726352, 35.024661], [126.726291, 35.024083], [126.726174, 35.023406], [126.726072, 35.022909], [126.725922, 35.022439], [126.725633, 35.021708], [126.725516, 35.021493], [126.725093, 35.020771], [126.724491, 35.019919], [126.723594, 35.018986], [126.722724, 35.018238], [126.721735, 35.017418], [126.721066, 35.016851], [126.720557, 35.016416], [126.719943, 35.015907], [126.719282, 35.01537], [126.717503, 35.013913]]}}, {"type": "Feature", "properties": {"line": "호남선", "from": "나주", "to": "다시", "km": 7.451, "down": 1634202, "up": 1634860, "daily": 8956, "density": 8956}, "geometry": {"type": "LineString", "coordinates": [[126.717503, 35.013913], [126.715543, 35.012307], [126.714712, 35.011578], [126.714691, 35.011554], [126.714473, 35.01137], [126.714102, 35.01106], [126.712882, 35.010097], [126.711732, 35.009215], [126.711202, 35.00882], [126.710648, 35.008433], [126.710128, 35.008065], [126.709861, 35.007892], [126.709799, 35.007849], [126.708606, 35.007255], [126.707609, 35.006864], [126.706468, 35.006511], [126.70531, 35.00626], [126.704361, 35.006071], [126.703826, 35.00603], [126.703361, 35.006021], [126.703112, 35.006042], [126.702853, 35.006059], [126.702221, 35.006069], [126.701354, 35.006049], [126.700705, 35.006031], [126.699958, 35.006038], [126.699514, 35.006075], [126.699076, 35.006115], [126.69821, 35.006151], [126.697102, 35.006153], [126.6959, 35.006148], [126.695594, 35.006147], [126.685966, 35.006467], [126.685921, 35.006469], [126.685615, 35.006495], [126.685264, 35.006517], [126.684491, 35.006566], [126.68361, 35.006594], [126.682792, 35.00659], [126.681764, 35.00669], [126.681094, 35.006767], [126.680265, 35.006951], [126.679553, 35.007071], [126.678716, 35.007216], [126.67832, 35.007251], [126.672273, 35.008592], [126.672192, 35.008607], [126.670633, 35.008959], [126.669975, 35.009133], [126.667226, 35.009707], [126.666629, 35.009798], [126.666403, 35.009842], [126.665567, 35.009994], [126.664575, 35.010211], [126.663538, 35.010457], [126.66214, 35.010799], [126.661, 35.011172], [126.660655, 35.011282], [126.659969, 35.011522], [126.659298, 35.011794], [126.658516, 35.012117], [126.656883, 35.012867], [126.655928, 35.013296], [126.654594, 35.013843], [126.653985, 35.014076], [126.65339, 35.014298], [126.652502, 35.014592], [126.651338, 35.014888], [126.650835, 35.015014], [126.649007, 35.015409], [126.648564, 35.01547], [126.644833, 35.015971], [126.64351, 35.016126], [126.64275, 35.016238], [126.641207, 35.016441], [126.64113, 35.01645]]}}, {"type": "Feature", "properties": {"line": "호남선", "from": "다시", "to": "함평", "km": 9.962, "down": 1632512, "up": 1633554, "daily": 8948, "density": 8948}, "geometry": {"type": "LineString", "coordinates": [[126.64113, 35.01645], [126.638892, 35.01672], [126.635777, 35.017108], [126.632699, 35.017482], [126.630775, 35.017759], [126.629482, 35.017999], [126.627297, 35.018479], [126.622638, 35.019872], [126.61813, 35.021259], [126.612978, 35.02285], [126.611984, 35.023133], [126.611791, 35.023193], [126.610099, 35.023796], [126.609722, 35.023915], [126.607164, 35.02471], [126.605816, 35.025142], [126.604683, 35.025582], [126.60415, 35.025765], [126.603944, 35.025844], [126.603579, 35.025974], [126.602121, 35.02641], [126.600618, 35.026771], [126.599448, 35.027027], [126.597935, 35.027427], [126.597684, 35.027477], [126.597293, 35.027628], [126.597041, 35.027697], [126.595563, 35.028181], [126.594511, 35.028514], [126.593165, 35.028899], [126.592415, 35.029105], [126.589219, 35.029973], [126.588991, 35.030042], [126.58581, 35.030928], [126.583676, 35.031535], [126.575191, 35.033849], [126.572602, 35.034311], [126.571375, 35.034522], [126.569229, 35.034686], [126.566614, 35.034604], [126.563757, 35.034264], [126.560267, 35.033513], [126.557272, 35.032802], [126.553388, 35.031835], [126.552852, 35.031695], [126.551875, 35.03137], [126.551051, 35.031106], [126.550328, 35.030825], [126.549831, 35.030623], [126.549461, 35.030464], [126.549299, 35.030391], [126.549046, 35.03028], [126.54801, 35.029734], [126.54719, 35.029263], [126.546504, 35.028813], [126.545749, 35.028322], [126.54563, 35.028244], [126.54464, 35.027524], [126.54393, 35.027029], [126.542365, 35.025927], [126.542182, 35.025794], [126.541955, 35.025641], [126.540803, 35.024839], [126.539109, 35.023656]]}}, {"type": "Feature", "properties": {"line": "호남선", "from": "함평", "to": "무안", "km": 7.516, "down": 1600177, "up": 1602515, "daily": 8774, "density": 8774}, "geometry": {"type": "LineString", "coordinates": [[126.539109, 35.023656], [126.536202, 35.021628], [126.535655, 35.021246], [126.534441, 35.020393], [126.533891, 35.019997], [126.533482, 35.019707], [126.532869, 35.019213], [126.532474, 35.018908], [126.531983, 35.01849], [126.531658, 35.018186], [126.53126, 35.017781], [126.530574, 35.017051], [126.529865, 35.01626], [126.528712, 35.014782], [126.52861, 35.014602], [126.527763, 35.013106], [126.527386, 35.012224], [126.527081, 35.011424], [126.526698, 35.010325], [126.526527, 35.009753], [126.526259, 35.008294], [126.526122, 35.006779], [126.526139, 35.005451], [126.526207, 35.004577], [126.526529, 35.002658], [126.527281, 34.999673], [126.527675, 34.998038], [126.527742, 34.997806], [126.528601, 34.99434], [126.528925, 34.993044], [126.529376, 34.991191], [126.529402, 34.991069], [126.529521, 34.990602], [126.529608, 34.98999], [126.529747, 34.989068], [126.529762, 34.988922], [126.529894, 34.987545], [126.52994, 34.986841], [126.529946, 34.986152], [126.529929, 34.985079], [126.529848, 34.98402], [126.52982, 34.983695], [126.529612, 34.9825], [126.529503, 34.981827], [126.529116, 34.980167], [126.528948, 34.979571], [126.528519, 34.978395], [126.528416, 34.978146], [126.527663, 34.976236], [126.527127, 34.975165], [126.526558, 34.974134], [126.525896, 34.973114], [126.525623, 34.972706], [126.525275, 34.972243], [126.521032, 34.967028], [126.520276, 34.966124], [126.51935, 34.964989], [126.518237, 34.963547], [126.517606, 34.962782]]}}, {"type": "Feature", "properties": {"line": "호남선", "from": "무안", "to": "몽탄", "km": 3.945, "down": 1596690, "up": 1600043, "daily": 8758, "density": 8758}, "geometry": {"type": "LineString", "coordinates": [[126.517606, 34.962782], [126.517199, 34.962288], [126.514686, 34.959301], [126.514386, 34.958924], [126.514198, 34.958697], [126.51302, 34.957277], [126.512159, 34.956241], [126.511593, 34.95552], [126.511116, 34.954939], [126.51068, 34.954363], [126.510271, 34.953806], [126.509865, 34.953229], [126.509437, 34.952509], [126.50923, 34.952138], [126.508995, 34.951678], [126.508909, 34.951489], [126.508768, 34.951189], [126.508358, 34.95025], [126.50814, 34.949618], [126.508077, 34.94946], [126.507766, 34.948377], [126.507748, 34.948298], [126.507671, 34.947958], [126.507599, 34.947639], [126.507392, 34.946698], [126.507338, 34.946341], [126.506474, 34.94241], [126.506273, 34.941466], [126.506245, 34.941361], [126.505957, 34.94009], [126.505779, 34.9392], [126.505754, 34.939082], [126.505167, 34.936348], [126.50514, 34.936197], [126.505047, 34.935774], [126.504942, 34.935241], [126.504889, 34.935018], [126.504589, 34.933638], [126.504391, 34.932766], [126.503725, 34.929825]]}}, {"type": "Feature", "properties": {"line": "호남선", "from": "몽탄", "to": "일로", "km": 9.51, "down": 1593739, "up": 1597482, "daily": 8743, "density": 8743}, "geometry": {"type": "LineString", "coordinates": [[126.503725, 34.929825], [126.503548, 34.929041], [126.503304, 34.927924], [126.503083, 34.926782], [126.50305, 34.926596], [126.503024, 34.926473], [126.502942, 34.926046], [126.502162, 34.922506], [126.502093, 34.922211], [126.502059, 34.922055], [126.501904, 34.921354], [126.501842, 34.921052], [126.50181, 34.920898], [126.501711, 34.920394], [126.501336, 34.918729], [126.500715, 34.915887], [126.500566, 34.915098], [126.500472, 34.914717], [126.499983, 34.912474], [126.496475, 34.896206], [126.496324, 34.895481], [126.496167, 34.894765], [126.496105, 34.894348], [126.496021, 34.893866], [126.496005, 34.893644], [126.495774, 34.892125], [126.495527, 34.890426], [126.495388, 34.88932], [126.495276, 34.888573], [126.495188, 34.887926], [126.495112, 34.887385], [126.494914, 34.885934], [126.494804, 34.885003], [126.494564, 34.883023], [126.493934, 34.878514], [126.493781, 34.877352], [126.492051, 34.868778], [126.491345, 34.867308], [126.490745, 34.86632], [126.490515, 34.86598], [126.489729, 34.864831], [126.489419, 34.864447], [126.489349, 34.864366], [126.488175, 34.862811], [126.486289, 34.8604], [126.48587, 34.859846], [126.485338, 34.85918], [126.484391, 34.85797], [126.484079, 34.857565], [126.483402, 34.856701], [126.482109, 34.85503], [126.481135, 34.853766], [126.480925, 34.853491], [126.48064, 34.853118], [126.480571, 34.853028], [126.480495, 34.852922], [126.480143, 34.852452], [126.480124, 34.852429], [126.479712, 34.8519], [126.479485, 34.851607], [126.479283, 34.851348], [126.479067, 34.851065], [126.477426, 34.848948], [126.477104, 34.848534]]}}, {"type": "Feature", "properties": {"line": "호남선", "from": "일로", "to": "임성리", "km": 5.382, "down": 1577809, "up": 1580211, "daily": 8652, "density": 8652}, "geometry": {"type": "LineString", "coordinates": [[126.477104, 34.848534], [126.477032, 34.848441], [126.476887, 34.848253], [126.475911, 34.84699], [126.474744, 34.845468], [126.474371, 34.845034], [126.474227, 34.844837], [126.474145, 34.844726], [126.473387, 34.84379], [126.47165, 34.841558], [126.470934, 34.840628], [126.468201, 34.837086], [126.467159, 34.835694], [126.467058, 34.83557], [126.466534, 34.834926], [126.46519, 34.833193], [126.463162, 34.830617], [126.460185, 34.82668], [126.459224, 34.825618], [126.458115, 34.824636], [126.456698, 34.823604], [126.455071, 34.822674], [126.453294, 34.821893], [126.452229, 34.821568], [126.451212, 34.82129], [126.450682, 34.821182], [126.449361, 34.820949], [126.447898, 34.820795], [126.44659, 34.820724], [126.444891, 34.820682], [126.442627, 34.820604], [126.441982, 34.820584], [126.441526, 34.820571], [126.441388, 34.820569], [126.440872, 34.820559], [126.4401, 34.820542], [126.439799, 34.820533], [126.436201, 34.820461], [126.435211, 34.820428]]}}, {"type": "Feature", "properties": {"line": "호남선", "from": "임성리", "to": "목포", "km": 7.057, "down": 1574429, "up": 1575953, "daily": 8631, "density": 8631}, "geometry": {"type": "LineString", "coordinates": [[126.435211, 34.820428], [126.431148, 34.820293], [126.430166, 34.820283], [126.429835, 34.820274], [126.429217, 34.82026], [126.428493, 34.82028], [126.427889, 34.820313], [126.426875, 34.820485], [126.426659, 34.82054], [126.425601, 34.820972], [126.424999, 34.821242], [126.4243, 34.821635], [126.423136, 34.82229], [126.421922, 34.82289], [126.421604, 34.823025], [126.42131, 34.823136], [126.42049, 34.823352], [126.419577, 34.823573], [126.418594, 34.823746], [126.417301, 34.823875], [126.416335, 34.823953], [126.414575, 34.823968], [126.410224, 34.824021], [126.407781, 34.82392], [126.405552, 34.823784], [126.403931, 34.823568], [126.402443, 34.823301], [126.401072, 34.822866], [126.400188, 34.82248], [126.397868, 34.821277], [126.3974, 34.821039], [126.396045, 34.819986], [126.395546, 34.8195], [126.394923, 34.818817], [126.394592, 34.818409], [126.394115, 34.817766], [126.393537, 34.816944], [126.393011, 34.816138], [126.392892, 34.815942], [126.391723, 34.814215], [126.387676, 34.808287], [126.387103, 34.807376], [126.3866, 34.806095], [126.386549, 34.805353], [126.386651, 34.804701], [126.387654, 34.802552], [126.389127, 34.799636], [126.389384, 34.798611], [126.38944, 34.798226], [126.389451, 34.798097], [126.389434, 34.797957], [126.389404, 34.797761], [126.389371, 34.79759], [126.389316, 34.797415], [126.389165, 34.796906], [126.389, 34.796426], [126.388931, 34.796215], [126.388834, 34.795926], [126.388738, 34.795653], [126.38869, 34.795524], [126.388684, 34.795506], [126.388621, 34.795308], [126.388485, 34.794966], [126.38841, 34.794777], [126.388381, 34.794619], [126.388345, 34.794428], [126.388265, 34.794039], [126.388237, 34.793899], [126.388177, 34.7936], [126.388065, 34.793215]]}}]}